symbol,sectorCode,mapMethod,confidenceGrade
OPTT,ENERGY,RULE,B
APT,IT_HW,RULE,B
GLDG,CHEM_STEEL,RULE,B
ACCS,TELCO_MEDIA,RULE,B
MHH,SOFTWARE,RULE,B
BUDA,CONSUMER,RULE,B
LCTX,BIO,RULE,B
MLSS,HEALTH_SVC,ML_NAME_IMPUTED,C2
MYO,SOFTWARE,ML_NAME_IMPUTED,C3
AUXX,CHEM_STEEL,RULE,B
CPHI,BIO,RULE,B
BTG,CHEM_STEEL,RULE,B
GROY,CHEM_STEEL,RULE,B
CVM,CHEM_STEEL,ML_NAME_IMPUTED,C3
CVR,FINANCE,ML_NAME_IMPUTED,C3
AIRI,SHIP_DEF,RULE,B
CVU,SHIP_DEF,RULE,B
HLSQ,SHIP_DEF,RULE,B
FLYX,SOFTWARE,ML_NAME_IMPUTED,C1
INTT,CONSTRUCT,ML_NAME_IMPUTED,C3
JAGU,ENERGY,RULE,B
AMZE,CONSUMER,ML_NAME_IMPUTED,C3
NNVC,SOFTWARE,ML_NAME_IMPUTED,C3
ELLO,FINANCE,RULE,B
BDL,BATTERY,ML_NAME_IMPUTED,C2
CMCL,CHEM_STEEL,RULE,B
GCDT,IT_HW,RULE,B
GNS,TELCO_MEDIA,ML_NAME_IMPUTED,C3
BQ,SOFTWARE,ML_NAME_IMPUTED,C3
INDO,ENERGY,RULE,B
KULR,IT_HW,RULE,B
IBO,BIO,RULE,B
BKTI,IT_HW,RULE,B
AZTR,SOFTWARE,ML_NAME_IMPUTED,C3
COHN,SHIP_DEF,ML_NAME_IMPUTED,C3
DIT,CONSUMER,ML_NAME_IMPUTED,C3
MCRP,SHIP_DEF,RULE,B
HYLN,CONSUMER,ML_NAME_IMPUTED,C3
ACU,CONSTRUCT,ML_NAME_IMPUTED,C2
MINE,CHEM_STEEL,RULE,B
ELA,BATTERY,ML_NAME_IMPUTED,C3
DC,CHEM_STEEL,RULE,B
ITRG,CHEM_STEEL,RULE,B
ITP,IT_HW,RULE,B
IDR,CHEM_STEEL,ML_NAME_IMPUTED,C3
INFU,SEMI,ML_NAME_IMPUTED,C3
NINE,ENERGY,RULE,B
LGPS,CHEM_STEEL,ML_NAME_IMPUTED,C3
MMA,CONSTRUCT,ML_NAME_IMPUTED,C3
INUV,FINANCE,ML_NAME_IMPUTED,C3
OGEN,CONSUMER,ML_NAME_IMPUTED,C3
EP,ENERGY,RULE,B
NFGC,CHEM_STEEL,RULE,B
CLDI,BIO,RULE,B
ISOU,ENERGY,ML_NAME_IMPUTED,C1
MGLD,CHEM_STEEL,RULE,B
OPHC,HEALTH_SVC,ML_NAME_IMPUTED,C3
GAU,CHEM_STEEL,RULE,B
BHB,FINANCE,RULE,B
BRBS,FINANCE,RULE,B
GRO,CHEM_STEEL,RULE,B
BHM,FINANCE,RULE,B
KNRX,SOFTWARE,ML_NAME_IMPUTED,C2
OBE,ENERGY,RULE,B
GBR,ENERGY,RULE,B
AWX,CONSUMER,ML_NAME_IMPUTED,C3
IGC,BIO,RULE,B
BATL,ENERGY,RULE,B
NSRX,BIO,RULE,B
NEWP,CHEM_STEEL,RULE,B
GTE,ENERGY,RULE,B
NAK,CHEM_STEEL,RULE,B
EPM,ENERGY,RULE,B
GORO,CHEM_STEEL,RULE,B
DNN,CHEM_STEEL,ML_NAME_IMPUTED,C2
CTGO,CHEM_STEEL,RULE,B
BCHT,IT_HW,ML_NAME_IMPUTED,C3
CHOW,SOFTWARE,RULE,B
LGCY,CONSUMER,RULE,B
APUS,BIO,RULE,B
MPU,SOFTWARE,ML_NAME_IMPUTED,C2
IHT,HEALTH_SVC,RULE,B
CCEL,SHIP_DEF,ML_NAME_IMPUTED,C3
AIB,SOFTWARE,RULE,B
IE,ENERGY,ML_NAME_IMPUTED,C3
AEON,BIO,RULE,B
FSI,IT_HW,RULE,B
FSP,FINANCE,RULE,B
AIM,BIO,RULE,B
CMT,IT_HW,RULE,B
ATNM,BIO,RULE,B
EQX,CHEM_STEEL,RULE,B
LPA,FINANCE,RULE,B
MITQ,IT_HW,RULE,B
NTIP,IT_HW,RULE,B
OSTX,AUTO,ML_NAME_IMPUTED,C3
MRT,IT_HW,RULE,B
INLX,SEMI,ML_NAME_IMPUTED,C3
ESP,IT_HW,RULE,B
GPUS,SOFTWARE,ML_NAME_IMPUTED,C3
LODE,SEMI,ML_NAME_IMPUTED,C3
MSN,TELCO_MEDIA,RULE,B
COPR,CHEM_STEEL,RULE,B
BRIA,SOFTWARE,ML_NAME_IMPUTED,C2
FURY,CHEM_STEEL,RULE,B
NVA,CHEM_STEEL,RULE,B
CITR,CONSUMER,ML_NAME_IMPUTED,C3
MTA,TELCO_MEDIA,RULE,B
MPTI,SHIP_DEF,RULE,B
CATX,BIO,RULE,B
AXIL,CONSUMER,RULE,B
PAPL,FINANCE,RULE,B
HOST,SOFTWARE,RULE,B
ARMP,BIO,RULE,B
AUST,CHEM_STEEL,RULE,B
MAIA,BIO,RULE,B
IAUX,CHEM_STEEL,RULE,B
NRXS,CONSUMER,ML_NAME_IMPUTED,C3
JOB,TELCO_MEDIA,ML_NAME_IMPUTED,C3
MI,SOFTWARE,ML_NAME_IMPUTED,C3
IMC,CHEM_STEEL,RULE,B
LSF,CONSUMER,RULE,B
DSS,CONSTRUCT,ML_NAME_IMPUTED,C3
AMS,HEALTH_SVC,RULE,B
EDVA,HEALTH_SVC,RULE,B
IMO,ENERGY,RULE,B
EVI,SHIP_DEF,RULE,B
NG,CHEM_STEEL,RULE,B
NXB,CONSUMER,ML_NAME_IMPUTED,C3
MTNB,BIO,RULE,B
DDC,IT_HW,ML_NAME_IMPUTED,C3
ATCH,AUTO,ML_NAME_IMPUTED,C3
NHC,HEALTH_SVC,RULE,B
BURU,SEMI,ML_NAME_IMPUTED,C3
EONR,CHEM_STEEL,ML_NAME_IMPUTED,C2
AGIG,CONSTRUCT,ML_NAME_IMPUTED,C3
LUD,IT_HW,RULE,B
MWG,SOFTWARE,ML_NAME_IMPUTED,C3
EGG,SOFTWARE,ML_NAME_IMPUTED,C3
KAPA,BIO,RULE,B
EXOD,SOFTWARE,ML_NAME_IMPUTED,C2
IOR,FINANCE,RULE,B
HSLV,CHEM_STEEL,RULE,B
MXC,ENERGY,RULE,B
BESS,ENERGY,RULE,B
PAAI,SOFTWARE,RULE,B
CTM,CONSUMER,ML_NAME_IMPUTED,C3
BRN,SHIP_DEF,RULE,B
ASM,CHEM_STEEL,RULE,B
CIX,SHIP_DEF,ML_NAME_IMPUTED,C3
CKX,CONSUMER,ML_NAME_IMPUTED,C3
ELMD,SEMI,ML_NAME_IMPUTED,C3
GENC,SHIP_DEF,RULE,B
LGL,TELCO_MEDIA,ML_NAME_IMPUTED,C3
AAPL,IT_HW,EXPLICIT,A
PW,FINANCE,RULE,B
ABAT,BATTERY,RULE,B
TPET,ENERGY,RULE,B
SBMT,CHEM_STEEL,RULE,B
ACCL,TELCO_MEDIA,ML_NAME_IMPUTED,C3
ABSI,CHEM_STEEL,ML_NAME_IMPUTED,C3
PTHS,BIO,RULE,B
AAL,CONSTRUCT,EXPLICIT,A
TGB,CHEM_STEEL,RULE,B
SEB,CHEM_STEEL,ML_NAME_IMPUTED,C3
REED,CONSUMER,ML_NAME_IMPUTED,C3
ACTU,BIO,RULE,B
ACDC,CONSUMER,ML_NAME_IMPUTED,C3
SER,BIO,RULE,B
STRW,FINANCE,RULE,B
SVM,CHEM_STEEL,RULE,B
AARD,BIO,RULE,B
ABTC,FINANCE,ML_NAME_IMPUTED,C3
ACET,BIO,RULE,B
ABCL,BIO,RULE,B
XPL,CHEM_STEEL,RULE,B
ADGM,HEALTH_SVC,RULE,B
THM,CHEM_STEEL,ML_NAME_IMPUTED,C3
VIDA,SOFTWARE,ML_NAME_IMPUTED,C3
TOVX,BIO,RULE,B
SLSR,ENERGY,RULE,B
ACGC,FINANCE,RULE,B
ABUS,BIO,RULE,B
UAVS,IT_HW,RULE,B
REA,CHEM_STEEL,RULE,B
ACT,BATTERY,ML_NAME_IMPUTED,C3
ACFN,ENERGY,RULE,B
TII,CHEM_STEEL,RULE,B
REI,ENERGY,RULE,B
TGEN,CONSUMER,ML_NAME_IMPUTED,C3
TP,SOFTWARE,ML_NAME_IMPUTED,C3
ABTS,TELCO_MEDIA,ML_NAME_IMPUTED,C3
RLGT,CONSTRUCT,RULE,B
ACXP,BIO,RULE,B
ADI,SEMI,EXPLICIT,A
PRK,CONSTRUCT,ML_NAME_IMPUTED,C3
RVP,IT_HW,RULE,B
ADP,SOFTWARE,ML_NAME_IMPUTED,C3
ABVC,BIO,RULE,B
AACP,FINANCE,RULE,B
ABEO,BIO,RULE,B
SYNX,SEMI,ML_NAME_IMPUTED,C3
ADIL,BIO,RULE,B
ACGL,FINANCE,EXPLICIT,A
RGNT,CHEM_STEEL,RULE,B
TMDE,ENERGY,RULE,B
UMAC,SEMI,ML_NAME_IMPUTED,C3
VENU,CHEM_STEEL,ML_NAME_IMPUTED,C3
ACIC,FINANCE,RULE,B
ROLR,IT_HW,RULE,B
ACHV,BIO,RULE,B
SIF,SHIP_DEF,RULE,B
ACIW,CONSTRUCT,ML_NAME_IMPUTED,C3
ACIU,BIO,ML_NAME_IMPUTED,C3
WRN,CHEM_STEEL,RULE,B
VNRX,ENERGY,ML_NAME_IMPUTED,C3
SDEV,CONSUMER,ML_NAME_IMPUTED,C3
YCBD,SEMI,ML_NAME_IMPUTED,C3
ADMA,BIO,RULE,B
PED,CHEM_STEEL,ML_NAME_IMPUTED,C3
TMP,FINANCE,RULE,B
TMQ,CHEM_STEEL,RULE,B
VNTG,IT_HW,ML_NAME_IMPUTED,C3
PLAG,CONSUMER,ML_NAME_IMPUTED,C3
SLI,BATTERY,RULE,B
VZLA,CHEM_STEEL,RULE,B
SACH,FINANCE,RULE,B
RYDE,TELCO_MEDIA,ML_NAME_IMPUTED,C3
SMJF,SOFTWARE,ML_NAME_IMPUTED,C3
ACLS,SEMI,EXPLICIT,A
STXS,SEMI,ML_NAME_IMPUTED,C3
VTAK,FINANCE,ML_NAME_IMPUTED,C3
ACNB,CHEM_STEEL,ML_NAME_IMPUTED,C3
URG,ENERGY,RULE,B
ACMR,SEMI,ML_NAME_IMPUTED,C3
REPX,FINANCE,ML_NAME_IMPUTED,C3
ACOG,IT_HW,ML_NAME_IMPUTED,C3
UUUU,ENERGY,RULE,B
WWR,CHEM_STEEL,ML_NAME_IMPUTED,C2
ABLV,SOFTWARE,ML_NAME_IMPUTED,C3
ACNT,SHIP_DEF,RULE,B
USAS,CHEM_STEEL,RULE,B
USBC,CONSTRUCT,ML_NAME_IMPUTED,C3
ADPT,BIO,RULE,B
PZG,CHEM_STEEL,RULE,B
ZONE,IT_HW,RULE,B
ABNB,SOFTWARE,ML_NAME_IMPUTED,C2
TOPS,CONSTRUCT,ML_NAME_IMPUTED,C3
TRX,CHEM_STEEL,RULE,B
TOPP,SOFTWARE,ML_NAME_IMPUTED,C3
ACON,SOFTWARE,ML_NAME_IMPUTED,C3
ZDGE,SOFTWARE,ML_NAME_IMPUTED,C2
TONT,SOFTWARE,ML_NAME_IMPUTED,C3
AAME,FINANCE,ML_NAME_IMPUTED,C3
SRXH,FINANCE,ML_NAME_IMPUTED,C3
SOAR,TELCO_MEDIA,ML_NAME_IMPUTED,C3
ADBT,SOFTWARE,ML_NAME_IMPUTED,C3
UEC,ENERGY,RULE,B
UUU,CONSTRUCT,ML_NAME_IMPUTED,C3
WYY,CHEM_STEEL,ML_NAME_IMPUTED,C3
ADBE,SOFTWARE,EXPLICIT,A
TOON,TELCO_MEDIA,RULE,B
VGZ,CHEM_STEEL,RULE,B
PLG,CHEM_STEEL,RULE,B
SNSC,SOFTWARE,ML_NAME_IMPUTED,C3
ABOS,BIO,RULE,B
ACAD,BIO,RULE,B
PLX,BIO,RULE,B
AAON,CONSTRUCT,ML_NAME_IMPUTED,C3
ADEA,SEMI,ML_NAME_IMPUTED,C3
AAOI,IT_HW,RULE,B
SLND,SOFTWARE,ML_NAME_IMPUTED,C3
XTNT,HEALTH_SVC,RULE,B
PMI,HEALTH_SVC,RULE,B
ACRV,BIO,RULE,B
ACRS,BIO,RULE,B
ACB,CHEM_STEEL,ML_NAME_IMPUTED,C3
ACHC,HEALTH_SVC,RULE,B
ACTG,SEMI,ML_NAME_IMPUTED,C2
ADAM,FINANCE,RULE,B
AMGN,BIO,EXPLICIT,A
ADVB,BIO,RULE,B
AIOS,IT_HW,RULE,B
AIOT,ENERGY,ML_NAME_IMPUTED,C3
ADUR,IT_HW,RULE,B
ADUS,CONSTRUCT,ML_NAME_IMPUTED,C3
AEYE,CONSUMER,ML_NAME_IMPUTED,C3
AEHR,IT_HW,RULE,B
AEHL,IT_HW,ML_NAME_IMPUTED,C3
AKTS,BIO,RULE,B
AFJK,HEALTH_SVC,RULE,B
ALVO,IT_HW,ML_NAME_IMPUTED,C3
AGNC,FINANCE,ML_NAME_IMPUTED,C3
AIRE,IT_HW,RULE,B
AMIX,HEALTH_SVC,RULE,B
ALGT,CONSUMER,ML_NAME_IMPUTED,C2
ALGN,IT_HW,RULE,B
AIAI,TELCO_MEDIA,ML_NAME_IMPUTED,C3
ALGM,SEMI,EXPLICIT,A
AEIS,SHIP_DEF,RULE,B
AGNT,SOFTWARE,ML_NAME_IMPUTED,C3
AIRT,CONSTRUCT,ML_NAME_IMPUTED,C2
AIRS,IT_HW,RULE,B
ALHC,HEALTH_SVC,RULE,B
AIRO,TELCO_MEDIA,ML_NAME_IMPUTED,C3
ALXO,BIO,RULE,B
ALZN,CONSUMER,ML_NAME_IMPUTED,C3
AMKR,SEMI,EXPLICIT,A
ADV,IT_HW,RULE,B
AIBZ,SOFTWARE,ML_NAME_IMPUTED,C3
AEC,ENERGY,RULE,B
AIDX,BIO,ML_NAME_IMPUTED,C3
AEI,SOFTWARE,ML_NAME_IMPUTED,C3
AEMD,HEALTH_SVC,RULE,B
AMLX,BIO,RULE,B
AEP,ENERGY,EXPLICIT,A
AGPU,SEMI,ML_NAME_IMPUTED,C3
ALKT,IT_HW,RULE,B
AIFU,SOFTWARE,ML_NAME_IMPUTED,C2
ALLR,BIO,RULE,B
AGRZ,SOFTWARE,ML_NAME_IMPUTED,C2
AENT,TELCO_MEDIA,RULE,B
AIFF,BIO,ML_NAME_IMPUTED,C3
AIFC,FINANCE,RULE,B
AIFA,FINANCE,ML_NAME_IMPUTED,C3
AFRI,AUTO,ML_NAME_IMPUTED,C3
AIXC,SOFTWARE,ML_NAME_IMPUTED,C3
ALMR,BIO,RULE,B
ALMS,CHEM_STEEL,ML_NAME_IMPUTED,C3
AGCC,FINANCE,ML_NAME_IMPUTED,C3
AMOD,SOFTWARE,ML_NAME_IMPUTED,C3
AIP,SEMI,ML_NAME_IMPUTED,C3
ALNY,BIO,EXPLICIT,A
ALNT,AUTO,ML_NAME_IMPUTED,C3
AMPH,BIO,RULE,B
AMPG,TELCO_MEDIA,ML_NAME_IMPUTED,C3
AFRM,SOFTWARE,ML_NAME_IMPUTED,C3
AMAT,SEMI,EXPLICIT,A
AMAN,FINANCE,RULE,B
AMAL,FINANCE,RULE,B
ALOY,SEMI,ML_NAME_IMPUTED,C3
AIIR,CONSTRUCT,ML_NAME_IMPUTED,C3
AIIO,SOFTWARE,RULE,B
AMAC,FINANCE,RULE,B
AGEN,CONSUMER,ML_NAME_IMPUTED,C3
AFCG,FINANCE,RULE,B
AMSF,CONSUMER,ML_NAME_IMPUTED,C3
AMSC,SEMI,ML_NAME_IMPUTED,C3
AMRX,BIO,RULE,B
ALPX,FINANCE,RULE,B
ALPS,TELCO_MEDIA,ML_NAME_IMPUTED,C3
AEBI,CONSUMER,ML_NAME_IMPUTED,C3
AMBA,SOFTWARE,ML_NAME_IMPUTED,C3
AERT,IT_HW,RULE,B
ALM,SHIP_DEF,RULE,B
ALP,CHEM_STEEL,ML_NAME_IMPUTED,C3
ALT,SEMI,ML_NAME_IMPUTED,C3
AMCI,SHIP_DEF,RULE,B
ALAB,SEMI,ML_NAME_IMPUTED,C3
AMSS,CONSUMER,RULE,B
AMD,SEMI,EXPLICIT,A
AESP,FINANCE,ML_NAME_IMPUTED,C1
AIMD,CONSUMER,ML_NAME_IMPUTED,C3
ADSK,SOFTWARE,EXPLICIT,A
ALRS,FINANCE,RULE,B
ALRM,SOFTWARE,ML_NAME_IMPUTED,C3
AMCX,TELCO_MEDIA,RULE,B
ADTN,SOFTWARE,ML_NAME_IMPUTED,C3
AKAM,SOFTWARE,EXPLICIT,A
AKAN,CHEM_STEEL,ML_NAME_IMPUTED,C2
ALCO,SEMI,ML_NAME_IMPUTED,C3
AGIO,BIO,RULE,B
AGYS,SEMI,ML_NAME_IMPUTED,C3
AHMA,FINANCE,ML_NAME_IMPUTED,C3
AFYA,SOFTWARE,ML_NAME_IMPUTED,C3
ALTO,SEMI,ML_NAME_IMPUTED,C3
ALTI,SOFTWARE,ML_NAME_IMPUTED,C3
ADSE,ENERGY,RULE,B
AEVA,IT_HW,RULE,B
AGMH,TELCO_MEDIA,ML_NAME_IMPUTED,C3
AHCO,HEALTH_SVC,ML_NAME_IMPUTED,C2
AIRG,CONSTRUCT,ML_NAME_IMPUTED,C3
AIRJ,IT_HW,RULE,B
AISP,SOFTWARE,RULE,B
AKBA,BIO,RULE,B
ALDX,BIO,RULE,B
ALEC,SEMI,ML_NAME_IMPUTED,C2
ALGS,BIO,RULE,B
ALKS,AUTO,ML_NAME_IMPUTED,C2
ALLO,BIO,RULE,B
ALLT,SOFTWARE,ML_NAME_IMPUTED,C3
ALMU,SEMI,ML_NAME_IMPUTED,C3
AMPL,SOFTWARE,ML_NAME_IMPUTED,C2
AMST,SEMI,ML_NAME_IMPUTED,C3
AVIR,BIO,RULE,B
APP,SOFTWARE,EXPLICIT,A
AUGO,CHEM_STEEL,RULE,B
ANIP,BIO,RULE,B
ASST,SOFTWARE,ML_NAME_IMPUTED,C1
ARQQ,IT_HW,RULE,B
ATEC,BATTERY,ML_NAME_IMPUTED,C3
ANIK,BIO,RULE,B
AQB,IT_HW,RULE,B
APMD,SEMI,ML_NAME_IMPUTED,C3
APMC,FINANCE,RULE,B
ASBP,BIO,RULE,B
ARRY,IT_HW,RULE,B
ARBE,SHIP_DEF,RULE,B
ARBB,CONSTRUCT,ML_NAME_IMPUTED,C3
ASTS,SOFTWARE,ML_NAME_IMPUTED,C2
ASTL,CHEM_STEEL,RULE,B
ASTH,HEALTH_SVC,RULE,B
ATEX,SOFTWARE,ML_NAME_IMPUTED,C3
ASTI,ENERGY,RULE,B
ASTE,SHIP_DEF,RULE,B
ATER,SEMI,ML_NAME_IMPUTED,C3
ASTC,BATTERY,ML_NAME_IMPUTED,C3
ARQ,CONSTRUCT,ML_NAME_IMPUTED,C3
ARCL,FINANCE,ML_NAME_IMPUTED,C1
ATGL,IT_HW,RULE,B
ARCB,CONSTRUCT,EXPLICIT,A
ARCC,FINANCE,RULE,B
AUID,AUTO,ML_NAME_IMPUTED,C3
APOG,BATTERY,ML_NAME_IMPUTED,C2
ASO,CONSUMER,ML_NAME_IMPUTED,C3
ATHR,HEALTH_SVC,ML_NAME_IMPUTED,C3
AVLN,BIO,RULE,B
ARTW,AUTO,ML_NAME_IMPUTED,C1
APPS,SOFTWARE,RULE,B
ARTL,BIO,RULE,B
APPF,SOFTWARE,ML_NAME_IMPUTED,C1
ARCT,BIO,RULE,B
ATXG,TELCO_MEDIA,ML_NAME_IMPUTED,C3
AMZN,CONSUMER,EXPLICIT,A
ARTNA,CHEM_STEEL,RULE,B
AQST,BIO,RULE,B
AUC,SOFTWARE,ML_NAME_IMPUTED,C3
AREC,CHEM_STEEL,RULE,B
ATYR,BIO,RULE,B
AUR,CONSUMER,ML_NAME_IMPUTED,C3
ANNX,SEMI,ML_NAME_IMPUTED,C3
ARVN,SEMI,ML_NAME_IMPUTED,C3
ANNA,FINANCE,RULE,B
ANPA,SOFTWARE,ML_NAME_IMPUTED,C3
ARWR,BIO,RULE,B
ATLX,BATTERY,RULE,B
ATLQ,FINANCE,RULE,B
ATLO,CONSTRUCT,ML_NAME_IMPUTED,C2
ARXS,SOFTWARE,ML_NAME_IMPUTED,C2
ATLC,BATTERY,ML_NAME_IMPUTED,C3
APEI,CONSUMER,RULE,B
APUR,SOFTWARE,ML_NAME_IMPUTED,C3
AOSL,SEMI,RULE,B
ATNI,CONSUMER,ML_NAME_IMPUTED,C3
AUPH,BIO,RULE,B
AVAV,SHIP_DEF,EXPLICIT,A
ASLE,CHEM_STEEL,ML_NAME_IMPUTED,C3
APVO,BIO,RULE,B
ANTA,SOFTWARE,RULE,B
ATOS,BIO,RULE,B
ATOM,AUTO,ML_NAME_IMPUTED,C3
AOUT,CONSUMER,RULE,B
ASMB,BIO,RULE,B
ARLP,CHEM_STEEL,ML_NAME_IMPUTED,C3
ANTX,BIO,RULE,B
ANDE,CONSUMER,ML_NAME_IMPUTED,C3
ASND,BIO,RULE,B
ATPC,BATTERY,ML_NAME_IMPUTED,C3
AURE,SOFTWARE,ML_NAME_IMPUTED,C2
AURA,BIO,RULE,B
APYX,HEALTH_SVC,RULE,B
AUBN,FINANCE,RULE,B
AUDC,SOFTWARE,ML_NAME_IMPUTED,C3
AMTX,CONSUMER,ML_NAME_IMPUTED,C3
ASPI,CONSUMER,ML_NAME_IMPUTED,C3
ATRC,SOFTWARE,ML_NAME_IMPUTED,C3
ASPC,FINANCE,RULE,B
ATRA,BIO,RULE,B
AVGO,SEMI,EXPLICIT,A
AROW,FINANCE,RULE,B
AQMS,CHEM_STEEL,RULE,B
ANGO,SHIP_DEF,ML_NAME_IMPUTED,C3
ANGH,SOFTWARE,ML_NAME_IMPUTED,C3
ANGI,SOFTWARE,ML_NAME_IMPUTED,C2
AUUD,SEMI,ML_NAME_IMPUTED,C3
ASRV,FINANCE,RULE,B
ATTT,IT_HW,RULE,B
ATTO,BIO,RULE,B
APA,ENERGY,EXPLICIT,A
APC,ENERGY,RULE,B
APLD,SOFTWARE,RULE,B
ANAB,SEMI,ML_NAME_IMPUTED,C3
ANIX,BIO,RULE,B
APLM,SOFTWARE,ML_NAME_IMPUTED,C3
APPN,BATTERY,ML_NAME_IMPUTED,C3
APRE,BIO,RULE,B
APWC,CONSTRUCT,ML_NAME_IMPUTED,C3
ARAI,SOFTWARE,RULE,B
ARAY,AUTO,ML_NAME_IMPUTED,C3
ARDX,CONSUMER,ML_NAME_IMPUTED,C3
ARHS,SOFTWARE,ML_NAME_IMPUTED,C2
ARKO,CHEM_STEEL,ML_NAME_IMPUTED,C3
ARKR,CONSUMER,RULE,B
ARQT,BIO,RULE,B
ARTV,BIO,RULE,B
ASPS,IT_HW,RULE,B
ASUR,SOFTWARE,RULE,B
ASYS,IT_HW,RULE,B
ATRO,IT_HW,ML_NAME_IMPUTED,C3
AVAH,HEALTH_SVC,RULE,B
AVBH,SOFTWARE,ML_NAME_IMPUTED,C3
AVBP,BIO,RULE,B
AVNW,IT_HW,RULE,B
AVO,AUTO,ML_NAME_IMPUTED,C2
BBNX,BIO,ML_NAME_IMPUTED,C3
BANL,IT_HW,ML_NAME_IMPUTED,C3
BCAX,BIO,RULE,B
BCG,FINANCE,RULE,B
BANF,FINANCE,ML_NAME_IMPUTED,C3
BAND,SOFTWARE,ML_NAME_IMPUTED,C2
BEEP,CONSTRUCT,RULE,B
BCAL,FINANCE,RULE,B
BEEM,CONSUMER,ML_NAME_IMPUTED,C3
BGIN,SOFTWARE,ML_NAME_IMPUTED,C3
BDCI,FINANCE,ML_NAME_IMPUTED,C3
BDSX,BIO,ML_NAME_IMPUTED,C3
AZ,IT_HW,RULE,B
BBOT,BIO,RULE,B
BLSM,BIO,RULE,B
BIOA,BIO,ML_NAME_IMPUTED,C3
BCBP,FINANCE,RULE,B
BCRX,BIO,RULE,B
BDTX,BIO,RULE,B
BANR,ENERGY,ML_NAME_IMPUTED,C3
BJRI,CONSUMER,RULE,B
BCDA,BIO,ML_NAME_IMPUTED,C3
BGLC,CHEM_STEEL,ML_NAME_IMPUTED,C3
BCCQ,FINANCE,RULE,B
BIOT,BIO,RULE,B
AZTA,SEMI,ML_NAME_IMPUTED,C3
BAOS,TELCO_MEDIA,RULE,B
BFC,FINANCE,RULE,B
BLFS,IT_HW,RULE,B
BBSI,CONSTRUCT,ML_NAME_IMPUTED,C3
BCTX,BIO,RULE,B
BGL,CHEM_STEEL,RULE,B
BIRD,SOFTWARE,ML_NAME_IMPUTED,C2
AYTU,BIO,RULE,B
BGM,TELCO_MEDIA,ML_NAME_IMPUTED,C3
BIAF,IT_HW,RULE,B
BGMS,BIO,RULE,B
AVR,IT_HW,RULE,B
AVT,SOFTWARE,ML_NAME_IMPUTED,C3
BHF,FINANCE,RULE,B
AVX,IT_HW,RULE,B
BJDX,HEALTH_SVC,RULE,B
AXSM,BIO,RULE,B
BID,FINANCE,RULE,B
BHAV,FINANCE,RULE,B
AVPT,SOFTWARE,ML_NAME_IMPUTED,C2
BLIV,SEMI,ML_NAME_IMPUTED,C3
BHRB,FINANCE,RULE,B
AXTI,SEMI,ML_NAME_IMPUTED,C3
AWRE,SOFTWARE,ML_NAME_IMPUTED,C3
AZIO,SOFTWARE,RULE,B
BKYI,BIO,RULE,B
AYA,CHEM_STEEL,RULE,B
BATRA,SOFTWARE,ML_NAME_IMPUTED,C3
BENF,SOFTWARE,ML_NAME_IMPUTED,C2
BIVI,BIO,ML_NAME_IMPUTED,C3
BELFA,SOFTWARE,ML_NAME_IMPUTED,C2
BELFB,SOFTWARE,ML_NAME_IMPUTED,C2
BKR,ENERGY,EXPLICIT,A
BATRK,SOFTWARE,ML_NAME_IMPUTED,C3
AZI,SOFTWARE,RULE,B
BAER,SHIP_DEF,RULE,B
BBGI,TELCO_MEDIA,RULE,B
BLKB,CONSUMER,ML_NAME_IMPUTED,C3
AXGN,SEMI,ML_NAME_IMPUTED,C3
BDMD,HEALTH_SVC,RULE,B
BLLN,SOFTWARE,ML_NAME_IMPUTED,C2
BAFN,FINANCE,RULE,B
BFRI,BIO,ML_NAME_IMPUTED,C3
BFRG,SOFTWARE,RULE,B
AVTX,BIO,RULE,B
BBIO,BIO,RULE,B
BIYA,TELCO_MEDIA,ML_NAME_IMPUTED,C3
BLNK,CONSUMER,ML_NAME_IMPUTED,C3
BGDE,ENERGY,RULE,B
BBLG,BIO,RULE,B
BEAT,CONSUMER,ML_NAME_IMPUTED,C3
BEAM,BIO,EXPLICIT,A
BFST,FINANCE,RULE,B
BCML,CHEM_STEEL,ML_NAME_IMPUTED,C3
BIIB,BIO,EXPLICIT,A
BKNG,SOFTWARE,ML_NAME_IMPUTED,C3
BCPC,CHEM_STEEL,ML_NAME_IMPUTED,C3
AVXL,BIO,RULE,B
AXG,SOFTWARE,ML_NAME_IMPUTED,C3
AXON,IT_HW,ML_NAME_IMPUTED,C3
BBCP,SOFTWARE,ML_NAME_IMPUTED,C3
BCIC,FINANCE,ML_NAME_IMPUTED,C2
BETR,FINANCE,RULE,B
BGC,TELCO_MEDIA,ML_NAME_IMPUTED,C2
BHST,BIO,ML_NAME_IMPUTED,C1
BIOX,IT_HW,RULE,B
BL,CONSUMER,ML_NAME_IMPUTED,C3
BLBD,CHEM_STEEL,ML_NAME_IMPUTED,C3
BLDP,ENERGY,RULE,B
BLIN,SOFTWARE,RULE,B
BLMN,CONSUMER,RULE,B
BLNE,SOFTWARE,ML_NAME_IMPUTED,C3
BRNX,SOFTWARE,ML_NAME_IMPUTED,C3
BVFL,FINANCE,RULE,B
BTBD,CONSUMER,RULE,B
BOXL,BATTERY,ML_NAME_IMPUTED,C3
BSP,SOFTWARE,ML_NAME_IMPUTED,C3
BWIN,FINANCE,RULE,B
BSY,SOFTWARE,EXPLICIT,A
BNGO,BIO,RULE,B
BUUU,CONSUMER,ML_NAME_IMPUTED,C3
BMEA,BIO,ML_NAME_IMPUTED,C3
BTSG,HEALTH_SVC,RULE,B
BTBT,SOFTWARE,RULE,B
BTQ,IT_HW,RULE,B
BSBK,FINANCE,RULE,B
BSRR,FINANCE,RULE,B
BYND,CONSUMER,RULE,B
BTCT,SOFTWARE,RULE,B
BTTC,SHIP_DEF,ML_NAME_IMPUTED,C2
BRAI,CONSUMER,ML_NAME_IMPUTED,C3
BRAG,TELCO_MEDIA,RULE,B
BVC,CONSTRUCT,ML_NAME_IMPUTED,C3
BMGL,HEALTH_SVC,RULE,B
BOKF,FINANCE,RULE,B
BVS,SOFTWARE,ML_NAME_IMPUTED,C2
BOLT,BIO,RULE,B
BWB,FINANCE,RULE,B
BMHL,SOFTWARE,ML_NAME_IMPUTED,C3
BOLD,BIO,RULE,B
BYAH,IT_HW,RULE,B
BWMN,TELCO_MEDIA,ML_NAME_IMPUTED,C3
BPOP,CONSUMER,ML_NAME_IMPUTED,C3
BNKK,SEMI,ML_NAME_IMPUTED,C3
BRTX,BIO,ML_NAME_IMPUTED,C3
BYRN,IT_HW,RULE,B
BRTM,IT_HW,RULE,B
BSVN,FINANCE,ML_NAME_IMPUTED,C2
BSET,SHIP_DEF,RULE,B
BRVE,BIO,RULE,B
BLZE,CONSUMER,ML_NAME_IMPUTED,C3
BYSI,SOFTWARE,ML_NAME_IMPUTED,C3
BOOM,CONSTRUCT,ML_NAME_IMPUTED,C3
BRUN,SOFTWARE,ML_NAME_IMPUTED,C2
CABA,BIO,RULE,B
BZFD,SOFTWARE,ML_NAME_IMPUTED,C2
BRFH,CONSUMER,RULE,B
CAAS,AUTO,RULE,B
BPRN,FINANCE,RULE,B
BREZ,FINANCE,RULE,B
CACC,FINANCE,RULE,B
BSIN,SHIP_DEF,RULE,B
BXBL,SEMI,ML_NAME_IMPUTED,C3
BOSC,IT_HW,RULE,B
BTLN,SOFTWARE,RULE,B
BYFC,FINANCE,RULE,B
BMM,CHEM_STEEL,RULE,B
BRZE,SOFTWARE,ML_NAME_IMPUTED,C2
BNAI,IT_HW,RULE,B
BNC,SHIP_DEF,RULE,B
BTMD,BIO,ML_NAME_IMPUTED,C3
BODI,TELCO_MEDIA,ML_NAME_IMPUTED,C3
CAES,HEALTH_SVC,ML_NAME_IMPUTED,C3
BOF,CONSUMER,RULE,B
BOTJ,FINANCE,RULE,B
BON,BIO,ML_NAME_IMPUTED,C3
BWEN,ENERGY,ML_NAME_IMPUTED,C3
BMRC,FINANCE,RULE,B
BNTC,BIO,RULE,B
CAC,CONSTRUCT,ML_NAME_IMPUTED,C3
BMRA,BIO,ML_NAME_IMPUTED,C3
BOT,SHIP_DEF,ML_NAME_IMPUTED,C3
BRKR,BATTERY,ML_NAME_IMPUTED,C3
CAI,BIO,RULE,B
BRKH,FINANCE,RULE,B
BRLT,TELCO_MEDIA,ML_NAME_IMPUTED,C3
BWFG,FINANCE,RULE,B
BMBL,CONSUMER,ML_NAME_IMPUTED,C3
CAII,FINANCE,RULE,B
BUSE,FINANCE,ML_NAME_IMPUTED,C3
BMR,SOFTWARE,ML_NAME_IMPUTED,C3
BMRN,BIO,EXPLICIT,A
BRCB,CONSUMER,RULE,B
BRID,CONSUMER,RULE,B
BRLS,CONSUMER,RULE,B
BSEM,IT_HW,RULE,B
BTCS,SEMI,ML_NAME_IMPUTED,C3
BTDR,IT_HW,RULE,B
BTOC,CONSUMER,ML_NAME_IMPUTED,C3
BULL,CHEM_STEEL,ML_NAME_IMPUTED,C3
BZAI,CONSUMER,ML_NAME_IMPUTED,C3
CADL,BIO,RULE,B
CAE,CHEM_STEEL,ML_NAME_IMPUTED,C3
CBLL,CONSUMER,ML_NAME_IMPUTED,C3
CCNE,FINANCE,RULE,B
CIIT,CONSUMER,ML_NAME_IMPUTED,C3
CDT,FINANCE,ML_NAME_IMPUTED,C3
CGEN,IT_HW,ML_NAME_IMPUTED,C3
CGEM,BIO,RULE,B
CDW,CHEM_STEEL,ML_NAME_IMPUTED,C3
CJMB,CONSUMER,ML_NAME_IMPUTED,C3
CEG,ENERGY,EXPLICIT,A
CCOI,TELCO_MEDIA,RULE,B
CAKE,SEMI,ML_NAME_IMPUTED,C2
CERT,CONSUMER,ML_NAME_IMPUTED,C3
CALM,CONSUMER,RULE,B
CBNK,FINANCE,RULE,B
CLAR,BATTERY,ML_NAME_IMPUTED,C3
CENTA,TELCO_MEDIA,ML_NAME_IMPUTED,C2
CALC,HEALTH_SVC,ML_NAME_IMPUTED,C2
CECO,IT_HW,ML_NAME_IMPUTED,C3
CD,SOFTWARE,RULE,B
CG,TELCO_MEDIA,ML_NAME_IMPUTED,C3
CLBT,SOFTWARE,ML_NAME_IMPUTED,C3
CLBK,FINANCE,RULE,B
CFFN,FINANCE,RULE,B
CETY,ENERGY,RULE,B
CETX,SOFTWARE,ML_NAME_IMPUTED,C3
CFFI,FINANCE,RULE,B
CING,SOFTWARE,ML_NAME_IMPUTED,C3
CINF,FINANCE,RULE,B
CDTG,IT_HW,RULE,B
CCAQ,FINANCE,RULE,B
CCAP,FINANCE,RULE,B
CAMT,SEMI,EXPLICIT,A
CAMP,BIO,RULE,B
CHMG,FINANCE,RULE,B
CLDX,BIO,RULE,B
CCBG,FINANCE,RULE,B
CBRL,CONSUMER,ML_NAME_IMPUTED,C3
CCTG,IT_HW,RULE,B
CBAT,ENERGY,RULE,B
CCCT,FINANCE,RULE,B
CCCC,BIO,RULE,B
CCEC,FINANCE,RULE,B
CBSH,FINANCE,RULE,B
CLFD,AUTO,ML_NAME_IMPUTED,C3
CAPS,CONSUMER,ML_NAME_IMPUTED,C3
CAPR,BIO,RULE,B
CBRS,IT_HW,RULE,B
CDXS,SOFTWARE,ML_NAME_IMPUTED,C3
CARL,AUTO,ML_NAME_IMPUTED,C3
CIRC,TELCO_MEDIA,ML_NAME_IMPUTED,C3
CARG,AUTO,EXPLICIT,A
CARE,FINANCE,RULE,B
CCEP,HEALTH_SVC,ML_NAME_IMPUTED,C3
CAST,SOFTWARE,ML_NAME_IMPUTED,C2
CASS,IT_HW,RULE,B
CBUS,SOFTWARE,ML_NAME_IMPUTED,C2
CASH,FINANCE,RULE,B
CGNT,SOFTWARE,RULE,B
CART,AUTO,ML_NAME_IMPUTED,C3
CELH,HEALTH_SVC,ML_NAME_IMPUTED,C3
CELC,SEMI,ML_NAME_IMPUTED,C3
CHRD,ENERGY,RULE,B
CATL,FINANCE,RULE,B
CCXI,FINANCE,RULE,B
CDZI,SEMI,ML_NAME_IMPUTED,C3
CHAI,SOFTWARE,RULE,B
CDIO,HEALTH_SVC,RULE,B
CISS,SEMI,ML_NAME_IMPUTED,C3
CASY,CONSUMER,ML_NAME_IMPUTED,C1
CGON,BIO,RULE,B
CISO,CONSTRUCT,ML_NAME_IMPUTED,C3
CELZ,HEALTH_SVC,RULE,B
CBFV,FINANCE,RULE,B
CELU,SOFTWARE,ML_NAME_IMPUTED,C2
CHRS,BIO,RULE,B
CATY,FINANCE,RULE,B
CHRN,ENERGY,ML_NAME_IMPUTED,C3
CCHH,SOFTWARE,ML_NAME_IMPUTED,C2
CIVB,FINANCE,RULE,B
CHCO,CONSUMER,ML_NAME_IMPUTED,C3
CHCI,CONSUMER,ML_NAME_IMPUTED,C3
CHSN,TELCO_MEDIA,ML_NAME_IMPUTED,C3
CIFR,SOFTWARE,RULE,B
CHDN,FINANCE,ML_NAME_IMPUTED,C3
CDLX,SOFTWARE,ML_NAME_IMPUTED,C3
CAR,TELCO_MEDIA,ML_NAME_IMPUTED,C3
CENT,CONSUMER,ML_NAME_IMPUTED,C2
CHTR,TELCO_MEDIA,EXPLICIT,A
CENN,HEALTH_SVC,ML_NAME_IMPUTED,C3
CEPL,ENERGY,RULE,B
CGTL,IT_HW,RULE,B
CBC,SOFTWARE,ML_NAME_IMPUTED,C2
CCLD,SOFTWARE,RULE,B
CEPF,FINANCE,ML_NAME_IMPUTED,C3
CDNA,AUTO,ML_NAME_IMPUTED,C3
CIGL,TELCO_MEDIA,ML_NAME_IMPUTED,C3
CIGI,CONSUMER,ML_NAME_IMPUTED,C3
CGCF,FINANCE,ML_NAME_IMPUTED,C3
CHEF,CONSUMER,ML_NAME_IMPUTED,C3
CBIO,BIO,RULE,B
CHGA,BATTERY,ML_NAME_IMPUTED,C3
CCB,FINANCE,RULE,B
CEPV,HEALTH_SVC,ML_NAME_IMPUTED,C3
CGTX,BIO,RULE,B
CDNS,IT_HW,RULE,B
CEPO,HEALTH_SVC,ML_NAME_IMPUTED,C3
CBK,AUTO,ML_NAME_IMPUTED,C1
CCC,IT_HW,RULE,B
CCG,TELCO_MEDIA,ML_NAME_IMPUTED,C3
CCSI,SOFTWARE,RULE,B
CDNL,CONSTRUCT,RULE,B
CDRO,CONSTRUCT,ML_NAME_IMPUTED,C3
CENX,CHEM_STEEL,EXPLICIT,A
CERS,CHEM_STEEL,ML_NAME_IMPUTED,C3
CEVA,CONSUMER,ML_NAME_IMPUTED,C3
CFBK,FINANCE,RULE,B
CGBD,FINANCE,ML_NAME_IMPUTED,C3
CGC,FINANCE,ML_NAME_IMPUTED,C3
CGNX,CHEM_STEEL,ML_NAME_IMPUTED,C3
CHKP,SOFTWARE,RULE,B
CHNR,CHEM_STEEL,ML_NAME_IMPUTED,C3
CHR,SOFTWARE,ML_NAME_IMPUTED,C3
CHRW,CONSTRUCT,EXPLICIT,A
CHYM,FINANCE,RULE,B
CMRC,CONSUMER,ML_NAME_IMPUTED,C3
CNCK,TELCO_MEDIA,ML_NAME_IMPUTED,C3
CNSY,SEMI,ML_NAME_IMPUTED,C3
CLOV,HEALTH_SVC,RULE,B
CUB,SOFTWARE,ML_NAME_IMPUTED,C2
CUE,BIO,RULE,B
CNSP,BIO,RULE,B
CODX,HEALTH_SVC,RULE,B
CNDT,SEMI,ML_NAME_IMPUTED,C2
COFS,FINANCE,RULE,B
CURX,BIO,RULE,B
CURR,TELCO_MEDIA,ML_NAME_IMPUTED,C3
CNTY,CONSUMER,RULE,B
CNTX,BIO,RULE,B
CLPT,SEMI,ML_NAME_IMPUTED,C3
CURI,SOFTWARE,ML_NAME_IMPUTED,C2
CPHC,CONSUMER,ML_NAME_IMPUTED,C3
CNEY,ENERGY,RULE,B
CPIX,BIO,RULE,B
CMCT,TELCO_MEDIA,RULE,B
CNET,IT_HW,RULE,B
CMCO,FINANCE,ML_NAME_IMPUTED,C3
CRMT,CONSTRUCT,ML_NAME_IMPUTED,C3
CTAA,FINANCE,RULE,B
CRML,CHEM_STEEL,RULE,B
CRMD,HEALTH_SVC,ML_NAME_IMPUTED,C3
COHU,SEMI,EXPLICIT,A
CTBI,FINANCE,RULE,B
CRNT,IT_HW,RULE,B
COYA,BIO,RULE,B
CTRN,CONSUMER,ML_NAME_IMPUTED,C3
CTRM,CONSTRUCT,ML_NAME_IMPUTED,C3
CLRO,AUTO,ML_NAME_IMPUTED,C3
CRNC,SEMI,ML_NAME_IMPUTED,C3
CTAS,CHEM_STEEL,ML_NAME_IMPUTED,C3
CMTL,TELCO_MEDIA,RULE,B
CROX,CONSUMER,EXPLICIT,A
CNXC,BATTERY,ML_NAME_IMPUTED,C3
COIN,FINANCE,EXPLICIT,A
CLST,FINANCE,RULE,B
CTSH,IT_HW,EXPLICIT,A
CLSK,CONSUMER,ML_NAME_IMPUTED,C3
CNXU,BIO,ML_NAME_IMPUTED,C1
CNXN,CONSUMER,ML_NAME_IMPUTED,C3
CRAQ,FINANCE,RULE,B
CSCO,IT_HW,EXPLICIT,A
CRAI,CONSUMER,ML_NAME_IMPUTED,C3
CSBR,BIO,RULE,B
CRBP,BIO,RULE,B
CMCSA,TELCO_MEDIA,EXPLICIT,A
COLL,BIO,RULE,B
CORZZ,HEALTH_SVC,ML_NAME_IMPUTED,C3
CSTL,BIO,RULE,B
COLB,IT_HW,RULE,B
COLA,FINANCE,RULE,B
CSTE,SOFTWARE,ML_NAME_IMPUTED,C3
CLGN,BIO,RULE,B
CPOP,TELCO_MEDIA,ML_NAME_IMPUTED,C3
CRSR,TELCO_MEDIA,RULE,B
CRSP,BIO,EXPLICIT,A
CME,FINANCE,EXPLICIT,A
CRBU,BIO,RULE,B
CLYM,BIO,RULE,B
CSWC,FINANCE,RULE,B
CRDO,SEMI,EXPLICIT,A
CRDL,BIO,RULE,B
CRDF,BIO,RULE,B
CRTO,SOFTWARE,ML_NAME_IMPUTED,C3
CRCT,SOFTWARE,ML_NAME_IMPUTED,C2
CNL,CHEM_STEEL,RULE,B
CSGP,CONSUMER,ML_NAME_IMPUTED,C3
CLIR,IT_HW,RULE,B
COOT,SOFTWARE,ML_NAME_IMPUTED,C3
CRUS,SEMI,ML_NAME_IMPUTED,C3
CLIK,CONSUMER,ML_NAME_IMPUTED,C3
CNOB,FINANCE,RULE,B
COO,HEALTH_SVC,EXPLICIT,A
CRWD,SOFTWARE,EXPLICIT,A
CSHR,AUTO,ML_NAME_IMPUTED,C3
CULP,CHEM_STEEL,ML_NAME_IMPUTED,C3
CPRT,CONSUMER,ML_NAME_IMPUTED,C3
CRVS,BIO,RULE,B
CPB,CONSUMER,EXPLICIT,A
CRVO,SEMI,ML_NAME_IMPUTED,C3
CRVL,CHEM_STEEL,ML_NAME_IMPUTED,C3
CREX,FINANCE,ML_NAME_IMPUTED,C3
CSIQ,ENERGY,RULE,B
CRGO,CONSTRUCT,RULE,B
COAG,BIO,RULE,B
CRWV,SOFTWARE,ML_NAME_IMPUTED,C1
CPSS,CONSUMER,RULE,B
CTKB,BIO,RULE,B
CPSH,IT_HW,RULE,B
CLMB,IT_HW,RULE,B
CORZ,HEALTH_SVC,ML_NAME_IMPUTED,C2
CORT,BIO,RULE,B
CRE,IT_HW,ML_NAME_IMPUTED,C3
CMND,BIO,ML_NAME_IMPUTED,C3
CTMX,BIO,RULE,B
COCP,BIO,RULE,B
CRIS,SHIP_DEF,ML_NAME_IMPUTED,C3
COCO,CONSUMER,ML_NAME_IMPUTED,C2
COCH,HEALTH_SVC,RULE,B
CLMT,CONSUMER,ML_NAME_IMPUTED,C3
COST,CONSUMER,EXPLICIT,A
COSM,HEALTH_SVC,RULE,B
CTNT,SOFTWARE,ML_NAME_IMPUTED,C3
CSX,CONSTRUCT,EXPLICIT,A
CMPX,BIO,RULE,B
CTNM,BIO,RULE,B
CMPR,AUTO,ML_NAME_IMPUTED,C3
CLNN,SOFTWARE,ML_NAME_IMPUTED,C3
CLNE,ENERGY,RULE,B
CLPS,SEMI,ML_NAME_IMPUTED,C3
CLRB,BIO,RULE,B
CLWT,IT_HW,RULE,B
CNTB,BIO,RULE,B
CNTN,CONSUMER,ML_NAME_IMPUTED,C3
CNVS,TELCO_MEDIA,ML_NAME_IMPUTED,C3
CODA,TELCO_MEDIA,ML_NAME_IMPUTED,C3
COGT,BIO,RULE,B
COKE,CONSUMER,ML_NAME_IMPUTED,C3
COLM,CONSUMER,ML_NAME_IMPUTED,C3
CRON,TELCO_MEDIA,ML_NAME_IMPUTED,C3
CRWS,CONSUMER,ML_NAME_IMPUTED,C3
CSAI,SOFTWARE,RULE,B
CSPI,SEMI,ML_NAME_IMPUTED,C3
CTOR,BIO,RULE,B
CTSO,CHEM_STEEL,ML_NAME_IMPUTED,C3
CTW,SOFTWARE,ML_NAME_IMPUTED,C2
CTXR,BIO,RULE,B
CUPR,SOFTWARE,ML_NAME_IMPUTED,C3
CVCO,SHIP_DEF,RULE,B
DWSN,CONSUMER,ML_NAME_IMPUTED,C3
DRIO,HEALTH_SVC,ML_NAME_IMPUTED,C2
DUOT,IT_HW,RULE,B
DOCU,SOFTWARE,EXPLICIT,A
DORM,AUTO,EXPLICIT,A
DXR,FINANCE,ML_NAME_IMPUTED,C3
CVV,CHEM_STEEL,ML_NAME_IMPUTED,C3
DDOG,SOFTWARE,EXPLICIT,A
DAIC,SEMI,ML_NAME_IMPUTED,C3
CXII,FINANCE,RULE,B
DMAC,BIO,RULE,B
DFSC,IT_HW,RULE,B
CWD,SOFTWARE,ML_NAME_IMPUTED,C2
DMRA,BIO,RULE,B
DMRC,SEMI,ML_NAME_IMPUTED,C3
DNTH,BIO,RULE,B
DERM,HEALTH_SVC,RULE,B
CV,AUTO,ML_NAME_IMPUTED,C3
CZNC,FINANCE,ML_NAME_IMPUTED,C3
DWTX,BIO,RULE,B
DAIO,IT_HW,ML_NAME_IMPUTED,C3
DRMA,BIO,RULE,B
DH,HEALTH_SVC,RULE,B
DNUT,CONSUMER,ML_NAME_IMPUTED,C3
CVGI,AUTO,RULE,B
DFDV,CONSUMER,ML_NAME_IMPUTED,C3
DJT,TELCO_MEDIA,RULE,B
DFTX,BIO,RULE,B
DKI,SOFTWARE,ML_NAME_IMPUTED,C2
DLPN,TELCO_MEDIA,RULE,B
DCOY,BIO,RULE,B
DAKT,HEALTH_SVC,ML_NAME_IMPUTED,C3
CZR,TELCO_MEDIA,RULE,B
DLO,SOFTWARE,ML_NAME_IMPUTED,C3
DTSS,IT_HW,RULE,B
DTST,IT_HW,ML_NAME_IMPUTED,C3
DETX,SHIP_DEF,RULE,B
DGICB,TELCO_MEDIA,ML_NAME_IMPUTED,C3
DGICA,TELCO_MEDIA,ML_NAME_IMPUTED,C3
DGXX,ENERGY,RULE,B
DLTH,SOFTWARE,ML_NAME_IMPUTED,C2
CYPH,IT_HW,RULE,B
CYAB,SOFTWARE,ML_NAME_IMPUTED,C3
DEFT,IT_HW,RULE,B
CVKD,BIO,RULE,B
DCBO,CHEM_STEEL,ML_NAME_IMPUTED,C2
CYRX,CONSTRUCT,ML_NAME_IMPUTED,C3
CVLT,IT_HW,RULE,B
DOO,SOFTWARE,ML_NAME_IMPUTED,C3
DTCX,SOFTWARE,ML_NAME_IMPUTED,C3
DLTR,CONSUMER,EXPLICIT,A
DCTH,IT_HW,RULE,B
DOX,SOFTWARE,ML_NAME_IMPUTED,C3
DIOD,SEMI,ML_NAME_IMPUTED,C3
CXAI,SOFTWARE,ML_NAME_IMPUTED,C1
DOMH,CONSUMER,ML_NAME_IMPUTED,C3
DPU,SOFTWARE,ML_NAME_IMPUTED,C2
DOMO,SOFTWARE,ML_NAME_IMPUTED,C2
DPZ,CONSUMER,EXPLICIT,A
DRCT,SOFTWARE,RULE,B
DFLI,ENERGY,RULE,B
CYTK,SEMI,ML_NAME_IMPUTED,C3
CYCU,SOFTWARE,ML_NAME_IMPUTED,C3
DRH,HEALTH_SVC,RULE,B
DRK,IT_HW,RULE,B
DRUG,BIO,RULE,B
DSWL,SHIP_DEF,RULE,B
DASH,CONSUMER,ML_NAME_IMPUTED,C3
DGNX,SOFTWARE,ML_NAME_IMPUTED,C3
CZWI,FINANCE,RULE,B
DUKR,SHIP_DEF,RULE,B
CZFS,FINANCE,RULE,B
DBX,SOFTWARE,ML_NAME_IMPUTED,C2
DSP,IT_HW,RULE,B
DLHC,CONSUMER,ML_NAME_IMPUTED,C3
DNLI,BIO,RULE,B
DLXY,SOFTWARE,ML_NAME_IMPUTED,C3
DXPE,BATTERY,ML_NAME_IMPUTED,C2
CWBC,FINANCE,RULE,B
DSY,SOFTWARE,RULE,B
DRTS,HEALTH_SVC,RULE,B
DIBS,CONSUMER,ML_NAME_IMPUTED,C3
DCGO,SOFTWARE,ML_NAME_IMPUTED,C3
DCX,SOFTWARE,RULE,B
DTI,SHIP_DEF,ML_NAME_IMPUTED,C3
DVLT,SOFTWARE,RULE,B
DFNS,SHIP_DEF,RULE,B
DXCM,HEALTH_SVC,EXPLICIT,A
CXDO,SEMI,ML_NAME_IMPUTED,C3
DHCNL,HEALTH_SVC,RULE,B
CVRX,SOFTWARE,ML_NAME_IMPUTED,C3
DRVN,CONSUMER,RULE,B
CVBF,FINANCE,RULE,B
DPRO,CHEM_STEEL,ML_NAME_IMPUTED,C3
DAVE,SOFTWARE,ML_NAME_IMPUTED,C2
DBGI,SOFTWARE,RULE,B
CWCO,SHIP_DEF,ML_NAME_IMPUTED,C3
CWST,IT_HW,RULE,B
CYN,SOFTWARE,ML_NAME_IMPUTED,C3
DARE,BIO,RULE,B
DGII,SHIP_DEF,ML_NAME_IMPUTED,C3
DHC,HEALTH_SVC,RULE,B
DJCO,CHEM_STEEL,ML_NAME_IMPUTED,C3
DKNG,SOFTWARE,ML_NAME_IMPUTED,C2
DOGZ,TELCO_MEDIA,ML_NAME_IMPUTED,C3
DRS,CONSUMER,ML_NAME_IMPUTED,C3
DSGN,BIO,RULE,B
DSGR,IT_HW,RULE,B
DSGX,IT_HW,RULE,B
DTIL,BIO,RULE,B
DUO,IT_HW,RULE,B
DUOL,SOFTWARE,EXPLICIT,A
DXLG,TELCO_MEDIA,ML_NAME_IMPUTED,C3
ECHO,BATTERY,ML_NAME_IMPUTED,C3
EYE,TELCO_MEDIA,ML_NAME_IMPUTED,C3
EPRX,BIO,RULE,B
EFOI,ENERGY,RULE,B
EDIT,BIO,EXPLICIT,A
ENPH,ENERGY,RULE,B
EJH,CONSUMER,RULE,B
EWAV,FINANCE,RULE,B
EGBN,FINANCE,RULE,B
EXTR,IT_HW,RULE,B
EWBC,FINANCE,RULE,B
DYN,BIO,RULE,B
EOSE,BATTERY,EXPLICIT,A
EPSM,IT_HW,ML_NAME_IMPUTED,C3
EPSN,ENERGY,RULE,B
EHTH,HEALTH_SVC,ML_NAME_IMPUTED,C1
EZGO,IT_HW,RULE,B
ELE,CHEM_STEEL,RULE,B
ESLA,BIO,RULE,B
EVRG,ENERGY,EXPLICIT,A
EFSC,FINANCE,RULE,B
EWTX,BIO,RULE,B
EFSI,FINANCE,RULE,B
ENSC,BIO,RULE,B
ELOG,IT_HW,ML_NAME_IMPUTED,C3
EML,CONSUMER,ML_NAME_IMPUTED,C3
ERIE,TELCO_MEDIA,ML_NAME_IMPUTED,C3
ERII,ENERGY,RULE,B
ELMT,TELCO_MEDIA,ML_NAME_IMPUTED,C3
EU,ENERGY,RULE,B
EXEL,SEMI,ML_NAME_IMPUTED,C3
EMPD,SOFTWARE,RULE,B
EFTY,FINANCE,RULE,B
EMBC,CHEM_STEEL,ML_NAME_IMPUTED,C3
EURK,FINANCE,RULE,B
ENTX,BIO,RULE,B
ELPW,ENERGY,RULE,B
EXFY,SOFTWARE,ML_NAME_IMPUTED,C2
EHGO,SOFTWARE,ML_NAME_IMPUTED,C2
ETON,BIO,RULE,B
ELOX,BIO,RULE,B
ETOR,TELCO_MEDIA,ML_NAME_IMPUTED,C2
ENTA,BIO,RULE,B
EMAT,CHEM_STEEL,RULE,B
EQIX,CONSUMER,ML_NAME_IMPUTED,C3
ERNA,BIO,RULE,B
EDRY,CHEM_STEEL,ML_NAME_IMPUTED,C3
EDBL,FINANCE,ML_NAME_IMPUTED,C3
ENVX,BATTERY,EXPLICIT,A
EUDA,HEALTH_SVC,RULE,B
EGHT,SHIP_DEF,ML_NAME_IMPUTED,C3
ELBM,BATTERY,RULE,B
ESOA,ENERGY,RULE,B
EBMT,FINANCE,RULE,B
EIKN,BIO,RULE,B
ELAB,SOFTWARE,ML_NAME_IMPUTED,C3
EXYN,IT_HW,RULE,B
DYNC,SOFTWARE,ML_NAME_IMPUTED,C3
ECPG,FINANCE,RULE,B
ENVB,BIO,RULE,B
ETRA,BIO,RULE,B
EVER,SOFTWARE,ML_NAME_IMPUTED,C2
EBC,FINANCE,RULE,B
ECBK,FINANCE,RULE,B
ELTX,BIO,RULE,B
EDUC,CONSUMER,RULE,B
EEFT,CONSTRUCT,ML_NAME_IMPUTED,C3
EXLS,SOFTWARE,ML_NAME_IMPUTED,C3
DYAI,SHIP_DEF,ML_NAME_IMPUTED,C3
ESQ,FINANCE,RULE,B
ENGN,BIO,RULE,B
ENGS,ENERGY,ML_NAME_IMPUTED,C2
EVGN,SOFTWARE,ML_NAME_IMPUTED,C3
EVGO,SEMI,ML_NAME_IMPUTED,C3
ECX,SOFTWARE,ML_NAME_IMPUTED,C2
EHLD,SEMI,ML_NAME_IMPUTED,C3
ELTK,SEMI,ML_NAME_IMPUTED,C3
ETS,SOFTWARE,ML_NAME_IMPUTED,C3
EQPT,SOFTWARE,ML_NAME_IMPUTED,C3
EOLS,SEMI,ML_NAME_IMPUTED,C3
EYPT,BIO,RULE,B
ELUT,SOFTWARE,ML_NAME_IMPUTED,C2
ESCA,SEMI,ML_NAME_IMPUTED,C3
EBAY,SEMI,ML_NAME_IMPUTED,C3
ELVN,BIO,RULE,B
ERAS,SOFTWARE,ML_NAME_IMPUTED,C3
EDHL,SOFTWARE,RULE,B
ENLT,ENERGY,RULE,B
EXPO,CONSTRUCT,ML_NAME_IMPUTED,C3
ENLV,BIO,RULE,B
ELWT,CONSUMER,ML_NAME_IMPUTED,C3
EEIQ,CONSUMER,RULE,B
EXC,ENERGY,EXPLICIT,A
EPOW,ENERGY,RULE,B
EXE,ENERGY,RULE,B
EXOZ,CONSTRUCT,ML_NAME_IMPUTED,C3
DXST,SOFTWARE,ML_NAME_IMPUTED,C3
EBON,TELCO_MEDIA,ML_NAME_IMPUTED,C3
ECOR,SOFTWARE,ML_NAME_IMPUTED,C3
EDSA,BIO,RULE,B
EDTK,CONSUMER,RULE,B
EGAN,BATTERY,ML_NAME_IMPUTED,C3
ELDN,BIO,RULE,B
ELVA,IT_HW,ML_NAME_IMPUTED,C3
ENSG,TELCO_MEDIA,ML_NAME_IMPUTED,C3
ENTG,SEMI,ML_NAME_IMPUTED,C3
EOCN,SOFTWARE,ML_NAME_IMPUTED,C3
EQ,CONSUMER,ML_NAME_IMPUTED,C3
ESEA,SEMI,ML_NAME_IMPUTED,C3
ESLT,IT_HW,RULE,B
ESTA,TELCO_MEDIA,ML_NAME_IMPUTED,C3
ESYN,CONSTRUCT,ML_NAME_IMPUTED,C3
EVCM,CONSUMER,ML_NAME_IMPUTED,C3
EVLV,IT_HW,RULE,B
EXPE,TELCO_MEDIA,ML_NAME_IMPUTED,C1
FEIM,IT_HW,RULE,B
FCEL,ENERGY,RULE,B
FNKO,SOFTWARE,ML_NAME_IMPUTED,C2
FLGT,BIO,RULE,B
FABC,SOFTWARE,RULE,B
FNLC,FINANCE,RULE,B
FRBA,FINANCE,RULE,B
FCUV,IT_HW,ML_NAME_IMPUTED,C3
FLD,SOFTWARE,ML_NAME_IMPUTED,C2
FRBT,SOFTWARE,ML_NAME_IMPUTED,C1
FLYW,CHEM_STEEL,ML_NAME_IMPUTED,C3
FLL,CONSUMER,RULE,B
FATE,BIO,RULE,B
FATN,CONSUMER,ML_NAME_IMPUTED,C3
FELE,FINANCE,ML_NAME_IMPUTED,C3
FLXS,SHIP_DEF,RULE,B
FCFS,CONSUMER,ML_NAME_IMPUTED,C3
FGNX,IT_HW,ML_NAME_IMPUTED,C3
FBDT,FINANCE,ML_NAME_IMPUTED,C3
FIBK,FINANCE,ML_NAME_IMPUTED,C2
FLYE,TELCO_MEDIA,ML_NAME_IMPUTED,C3
FISI,FINANCE,RULE,B
FAST,SHIP_DEF,EXPLICIT,A
FISN,AUTO,ML_NAME_IMPUTED,C3
FBGL,CONSTRUCT,ML_NAME_IMPUTED,C3
FIEE,CONSUMER,ML_NAME_IMPUTED,C3
FEMY,CONSTRUCT,ML_NAME_IMPUTED,C3
FIVE,CONSUMER,ML_NAME_IMPUTED,C3
FENC,BIO,RULE,B
FRGT,CONSTRUCT,RULE,B
FIVN,SEMI,ML_NAME_IMPUTED,C3
FMNB,FINANCE,RULE,B
FCHL,SOFTWARE,ML_NAME_IMPUTED,C3
FOX,TELCO_MEDIA,EXPLICIT,A
FBIO,BIO,RULE,B
FOSL,TELCO_MEDIA,ML_NAME_IMPUTED,C3
FDMT,BIO,RULE,B
FFAI,FINANCE,ML_NAME_IMPUTED,C3
FBIZ,FINANCE,RULE,B
FIGR,IT_HW,RULE,B
FLNA,BIO,RULE,B
FLNC,BATTERY,EXPLICIT,A
FORM,SEMI,EXPLICIT,A
FHTX,BIO,RULE,B
FGBI,FINANCE,RULE,B
FAC,ENERGY,RULE,B
FRD,SHIP_DEF,RULE,B
FDMM,FINANCE,RULE,B
FMAC,FINANCE,RULE,B
FEAM,CHEM_STEEL,RULE,B
FBLA,FINANCE,RULE,B
FMAO,FINANCE,RULE,B
FBLG,BIO,RULE,B
FFBC,FINANCE,RULE,B
FNRN,FINANCE,RULE,B
FLNT,SEMI,ML_NAME_IMPUTED,C3
FRME,FINANCE,ML_NAME_IMPUTED,C3
FMST,ENERGY,RULE,B
FBNC,FINANCE,RULE,B
EZPW,SOFTWARE,ML_NAME_IMPUTED,C3
FDBC,FINANCE,RULE,B
FIZZ,CONSUMER,RULE,B
FMBH,FINANCE,RULE,B
FER,SOFTWARE,ML_NAME_IMPUTED,C3
FOFO,IT_HW,RULE,B
FNUC,ENERGY,RULE,B
EZRA,FINANCE,ML_NAME_IMPUTED,C3
FCAP,FINANCE,RULE,B
FNGR,SHIP_DEF,ML_NAME_IMPUTED,C3
FANG,ENERGY,EXPLICIT,A
FCBC,FINANCE,RULE,B
FOXX,CONSUMER,ML_NAME_IMPUTED,C3
FGI,SHIP_DEF,RULE,B
FGL,TELCO_MEDIA,ML_NAME_IMPUTED,C3
FDSB,FINANCE,RULE,B
FNWB,FINANCE,RULE,B
FNWD,FINANCE,RULE,B
FAMI,SOFTWARE,ML_NAME_IMPUTED,C2
FHB,FINANCE,ML_NAME_IMPUTED,C3
FFIN,FINANCE,RULE,B
FCCO,FINANCE,ML_NAME_IMPUTED,C3
FLUX,ENERGY,RULE,B
FFIV,IT_HW,EXPLICIT,A
FRAF,FINANCE,RULE,B
FMFC,SOFTWARE,ML_NAME_IMPUTED,C3
FINW,FINANCE,RULE,B
FIP,CONSTRUCT,RULE,B
FDUS,FINANCE,ML_NAME_IMPUTED,C2
FA,FINANCE,ML_NAME_IMPUTED,C3
FBYD,CONSUMER,ML_NAME_IMPUTED,C3
FCNCA,FINANCE,RULE,B
FEBO,SOFTWARE,ML_NAME_IMPUTED,C3
FISV,SOFTWARE,ML_NAME_IMPUTED,C3
FKWL,FINANCE,ML_NAME_IMPUTED,C3
FLEX,IT_HW,EXPLICIT,A
FLWS,SOFTWARE,ML_NAME_IMPUTED,C3
FLY,SHIP_DEF,RULE,B
FORR,SEMI,ML_NAME_IMPUTED,C2
FOXA,TELCO_MEDIA,EXPLICIT,A
FOXF,TELCO_MEDIA,ML_NAME_IMPUTED,C3
FRHC,CONSUMER,ML_NAME_IMPUTED,C3
FRSH,SOFTWARE,ML_NAME_IMPUTED,C2
GLE,CONSTRUCT,ML_NAME_IMPUTED,C3
GANX,BIO,RULE,B
FSUN,FINANCE,RULE,B
FSEA,FINANCE,RULE,B
FRST,FINANCE,RULE,B
FXNC,CONSTRUCT,ML_NAME_IMPUTED,C3
FSTR,CONSUMER,ML_NAME_IMPUTED,C2
GDTC,BIO,RULE,B
GEVO,SEMI,ML_NAME_IMPUTED,C3
GCBC,FINANCE,RULE,B
FTFT,FINANCE,RULE,B
GIPR,FINANCE,RULE,B
FXAC,FINANCE,RULE,B
FTHA,FINANCE,RULE,B
FRTT,IT_HW,RULE,B
GDEV,SOFTWARE,ML_NAME_IMPUTED,C3
FTHM,SHIP_DEF,ML_NAME_IMPUTED,C3
GCTK,SOFTWARE,ML_NAME_IMPUTED,C3
GEHC,HEALTH_SVC,RULE,B
GIBO,SOFTWARE,ML_NAME_IMPUTED,C3
FWAC,FINANCE,RULE,B
GDYN,SOFTWARE,ML_NAME_IMPUTED,C3
FRVO,ENERGY,RULE,B
FULC,BIO,RULE,B
FULT,FINANCE,RULE,B
GABC,FINANCE,RULE,B
GDHG,CHEM_STEEL,RULE,B
GHRS,SEMI,ML_NAME_IMPUTED,C3
GELS,CONSTRUCT,ML_NAME_IMPUTED,C3
GEMI,SHIP_DEF,ML_NAME_IMPUTED,C3
GAUZ,SOFTWARE,ML_NAME_IMPUTED,C3
GH,HEALTH_SVC,RULE,B
FWRD,CONSTRUCT,ML_NAME_IMPUTED,C3
FUNC,CONSTRUCT,ML_NAME_IMPUTED,C3
GCGR,FINANCE,ML_NAME_IMPUTED,C3
FWRG,CONSUMER,RULE,B
FTLF,CONSUMER,RULE,B
GCL,SOFTWARE,ML_NAME_IMPUTED,C3
GCT,SOFTWARE,RULE,B
GBFH,FINANCE,RULE,B
GDC,CONSUMER,ML_NAME_IMPUTED,C3
FVCB,FINANCE,ML_NAME_IMPUTED,C3
GIFT,SOFTWARE,ML_NAME_IMPUTED,C3
FSV,CHEM_STEEL,ML_NAME_IMPUTED,C3
GEN,SOFTWARE,EXPLICIT,A
FSLR,ENERGY,RULE,B
GENB,BIO,RULE,B
FTNT,SOFTWARE,EXPLICIT,A
FWDI,SHIP_DEF,RULE,B
GENK,CONSUMER,RULE,B
FSLY,SOFTWARE,ML_NAME_IMPUTED,C2
FTH,BIO,RULE,B
FUSE,SEMI,ML_NAME_IMPUTED,C3
GLIBK,FINANCE,RULE,B
FRMI,SEMI,ML_NAME_IMPUTED,C3
FRMM,SEMI,ML_NAME_IMPUTED,C3
GLIBA,FINANCE,RULE,B
GFS,SOFTWARE,ML_NAME_IMPUTED,C3
GCMG,SOFTWARE,ML_NAME_IMPUTED,C2
GAIN,FINANCE,RULE,B
GEOS,IT_HW,RULE,B
GFAI,SOFTWARE,RULE,B
GIGM,TELCO_MEDIA,RULE,B
GIXI,SOFTWARE,RULE,B
GGR,SOFTWARE,ML_NAME_IMPUTED,C3
FXHO,SOFTWARE,ML_NAME_IMPUTED,C3
GLND,ENERGY,RULE,B
FUSB,FINANCE,RULE,B
FROG,SOFTWARE,ML_NAME_IMPUTED,C3
FTCI,ENERGY,RULE,B
GECC,FINANCE,RULE,B
GIII,CONSUMER,RULE,B
FRNM,CONSTRUCT,ML_NAME_IMPUTED,C3
GHXI,SOFTWARE,ML_NAME_IMPUTED,C2
GERN,SHIP_DEF,ML_NAME_IMPUTED,C3
GDRX,SOFTWARE,ML_NAME_IMPUTED,C3
FSBW,FINANCE,RULE,B
GALT,BIO,RULE,B
GLBE,CONSTRUCT,ML_NAME_IMPUTED,C3
GILT,IT_HW,RULE,B
FWONA,TELCO_MEDIA,RULE,B
FTEK,IT_HW,RULE,B
GLBS,SEMI,ML_NAME_IMPUTED,C3
GFUZ,CONSUMER,ML_NAME_IMPUTED,C3
GLAD,FINANCE,RULE,B
FSBC,FINANCE,RULE,B
FRPT,CONSTRUCT,ML_NAME_IMPUTED,C3
GILD,BIO,EXPLICIT,A
FTDR,CONSUMER,ML_NAME_IMPUTED,C3
FUFU,SOFTWARE,ML_NAME_IMPUTED,C2
FTAI,SOFTWARE,ML_NAME_IMPUTED,C3
FTRE,SOFTWARE,ML_NAME_IMPUTED,C3
FWONK,TELCO_MEDIA,RULE,B
GAIA,TELCO_MEDIA,ML_NAME_IMPUTED,C2
GAME,TELCO_MEDIA,ML_NAME_IMPUTED,C3
GASS,CONSUMER,RULE,B
GBDC,FINANCE,RULE,B
GEG,FINANCE,ML_NAME_IMPUTED,C3
GITS,SOFTWARE,RULE,B
GRPN,CONSTRUCT,ML_NAME_IMPUTED,C3
GSBC,FINANCE,RULE,B
HBNC,FINANCE,RULE,B
HBNB,CONSUMER,RULE,B
GSRV,FINANCE,RULE,B
GLUE,BIO,RULE,B
HDRN,ENERGY,RULE,B
HALO,BIO,EXPLICIT,A
HFFG,CONSUMER,RULE,B
GMM,SOFTWARE,RULE,B
GROW,CONSUMER,ML_NAME_IMPUTED,C3
GMEX,SHIP_DEF,RULE,B
GSAT,CONSUMER,ML_NAME_IMPUTED,C3
HCAI,SOFTWARE,RULE,B
GRRR,IT_HW,RULE,B
HCAT,HEALTH_SVC,RULE,B
GMHS,SOFTWARE,ML_NAME_IMPUTED,C3
HIND,CONSUMER,ML_NAME_IMPUTED,C3
GRSD,CONSTRUCT,ML_NAME_IMPUTED,C3
HFWA,FINANCE,RULE,B
GTEC,IT_HW,RULE,B
GRAB,SOFTWARE,ML_NAME_IMPUTED,C3
HDSN,IT_HW,RULE,B
GRAL,SHIP_DEF,ML_NAME_IMPUTED,C3
GTEN,SOFTWARE,ML_NAME_IMPUTED,C2
HAO,HEALTH_SVC,RULE,B
GRAN,CONSTRUCT,ML_NAME_IMPUTED,C3
HAS,SEMI,ML_NAME_IMPUTED,C3
GYRE,BIO,RULE,B
HBAN,FINANCE,RULE,B
GLXY,SOFTWARE,RULE,B
GNLN,SOFTWARE,ML_NAME_IMPUTED,C3
HCTI,HEALTH_SVC,RULE,B
GNLX,BATTERY,ML_NAME_IMPUTED,C3
HAPN,CONSUMER,ML_NAME_IMPUTED,C3
HBT,FINANCE,RULE,B
GOOD,FINANCE,RULE,B
GRDX,IT_HW,RULE,B
GSUN,HEALTH_SVC,RULE,B
GRCE,BIO,RULE,B
HCSG,HEALTH_SVC,RULE,B
GLXG,TELCO_MEDIA,ML_NAME_IMPUTED,C3
GRI,BIO,RULE,B
HBCP,FINANCE,RULE,B
GPRO,SOFTWARE,ML_NAME_IMPUTED,C2
GSHD,FINANCE,RULE,B
GRWG,CHEM_STEEL,ML_NAME_IMPUTED,C3
GSM,AUTO,ML_NAME_IMPUTED,C3
GOOG,SOFTWARE,EXPLICIT,A
GT,AUTO,RULE,B
GXAI,SOFTWARE,RULE,B
GPRE,FINANCE,ML_NAME_IMPUTED,C3
GTM,IT_HW,RULE,B
GTLB,SOFTWARE,EXPLICIT,A
GTX,AUTO,ML_NAME_IMPUTED,C3
GNPX,AUTO,ML_NAME_IMPUTED,C3
GWRS,CHEM_STEEL,ML_NAME_IMPUTED,C3
HELE,ENERGY,ML_NAME_IMPUTED,C3
HITI,CHEM_STEEL,ML_NAME_IMPUTED,C3
HCHL,SOFTWARE,ML_NAME_IMPUTED,C3
HCWB,BIO,RULE,B
GOAI,TELCO_MEDIA,ML_NAME_IMPUTED,C3
GSIT,IT_HW,RULE,B
GVH,CONSUMER,ML_NAME_IMPUTED,C3
GSIW,SOFTWARE,ML_NAME_IMPUTED,C3
GYGY,CONSUMER,ML_NAME_IMPUTED,C3
HIVE,SOFTWARE,RULE,B
HHS,CONSUMER,ML_NAME_IMPUTED,C3
HAFC,FINANCE,RULE,B
HELP,SOFTWARE,ML_NAME_IMPUTED,C3
GOSS,BIO,RULE,B
HIT,HEALTH_SVC,RULE,B
GLNG,ENERGY,RULE,B
GURE,CHEM_STEEL,ML_NAME_IMPUTED,C1
GOOGL,SOFTWARE,EXPLICIT,A
HBIO,BIO,RULE,B
HCKT,TELCO_MEDIA,ML_NAME_IMPUTED,C3
GNTX,AUTO,EXPLICIT,A
GOVX,SEMI,ML_NAME_IMPUTED,C3
GLOO,CONSUMER,ML_NAME_IMPUTED,C3
HGBL,FINANCE,ML_NAME_IMPUTED,C3
HIFS,SEMI,ML_NAME_IMPUTED,C3
GUAC,FINANCE,RULE,B
GLPI,FINANCE,RULE,B
GUTS,HEALTH_SVC,RULE,B
GRNQ,FINANCE,RULE,B
GTBP,BIO,RULE,B
HFBL,FINANCE,RULE,B
HIHO,CONSUMER,ML_NAME_IMPUTED,C3
GRML,CHEM_STEEL,ML_NAME_IMPUTED,C3
GLRE,FINANCE,RULE,B
GLSI,BIO,ML_NAME_IMPUTED,C3
GNSS,AUTO,ML_NAME_IMPUTED,C3
GO,CONSUMER,RULE,B
GOGO,SEMI,ML_NAME_IMPUTED,C3
GP,AUTO,RULE,B
GTIM,CONSUMER,RULE,B
GWAV,IT_HW,RULE,B
HAIN,TELCO_MEDIA,ML_NAME_IMPUTED,C3
HWCPZ,FINANCE,ML_NAME_IMPUTED,C3
IFRX,SOFTWARE,ML_NAME_IMPUTED,C3
HXHX,SOFTWARE,ML_NAME_IMPUTED,C3
ICLR,AUTO,ML_NAME_IMPUTED,C3
ICMB,FINANCE,RULE,B
HKPD,BIO,RULE,B
HRMY,BIO,RULE,B
HOVR,SHIP_DEF,RULE,B
HON,SHIP_DEF,EXPLICIT,A
HURN,TELCO_MEDIA,ML_NAME_IMPUTED,C3
HUBC,SOFTWARE,RULE,B
HUBG,CONSTRUCT,EXPLICIT,A
HOFT,HEALTH_SVC,ML_NAME_IMPUTED,C3
HOWL,BIO,RULE,B
IFBD,SOFTWARE,ML_NAME_IMPUTED,C3
HPK,ENERGY,RULE,B
HYMC,CHEM_STEEL,RULE,B
IESC,SOFTWARE,ML_NAME_IMPUTED,C3
IBG,CONSUMER,RULE,B
HROW,SOFTWARE,ML_NAME_IMPUTED,C3
HTCO,TELCO_MEDIA,ML_NAME_IMPUTED,C3
HTCR,BATTERY,ML_NAME_IMPUTED,C2
ICON,ENERGY,RULE,B
IDAC,FINANCE,ML_NAME_IMPUTED,C1
HQI,CONSUMER,ML_NAME_IMPUTED,C3
IBKR,FINANCE,EXPLICIT,A
HNVR,FINANCE,RULE,B
IIIV,SEMI,ML_NAME_IMPUTED,C3
HUDI,TELCO_MEDIA,ML_NAME_IMPUTED,C3
HQY,HEALTH_SVC,ML_NAME_IMPUTED,C1
ICU,HEALTH_SVC,RULE,B
IBOC,FINANCE,RULE,B
HWKN,SEMI,ML_NAME_IMPUTED,C3
IDN,SEMI,ML_NAME_IMPUTED,C3
IDCC,SOFTWARE,ML_NAME_IMPUTED,C1
HSCS,HEALTH_SVC,ML_NAME_IMPUTED,C3
IGIC,FINANCE,RULE,B
IDAI,SOFTWARE,ML_NAME_IMPUTED,C2
HST,CONSUMER,RULE,B
HYNE,FINANCE,RULE,B
IEP,CONSTRUCT,ML_NAME_IMPUTED,C2
HTO,CONSTRUCT,ML_NAME_IMPUTED,C2
HTZ,CONSUMER,ML_NAME_IMPUTED,C3
ICCC,SEMI,ML_NAME_IMPUTED,C3
HONA,SHIP_DEF,RULE,B
HSTM,HEALTH_SVC,ML_NAME_IMPUTED,C2
HUT,CHEM_STEEL,ML_NAME_IMPUTED,C3
HYPD,CONSUMER,ML_NAME_IMPUTED,C3
HOLO,SOFTWARE,RULE,B
HYPR,SOFTWARE,ML_NAME_IMPUTED,C2
HTFL,CONSUMER,ML_NAME_IMPUTED,C3
HUHU,TELCO_MEDIA,ML_NAME_IMPUTED,C3
HSDT,HEALTH_SVC,RULE,B
HQ,IT_HW,RULE,B
ICUI,HEALTH_SVC,RULE,B
HLIT,SEMI,ML_NAME_IMPUTED,C3
HPAI,SOFTWARE,RULE,B
HWC,BATTERY,ML_NAME_IMPUTED,C3
IA,IT_HW,RULE,B
HOPE,FINANCE,RULE,B
ICCM,HEALTH_SVC,RULE,B
III,SOFTWARE,RULE,B
HRTX,BIO,RULE,B
HOOD,FINANCE,EXPLICIT,A
IBRX,BIO,ML_NAME_IMPUTED,C3
IDYA,BIO,RULE,B
HUMA,SOFTWARE,ML_NAME_IMPUTED,C3
HSIC,HEALTH_SVC,EXPLICIT,A
HKIT,SOFTWARE,ML_NAME_IMPUTED,C3
IBCP,FINANCE,RULE,B
IKT,BIO,RULE,B
IART,HEALTH_SVC,ML_NAME_IMPUTED,C3
IDXX,SEMI,ML_NAME_IMPUTED,C2
ICFI,CONSUMER,ML_NAME_IMPUTED,C3
IHRT,TELCO_MEDIA,RULE,B
HLMN,IT_HW,RULE,B
ICHR,SEMI,EXPLICIT,A
HLNE,FINANCE,ML_NAME_IMPUTED,C3
HNRG,ENERGY,RULE,B
HRZN,FINANCE,RULE,B
IACQ,FINANCE,RULE,B
HTLD,SOFTWARE,ML_NAME_IMPUTED,C3
HTLM,CONSTRUCT,ML_NAME_IMPUTED,C3
IBEX,ENERGY,ML_NAME_IMPUTED,C3
HWBK,FINANCE,RULE,B
HYFM,CONSUMER,ML_NAME_IMPUTED,C3
HYFT,CONSUMER,ML_NAME_IMPUTED,C3
HOUR,CONSUMER,ML_NAME_IMPUTED,C3
HNST,CONSUMER,ML_NAME_IMPUTED,C2
ILLR,TELCO_MEDIA,ML_NAME_IMPUTED,C3
HLP,TELCO_MEDIA,ML_NAME_IMPUTED,C3
HTOO,IT_HW,ML_NAME_IMPUTED,C3
ILLU,FINANCE,RULE,B
HURC,CONSUMER,ML_NAME_IMPUTED,C3
IBIO,BIO,ML_NAME_IMPUTED,C3
HURA,BIO,RULE,B
HMH,CONSUMER,ML_NAME_IMPUTED,C3
HMR,SEMI,ML_NAME_IMPUTED,C3
HODO,CONSUMER,ML_NAME_IMPUTED,C3
HNNA,AUTO,ML_NAME_IMPUTED,C3
ILAG,IT_HW,ML_NAME_IMPUTED,C3
IPVV,FINANCE,ML_NAME_IMPUTED,C3
IMPP,ENERGY,RULE,B
IOTR,SOFTWARE,ML_NAME_IMPUTED,C3
IPM,FINANCE,ML_NAME_IMPUTED,C3
INBK,FINANCE,RULE,B
IPW,ENERGY,ML_NAME_IMPUTED,C2
INBS,BIO,RULE,B
INSE,TELCO_MEDIA,RULE,B
INBX,BIO,RULE,B
INSG,CHEM_STEEL,ML_NAME_IMPUTED,C3
IPFX,FINANCE,RULE,B
INSM,SEMI,ML_NAME_IMPUTED,C3
ITOC,SOFTWARE,ML_NAME_IMPUTED,C2
IOSP,CONSUMER,ML_NAME_IMPUTED,C3
INAB,BIO,ML_NAME_IMPUTED,C3
ILMN,BIO,EXPLICIT,A
JKHY,SOFTWARE,ML_NAME_IMPUTED,C3
IRD,BIO,RULE,B
IRIX,SHIP_DEF,ML_NAME_IMPUTED,C3
INDB,FINANCE,RULE,B
INTR,SOFTWARE,ML_NAME_IMPUTED,C3
INTU,SOFTWARE,EXPLICIT,A
ILPT,FINANCE,RULE,B
INTS,BIO,RULE,B
IMRX,TELCO_MEDIA,ML_NAME_IMPUTED,C3
INDI,SEMI,RULE,B
IVDA,IT_HW,RULE,B
INTZ,SEMI,ML_NAME_IMPUTED,C3
JAGX,HEALTH_SVC,RULE,B
ISNR,FINANCE,RULE,B
IXHL,HEALTH_SVC,RULE,B
INDP,BIO,RULE,B
INDV,BIO,RULE,B
IPWR,ENERGY,RULE,B
INTA,SOFTWARE,ML_NAME_IMPUTED,C3
IPGP,IT_HW,RULE,B
IOVA,BIO,RULE,B
JEM,SOFTWARE,ML_NAME_IMPUTED,C3
IPXG,FINANCE,RULE,B
INCR,SOFTWARE,ML_NAME_IMPUTED,C3
INTC,SEMI,EXPLICIT,A
INCY,BIO,EXPLICIT,A
INTJ,IT_HW,ML_NAME_IMPUTED,C3
INTG,ENERGY,ML_NAME_IMPUTED,C3
IMKTA,SOFTWARE,ML_NAME_IMPUTED,C3
JBIO,BIO,RULE,B
ITG,SOFTWARE,ML_NAME_IMPUTED,C2
ITRI,SHIP_DEF,ML_NAME_IMPUTED,C3
ITRN,IT_HW,ML_NAME_IMPUTED,C3
IMTX,SOFTWARE,ML_NAME_IMPUTED,C3
INVZ,IT_HW,RULE,B
ISPR,IT_HW,RULE,B
JAZZ,BIO,RULE,B
IMDX,HEALTH_SVC,RULE,B
IMSR,ENERGY,RULE,B
IRMD,HEALTH_SVC,ML_NAME_IMPUTED,C3
IMCC,CHEM_STEEL,ML_NAME_IMPUTED,C2
INEO,SOFTWARE,ML_NAME_IMPUTED,C3
INVA,CONSUMER,ML_NAME_IMPUTED,C3
INVE,SHIP_DEF,ML_NAME_IMPUTED,C3
IMTE,TELCO_MEDIA,RULE,B
IVF,SEMI,ML_NAME_IMPUTED,C3
IVVD,SEMI,ML_NAME_IMPUTED,C3
ISPC,SEMI,ML_NAME_IMPUTED,C3
IMVT,BIO,RULE,B
INHD,CONSUMER,ML_NAME_IMPUTED,C3
ISBA,FINANCE,RULE,B
JBLU,CONSTRUCT,EXPLICIT,A
IMUX,BIO,ML_NAME_IMPUTED,C3
IRON,BIO,ML_NAME_IMPUTED,C3
INGN,CONSUMER,ML_NAME_IMPUTED,C3
JAKK,CONSTRUCT,ML_NAME_IMPUTED,C2
ISRG,HEALTH_SVC,EXPLICIT,A
ISTR,CONSUMER,ML_NAME_IMPUTED,C3
JCAP,FINANCE,RULE,B
INIO,SOFTWARE,ML_NAME_IMPUTED,C3
IMXI,CONSUMER,ML_NAME_IMPUTED,C3
IZM,TELCO_MEDIA,ML_NAME_IMPUTED,C3
JL,CONSTRUCT,ML_NAME_IMPUTED,C3
IONS,BIO,EXPLICIT,A
JCTC,SHIP_DEF,ML_NAME_IMPUTED,C3
IRDM,TELCO_MEDIA,RULE,B
INMB,BIO,RULE,B
INMD,SOFTWARE,ML_NAME_IMPUTED,C3
JANX,BIO,RULE,B
JCSE,SOFTWARE,ML_NAME_IMPUTED,C3
INKT,BIO,RULE,B
IRTC,IT_HW,RULE,B
INLF,SOFTWARE,ML_NAME_IMPUTED,C3
IOND,SOFTWARE,RULE,B
INNV,CONSUMER,ML_NAME_IMPUTED,C3
IRWD,BIO,RULE,B
IPSC,BIO,RULE,B
INOD,SOFTWARE,ML_NAME_IMPUTED,C3
IMA,BIO,ML_NAME_IMPUTED,C3
JBDI,SOFTWARE,ML_NAME_IMPUTED,C3
ITIC,CONSUMER,ML_NAME_IMPUTED,C2
IQST,SEMI,ML_NAME_IMPUTED,C2
IZEA,CONSTRUCT,ML_NAME_IMPUTED,C3
IREN,ENERGY,RULE,B
JJSF,CONSUMER,RULE,B
IPAR,SOFTWARE,ML_NAME_IMPUTED,C3
JBSS,CONSTRUCT,ML_NAME_IMPUTED,C3
IMNM,BIO,RULE,B
JDZG,SOFTWARE,ML_NAME_IMPUTED,C3
IMNN,SEMI,ML_NAME_IMPUTED,C3
INM,BIO,RULE,B
INO,BIO,RULE,B
INV,CONSUMER,ML_NAME_IMPUTED,C3
IPDN,IT_HW,RULE,B
JATT,FINANCE,RULE,B
JLHL,SOFTWARE,ML_NAME_IMPUTED,C3
IPST,CONSUMER,ML_NAME_IMPUTED,C3
IMMR,AUTO,ML_NAME_IMPUTED,C3
IMMX,BIO,RULE,B
JACK,CONSUMER,ML_NAME_IMPUTED,C3
JBHT,CONSTRUCT,EXPLICIT,A
KDK,SOFTWARE,RULE,B
KDP,CONSUMER,EXPLICIT,A
KLIC,SHIP_DEF,RULE,B
LEXX,BIO,RULE,B
LBRX,BIO,RULE,B
JRVR,TELCO_MEDIA,ML_NAME_IMPUTED,C3
KARD,SOFTWARE,ML_NAME_IMPUTED,C3
KLXE,ENERGY,RULE,B
KARO,SOFTWARE,ML_NAME_IMPUTED,C3
LCCC,FINANCE,ML_NAME_IMPUTED,C1
LEGH,CONSUMER,ML_NAME_IMPUTED,C3
KOPN,SEMI,ML_NAME_IMPUTED,C3
KPRX,BIO,RULE,B
LARK,FINANCE,RULE,B
KIDS,CHEM_STEEL,ML_NAME_IMPUTED,C3
KYTX,BIO,RULE,B
KIDZ,SOFTWARE,RULE,B
JZXN,SEMI,ML_NAME_IMPUTED,C3
KRUS,CONSTRUCT,ML_NAME_IMPUTED,C2
JUNS,BIO,ML_NAME_IMPUTED,C3
JVA,CONSUMER,RULE,B
LCUT,CONSUMER,RULE,B
KITT,SHIP_DEF,RULE,B
JOUT,SOFTWARE,ML_NAME_IMPUTED,C3
JWEL,SOFTWARE,ML_NAME_IMPUTED,C3
LABT,BIO,RULE,B
LASE,IT_HW,RULE,B
LCFY,CONSTRUCT,ML_NAME_IMPUTED,C3
LFMD,SEMI,ML_NAME_IMPUTED,C3
LASR,CONSTRUCT,ML_NAME_IMPUTED,C3
JXG,TELCO_MEDIA,ML_NAME_IMPUTED,C3
KPTI,BIO,RULE,B
LAES,CHEM_STEEL,ML_NAME_IMPUTED,C3
JTAI,SOFTWARE,RULE,B
KNSA,BIO,RULE,B
JYD,CONSTRUCT,RULE,B
KEQU,HEALTH_SVC,ML_NAME_IMPUTED,C2
KRYS,BIO,RULE,B
KOSS,CHEM_STEEL,ML_NAME_IMPUTED,C3
JMSB,FINANCE,RULE,B
LAUR,CONSUMER,RULE,B
LCID,AUTO,EXPLICIT,A
KELYB,SOFTWARE,ML_NAME_IMPUTED,C3
LBGJ,TELCO_MEDIA,ML_NAME_IMPUTED,C3
KELYA,SOFTWARE,ML_NAME_IMPUTED,C3
LGCL,SOFTWARE,ML_NAME_IMPUTED,C3
KNDI,IT_HW,RULE,B
KRMD,HEALTH_SVC,RULE,B
KGEI,ENERGY,RULE,B
LENZ,BIO,RULE,B
JSPR,BIO,RULE,B
KAZR,FINANCE,RULE,B
KTOS,SHIP_DEF,RULE,B
KMRK,IT_HW,RULE,B
KYIV,TELCO_MEDIA,ML_NAME_IMPUTED,C3
KURA,BIO,RULE,B
KLRS,BIO,RULE,B
KMTS,HEALTH_SVC,RULE,B
LCNB,CHEM_STEEL,ML_NAME_IMPUTED,C3
LFCR,BIO,RULE,B
KRNT,SOFTWARE,RULE,B
KRNY,FINANCE,RULE,B
LFTO,TELCO_MEDIA,ML_NAME_IMPUTED,C2
KE,IT_HW,RULE,B
KG,CONSUMER,ML_NAME_IMPUTED,C3
KLAC,SEMI,EXPLICIT,A
KOD,BIO,ML_NAME_IMPUTED,C2
JTTT,FINANCE,RULE,B
KALA,BIO,RULE,B
KUST,TELCO_MEDIA,RULE,B
LBTYA,TELCO_MEDIA,ML_NAME_IMPUTED,C3
LBTYB,TELCO_MEDIA,ML_NAME_IMPUTED,C3
LAB,BIO,ML_NAME_IMPUTED,C3
KXIN,SEMI,ML_NAME_IMPUTED,C3
KLRA,BIO,RULE,B
KFFB,FINANCE,RULE,B
JYNT,CHEM_STEEL,ML_NAME_IMPUTED,C3
LFST,HEALTH_SVC,RULE,B
LE,CONSUMER,ML_NAME_IMPUTED,C3
KALU,CHEM_STEEL,RULE,B
KMDA,SOFTWARE,ML_NAME_IMPUTED,C3
LBTYK,TELCO_MEDIA,ML_NAME_IMPUTED,C3
KINS,CONSUMER,ML_NAME_IMPUTED,C2
KYNB,BIO,RULE,B
LECO,SHIP_DEF,ML_NAME_IMPUTED,C3
KPLT,BATTERY,ML_NAME_IMPUTED,C3
KVHI,SHIP_DEF,RULE,B
LFVN,BATTERY,ML_NAME_IMPUTED,C3
JONE,FINANCE,ML_NAME_IMPUTED,C2
KEEL,CONSTRUCT,RULE,B
KROS,BIO,RULE,B
KTCC,HEALTH_SVC,ML_NAME_IMPUTED,C3
LAKE,SHIP_DEF,RULE,B
KYMR,BIO,RULE,B
LESL,SEMI,ML_NAME_IMPUTED,C3
KTTA,BIO,RULE,B
LFUS,SEMI,ML_NAME_IMPUTED,C3
KLTR,CONSUMER,ML_NAME_IMPUTED,C3
JRSH,CONSUMER,ML_NAME_IMPUTED,C3
KRRO,BIO,RULE,B
LAND,FINANCE,ML_NAME_IMPUTED,C3
KRT,CHEM_STEEL,ML_NAME_IMPUTED,C3
KRSA,BIO,RULE,B
KEYY,FINANCE,RULE,B
KBSX,CHEM_STEEL,ML_NAME_IMPUTED,C3
LFWD,SOFTWARE,ML_NAME_IMPUTED,C3
LEDS,SEMI,ML_NAME_IMPUTED,C3
LEE,BATTERY,ML_NAME_IMPUTED,C2
KSCP,SOFTWARE,ML_NAME_IMPUTED,C2
LAMR,TELCO_MEDIA,RULE,B
KMB,CONSUMER,EXPLICIT,A
LSCC,SEMI,EXPLICIT,A
LVO,CONSUMER,ML_NAME_IMPUTED,C3
LNZA,CONSUMER,ML_NAME_IMPUTED,C3
MAMA,SEMI,ML_NAME_IMPUTED,C3
MAMK,SOFTWARE,ML_NAME_IMPUTED,C2
MAMO,TELCO_MEDIA,ML_NAME_IMPUTED,C3
LSTA,BIO,RULE,B
MCAH,FINANCE,ML_NAME_IMPUTED,C1
MBOT,HEALTH_SVC,RULE,B
LGN,AUTO,ML_NAME_IMPUTED,C3
LSBK,FINANCE,RULE,B
LGO,CHEM_STEEL,ML_NAME_IMPUTED,C3
LIQT,CONSUMER,ML_NAME_IMPUTED,C3
MCBS,FINANCE,RULE,B
LNKS,SHIP_DEF,RULE,B
LTGR,FINANCE,ML_NAME_IMPUTED,C3
LGND,BIO,RULE,B
LTGO,BIO,RULE,B
LONA,AUTO,ML_NAME_IMPUTED,C3
LRCX,SEMI,EXPLICIT,A
MBAI,SOFTWARE,RULE,B
MCRB,BIO,RULE,B
LWLG,CONSTRUCT,ML_NAME_IMPUTED,C3
LSTR,SEMI,ML_NAME_IMPUTED,C3
LIF,CONSUMER,ML_NAME_IMPUTED,C3
MDCX,BIO,RULE,B
MCRI,CONSUMER,RULE,B
MANH,SOFTWARE,EXPLICIT,A
LIN,CHEM_STEEL,EXPLICIT,A
LHAI,CONSUMER,ML_NAME_IMPUTED,C3
LOOP,SHIP_DEF,RULE,B
LILAK,TELCO_MEDIA,ML_NAME_IMPUTED,C3
LICN,TELCO_MEDIA,ML_NAME_IMPUTED,C3
LITE,TELCO_MEDIA,ML_NAME_IMPUTED,C3
LILAP,FINANCE,ML_NAME_IMPUTED,C3
MDGL,BIO,RULE,B
LOPE,CONSUMER,RULE,B
LITS,SEMI,ML_NAME_IMPUTED,C3
LKFN,FINANCE,RULE,B
MCTA,HEALTH_SVC,RULE,B
LVLU,CONSUMER,RULE,B
LKQ,BATTERY,ML_NAME_IMPUTED,C3
MBRX,BIO,RULE,B
MCFT,CONSUMER,ML_NAME_IMPUTED,C3
LHSW,TELCO_MEDIA,ML_NAME_IMPUTED,C3
LIEN,FINANCE,RULE,B
MDIA,TELCO_MEDIA,RULE,B
LPCN,SOFTWARE,ML_NAME_IMPUTED,C3
LIVE,AUTO,ML_NAME_IMPUTED,C3
MASK,IT_HW,RULE,B
MBUU,SEMI,ML_NAME_IMPUTED,C3
LOAN,FINANCE,RULE,B
MCGA,FINANCE,RULE,B
LIVN,AUTO,ML_NAME_IMPUTED,C3
LYEL,BIO,RULE,B
MASS,IT_HW,RULE,B
LPTH,IT_HW,RULE,B
LIFE,IT_HW,RULE,B
LMB,CONSUMER,ML_NAME_IMPUTED,C3
MARA,SOFTWARE,RULE,B
LQDA,SEMI,ML_NAME_IMPUTED,C3
MAAS,SOFTWARE,ML_NAME_IMPUTED,C2
LIDR,SOFTWARE,ML_NAME_IMPUTED,C2
LYTS,SHIP_DEF,RULE,B
LULU,CONSUMER,EXPLICIT,A
LXRX,BIO,RULE,B
LQDT,CONSTRUCT,ML_NAME_IMPUTED,C2
MCHX,SOFTWARE,ML_NAME_IMPUTED,C2
LNAI,SEMI,ML_NAME_IMPUTED,C3
LOCO,SOFTWARE,ML_NAME_IMPUTED,C3
MBWM,FINANCE,RULE,B
LNT,ENERGY,EXPLICIT,A
LXEO,BIO,RULE,B
LLYVA,TELCO_MEDIA,RULE,B
LLYVK,TELCO_MEDIA,RULE,B
LWAY,CONSUMER,RULE,B
LUNG,BATTERY,ML_NAME_IMPUTED,C3
LRHC,CONSUMER,ML_NAME_IMPUTED,C3
LMNR,CONSUMER,ML_NAME_IMPUTED,C3
MATH,CHEM_STEEL,RULE,B
LUNR,SOFTWARE,ML_NAME_IMPUTED,C1
LOBO,IT_HW,RULE,B
MATW,TELCO_MEDIA,ML_NAME_IMPUTED,C2
MCHB,FINANCE,RULE,B
LYFT,SOFTWARE,ML_NAME_IMPUTED,C1
MCHP,SEMI,EXPLICIT,A
MAR,TELCO_MEDIA,ML_NAME_IMPUTED,C2
MAT,SEMI,ML_NAME_IMPUTED,C3
LNSR,CONSTRUCT,ML_NAME_IMPUTED,C3
LGVN,SOFTWARE,ML_NAME_IMPUTED,C2
LOVE,CONSUMER,ML_NAME_IMPUTED,C3
LNTH,CONSUMER,ML_NAME_IMPUTED,C3
MAGH,TELCO_MEDIA,ML_NAME_IMPUTED,C3
LMAT,CONSUMER,ML_NAME_IMPUTED,C3
LMRI,TELCO_MEDIA,ML_NAME_IMPUTED,C3
MBIN,FINANCE,RULE,B
MBIO,BIO,RULE,B
MBX,BIO,RULE,B
MDLN,SOFTWARE,ML_NAME_IMPUTED,C2
LOGI,TELCO_MEDIA,ML_NAME_IMPUTED,C3
LRMR,BIO,RULE,B
LUCD,HEALTH_SVC,RULE,B
LZMH,IT_HW,RULE,B
MDB,SOFTWARE,EXPLICIT,A
MAYS,SEMI,ML_NAME_IMPUTED,C3
LZ,CONSUMER,ML_NAME_IMPUTED,C3
LILA,TELCO_MEDIA,ML_NAME_IMPUTED,C3
MB,TELCO_MEDIA,ML_NAME_IMPUTED,C3
MARPS,FINANCE,RULE,B
LUCY,FINANCE,ML_NAME_IMPUTED,C3
MAZE,BIO,RULE,B
MBLY,SOFTWARE,ML_NAME_IMPUTED,C3
LIND,TELCO_MEDIA,ML_NAME_IMPUTED,C3
LINC,CONSUMER,RULE,B
LSAK,IT_HW,RULE,B
LINE,CONSUMER,ML_NAME_IMPUTED,C3
LINK,IT_HW,RULE,B
LPLA,FINANCE,RULE,B
MAKO,CHEM_STEEL,RULE,B
MDAI,SOFTWARE,RULE,B
LTRN,BIO,RULE,B
LTRX,CONSUMER,ML_NAME_IMPUTED,C3
LIME,HEALTH_SVC,ML_NAME_IMPUTED,C3
LGIH,CONSTRUCT,RULE,B
LTBR,BATTERY,ML_NAME_IMPUTED,C3
LIMN,BIO,RULE,B
LSE,ENERGY,RULE,B
MEDP,HEALTH_SVC,ML_NAME_IMPUTED,C3
MXL,CONSTRUCT,ML_NAME_IMPUTED,C3
MRNO,CONSTRUCT,ML_NAME_IMPUTED,C3
MEDS,SOFTWARE,RULE,B
MTRX,CONSTRUCT,ML_NAME_IMPUTED,C3
MGYR,FINANCE,RULE,B
MTSI,SEMI,EXPLICIT,A
MMED,TELCO_MEDIA,ML_NAME_IMPUTED,C3
MWYN,SOFTWARE,ML_NAME_IMPUTED,C3
MIMI,IT_HW,ML_NAME_IMPUTED,C3
MGIH,CONSUMER,ML_NAME_IMPUTED,C3
META,SOFTWARE,EXPLICIT,A
METC,CHEM_STEEL,ML_NAME_IMPUTED,C1
MLAB,SEMI,ML_NAME_IMPUTED,C2
MDRR,FINANCE,RULE,B
MTAK,FINANCE,RULE,B
MRNA,BIO,EXPLICIT,A
MLTX,BIO,RULE,B
MSBI,FINANCE,RULE,B
MPLT,BIO,RULE,B
MKSI,SEMI,ML_NAME_IMPUTED,C2
MEGL,CONSTRUCT,ML_NAME_IMPUTED,C3
MLEC,BIO,ML_NAME_IMPUTED,C3
MFIN,FINANCE,RULE,B
MLCI,FINANCE,RULE,B
MTCH,TELCO_MEDIA,EXPLICIT,A
MSAI,SOFTWARE,RULE,B
MIND,IT_HW,RULE,B
MDWD,TELCO_MEDIA,ML_NAME_IMPUTED,C3
MSTR,SOFTWARE,ML_NAME_IMPUTED,C2
MKTW,SOFTWARE,ML_NAME_IMPUTED,C2
MKTX,TELCO_MEDIA,ML_NAME_IMPUTED,C3
MRBK,BATTERY,ML_NAME_IMPUTED,C3
MKDW,IT_HW,RULE,B
MIAC,FINANCE,RULE,B
MNKD,BATTERY,ML_NAME_IMPUTED,C3
MMYT,CONSTRUCT,ML_NAME_IMPUTED,C3
MTEK,IT_HW,RULE,B
MTEN,CHEM_STEEL,ML_NAME_IMPUTED,C3
MRAM,IT_HW,RULE,B
MTVA,CHEM_STEEL,ML_NAME_IMPUTED,C3
MVIS,SEMI,ML_NAME_IMPUTED,C3
MTEX,SEMI,ML_NAME_IMPUTED,C3
MGNX,SEMI,ML_NAME_IMPUTED,C3
MRDN,HEALTH_SVC,ML_NAME_IMPUTED,C3
MSFT,SOFTWARE,EXPLICIT,A
MIST,BIO,RULE,B
MNY,SOFTWARE,ML_NAME_IMPUTED,C3
MLYS,BIO,RULE,B
MOB,CONSTRUCT,ML_NAME_IMPUTED,C3
MDXG,TELCO_MEDIA,ML_NAME_IMPUTED,C3
MDXH,HEALTH_SVC,ML_NAME_IMPUTED,C2
MLGO,SEMI,ML_NAME_IMPUTED,C3
MIRA,BIO,RULE,B
MGNI,SEMI,ML_NAME_IMPUTED,C3
MIRM,BIO,RULE,B
MRCO,FINANCE,RULE,B
MRTN,CONSTRUCT,ML_NAME_IMPUTED,C3
MSEX,SHIP_DEF,ML_NAME_IMPUTED,C1
MPB,FINANCE,RULE,B
MRCY,IT_HW,RULE,B
MPAA,CONSTRUCT,ML_NAME_IMPUTED,C3
MSGM,TELCO_MEDIA,RULE,B
MELI,SOFTWARE,ML_NAME_IMPUTED,C3
MGPI,SHIP_DEF,ML_NAME_IMPUTED,C3
MITK,IT_HW,RULE,B
MIDD,CHEM_STEEL,ML_NAME_IMPUTED,C3
MRVI,SOFTWARE,ML_NAME_IMPUTED,C3
MSGY,SOFTWARE,ML_NAME_IMPUTED,C3
MRVL,SEMI,EXPLICIT,A
MDLZ,CONSUMER,EXPLICIT,A
MGRX,BIO,ML_NAME_IMPUTED,C3
METCB,CHEM_STEEL,ML_NAME_IMPUTED,C1
MNPR,BIO,RULE,B
MOBI,HEALTH_SVC,RULE,B
MRX,CONSTRUCT,ML_NAME_IMPUTED,C3
MEOH,CHEM_STEEL,ML_NAME_IMPUTED,C3
MOBX,SOFTWARE,ML_NAME_IMPUTED,C2
MLKN,CONSUMER,ML_NAME_IMPUTED,C3
MNOV,HEALTH_SVC,ML_NAME_IMPUTED,C3
MSS,IT_HW,RULE,B
MGRC,CONSUMER,ML_NAME_IMPUTED,C3
MKZR,FINANCE,RULE,B
MGRT,ENERGY,ML_NAME_IMPUTED,C3
MXCT,SEMI,ML_NAME_IMPUTED,C3
MENS,BIO,RULE,B
MORN,CONSUMER,ML_NAME_IMPUTED,C3
MTC,CHEM_STEEL,ML_NAME_IMPUTED,C3
MODD,HEALTH_SVC,RULE,B
MVBF,FINANCE,RULE,B
MNSB,FINANCE,RULE,B
MF,SOFTWARE,ML_NAME_IMPUTED,C2
MPWR,SEMI,EXPLICIT,A
MGEE,ENERGY,RULE,B
MQ,SOFTWARE,ML_NAME_IMPUTED,C2
MU,SEMI,EXPLICIT,A
MGTX,SOFTWARE,ML_NAME_IMPUTED,C3
MNRO,SEMI,ML_NAME_IMPUTED,C3
MSLE,BIO,RULE,B
MRLN,CONSUMER,ML_NAME_IMPUTED,C3
MNTS,SOFTWARE,ML_NAME_IMPUTED,C2
MNDO,CHEM_STEEL,ML_NAME_IMPUTED,C3
MNDR,HEALTH_SVC,RULE,B
MFI,TELCO_MEDIA,ML_NAME_IMPUTED,C3
MMSI,HEALTH_SVC,RULE,B
MNDY,SOFTWARE,EXPLICIT,A
MFP,CONSUMER,RULE,B
MWH,ENERGY,RULE,B
MNST,CONSUMER,EXPLICIT,A
MRKR,BIO,RULE,B
MERC,CONSUMER,ML_NAME_IMPUTED,C3
MVST,BATTERY,EXPLICIT,A
MGN,SOFTWARE,ML_NAME_IMPUTED,C3
MOVE,SEMI,ML_NAME_IMPUTED,C3
MNTK,ENERGY,RULE,B
MGX,BIO,RULE,B
NMAD,ENERGY,RULE,B
NMRA,BIO,RULE,B
NOEM,ENERGY,RULE,B
NCNO,CONSUMER,ML_NAME_IMPUTED,C3
NOVT,CHEM_STEEL,ML_NAME_IMPUTED,C3
NMRK,TELCO_MEDIA,ML_NAME_IMPUTED,C2
NERV,BIO,ML_NAME_IMPUTED,C3
NKLR,SOFTWARE,ML_NAME_IMPUTED,C3
NODK,CONSUMER,ML_NAME_IMPUTED,C3
MYX,FINANCE,RULE,B
NSLR,FINANCE,RULE,B
NNBR,SEMI,ML_NAME_IMPUTED,C3
NCMI,TELCO_MEDIA,RULE,B
NAII,CONSUMER,ML_NAME_IMPUTED,C3
NDRA,BIO,RULE,B
NDAQ,SEMI,ML_NAME_IMPUTED,C3
NHIV,CHEM_STEEL,ML_NAME_IMPUTED,C3
NMTC,HEALTH_SVC,RULE,B
NTAP,IT_HW,EXPLICIT,A
NCPL,SOFTWARE,ML_NAME_IMPUTED,C3
NAKA,SOFTWARE,ML_NAME_IMPUTED,C3
NECB,FINANCE,RULE,B
NESR,ENERGY,RULE,B
NIKI,BIO,ML_NAME_IMPUTED,C3
NCRA,CONSUMER,ML_NAME_IMPUTED,C3
NNE,ENERGY,RULE,B
NSAI,FINANCE,RULE,B
MYPS,TELCO_MEDIA,RULE,B
NTCL,IT_HW,RULE,B
NTCT,IT_HW,RULE,B
NMFC,FINANCE,RULE,B
NSPR,SEMI,ML_NAME_IMPUTED,C3
NDSN,SHIP_DEF,EXPLICIT,A
NEUP,BIO,RULE,B
NAMM,CHEM_STEEL,RULE,B
NAMS,BIO,RULE,B
MYRG,CONSUMER,ML_NAME_IMPUTED,C3
MZTI,SHIP_DEF,ML_NAME_IMPUTED,C3
NEXM,CHEM_STEEL,RULE,B
NEXN,IT_HW,ML_NAME_IMPUTED,C3
NPT,CONSUMER,ML_NAME_IMPUTED,C3
NEXR,IT_HW,RULE,B
NEXT,BATTERY,ML_NAME_IMPUTED,C3
NBBK,FINANCE,RULE,B
MYSE,SOFTWARE,RULE,B
NKTR,BIO,RULE,B
NEWT,SEMI,ML_NAME_IMPUTED,C3
NSSC,IT_HW,RULE,B
NEGG,CHEM_STEEL,ML_NAME_IMPUTED,C3
NKSH,FINANCE,RULE,B
NRC,HEALTH_SVC,RULE,B
NCEW,CONSTRUCT,RULE,B
NBTB,FINANCE,RULE,B
NGNE,CONSUMER,ML_NAME_IMPUTED,C3
NTGR,AUTO,ML_NAME_IMPUTED,C3
NBN,FINANCE,RULE,B
NSTS,FINANCE,RULE,B
NKTX,SEMI,ML_NAME_IMPUTED,C3
NOMA,SOFTWARE,ML_NAME_IMPUTED,C3
NCI,TELCO_MEDIA,ML_NAME_IMPUTED,C3
MYSZ,SEMI,ML_NAME_IMPUTED,C3
NCEL,CHEM_STEEL,ML_NAME_IMPUTED,C3
NMIH,SOFTWARE,ML_NAME_IMPUTED,C3
NCO,FINANCE,ML_NAME_IMPUTED,C1
NRSN,BIO,RULE,B
NCT,SOFTWARE,ML_NAME_IMPUTED,C3
NATH,CONSUMER,ML_NAME_IMPUTED,C3
NTIC,IT_HW,RULE,B
NATR,AUTO,ML_NAME_IMPUTED,C3
MYFW,FINANCE,RULE,B
NFLX,TELCO_MEDIA,EXPLICIT,A
NTHI,IT_HW,RULE,B
NRDS,SOFTWARE,ML_NAME_IMPUTED,C2
NEO,BIO,RULE,B
NPCE,SHIP_DEF,ML_NAME_IMPUTED,C3
NAVI,AUTO,ML_NAME_IMPUTED,C3
NFE,ENERGY,RULE,B
NHTC,HEALTH_SVC,RULE,B
NNOX,SOFTWARE,ML_NAME_IMPUTED,C3
NAVN,SOFTWARE,ML_NAME_IMPUTED,C2
NIVF,TELCO_MEDIA,ML_NAME_IMPUTED,C3
NSIT,CONSTRUCT,ML_NAME_IMPUTED,C3
NRXP,BIO,RULE,B
NDLS,TELCO_MEDIA,ML_NAME_IMPUTED,C3
NTLA,BIO,RULE,B
NNNN,BIO,RULE,B
NB,SEMI,ML_NAME_IMPUTED,C3
NAUT,BIO,RULE,B
MYGN,BIO,RULE,B
NSYS,IT_HW,RULE,B
NN,CONSUMER,ML_NAME_IMPUTED,C3
NBIX,BIO,EXPLICIT,A
NEPH,SHIP_DEF,ML_NAME_IMPUTED,C3
NRIM,FINANCE,RULE,B
NHP,HEALTH_SVC,RULE,B
NRIX,BIO,RULE,B
NIXX,CONSUMER,ML_NAME_IMPUTED,C3
NEOG,ENERGY,ML_NAME_IMPUTED,C3
NEON,SOFTWARE,ML_NAME_IMPUTED,C3
NAGE,BIO,RULE,B
NBIS,TELCO_MEDIA,ML_NAME_IMPUTED,C3
NEOV,CONSUMER,ML_NAME_IMPUTED,C3
OPTX,SOFTWARE,ML_NAME_IMPUTED,C3
OLB,TELCO_MEDIA,ML_NAME_IMPUTED,C3
NUAI,ENERGY,RULE,B
NXGL,SEMI,ML_NAME_IMPUTED,C3
NVCR,SOFTWARE,ML_NAME_IMPUTED,C3
OLMA,BIO,RULE,B
ORIC,BIO,RULE,B
NVCT,BIO,RULE,B
OBIO,BIO,RULE,B
OPCH,HEALTH_SVC,RULE,B
OMH,CONSTRUCT,ML_NAME_IMPUTED,C3
ORGO,SOFTWARE,ML_NAME_IMPUTED,C3
OPTH,HEALTH_SVC,RULE,B
NTNX,SOFTWARE,ML_NAME_IMPUTED,C2
OLLI,CONSUMER,ML_NAME_IMPUTED,C3
NVEC,CHEM_STEEL,ML_NAME_IMPUTED,C3
ONB,FINANCE,RULE,B
NTRA,SEMI,ML_NAME_IMPUTED,C3
NTRB,CONSUMER,ML_NAME_IMPUTED,C3
NUCL,ENERGY,RULE,B
ORKA,BIO,RULE,B
NVDA,SEMI,EXPLICIT,A
NXXT,CONSUMER,ML_NAME_IMPUTED,C3
NVTS,SEMI,RULE,B
OFAL,TELCO_MEDIA,ML_NAME_IMPUTED,C3
NWFL,FINANCE,RULE,B
ORIO,SOFTWARE,RULE,B
OPEN,IT_HW,RULE,B
OCLT,FINANCE,RULE,B
OPI,FINANCE,RULE,B
ONDS,SOFTWARE,ML_NAME_IMPUTED,C3
OPK,HEALTH_SVC,RULE,B
OMSE,ENERGY,RULE,B
ORLY,CONSUMER,EXPLICIT,A
OESX,ENERGY,RULE,B
NTRP,CONSUMER,ML_NAME_IMPUTED,C3
NTRS,FINANCE,RULE,B
OLOX,SHIP_DEF,RULE,B
ORKT,IT_HW,RULE,B
ONCO,CONSUMER,ML_NAME_IMPUTED,C3
NUTX,HEALTH_SVC,RULE,B
ONCY,BIO,RULE,B
OPXS,IT_HW,RULE,B
NTSK,SOFTWARE,ML_NAME_IMPUTED,C2
ONFO,CONSUMER,ML_NAME_IMPUTED,C3
OBT,FINANCE,RULE,B
OMCL,SEMI,ML_NAME_IMPUTED,C3
ORMP,BIO,RULE,B
OBX,BIO,RULE,B
ONEG,CONSTRUCT,RULE,B
OCC,IT_HW,RULE,B
NUWE,SEMI,ML_NAME_IMPUTED,C3
OCG,SOFTWARE,ML_NAME_IMPUTED,C3
ONEW,CONSTRUCT,RULE,B
OCS,SEMI,ML_NAME_IMPUTED,C3
OMDA,HEALTH_SVC,RULE,B
OCSL,FINANCE,ML_NAME_IMPUTED,C2
ODD,IT_HW,RULE,B
OLED,IT_HW,RULE,B
OBAI,SEMI,ML_NAME_IMPUTED,C3
OMER,SHIP_DEF,ML_NAME_IMPUTED,C3
OMEX,CONSTRUCT,RULE,B
ODTX,BIO,RULE,B
NTWK,IT_HW,RULE,B
NVMI,CHEM_STEEL,ML_NAME_IMPUTED,C3
OCUL,BIO,ML_NAME_IMPUTED,C1
ORBS,CONSUMER,ML_NAME_IMPUTED,C3
NXAT,IT_HW,RULE,B
OKUR,BIO,RULE,B
OFS,FINANCE,RULE,B
NXPL,CHEM_STEEL,ML_NAME_IMPUTED,C3
OFIX,HEALTH_SVC,RULE,B
NYAX,SOFTWARE,ML_NAME_IMPUTED,C3
NXPI,SEMI,RULE,B
NUR,CHEM_STEEL,ML_NAME_IMPUTED,C3
OKTA,SOFTWARE,EXPLICIT,A
OGI,CONSTRUCT,ML_NAME_IMPUTED,C3
OCTV,AUTO,ML_NAME_IMPUTED,C3
ORRF,FINANCE,RULE,B
ODFL,CONSTRUCT,EXPLICIT,A
OFLX,IT_HW,ML_NAME_IMPUTED,C3
ODYS,SOFTWARE,RULE,B
NXST,TELCO_MEDIA,RULE,B
ONMD,TELCO_MEDIA,ML_NAME_IMPUTED,C3
NWE,ENERGY,RULE,B
NXTC,CONSUMER,ML_NAME_IMPUTED,C3
OCGN,SOFTWARE,ML_NAME_IMPUTED,C3
OHAC,FINANCE,RULE,B
NWL,CONSUMER,RULE,B
NVNI,CONSTRUCT,ML_NAME_IMPUTED,C3
NWS,TELCO_MEDIA,EXPLICIT,A
OIG,FINANCE,RULE,B
NVNO,HEALTH_SVC,RULE,B
OIO,TELCO_MEDIA,ML_NAME_IMPUTED,C3
NWPX,CONSTRUCT,RULE,B
OCFC,FINANCE,RULE,B
OABI,SEMI,ML_NAME_IMPUTED,C3
NXH,SEMI,ML_NAME_IMPUTED,C3
OPRX,BATTERY,ML_NAME_IMPUTED,C3
NXL,IT_HW,RULE,B
OPRT,FINANCE,RULE,B
NXT,CONSUMER,ML_NAME_IMPUTED,C3
OPBK,FINANCE,RULE,B
NWCL,AUTO,ML_NAME_IMPUTED,C3
OKYO,BIO,RULE,B
NWTG,SHIP_DEF,ML_NAME_IMPUTED,C2
NVAX,CONSUMER,ML_NAME_IMPUTED,C3
OM,HEALTH_SVC,RULE,B
NYXH,CONSTRUCT,ML_NAME_IMPUTED,C3
ON,SEMI,EXPLICIT,A
OPAD,IT_HW,RULE,B
OPAL,SOFTWARE,ML_NAME_IMPUTED,C3
NXTS,IT_HW,RULE,B
NXTT,IT_HW,RULE,B
NWSA,TELCO_MEDIA,EXPLICIT,A
NWBI,FINANCE,RULE,B
OTLK,BIO,RULE,B
PICS,SOFTWARE,ML_NAME_IMPUTED,C2
PATK,SHIP_DEF,RULE,B
PHAT,BIO,RULE,B
PBFS,FINANCE,RULE,B
PASG,BIO,RULE,B
OXSQ,FINANCE,RULE,B
PGNY,SOFTWARE,ML_NAME_IMPUTED,C3
OSIS,IT_HW,RULE,B
PDYN,SOFTWARE,RULE,B
PASW,BIO,RULE,B
PACB,BIO,RULE,B
PBHC,FINANCE,RULE,B
PAVS,TELCO_MEDIA,RULE,B
PENG,IT_HW,RULE,B
OVBC,FINANCE,RULE,B
PAVM,HEALTH_SVC,ML_NAME_IMPUTED,C3
PDLB,FINANCE,RULE,B
PENN,TELCO_MEDIA,RULE,B
PCYO,CHEM_STEEL,ML_NAME_IMPUTED,C3
PAA,CHEM_STEEL,ML_NAME_IMPUTED,C3
PAL,CONSTRUCT,RULE,B
PGAC,FINANCE,RULE,B
PLMR,SOFTWARE,ML_NAME_IMPUTED,C3
PAX,SOFTWARE,ML_NAME_IMPUTED,C3
PAHC,HEALTH_SVC,RULE,B
PEPG,CONSUMER,ML_NAME_IMPUTED,C3
PHVS,SOFTWARE,ML_NAME_IMPUTED,C3
PFBC,FINANCE,RULE,B
PBK,ENERGY,ML_NAME_IMPUTED,C3
PBM,BIO,RULE,B
PBYI,BIO,RULE,B
PCB,FINANCE,RULE,B
PHUN,SOFTWARE,ML_NAME_IMPUTED,C3
PFAI,CONSUMER,RULE,B
PAGP,CHEM_STEEL,ML_NAME_IMPUTED,C3
PCT,IT_HW,RULE,B
OSPR,FINANCE,RULE,B
PGEN,SOFTWARE,ML_NAME_IMPUTED,C3
OSPN,SHIP_DEF,ML_NAME_IMPUTED,C3
PERI,IT_HW,RULE,B
PLPC,AUTO,ML_NAME_IMPUTED,C3
PEBK,FINANCE,RULE,B
PBLS,BIO,RULE,B
PFSA,CONSTRUCT,ML_NAME_IMPUTED,C3
OUST,CONSUMER,ML_NAME_IMPUTED,C3
PAYO,FINANCE,ML_NAME_IMPUTED,C3
OSS,IT_HW,RULE,B
PAYS,SOFTWARE,ML_NAME_IMPUTED,C3
OST,IT_HW,RULE,B
OSW,CONSUMER,ML_NAME_IMPUTED,C3
PAYX,SOFTWARE,EXPLICIT,A
PEP,CONSUMER,EXPLICIT,A
PIII,HEALTH_SVC,RULE,B
OSBC,FINANCE,RULE,B
PECO,ENERGY,ML_NAME_IMPUTED,C1
OTTR,CHEM_STEEL,ML_NAME_IMPUTED,C3
PALI,BIO,RULE,B
PFG,FINANCE,RULE,B
PETS,HEALTH_SVC,ML_NAME_IMPUTED,C3
PLAY,TELCO_MEDIA,RULE,B
PLBC,FINANCE,RULE,B
PETZ,SOFTWARE,ML_NAME_IMPUTED,C3
PFX,BATTERY,ML_NAME_IMPUTED,C3
PEBO,FINANCE,RULE,B
PGC,FINANCE,RULE,B
PESI,CONSTRUCT,ML_NAME_IMPUTED,C3
PKOH,CONSUMER,ML_NAME_IMPUTED,C3
PECE,FINANCE,RULE,B
PLAB,IT_HW,ML_NAME_IMPUTED,C3
PHIO,BIO,RULE,B
PCAR,SHIP_DEF,EXPLICIT,A
PGY,IT_HW,RULE,B
PLCI,FINANCE,ML_NAME_IMPUTED,C1
OWLS,SOFTWARE,ML_NAME_IMPUTED,C2
PANL,CONSTRUCT,RULE,B
PCRX,BIO,RULE,B
PANW,SOFTWARE,EXPLICIT,A
PLRZ,IT_HW,ML_NAME_IMPUTED,C3
PLBL,TELCO_MEDIA,ML_NAME_IMPUTED,C3
PDSB,BIO,RULE,B
OVID,BIO,RULE,B
PLRX,BIO,RULE,B
PLSE,BIO,RULE,B
PLBY,TELCO_MEDIA,ML_NAME_IMPUTED,C3
PLCE,CONSUMER,ML_NAME_IMPUTED,C3
OTEX,CHEM_STEEL,ML_NAME_IMPUTED,C3
PAMT,CHEM_STEEL,ML_NAME_IMPUTED,C3
PDEX,SOFTWARE,ML_NAME_IMPUTED,C3
PFIS,FINANCE,RULE,B
OVLY,FINANCE,RULE,B
PCTY,CHEM_STEEL,ML_NAME_IMPUTED,C3
PKBK,FINANCE,RULE,B
OSUR,IT_HW,RULE,B
PCSA,BIO,RULE,B
PEGA,SEMI,ML_NAME_IMPUTED,C3
PBAM,FINANCE,RULE,B
OZK,FINANCE,RULE,B
PARA,TELCO_MEDIA,EXPLICIT,A
PARK,HEALTH_SVC,RULE,B
PCVX,SOFTWARE,ML_NAME_IMPUTED,C3
OXBR,SOFTWARE,ML_NAME_IMPUTED,C3
PDFS,IT_HW,RULE,B
PHOE,SOFTWARE,ML_NAME_IMPUTED,C3
PC,SOFTWARE,ML_NAME_IMPUTED,C3
PI,SEMI,EXPLICIT,A
PRVA,HEALTH_SVC,RULE,B
QH,SOFTWARE,ML_NAME_IMPUTED,C3
PRTS,CONSUMER,ML_NAME_IMPUTED,C3
PONO,FINANCE,RULE,B
PRDO,CONSUMER,RULE,B
POOL,BATTERY,ML_NAME_IMPUTED,C3
PLYX,BIO,RULE,B
PPC,CHEM_STEEL,ML_NAME_IMPUTED,C3
PSIG,TELCO_MEDIA,ML_NAME_IMPUTED,C3
PPTA,CHEM_STEEL,RULE,B
PRGS,SOFTWARE,RULE,B
QLYS,SEMI,ML_NAME_IMPUTED,C3
QNME,IT_HW,RULE,B
PSIX,ENERGY,RULE,B
PTLE,SOFTWARE,ML_NAME_IMPUTED,C2
PULM,AUTO,ML_NAME_IMPUTED,C3
PSHG,CONSTRUCT,RULE,B
PRFX,IT_HW,RULE,B
PPSI,ENERGY,RULE,B
QBTS,IT_HW,RULE,B
PPCB,BIO,RULE,B
POCI,CONSTRUCT,ML_NAME_IMPUTED,C3
PRE,SOFTWARE,ML_NAME_IMPUTED,C3
PRZO,IT_HW,RULE,B
PSKY,TELCO_MEDIA,ML_NAME_IMPUTED,C3
PWCM,ENERGY,ML_NAME_IMPUTED,C3
PZZA,CONSUMER,ML_NAME_IMPUTED,C3
PNRG,CHEM_STEEL,RULE,B
PODD,HEALTH_SVC,EXPLICIT,A
PODC,CONSUMER,ML_NAME_IMPUTED,C3
PTLO,SOFTWARE,ML_NAME_IMPUTED,C2
PWRL,ENERGY,ML_NAME_IMPUTED,C2
PRHI,FINANCE,ML_NAME_IMPUTED,C3
QADR,FINANCE,RULE,B
PTC,SOFTWARE,EXPLICIT,A
PTON,SOFTWARE,RULE,B
POET,IT_HW,RULE,B
PTN,IT_HW,RULE,B
PSMT,CONSUMER,ML_NAME_IMPUTED,C3
PMAX,ENERGY,ML_NAME_IMPUTED,C3
PNTG,TELCO_MEDIA,ML_NAME_IMPUTED,C3
PPHC,CONSUMER,ML_NAME_IMPUTED,C3
PRLD,BIO,RULE,B
PYXS,BIO,RULE,B
PNBK,FINANCE,RULE,B
PTAC,FINANCE,RULE,B
PMTS,TELCO_MEDIA,ML_NAME_IMPUTED,C3
PMTR,FINANCE,RULE,B
PURR,CONSUMER,ML_NAME_IMPUTED,C3
PSNL,CONSUMER,ML_NAME_IMPUTED,C3
PWP,HEALTH_SVC,ML_NAME_IMPUTED,C3
POWL,SHIP_DEF,RULE,B
POWI,ENERGY,RULE,B
PUBM,SOFTWARE,ML_NAME_IMPUTED,C2
PUSA,CONSUMER,ML_NAME_IMPUTED,C3
PMCB,BIO,RULE,B
POWW,CONSUMER,ML_NAME_IMPUTED,C2
PPIH,CONSUMER,ML_NAME_IMPUTED,C3
QNBC,CHEM_STEEL,ML_NAME_IMPUTED,C3
QCLS,IT_HW,RULE,B
PRME,BIO,ML_NAME_IMPUTED,C3
PROP,CONSUMER,ML_NAME_IMPUTED,C3
PXS,CONSUMER,ML_NAME_IMPUTED,C3
PROV,FINANCE,RULE,B
PTCT,BIO,RULE,B
PMVP,BIO,RULE,B
QCOM,SEMI,EXPLICIT,A
PLTK,CONSUMER,ML_NAME_IMPUTED,C3
PPLI,AUTO,ML_NAME_IMPUTED,C3
PRPL,CONSUMER,ML_NAME_IMPUTED,C3
PLTS,SOFTWARE,RULE,B
PLTR,SOFTWARE,EXPLICIT,A
PTRN,TELCO_MEDIA,ML_NAME_IMPUTED,C3
PLSM,SOFTWARE,ML_NAME_IMPUTED,C3
QNCX,BIO,RULE,B
PROK,SOFTWARE,ML_NAME_IMPUTED,C3
PSQL,CHEM_STEEL,ML_NAME_IMPUTED,C3
PROF,HEALTH_SVC,RULE,B
PMEC,SEMI,ML_NAME_IMPUTED,C3
PRQR,BIO,RULE,B
PRAA,TELCO_MEDIA,ML_NAME_IMPUTED,C3
PSNYW,AUTO,RULE,B
PTEN,ENERGY,RULE,B
POLA,ENERGY,RULE,B
PYPD,SOFTWARE,ML_NAME_IMPUTED,C3
PRAX,BIO,RULE,B
PRPO,SOFTWARE,ML_NAME_IMPUTED,C3
PLUG,ENERGY,RULE,B
QMCO,IT_HW,RULE,B
PXLW,SEMI,ML_NAME_IMPUTED,C3
PLUR,CONSUMER,ML_NAME_IMPUTED,C3
PLUT,FINANCE,RULE,B
PLUS,CONSUMER,ML_NAME_IMPUTED,C3
PRCH,TELCO_MEDIA,ML_NAME_IMPUTED,C3
PSEC,FINANCE,RULE,B
PRTA,AUTO,ML_NAME_IMPUTED,C3
PTGX,BIO,RULE,B
PLXS,IT_HW,EXPLICIT,A
PRTH,IT_HW,RULE,B
PRCT,SHIP_DEF,RULE,B
PVLA,BIO,RULE,B
QDEL,BATTERY,ML_NAME_IMPUTED,C3
PYPL,FINANCE,EXPLICIT,A
PMA,IT_HW,RULE,B
QCRH,SOFTWARE,ML_NAME_IMPUTED,C3
PMN,BIO,ML_NAME_IMPUTED,C3
PRSO,CONSUMER,ML_NAME_IMPUTED,C3
PN,ENERGY,RULE,B
QMLS,SOFTWARE,ML_NAME_IMPUTED,C3
RCAT,CONSUMER,ML_NAME_IMPUTED,C3
RAND,FINANCE,RULE,B
RANI,BIO,RULE,B
REFI,FINANCE,RULE,B
RBB,FINANCE,RULE,B
RCBC,FINANCE,RULE,B
REFR,SEMI,ML_NAME_IMPUTED,C2
QS,BATTERY,EXPLICIT,A
RILY,FINANCE,RULE,B
RIME,SOFTWARE,ML_NAME_IMPUTED,C3
QTEX,IT_HW,RULE,B
REVB,BIO,RULE,B
RDCM,SEMI,ML_NAME_IMPUTED,C3
RCT,SOFTWARE,RULE,B
RAPP,BIO,RULE,B
RGLD,CHEM_STEEL,RULE,B
RKDA,BIO,RULE,B
RKTO,SHIP_DEF,RULE,B
RDI,TELCO_MEDIA,ML_NAME_IMPUTED,C3
RDVT,CONSUMER,ML_NAME_IMPUTED,C3
RBBN,TELCO_MEDIA,RULE,B
QUIK,CHEM_STEEL,ML_NAME_IMPUTED,C3
QSI,IT_HW,RULE,B
RFIL,SHIP_DEF,RULE,B
REG,HEALTH_SVC,ML_NAME_IMPUTED,C3
RIOT,SOFTWARE,RULE,B
REGN,BIO,EXPLICIT,A
RARE,BIO,RULE,B
QTI,SOFTWARE,ML_NAME_IMPUTED,C3
RMIX,SOFTWARE,ML_NAME_IMPUTED,C2
RGNX,CONSUMER,ML_NAME_IMPUTED,C3
RDWR,SOFTWARE,ML_NAME_IMPUTED,C3
REYN,CONSUMER,RULE,B
RGC,BIO,RULE,B
RDGT,IT_HW,ML_NAME_IMPUTED,C3
RGP,CHEM_STEEL,ML_NAME_IMPUTED,C2
QRVO,SEMI,EXPLICIT,A
RCEL,HEALTH_SVC,RULE,B
RGS,CHEM_STEEL,ML_NAME_IMPUTED,C3
RDZN,SOFTWARE,ML_NAME_IMPUTED,C3
RJET,CONSTRUCT,RULE,B
RELL,IT_HW,RULE,B
RLYB,CHEM_STEEL,ML_NAME_IMPUTED,C3
RACC,FINANCE,ML_NAME_IMPUTED,C3
RDIB,TELCO_MEDIA,ML_NAME_IMPUTED,C3
RACD,CHEM_STEEL,ML_NAME_IMPUTED,C3
RICK,HEALTH_SVC,RULE,B
QRHC,CHEM_STEEL,ML_NAME_IMPUTED,C3
QXL,IT_HW,RULE,B
RIVN,AUTO,EXPLICIT,A
RMNI,FINANCE,ML_NAME_IMPUTED,C3
QNST,SOFTWARE,ML_NAME_IMPUTED,C3
RENX,BATTERY,ML_NAME_IMPUTED,C3
RENT,SOFTWARE,ML_NAME_IMPUTED,C2
RELY,CONSUMER,ML_NAME_IMPUTED,C3
RAVE,CONSUMER,RULE,B
RGCO,CHEM_STEEL,ML_NAME_IMPUTED,C1
REPL,TELCO_MEDIA,ML_NAME_IMPUTED,C3
RKLB,SHIP_DEF,RULE,B
RGTI,CONSUMER,ML_NAME_IMPUTED,C3
QUBT,IT_HW,RULE,B
RAYA,ENERGY,RULE,B
RDNW,TELCO_MEDIA,ML_NAME_IMPUTED,C3
RDNT,SEMI,ML_NAME_IMPUTED,C3
QVCG,TELCO_MEDIA,ML_NAME_IMPUTED,C3
QNTM,BIO,RULE,B
QURE,SOFTWARE,ML_NAME_IMPUTED,C2
RMR,TELCO_MEDIA,ML_NAME_IMPUTED,C2
RLMD,BIO,RULE,B
RCKY,CONSUMER,RULE,B
RFAI,FINANCE,RULE,B
RIGL,BIO,RULE,B
RCKT,BIO,RULE,B
RNA,BIO,RULE,B
REAX,FINANCE,ML_NAME_IMPUTED,C2
QTRX,BATTERY,ML_NAME_IMPUTED,C2
REBN,CONSUMER,RULE,B
RBKB,FINANCE,RULE,B
RAIN,CHEM_STEEL,RULE,B
RAIL,CONSTRUCT,RULE,B
REAL,CONSUMER,ML_NAME_IMPUTED,C3
RGEN,CHEM_STEEL,ML_NAME_IMPUTED,C3
QUCY,SOFTWARE,RULE,B
RCMT,IT_HW,RULE,B
RBNE,ENERGY,RULE,B
RMCO,CHEM_STEEL,RULE,B
RECT,SEMI,ML_NAME_IMPUTED,C3
RETO,IT_HW,RULE,B
RBCAA,FINANCE,RULE,B
RLAY,BIO,RULE,B
QNT,SOFTWARE,ML_NAME_IMPUTED,C2
RMTI,HEALTH_SVC,RULE,B
RMBI,FINANCE,RULE,B
RMSG,FINANCE,ML_NAME_IMPUTED,C3
RMBS,SEMI,EXPLICIT,A
RDAC,FINANCE,RULE,B
RCON,IT_HW,RULE,B
QTTB,BIO,RULE,B
RMCF,FINANCE,ML_NAME_IMPUTED,C3
RDAG,FINANCE,RULE,B
REKR,IT_HW,RULE,B
ROIV,BIO,ML_NAME_IMPUTED,C1
SDA,IT_HW,RULE,B
RRR,CONSUMER,RULE,B
SCOR,SOFTWARE,ML_NAME_IMPUTED,C3
SHIP,SEMI,ML_NAME_IMPUTED,C3
RNXT,SOFTWARE,ML_NAME_IMPUTED,C3
SHIM,CONSTRUCT,ML_NAME_IMPUTED,C3
SEAT,SOFTWARE,ML_NAME_IMPUTED,C2
SERA,SOFTWARE,ML_NAME_IMPUTED,C2
SBLK,CONSTRUCT,EXPLICIT,A
SERV,SHIP_DEF,RULE,B
SCNX,HEALTH_SVC,ML_NAME_IMPUTED,C3
RR,SHIP_DEF,RULE,B
ROKU,TELCO_MEDIA,EXPLICIT,A
RTB,SOFTWARE,RULE,B
RYOJ,CHEM_STEEL,ML_NAME_IMPUTED,C3
SEV,AUTO,RULE,B
SGHT,BIO,ML_NAME_IMPUTED,C1
RSSS,IT_HW,RULE,B
SAMG,FINANCE,RULE,B
SFWL,SOFTWARE,ML_NAME_IMPUTED,C3
SFD,CONSUMER,RULE,B
SDST,ENERGY,RULE,B
SEED,IT_HW,ML_NAME_IMPUTED,C3
SEER,SOFTWARE,ML_NAME_IMPUTED,C2
SFM,FINANCE,ML_NAME_IMPUTED,C3
RUN,CONSUMER,ML_NAME_IMPUTED,C3
RUM,TELCO_MEDIA,ML_NAME_IMPUTED,C3
SGA,TELCO_MEDIA,RULE,B
SGC,CONSUMER,ML_NAME_IMPUTED,C2
SEDG,ENERGY,RULE,B
SGP,BIO,RULE,B
SCSC,ENERGY,ML_NAME_IMPUTED,C3
SHC,HEALTH_SVC,RULE,B
SEGG,TELCO_MEDIA,RULE,B
SBAC,TELCO_MEDIA,RULE,B
SBRA,HEALTH_SVC,RULE,B
RSVR,TELCO_MEDIA,RULE,B
RRBI,FINANCE,RULE,B
SANG,IT_HW,RULE,B
SANA,BIO,RULE,B
SANM,IT_HW,EXPLICIT,A
SEVN,FINANCE,RULE,B
SFHG,CONSUMER,ML_NAME_IMPUTED,C3
ROMA,FINANCE,RULE,B
ROOT,CONSUMER,ML_NAME_IMPUTED,C3
SGLY,IT_HW,RULE,B
SEIC,CONSUMER,ML_NAME_IMPUTED,C3
RXT,IT_HW,RULE,B
RPAY,TELCO_MEDIA,ML_NAME_IMPUTED,C3
SBCF,FINANCE,ML_NAME_IMPUTED,C3
SGML,BATTERY,RULE,B
RREV,FINANCE,RULE,B
SDGR,SHIP_DEF,ML_NAME_IMPUTED,C3
SGMT,BIO,RULE,B
SFIX,SOFTWARE,ML_NAME_IMPUTED,C2
RYM,CONSUMER,ML_NAME_IMPUTED,C3
SCTX,BIO,RULE,B
RVMD,BIO,RULE,B
RXST,SOFTWARE,ML_NAME_IMPUTED,C3
ROAD,CONSTRUCT,EXPLICIT,A
SCWO,SHIP_DEF,ML_NAME_IMPUTED,C3
RYET,IT_HW,RULE,B
SBUX,CONSUMER,EXPLICIT,A
SBET,TELCO_MEDIA,RULE,B
RWAY,FINANCE,RULE,B
RPRX,BIO,RULE,B
SEZL,SEMI,ML_NAME_IMPUTED,C3
RYTM,BIO,RULE,B
RXRX,BIO,RULE,B
SABR,CHEM_STEEL,ML_NAME_IMPUTED,C3
SABS,BIO,RULE,B
RRGB,FINANCE,ML_NAME_IMPUTED,C3
ROCK,SHIP_DEF,RULE,B
SCYX,SEMI,ML_NAME_IMPUTED,C3
RNAQ,FINANCE,RULE,B
RNAZ,BIO,RULE,B
SBGI,SOFTWARE,ML_NAME_IMPUTED,C2
SATL,SOFTWARE,ML_NAME_IMPUTED,C2
SHAZ,SOFTWARE,ML_NAME_IMPUTED,C3
SELF,CONSUMER,ML_NAME_IMPUTED,C3
SENEA,CONSUMER,RULE,B
SENEB,CONSUMER,RULE,B
SFNC,CONSTRUCT,ML_NAME_IMPUTED,C3
SBFM,BIO,RULE,B
SCHL,CHEM_STEEL,ML_NAME_IMPUTED,C3
SBFG,FINANCE,RULE,B
RNAC,BIO,RULE,B
ROST,CONSUMER,EXPLICIT,A
SHBI,FINANCE,RULE,B
RPGL,ENERGY,RULE,B
SAFX,SOFTWARE,ML_NAME_IMPUTED,C3
SHEN,TELCO_MEDIA,RULE,B
RNW,ENERGY,RULE,B
SAGT,SOFTWARE,ML_NAME_IMPUTED,C3
SCKT,TELCO_MEDIA,ML_NAME_IMPUTED,C3
SCZM,CHEM_STEEL,RULE,B
ROC,CHEM_STEEL,ML_NAME_IMPUTED,C3
SENS,HEALTH_SVC,ML_NAME_IMPUTED,C3
ROP,IT_HW,RULE,B
RVSB,FINANCE,RULE,B
RVSN,SOFTWARE,ML_NAME_IMPUTED,C3
SAFT,FINANCE,RULE,B
SGRX,SOFTWARE,ML_NAME_IMPUTED,C2
SGRY,HEALTH_SVC,RULE,B
SAIA,CONSTRUCT,EXPLICIT,A
RUSHB,BATTERY,ML_NAME_IMPUTED,C1
RTAC,FINANCE,RULE,B
RUSHA,BATTERY,ML_NAME_IMPUTED,C1
SHFS,SOFTWARE,ML_NAME_IMPUTED,C2
RPD,SEMI,ML_NAME_IMPUTED,C3
SAIH,SOFTWARE,ML_NAME_IMPUTED,C3
SAIC,CONSUMER,ML_NAME_IMPUTED,C3
SDOT,TELCO_MEDIA,ML_NAME_IMPUTED,C3
SFST,FINANCE,RULE,B
SBC,HEALTH_SVC,RULE,B
SAIL,SOFTWARE,ML_NAME_IMPUTED,C3
RNTX,BIO,RULE,B
RUBI,SEMI,ML_NAME_IMPUTED,C3
SFBC,FINANCE,RULE,B
RZLV,SOFTWARE,RULE,B
RZLT,IT_HW,ML_NAME_IMPUTED,C3
SEPN,SEMI,ML_NAME_IMPUTED,C3
SCLX,CONSUMER,ML_NAME_IMPUTED,C3
RPID,SEMI,ML_NAME_IMPUTED,C3
SNDK,CHEM_STEEL,ML_NAME_IMPUTED,C3
SNDL,CHEM_STEEL,ML_NAME_IMPUTED,C3
SPHL,SEMI,ML_NAME_IMPUTED,C3
SNDX,BIO,RULE,B
SOWG,CONSUMER,ML_NAME_IMPUTED,C3
SMSI,SOFTWARE,RULE,B
SLAB,SEMI,RULE,B
SNTG,SOFTWARE,ML_NAME_IMPUTED,C2
SNTI,BIO,RULE,B
SOFI,IT_HW,RULE,B
SMBC,FINANCE,RULE,B
SLBT,BIO,ML_NAME_IMPUTED,C3
SJ,CHEM_STEEL,ML_NAME_IMPUTED,C3
SNWV,HEALTH_SVC,RULE,B
SNFCA,FINANCE,RULE,B
SMCI,IT_HW,EXPLICIT,A
SNEX,TELCO_MEDIA,ML_NAME_IMPUTED,C3
SMTI,HEALTH_SVC,RULE,B
SILC,SEMI,ML_NAME_IMPUTED,C3
SLRC,FINANCE,ML_NAME_IMPUTED,C2
SMTC,SEMI,ML_NAME_IMPUTED,C3
SNES,CONSUMER,ML_NAME_IMPUTED,C3
SMTK,CONSUMER,ML_NAME_IMPUTED,C3
SILO,BIO,RULE,B
SSBI,FINANCE,RULE,B
SLDP,BATTERY,EXPLICIT,A
SRPT,BIO,EXPLICIT,A
SHMD,TELCO_MEDIA,ML_NAME_IMPUTED,C3
SION,BIO,RULE,B
SNGX,CONSUMER,ML_NAME_IMPUTED,C3
SLDB,BIO,RULE,B
SHLS,IT_HW,RULE,B
SINT,IT_HW,RULE,B
SLDE,FINANCE,RULE,B
SOLS,CHEM_STEEL,RULE,B
SHOE,CONSTRUCT,ML_NAME_IMPUTED,C3
SRBK,FINANCE,RULE,B
SHOP,SOFTWARE,EXPLICIT,A
SLGB,CONSTRUCT,RULE,B
SHOO,SEMI,ML_NAME_IMPUTED,C3
SMID,CONSTRUCT,ML_NAME_IMPUTED,C3
SLGL,IT_HW,RULE,B
SHOT,SOFTWARE,ML_NAME_IMPUTED,C3
SPOK,TELCO_MEDIA,ML_NAME_IMPUTED,C3
SRAD,TELCO_MEDIA,ML_NAME_IMPUTED,C3
SMXT,ENERGY,RULE,B
SKK,SOFTWARE,ML_NAME_IMPUTED,C3
SRRK,CONSUMER,ML_NAME_IMPUTED,C3
SKWD,FINANCE,RULE,B
SIBN,SEMI,ML_NAME_IMPUTED,C3
SLE,IT_HW,ML_NAME_IMPUTED,C3
SLM,CHEM_STEEL,ML_NAME_IMPUTED,C3
SLP,CONSUMER,ML_NAME_IMPUTED,C3
SLS,BIO,RULE,B
SRCE,ENERGY,ML_NAME_IMPUTED,C3
SLXN,BIO,RULE,B
SRTA,HEALTH_SVC,RULE,B
SHPH,BIO,RULE,B
SIRI,TELCO_MEDIA,EXPLICIT,A
SRTS,HEALTH_SVC,RULE,B
SONO,CONSUMER,ML_NAME_IMPUTED,C3
SONM,IT_HW,RULE,B
SMX,SHIP_DEF,ML_NAME_IMPUTED,C3
SPPL,IT_HW,ML_NAME_IMPUTED,C3
SIDU,SHIP_DEF,ML_NAME_IMPUTED,C3
SKYE,BIO,RULE,B
SPRY,BIO,RULE,B
SKYA,SEMI,ML_NAME_IMPUTED,C3
SND,CONSTRUCT,ML_NAME_IMPUTED,C3
SNOA,BIO,RULE,B
SPSC,FINANCE,ML_NAME_IMPUTED,C3
SKYW,SEMI,ML_NAME_IMPUTED,C2
SKYX,SOFTWARE,RULE,B
SIEB,FINANCE,RULE,B
SKYQ,SOFTWARE,ML_NAME_IMPUTED,C3
SNT,IT_HW,RULE,B
SPCB,SEMI,ML_NAME_IMPUTED,C3
SKIN,HEALTH_SVC,RULE,B
SPAI,TELCO_MEDIA,ML_NAME_IMPUTED,C3
SPRC,SOFTWARE,ML_NAME_IMPUTED,C3
SITM,SEMI,EXPLICIT,A
SPRB,BIO,RULE,B
SOPH,BIO,RULE,B
SPRO,BIO,RULE,B
SPTX,BIO,RULE,B
SQFT,FINANCE,RULE,B
SIGA,IT_HW,RULE,B
SPT,SOFTWARE,ML_NAME_IMPUTED,C2
SIGI,FINANCE,RULE,B
SSII,CONSUMER,ML_NAME_IMPUTED,C3
SMMT,BIO,RULE,B
SORA,IT_HW,ML_NAME_IMPUTED,C3
SPCX,IT_HW,RULE,B
SNPS,SEMI,ML_NAME_IMPUTED,C3
SPFI,FINANCE,RULE,B
SPWH,CONSUMER,ML_NAME_IMPUTED,C3
SOUN,SOFTWARE,RULE,B
SPWR,ENERGY,RULE,B
SNAL,SOFTWARE,ML_NAME_IMPUTED,C1
SLMT,SOFTWARE,ML_NAME_IMPUTED,C3
SMPL,CONSUMER,RULE,B
SLNG,IT_HW,RULE,B
SLNH,HEALTH_SVC,ML_NAME_IMPUTED,C3
SOTK,SEMI,ML_NAME_IMPUTED,C3
SRZN,CONSUMER,ML_NAME_IMPUTED,C3
TER,SEMI,EXPLICIT,A
STI,IT_HW,RULE,B
TGTX,BIO,RULE,B
THFF,FINANCE,RULE,B
STX,IT_HW,EXPLICIT,A
TAYD,IT_HW,RULE,B
SVCO,TELCO_MEDIA,ML_NAME_IMPUTED,C3
SURG,HEALTH_SVC,ML_NAME_IMPUTED,C3
SSNC,IT_HW,RULE,B
TGL,FINANCE,ML_NAME_IMPUTED,C3
THEO,FINANCE,RULE,B
TIGO,CONSUMER,ML_NAME_IMPUTED,C3
SWVL,CHEM_STEEL,ML_NAME_IMPUTED,C3
SVC,FINANCE,RULE,B
STRT,SHIP_DEF,ML_NAME_IMPUTED,C3
TBLA,SOFTWARE,ML_NAME_IMPUTED,C3
STBA,FINANCE,RULE,B
STRR,CONSUMER,ML_NAME_IMPUTED,C3
STRZ,TELCO_MEDIA,RULE,B
THH,IT_HW,ML_NAME_IMPUTED,C3
TCMD,IT_HW,RULE,B
STAA,HEALTH_SVC,RULE,B
TFSL,FINANCE,RULE,B
STAK,SOFTWARE,ML_NAME_IMPUTED,C2
TEAD,CONSUMER,RULE,B
TH,HEALTH_SVC,RULE,B
TIL,BIO,RULE,B
STRA,CONSUMER,RULE,B
STRO,BIO,RULE,B
TEAM,SOFTWARE,EXPLICIT,A
STRL,CONSTRUCT,RULE,B
TECX,BIO,RULE,B
TCPC,FINANCE,RULE,B
TGHL,SOFTWARE,ML_NAME_IMPUTED,C3
SVIA,SEMI,ML_NAME_IMPUTED,C3
SYM,SOFTWARE,ML_NAME_IMPUTED,C2
SWIM,TELCO_MEDIA,ML_NAME_IMPUTED,C3
TECH,BIO,RULE,B
SSRM,CHEM_STEEL,RULE,B
SYNA,AUTO,ML_NAME_IMPUTED,C3
STTK,CONSUMER,ML_NAME_IMPUTED,C3
TANH,SOFTWARE,ML_NAME_IMPUTED,C3
TBPH,BIO,RULE,B
TDTH,SOFTWARE,RULE,B
STFS,CONSUMER,RULE,B
SYPR,IT_HW,RULE,B
TCBI,FINANCE,RULE,B
TCRX,BIO,RULE,B
TCRT,BIO,RULE,B
TCBK,FINANCE,RULE,B
STEP,TELCO_MEDIA,ML_NAME_IMPUTED,C3
SWKS,SEMI,EXPLICIT,A
SUGP,TELCO_MEDIA,ML_NAME_IMPUTED,C3
STEX,CHEM_STEEL,ML_NAME_IMPUTED,C3
SSTI,SOFTWARE,ML_NAME_IMPUTED,C3
STHO,CONSUMER,ML_NAME_IMPUTED,C3
TBBK,FINANCE,RULE,B
SYBT,FINANCE,RULE,B
SUIG,CONSUMER,ML_NAME_IMPUTED,C3
TCBS,FINANCE,RULE,B
TAOP,IT_HW,ML_NAME_IMPUTED,C3
TDUP,SOFTWARE,ML_NAME_IMPUTED,C2
SWMR,SOFTWARE,ML_NAME_IMPUTED,C3
TAOX,SEMI,ML_NAME_IMPUTED,C3
STGW,SOFTWARE,ML_NAME_IMPUTED,C2
SUJA,BIO,ML_NAME_IMPUTED,C3
SYRE,BIO,RULE,B
TARS,BIO,RULE,B
SUMA,FINANCE,RULE,B
SSYS,SEMI,ML_NAME_IMPUTED,C3
STKE,CHEM_STEEL,ML_NAME_IMPUTED,C3
STIM,CONSUMER,ML_NAME_IMPUTED,C3
TBCH,CONSUMER,ML_NAME_IMPUTED,C3
TARA,BIO,RULE,B
SUNS,FINANCE,RULE,B
TELA,BIO,RULE,B
STLN,BIO,RULE,B
SXTP,BIO,RULE,B
TCGX,FINANCE,RULE,B
THRM,AUTO,EXPLICIT,A
TATT,IT_HW,RULE,B
SWBI,CONSUMER,RULE,B
TELO,BIO,RULE,B
THRY,SOFTWARE,ML_NAME_IMPUTED,C3
TASK,SOFTWARE,ML_NAME_IMPUTED,C3
SWAG,CONSUMER,ML_NAME_IMPUTED,C2
TDIC,SOFTWARE,ML_NAME_IMPUTED,C3
STKS,HEALTH_SVC,RULE,B
SWRD,CONSUMER,ML_NAME_IMPUTED,C3
SXTC,BIO,RULE,B
TACT,IT_HW,RULE,B
SUNE,ENERGY,RULE,B
STLD,CHEM_STEEL,EXPLICIT,A
TENB,SOFTWARE,ML_NAME_IMPUTED,C3
SUPN,BIO,RULE,B
TCX,SEMI,ML_NAME_IMPUTED,C3
SUPX,SOFTWARE,RULE,B
STOK,BIO,RULE,B
TENX,BIO,RULE,B
SSM,TELCO_MEDIA,ML_NAME_IMPUTED,C3
SSP,TELCO_MEDIA,ML_NAME_IMPUTED,C2
SVRA,CONSUMER,ML_NAME_IMPUTED,C3
SVRN,SOFTWARE,ML_NAME_IMPUTED,C3
TEM,HEALTH_SVC,EXPLICIT,A
STNE,SOFTWARE,ML_NAME_IMPUTED,C3
THCH,TELCO_MEDIA,ML_NAME_IMPUTED,C3
TRIP,SEMI,ML_NAME_IMPUTED,C3
TWST,BIO,RULE,B
TLNC,FINANCE,RULE,B
TYGO,ENERGY,RULE,B
TSLA,AUTO,EXPLICIT,A
TVRD,BIO,RULE,B
TWG,HEALTH_SVC,ML_NAME_IMPUTED,C3
TTMI,IT_HW,RULE,B
TXG,BIO,RULE,B
TXN,SEMI,EXPLICIT,A
TLPH,SOFTWARE,ML_NAME_IMPUTED,C3
TKNO,IT_HW,ML_NAME_IMPUTED,C3
TW,SOFTWARE,ML_NAME_IMPUTED,C2
TILE,SOFTWARE,ML_NAME_IMPUTED,C3
TTAN,SOFTWARE,ML_NAME_IMPUTED,C1
TMCR,CHEM_STEEL,RULE,B
TLRY,CONSUMER,RULE,B
TVTX,BIO,RULE,B
TWFG,SEMI,ML_NAME_IMPUTED,C3
TNDM,FINANCE,ML_NAME_IMPUTED,C3
TRMD,AUTO,ML_NAME_IMPUTED,C2
TRMB,CONSUMER,ML_NAME_IMPUTED,C3
TOWN,FINANCE,RULE,B
TMCI,HEALTH_SVC,RULE,B
TRMK,SHIP_DEF,ML_NAME_IMPUTED,C3
TLAC,FINANCE,RULE,B
TUSK,ENERGY,RULE,B
TROW,FINANCE,EXPLICIT,A
TZOO,CONSUMER,ML_NAME_IMPUTED,C3
TNGX,BIO,RULE,B
TVGN,BIO,RULE,B
TLF,SEMI,ML_NAME_IMPUTED,C3
TWIN,SEMI,ML_NAME_IMPUTED,C3
TNXP,BIO,RULE,B
TSAT,TELCO_MEDIA,ML_NAME_IMPUTED,C3
TLN,ENERGY,RULE,B
TLS,BATTERY,ML_NAME_IMPUTED,C3
TLSA,BIO,RULE,B
TTRX,BIO,RULE,B
TRNS,SHIP_DEF,ML_NAME_IMPUTED,C3
TRNR,SOFTWARE,RULE,B
TLSI,BIO,RULE,B
TMDX,TELCO_MEDIA,ML_NAME_IMPUTED,C3
TMC,CHEM_STEEL,RULE,B
TMUS,TELCO_MEDIA,EXPLICIT,A
TOYO,SOFTWARE,ML_NAME_IMPUTED,C3
TROO,SOFTWARE,ML_NAME_IMPUTED,C3
TRON,SHIP_DEF,ML_NAME_IMPUTED,C3
TMS,CONSUMER,RULE,B
TTEK,IT_HW,RULE,B
TVIV,FINANCE,ML_NAME_IMPUTED,C1
TSCO,CONSUMER,EXPLICIT,A
TRAX,BIO,RULE,B
TRAW,BIO,RULE,B
UCAR,ENERGY,RULE,B
TIPT,CONSUMER,ML_NAME_IMPUTED,C3
TNYA,BIO,RULE,B
TSBK,FINANCE,RULE,B
TSSI,SEMI,ML_NAME_IMPUTED,C3
TOP,FINANCE,RULE,B
TTEC,SOFTWARE,ML_NAME_IMPUTED,C3
TXMD,BIO,RULE,B
TSEM,SEMI,RULE,B
TPG,FINANCE,ML_NAME_IMPUTED,C3
TTGT,CONSUMER,ML_NAME_IMPUTED,C3
TOMZ,IT_HW,RULE,B
TYRA,BIO,RULE,B
TRDA,BIO,RULE,B
TRBG,SOFTWARE,ML_NAME_IMPUTED,C3
TRSG,IT_HW,RULE,B
TRST,FINANCE,RULE,B
TTWO,TELCO_MEDIA,EXPLICIT,A
UBSI,FINANCE,RULE,B
TITN,SHIP_DEF,RULE,B
TRI,CHEM_STEEL,ML_NAME_IMPUTED,C2
UEIC,IT_HW,RULE,B
TREO,CHEM_STEEL,RULE,B
TRS,CHEM_STEEL,ML_NAME_IMPUTED,C3
TRVI,BIO,RULE,B
TRT,IT_HW,RULE,B
TXRH,SEMI,ML_NAME_IMPUTED,C2
UBCP,FINANCE,RULE,B
TSHA,BIO,RULE,B
TONX,CONSUMER,ML_NAME_IMPUTED,C3
UCTT,CONSUMER,ML_NAME_IMPUTED,C3
TLIH,IT_HW,ML_NAME_IMPUTED,C3
TNMG,TELCO_MEDIA,RULE,B
TRUG,SOFTWARE,ML_NAME_IMPUTED,C2
TREE,CONSUMER,ML_NAME_IMPUTED,C3
TRUP,CONSTRUCT,ML_NAME_IMPUTED,C3
TTD,SOFTWARE,ML_NAME_IMPUTED,C2
TPCS,IT_HW,ML_NAME_IMPUTED,C3
TRGS,FINANCE,ML_NAME_IMPUTED,C1
TORO,CHEM_STEEL,ML_NAME_IMPUTED,C3
TWAV,CONSUMER,ML_NAME_IMPUTED,C3
TULP,CONSUMER,ML_NAME_IMPUTED,C3
TJGC,IT_HW,ML_NAME_IMPUTED,C3
UCFI,CONSUMER,RULE,B
TPST,BIO,RULE,B
TNON,HEALTH_SVC,RULE,B
TVA,FINANCE,ML_NAME_IMPUTED,C1
UAL,CONSTRUCT,EXPLICIT,A
VIAV,IT_HW,RULE,B
VIRC,AUTO,ML_NAME_IMPUTED,C1
UPST,CONSUMER,ML_NAME_IMPUTED,C3
VABK,FINANCE,RULE,B
USGO,CHEM_STEEL,RULE,B
VRCA,BIO,RULE,B
UPBD,CONSUMER,ML_NAME_IMPUTED,C3
VCEL,CHEM_STEEL,ML_NAME_IMPUTED,C3
VRSK,SOFTWARE,RULE,B
VITL,SOFTWARE,ML_NAME_IMPUTED,C3
VREX,CHEM_STEEL,ML_NAME_IMPUTED,C3
UONEK,SOFTWARE,ML_NAME_IMPUTED,C2
VICR,CHEM_STEEL,ML_NAME_IMPUTED,C3
UTMD,HEALTH_SVC,RULE,B
UZX,SOFTWARE,ML_NAME_IMPUTED,C3
VELO,SEMI,ML_NAME_IMPUTED,C3
VLY,FINANCE,RULE,B
URGN,BIO,RULE,B
USIO,SOFTWARE,ML_NAME_IMPUTED,C3
VISN,IT_HW,RULE,B
VRTX,BIO,EXPLICIT,A
VMD,HEALTH_SVC,RULE,B
UFPI,SHIP_DEF,RULE,B
UFPT,IT_HW,RULE,B
VLGEA,SOFTWARE,ML_NAME_IMPUTED,C3
VIVK,SEMI,ML_NAME_IMPUTED,C3
VIVO,AUTO,ML_NAME_IMPUTED,C3
UPWK,SEMI,ML_NAME_IMPUTED,C3
VGAS,FINANCE,ML_NAME_IMPUTED,C3
VRXA,BIO,RULE,B
ULH,CONSTRUCT,RULE,B
UG,CONSTRUCT,ML_NAME_IMPUTED,C2
UK,TELCO_MEDIA,ML_NAME_IMPUTED,C3
VHUB,CONSTRUCT,ML_NAME_IMPUTED,C3
VIVS,SEMI,ML_NAME_IMPUTED,C3
UVSP,FINANCE,RULE,B
VCYT,SOFTWARE,ML_NAME_IMPUTED,C3
VCIG,CONSTRUCT,ML_NAME_IMPUTED,C3
VC,AUTO,EXPLICIT,A
USLM,CONSTRUCT,EXPLICIT,A
VOR,BIO,RULE,B
VNOM,ENERGY,RULE,B
UNB,FINANCE,RULE,B
UFCS,CONSTRUCT,ML_NAME_IMPUTED,C2
UNCY,BIO,RULE,B
UPXI,CONSUMER,ML_NAME_IMPUTED,C3
UNTY,FINANCE,RULE,B
VBIO,BIO,RULE,B
UMBF,FINANCE,RULE,B
VAI,ENERGY,RULE,B
VMAR,CONSTRUCT,RULE,B
VRA,CONSUMER,ML_NAME_IMPUTED,C3
UPB,BIO,RULE,B
UPC,BIO,RULE,B
VERI,CONSUMER,ML_NAME_IMPUTED,C3
ULCC,TELCO_MEDIA,ML_NAME_IMPUTED,C3
VRM,SEMI,ML_NAME_IMPUTED,C3
UTSI,SOFTWARE,ML_NAME_IMPUTED,C3
VERU,SEMI,ML_NAME_IMPUTED,C3
VERX,SOFTWARE,ML_NAME_IMPUTED,C2
VNDA,BIO,RULE,B
VLOS,FINANCE,ML_NAME_IMPUTED,C1
VNCE,CONSUMER,ML_NAME_IMPUTED,C3
VERA,BIO,RULE,B
ULBI,BATTERY,ML_NAME_IMPUTED,C3
VBNK,CHEM_STEEL,ML_NAME_IMPUTED,C3
VOGX,CONSUMER,ML_NAME_IMPUTED,C3
USCB,FINANCE,RULE,B
VOXR,CHEM_STEEL,RULE,B
VALU,CONSTRUCT,ML_NAME_IMPUTED,C3
UROY,ENERGY,RULE,B
ULTA,CONSUMER,EXPLICIT,A
VECO,SEMI,ML_NAME_IMPUTED,C3
UPLD,SOFTWARE,RULE,B
USAU,CHEM_STEEL,RULE,B
VRME,SOFTWARE,ML_NAME_IMPUTED,C3
VLYPO,FINANCE,RULE,B
URBN,CONSUMER,ML_NAME_IMPUTED,C3
VANI,HEALTH_SVC,RULE,B
VMET,CHEM_STEEL,ML_NAME_IMPUTED,C3
VFF,SHIP_DEF,ML_NAME_IMPUTED,C3
USEA,CONSTRUCT,ML_NAME_IMPUTED,C1
VINP,HEALTH_SVC,ML_NAME_IMPUTED,C3
VFS,AUTO,ML_NAME_IMPUTED,C2
UNIT,TELCO_MEDIA,ML_NAME_IMPUTED,C3
VEEA,SEMI,ML_NAME_IMPUTED,C3
VEEE,ENERGY,ML_NAME_IMPUTED,C3
VRNS,IT_HW,RULE,B
USDE,SOFTWARE,ML_NAME_IMPUTED,C2
VCTR,FINANCE,RULE,B
UTHR,BIO,EXPLICIT,A
VHC,CONSUMER,ML_NAME_IMPUTED,C3
VKTX,BIO,RULE,B
UFG,SOFTWARE,ML_NAME_IMPUTED,C3
VRAX,CONSTRUCT,ML_NAME_IMPUTED,C3
VRRM,AUTO,RULE,B
UONE,SOFTWARE,ML_NAME_IMPUTED,C2
VIP,ENERGY,RULE,B
VIR,BIO,RULE,B
USAR,CHEM_STEEL,RULE,B
VRDN,BIO,RULE,B
VRSN,SOFTWARE,ML_NAME_IMPUTED,C3
VUZI,BATTERY,ML_NAME_IMPUTED,C3
WSBF,FINANCE,RULE,B
WYNN,CONSUMER,RULE,B
WLDS,IT_HW,RULE,B
VTGN,BIO,RULE,B
WKSP,SEMI,ML_NAME_IMPUTED,C3
XMTR,SOFTWARE,ML_NAME_IMPUTED,C2
WING,SEMI,ML_NAME_IMPUTED,C3
WINA,BATTERY,ML_NAME_IMPUTED,C3
XNDU,IT_HW,RULE,B
WMG,TELCO_MEDIA,RULE,B
VSEC,CHEM_STEEL,ML_NAME_IMPUTED,C3
WSBC,SEMI,ML_NAME_IMPUTED,C3
WLDN,TELCO_MEDIA,ML_NAME_IMPUTED,C3
XOS,SEMI,ML_NAME_IMPUTED,C3
WHLR,FINANCE,RULE,B
WMT,CONSUMER,EXPLICIT,A
WEYS,TELCO_MEDIA,ML_NAME_IMPUTED,C3
XHLD,HEALTH_SVC,ML_NAME_IMPUTED,C3
VTIX,SOFTWARE,ML_NAME_IMPUTED,C2
WNW,IT_HW,RULE,B
WDFC,SHIP_DEF,ML_NAME_IMPUTED,C3
WRAP,IT_HW,RULE,B
WOK,HEALTH_SVC,RULE,B
WTFC,FINANCE,RULE,B
WLFC,FINANCE,RULE,B
WSFS,FINANCE,RULE,B
WBUY,SOFTWARE,ML_NAME_IMPUTED,C3
WOOF,HEALTH_SVC,RULE,B
VVOS,BIO,RULE,B
XRAY,HEALTH_SVC,EXPLICIT,A
VWAV,AUTO,ML_NAME_IMPUTED,C3
WABC,FINANCE,RULE,B
XBP,CONSUMER,ML_NAME_IMPUTED,C3
WBTN,TELCO_MEDIA,RULE,B
WASH,FINANCE,RULE,B
VS,IT_HW,RULE,B
VYGR,BIO,RULE,B
WSHP,SOFTWARE,ML_NAME_IMPUTED,C3
WAY,CONSUMER,ML_NAME_IMPUTED,C3
WBD,TELCO_MEDIA,EXPLICIT,A
WATR,CONSTRUCT,ML_NAME_IMPUTED,C3
WW,CONSUMER,ML_NAME_IMPUTED,C3
XCUR,CONSUMER,ML_NAME_IMPUTED,C3
WATT,ENERGY,ML_NAME_IMPUTED,C2
WSC,TELCO_MEDIA,ML_NAME_IMPUTED,C2
XE,ENERGY,RULE,B
WULF,SEMI,ML_NAME_IMPUTED,C3
WPRT,IT_HW,RULE,B
WKHS,TELCO_MEDIA,ML_NAME_IMPUTED,C3
XP,SOFTWARE,ML_NAME_IMPUTED,C2
XEL,ENERGY,EXPLICIT,A
XPON,ENERGY,RULE,B
WTF,FINANCE,RULE,B
WCT,TELCO_MEDIA,ML_NAME_IMPUTED,C3
XELB,CONSUMER,RULE,B
WYFI,SOFTWARE,ML_NAME_IMPUTED,C3
WDC,IT_HW,EXPLICIT,A
WTW,ENERGY,ML_NAME_IMPUTED,C3
WAFD,SEMI,ML_NAME_IMPUTED,C3
WAFU,CONSUMER,RULE,B
VSME,TELCO_MEDIA,RULE,B
XGN,CONSUMER,ML_NAME_IMPUTED,C3
WEN,CONSUMER,ML_NAME_IMPUTED,C2
WVE,BIO,RULE,B
WHWK,BIO,RULE,B
XENE,BIO,RULE,B
VTRS,CONSUMER,ML_NAME_IMPUTED,C3
WFCF,CONSUMER,RULE,B
WWD,SEMI,ML_NAME_IMPUTED,C3
WFRD,AUTO,ML_NAME_IMPUTED,C3
VSNT,TELCO_MEDIA,RULE,B
XFOR,BIO,RULE,B
WGS,CONSUMER,ML_NAME_IMPUTED,C3
WEST,CONSUMER,RULE,B
WXM,TELCO_MEDIA,ML_NAME_IMPUTED,C3
WHF,FINANCE,RULE,B
VSAT,CONSUMER,ML_NAME_IMPUTED,C3
WNEB,FINANCE,RULE,B
WERN,CONSTRUCT,EXPLICIT,A
XPEL,CONSTRUCT,ML_NAME_IMPUTED,C3
XBIO,BIO,RULE,B
WRLD,CONSTRUCT,ML_NAME_IMPUTED,C3
VTSI,SOFTWARE,ML_NAME_IMPUTED,C3
XBIT,BIO,RULE,B
WIX,SOFTWARE,ML_NAME_IMPUTED,C2
XERS,BIO,RULE,B
XNCR,FINANCE,ML_NAME_IMPUTED,C3
VTVT,BIO,RULE,B
XLO,BIO,RULE,B
VSTM,SEMI,ML_NAME_IMPUTED,C3
WETO,SHIP_DEF,RULE,B
WALD,AUTO,ML_NAME_IMPUTED,C3
WETH,IT_HW,RULE,B
WDAY,SOFTWARE,EXPLICIT,A
WTBA,FINANCE,RULE,B
XIII,FINANCE,RULE,B
WVVI,FINANCE,ML_NAME_IMPUTED,C3
XAIR,CONSTRUCT,ML_NAME_IMPUTED,C3
WCCB,FINANCE,RULE,B
WFF,SOFTWARE,ML_NAME_IMPUTED,C3
WHLRP,FINANCE,RULE,B
WIMI,SOFTWARE,RULE,B
WLCO,CHEM_STEEL,ML_NAME_IMPUTED,C3
WLTH,CHEM_STEEL,ML_NAME_IMPUTED,C3
WSBK,FINANCE,RULE,B
WSE,AUTO,ML_NAME_IMPUTED,C3
WTG,FINANCE,RULE,B
XLAB,SOFTWARE,ML_NAME_IMPUTED,C2
XMAX,CONSTRUCT,ML_NAME_IMPUTED,C3
ZUMZ,SEMI,ML_NAME_IMPUTED,C3
XXII,CONSUMER,ML_NAME_IMPUTED,C3
ACCO,CONSUMER,RULE,B
AEXA,FINANCE,RULE,B
YHGJ,FINANCE,ML_NAME_IMPUTED,C3
AA,CHEM_STEEL,EXPLICIT,A
AAC,FINANCE,RULE,B
AD,SOFTWARE,RULE,B
AG,CHEM_STEEL,RULE,B
AI,SOFTWARE,RULE,B
ABBV,CONSUMER,ML_NAME_IMPUTED,C3
AAP,AUTO,RULE,B
AAT,FINANCE,RULE,B
ZENA,SEMI,ML_NAME_IMPUTED,C3
ZKIN,TELCO_MEDIA,ML_NAME_IMPUTED,C3
ZVRA,BIO,RULE,B
A,IT_HW,RULE,B
ABG,AUTO,RULE,B
ZTG,TELCO_MEDIA,ML_NAME_IMPUTED,C3
ABM,SHIP_DEF,RULE,B
XRPN,FINANCE,RULE,B
ABR,FINANCE,RULE,B
ABT,HEALTH_SVC,EXPLICIT,A
ACVA,SOFTWARE,ML_NAME_IMPUTED,C2
ABX,FINANCE,ML_NAME_IMPUTED,C2
ACEL,TELCO_MEDIA,RULE,B
Z,FINANCE,RULE,B
ABCB,FINANCE,RULE,B
ACA,CONSTRUCT,ML_NAME_IMPUTED,C3
ACH,HEALTH_SVC,RULE,B
ZBIO,BIO,RULE,B
ACI,CONSUMER,ML_NAME_IMPUTED,C3
ZJYL,HEALTH_SVC,RULE,B
ACM,CONSTRUCT,EXPLICIT,A
ACN,FINANCE,ML_NAME_IMPUTED,C3
ACR,FINANCE,RULE,B
XTER,FINANCE,RULE,B
ZURA,BIO,RULE,B
ADC,FINANCE,RULE,B
ZEO,ENERGY,RULE,B
ZNTL,BIO,RULE,B
ALIT,SOFTWARE,ML_NAME_IMPUTED,C2
ADM,CONSUMER,ML_NAME_IMPUTED,C3
ADT,SOFTWARE,ML_NAME_IMPUTED,C3
XRX,CONSUMER,ML_NAME_IMPUTED,C3
ADIG,CONSTRUCT,ML_NAME_IMPUTED,C3
AEE,ENERGY,EXPLICIT,A
YTRA,SOFTWARE,ML_NAME_IMPUTED,C3
ZCMD,SOFTWARE,ML_NAME_IMPUTED,C2
AEM,CONSTRUCT,ML_NAME_IMPUTED,C3
AADX,SHIP_DEF,RULE,B
AEO,CONSTRUCT,ML_NAME_IMPUTED,C3
AER,SOFTWARE,ML_NAME_IMPUTED,C3
AES,ENERGY,EXPLICIT,A
AAUC,CHEM_STEEL,RULE,B
ACHR,SOFTWARE,ML_NAME_IMPUTED,C2
AHRT,FINANCE,RULE,B
AFG,FINANCE,RULE,B
YDES,BIO,RULE,B
XRTX,BIO,RULE,B
AGI,CHEM_STEEL,RULE,B
AGL,HEALTH_SVC,RULE,B
AGM,FINANCE,RULE,B
AGO,CONSUMER,ML_NAME_IMPUTED,C3
AGBK,SOFTWARE,ML_NAME_IMPUTED,C3
AGX,CONSUMER,ML_NAME_IMPUTED,C3
YDDL,IT_HW,RULE,B
ZDAI,IT_HW,RULE,B
AGRO,CHEM_STEEL,ML_NAME_IMPUTED,C3
AHR,HEALTH_SVC,RULE,B
AGCO,CHEM_STEEL,ML_NAME_IMPUTED,C3
YAAS,IT_HW,RULE,B
YHC,CONSUMER,ML_NAME_IMPUTED,C2
ZJK,SHIP_DEF,RULE,B
AIG,FINANCE,EXPLICIT,A
AII,FINANCE,RULE,B
AIN,SHIP_DEF,ML_NAME_IMPUTED,C3
ZD,SEMI,ML_NAME_IMPUTED,C3
AIR,CHEM_STEEL,ML_NAME_IMPUTED,C3
AIT,SHIP_DEF,RULE,B
AIV,FINANCE,ML_NAME_IMPUTED,C2
ZSQR,SEMI,ML_NAME_IMPUTED,C3
AIZ,CONSUMER,ML_NAME_IMPUTED,C3
ZM,TELCO_MEDIA,RULE,B
ZS,SOFTWARE,EXPLICIT,A
XTIA,SHIP_DEF,RULE,B
ZYME,SEMI,ML_NAME_IMPUTED,C3
AGM.A,FINANCE,RULE,B
AKA,CONSUMER,RULE,B
YICC,FINANCE,RULE,B
ZSTK,CHEM_STEEL,ML_NAME_IMPUTED,C3
YYAI,IT_HW,ML_NAME_IMPUTED,C2
YARW,BIO,RULE,B
ZION,FINANCE,RULE,B
AESI,ENERGY,RULE,B
AKR,FINANCE,RULE,B
YIBO,SOFTWARE,ML_NAME_IMPUTED,C3
ALB,BATTERY,EXPLICIT,A
ALC,CHEM_STEEL,ML_NAME_IMPUTED,C3
ALG,TELCO_MEDIA,ML_NAME_IMPUTED,C3
ZBRA,IT_HW,EXPLICIT,A
ZBAO,IT_HW,RULE,B
YDKG,SOFTWARE,RULE,B
ZNB,IT_HW,RULE,B
YFOR,SOFTWARE,ML_NAME_IMPUTED,C1
AAMI,FINANCE,RULE,B
YSXT,IT_HW,RULE,B
ZOOZ,ENERGY,RULE,B
ADCT,BIO,RULE,B
ACRE,FINANCE,RULE,B
XWEL,SHIP_DEF,ML_NAME_IMPUTED,C3
YORW,SHIP_DEF,ML_NAME_IMPUTED,C1
ZYBT,BIO,RULE,B
ADNT,AUTO,EXPLICIT,A
AFL,FINANCE,EXPLICIT,A
AHT,HEALTH_SVC,RULE,B
AJG,FINANCE,EXPLICIT,A
ALH,TELCO_MEDIA,ML_NAME_IMPUTED,C3
YMAT,CONSUMER,ML_NAME_IMPUTED,C3
YSWY,SOFTWARE,ML_NAME_IMPUTED,C2
ZG,TELCO_MEDIA,ML_NAME_IMPUTED,C3
APO,FINANCE,EXPLICIT,A
ATEN,IT_HW,RULE,B
BALY,CHEM_STEEL,ML_NAME_IMPUTED,C3
BBT,FINANCE,RULE,B
BBW,SEMI,ML_NAME_IMPUTED,C3
BBY,CONSUMER,EXPLICIT,A
AQN,ENERGY,RULE,B
BCC,CONSUMER,ML_NAME_IMPUTED,C3
BCE,SOFTWARE,ML_NAME_IMPUTED,C3
BANC,FINANCE,ML_NAME_IMPUTED,C2
AM,BATTERY,ML_NAME_IMPUTED,C3
AN,AUTO,EXPLICIT,A
AP,BATTERY,ML_NAME_IMPUTED,C3
BCO,CONSUMER,ML_NAME_IMPUTED,C3
AR,ENERGY,EXPLICIT,A
AS,SOFTWARE,ML_NAME_IMPUTED,C3
ARE,FINANCE,RULE,B
AU,CHEM_STEEL,RULE,B
AX,FINANCE,RULE,B
ARI,FINANCE,RULE,B
ARL,FINANCE,RULE,B
BA,SHIP_DEF,EXPLICIT,A
BB,ENERGY,ML_NAME_IMPUTED,C3
BDC,CONSUMER,ML_NAME_IMPUTED,C3
ARR,FINANCE,RULE,B
BC,CHEM_STEEL,ML_NAME_IMPUTED,C3
B,CHEM_STEEL,RULE,B
BE,ENERGY,RULE,B
ARW,IT_HW,RULE,B
BH,SOFTWARE,ML_NAME_IMPUTED,C2
ARX,TELCO_MEDIA,ML_NAME_IMPUTED,C3
AOMR,FINANCE,RULE,B
BDN,FINANCE,RULE,B
ASB,FINANCE,ML_NAME_IMPUTED,C2
ASC,CONSTRUCT,RULE,B
ASH,CONSUMER,ML_NAME_IMPUTED,C3
BDX,HEALTH_SVC,EXPLICIT,A
BEN,FINANCE,EXPLICIT,A
BEP,ENERGY,RULE,B
ATI,CHEM_STEEL,EXPLICIT,A
BBAI,SOFTWARE,RULE,B
ATO,ENERGY,RULE,B
ATR,AUTO,ML_NAME_IMPUTED,C3
ATS,CHEM_STEEL,ML_NAME_IMPUTED,C2
ARES,FINANCE,EXPLICIT,A
APAM,FINANCE,RULE,B
BFH,FINANCE,RULE,B
AUB,FINANCE,RULE,B
BFS,HEALTH_SVC,ML_NAME_IMPUTED,C3
BBDC,FINANCE,RULE,B
AVNT,BATTERY,ML_NAME_IMPUTED,C3
BGS,CONSUMER,RULE,B
AVY,SHIP_DEF,ML_NAME_IMPUTED,C3
BFLY,IT_HW,RULE,B
BBUC,IT_HW,ML_NAME_IMPUTED,C3
ASIC,FINANCE,RULE,B
AWI,SHIP_DEF,RULE,B
AWK,SHIP_DEF,ML_NAME_IMPUTED,C2
AWR,CONSTRUCT,ML_NAME_IMPUTED,C3
ALLY,FINANCE,RULE,B
AORT,CONSTRUCT,ML_NAME_IMPUTED,C3
APTV,AUTO,EXPLICIT,A
AUNA,SOFTWARE,ML_NAME_IMPUTED,C3
AXP,FINANCE,EXPLICIT,A
ALLE,AUTO,ML_NAME_IMPUTED,C2
AXTA,IT_HW,RULE,B
AXR,CHEM_STEEL,ML_NAME_IMPUTED,C3
AXS,FINANCE,RULE,B
ATMU,IT_HW,RULE,B
BF.B,SOFTWARE,ML_NAME_IMPUTED,C1
BF.A,SOFTWARE,ML_NAME_IMPUTED,C2
AYI,CONSUMER,RULE,B
AMPX,BATTERY,EXPLICIT,A
AMPY,ENERGY,RULE,B
ANRO,BIO,ML_NAME_IMPUTED,C3
AZN,AUTO,ML_NAME_IMPUTED,C3
AZO,CONSUMER,EXPLICIT,A
AZZ,IT_HW,ML_NAME_IMPUTED,C3
AMRC,SOFTWARE,ML_NAME_IMPUTED,C2
BGSF,CONSTRUCT,ML_NAME_IMPUTED,C3
AMBP,CHEM_STEEL,RULE,B
ARLO,IT_HW,RULE,B
ANDG,TELCO_MEDIA,ML_NAME_IMPUTED,C2
BFAM,IT_HW,RULE,B
ALK,CONSTRUCT,EXPLICIT,A
ANET,IT_HW,EXPLICIT,A
AMTB,FINANCE,RULE,B
AMCR,AUTO,ML_NAME_IMPUTED,C3
ALV,AUTO,ML_NAME_IMPUTED,C2
ALX,CONSUMER,ML_NAME_IMPUTED,C3
ARMK,CONSUMER,ML_NAME_IMPUTED,C3
AMC,TELCO_MEDIA,RULE,B
AMG,TELCO_MEDIA,ML_NAME_IMPUTED,C3
AMH,CONSTRUCT,RULE,B
AMN,HEALTH_SVC,RULE,B
AMP,FINANCE,RULE,B
AMR,CHEM_STEEL,RULE,B
AMT,FINANCE,RULE,B
ASPN,SHIP_DEF,ML_NAME_IMPUTED,C3
ANVS,BIO,RULE,B
AVEX,BATTERY,ML_NAME_IMPUTED,C3
ANF,CONSUMER,ML_NAME_IMPUTED,C3
AMTM,SOFTWARE,ML_NAME_IMPUTED,C3
ANGX,TELCO_MEDIA,RULE,B
ASAN,SOFTWARE,ML_NAME_IMPUTED,C2
ALSN,AUTO,EXPLICIT,A
BEBE,IT_HW,RULE,B
AON,FINANCE,EXPLICIT,A
BALL,ENERGY,ML_NAME_IMPUTED,C3
BAC,FINANCE,EXPLICIT,A
AOS,CONSTRUCT,ML_NAME_IMPUTED,C3
ASBH,FINANCE,RULE,B
BAH,CONSUMER,ML_NAME_IMPUTED,C3
BAM,FINANCE,RULE,B
BAP,SEMI,ML_NAME_IMPUTED,C3
APD,CHEM_STEEL,EXPLICIT,A
APLE,HEALTH_SVC,RULE,B
APG,CONSTRUCT,ML_NAME_IMPUTED,C3
APH,IT_HW,EXPLICIT,A
BAX,CONSUMER,ML_NAME_IMPUTED,C3
ALL,FINANCE,EXPLICIT,A
ALTG,TELCO_MEDIA,ML_NAME_IMPUTED,C2
AMBQ,SEMI,ML_NAME_IMPUTED,C2
AME,FINANCE,ML_NAME_IMPUTED,C3
AMRZ,SOFTWARE,ML_NAME_IMPUTED,C3
AMWL,BATTERY,ML_NAME_IMPUTED,C3
ARCO,SOFTWARE,ML_NAME_IMPUTED,C3
ARDT,HEALTH_SVC,RULE,B
ARIS,CHEM_STEEL,RULE,B
AROC,CONSUMER,ML_NAME_IMPUTED,C3
ASIX,AUTO,ML_NAME_IMPUTED,C3
ATKR,SOFTWARE,ML_NAME_IMPUTED,C3
AVA,AUTO,ML_NAME_IMPUTED,C3
AVBC,FINANCE,RULE,B
AVD,FINANCE,ML_NAME_IMPUTED,C3
AVTR,SEMI,ML_NAME_IMPUTED,C3
BARK,SOFTWARE,ML_NAME_IMPUTED,C2
BBWI,FINANCE,ML_NAME_IMPUTED,C3
BCSF,FINANCE,RULE,B
BEPC,ENERGY,RULE,B
BETA,IT_HW,RULE,B
BG,CONSTRUCT,ML_NAME_IMPUTED,C3
BLSH,SOFTWARE,ML_NAME_IMPUTED,C3
BRT,CHEM_STEEL,ML_NAME_IMPUTED,C3
CDE,CHEM_STEEL,RULE,B
BRX,FINANCE,ML_NAME_IMPUTED,C2
BWXT,SHIP_DEF,EXPLICIT,A
CDP,FINANCE,RULE,B
CHWY,SOFTWARE,ML_NAME_IMPUTED,C1
CHGG,SOFTWARE,ML_NAME_IMPUTED,C3
BSM,CHEM_STEEL,RULE,B
BSX,HEALTH_SVC,EXPLICIT,A
BLCO,CHEM_STEEL,ML_NAME_IMPUTED,C3
BROS,TELCO_MEDIA,ML_NAME_IMPUTED,C3
BTE,ENERGY,RULE,B
BTU,ENERGY,RULE,B
C,FINANCE,EXPLICIT,A
CFG,FINANCE,RULE,B
BLDR,CONSTRUCT,ML_NAME_IMPUTED,C3
BTX,FINANCE,RULE,B
BJ,CONSUMER,ML_NAME_IMPUTED,C3
CDRE,SHIP_DEF,ML_NAME_IMPUTED,C3
BN,CONSTRUCT,ML_NAME_IMPUTED,C3
CBNA,FINANCE,RULE,B
CFR,CONSUMER,ML_NAME_IMPUTED,C3
BR,FINANCE,RULE,B
BX,FINANCE,EXPLICIT,A
BY,FINANCE,RULE,B
BWIV,FINANCE,RULE,B
CB,FINANCE,EXPLICIT,A
BXMT,FINANCE,RULE,B
BIPC,CONSTRUCT,RULE,B
CL,CONSUMER,EXPLICIT,A
BKSY,IT_HW,RULE,B
CALY,SHIP_DEF,ML_NAME_IMPUTED,C3
CALX,CONSUMER,ML_NAME_IMPUTED,C3
CHE,CHEM_STEEL,ML_NAME_IMPUTED,C2
CHH,CONSUMER,RULE,B
BH.A,SOFTWARE,ML_NAME_IMPUTED,C2
BWLP,CHEM_STEEL,ML_NAME_IMPUTED,C3
CANG,SOFTWARE,ML_NAME_IMPUTED,C3
BWA,AUTO,EXPLICIT,A
CIA,FINANCE,ML_NAME_IMPUTED,C3
BTGO,SOFTWARE,ML_NAME_IMPUTED,C2
BXC,BATTERY,ML_NAME_IMPUTED,C3
BRCC,SOFTWARE,ML_NAME_IMPUTED,C2
BRSP,FINANCE,RULE,B
CINT,TELCO_MEDIA,ML_NAME_IMPUTED,C2
BRSL,AUTO,ML_NAME_IMPUTED,C3
BXP,FINANCE,RULE,B
BHC,HEALTH_SVC,RULE,B
BHE,IT_HW,RULE,B
BRBR,CONSUMER,RULE,B
CAPL,CONSTRUCT,ML_NAME_IMPUTED,C3
BRK.A,FINANCE,EXPLICIT,A
BRK.B,FINANCE,EXPLICIT,A
BYD,TELCO_MEDIA,RULE,B
BHR,CONSUMER,RULE,B
CBRE,TELCO_MEDIA,ML_NAME_IMPUTED,C2
CBAN,FINANCE,ML_NAME_IMPUTED,C1
CHMI,FINANCE,RULE,B
BIRK,AUTO,ML_NAME_IMPUTED,C3
BWMX,SOFTWARE,ML_NAME_IMPUTED,C3
BIP,CONSTRUCT,RULE,B
BIO,BIO,RULE,B
BOOT,CONSUMER,ML_NAME_IMPUTED,C3
BZH,CONSTRUCT,RULE,B
CARS,CONSUMER,ML_NAME_IMPUTED,C3
CAAP,CONSTRUCT,RULE,B
BKD,SEMI,ML_NAME_IMPUTED,C3
BKE,CONSUMER,ML_NAME_IMPUTED,C2
BKV,BATTERY,ML_NAME_IMPUTED,C3
BXSL,FINANCE,ML_NAME_IMPUTED,C2
CABO,CONSUMER,ML_NAME_IMPUTED,C3
CHPT,CONSUMER,ML_NAME_IMPUTED,C3
BLK,FINANCE,EXPLICIT,A
BOBS,CONSUMER,ML_NAME_IMPUTED,C3
CATO,TELCO_MEDIA,ML_NAME_IMPUTED,C3
CFND,FINANCE,ML_NAME_IMPUTED,C3
BXDC,FINANCE,RULE,B
BLX,SOFTWARE,ML_NAME_IMPUTED,C3
BMNR,IT_HW,RULE,B
BORR,ENERGY,ML_NAME_IMPUTED,C3
CACI,TELCO_MEDIA,ML_NAME_IMPUTED,C3
BMI,CONSUMER,ML_NAME_IMPUTED,C3
BHVN,CHEM_STEEL,ML_NAME_IMPUTED,C3
BMO,FINANCE,RULE,B
BKKT,SOFTWARE,ML_NAME_IMPUTED,C2
BMY,CONSUMER,ML_NAME_IMPUTED,C3
BIO.B,BIO,RULE,B
BNS,FINANCE,RULE,B
CGAU,CHEM_STEEL,RULE,B
BNT,IT_HW,RULE,B
CHCT,HEALTH_SVC,RULE,B
BNY,FINANCE,RULE,B
CIEN,IT_HW,EXPLICIT,A
CAVA,CONSUMER,EXPLICIT,A
BOC,HEALTH_SVC,ML_NAME_IMPUTED,C3
BOH,FINANCE,RULE,B
BLND,SOFTWARE,ML_NAME_IMPUTED,C2
CAG,CONSUMER,EXPLICIT,A
BOX,SOFTWARE,ML_NAME_IMPUTED,C2
CAH,HEALTH_SVC,EXPLICIT,A
CAL,SOFTWARE,ML_NAME_IMPUTED,C3
CAT,SHIP_DEF,EXPLICIT,A
BURL,CONSUMER,ML_NAME_IMPUTED,C3
CBU,FINANCE,RULE,B
CBZ,SEMI,ML_NAME_IMPUTED,C3
CCI,CONSUMER,ML_NAME_IMPUTED,C3
CCK,CONSUMER,ML_NAME_IMPUTED,C3
CCJ,CHEM_STEEL,ML_NAME_IMPUTED,C3
CCL,CHEM_STEEL,ML_NAME_IMPUTED,C3
CCS,CONSUMER,ML_NAME_IMPUTED,C3
CCZ,TELCO_MEDIA,ML_NAME_IMPUTED,C3
BRO,FINANCE,EXPLICIT,A
BILL,SOFTWARE,EXPLICIT,A
BKH,SHIP_DEF,ML_NAME_IMPUTED,C3
BKU,CONSTRUCT,ML_NAME_IMPUTED,C3
BNED,CONSUMER,RULE,B
BNL,CONSTRUCT,ML_NAME_IMPUTED,C3
BOW,FINANCE,ML_NAME_IMPUTED,C3
BRC,SEMI,ML_NAME_IMPUTED,C3
BUR,FINANCE,RULE,B
BV,BATTERY,ML_NAME_IMPUTED,C3
BW,BATTERY,ML_NAME_IMPUTED,C2
CARR,CONSTRUCT,ML_NAME_IMPUTED,C3
CBL,FINANCE,RULE,B
CBT,SHIP_DEF,ML_NAME_IMPUTED,C3
CC,CONSUMER,ML_NAME_IMPUTED,C3
CCO,TELCO_MEDIA,EXPLICIT,A
CE,CHEM_STEEL,EXPLICIT,A
CF,CHEM_STEEL,EXPLICIT,A
CHD,CONSUMER,EXPLICIT,A
CI,HEALTH_SVC,EXPLICIT,A
CIM,FINANCE,ML_NAME_IMPUTED,C3
CION,FINANCE,ML_NAME_IMPUTED,C3
CLB,SEMI,ML_NAME_IMPUTED,C3
CMRE,CONSUMER,ML_NAME_IMPUTED,C3
CWEN,ENERGY,RULE,B
CTS,CHEM_STEEL,ML_NAME_IMPUTED,C3
DFH,CONSTRUCT,RULE,B
CTOS,ENERGY,ML_NAME_IMPUTED,C3
DOCN,SOFTWARE,ML_NAME_IMPUTED,C3
DOCS,HEALTH_SVC,EXPLICIT,A
CVSA,CHEM_STEEL,ML_NAME_IMPUTED,C3
CMBT,IT_HW,RULE,B
CMSC,ENERGY,RULE,B
CUBI,FINANCE,RULE,B
CURV,CONSUMER,ML_NAME_IMPUTED,C3
CUBE,CHEM_STEEL,ML_NAME_IMPUTED,C3
CUBB,FINANCE,RULE,B
CVE,ENERGY,RULE,B
CLPR,FINANCE,RULE,B
DGX,HEALTH_SVC,RULE,B
CVI,ENERGY,RULE,B
CURB,FINANCE,RULE,B
CVS,HEALTH_SVC,EXPLICIT,A
CMTG,FINANCE,RULE,B
CVEO,CHEM_STEEL,ML_NAME_IMPUTED,C1
CVX,ENERGY,EXPLICIT,A
D,ENERGY,EXPLICIT,A
DHI,CONSTRUCT,EXPLICIT,A
DHR,HEALTH_SVC,EXPLICIT,A
CWH,SOFTWARE,ML_NAME_IMPUTED,C3
CWK,CHEM_STEEL,ML_NAME_IMPUTED,C3
CWT,CONSTRUCT,ML_NAME_IMPUTED,C3
DLNG,ENERGY,RULE,B
COHR,SEMI,EXPLICIT,A
CM,FINANCE,RULE,B
CP,CONSTRUCT,ML_NAME_IMPUTED,C2
CR,SHIP_DEF,ML_NAME_IMPUTED,C2
DIS,TELCO_MEDIA,EXPLICIT,A
CW,CONSTRUCT,ML_NAME_IMPUTED,C3
CMDB,CONSUMER,ML_NAME_IMPUTED,C3
CTRI,CONSUMER,ML_NAME_IMPUTED,C3
CXM,SOFTWARE,ML_NAME_IMPUTED,C2
CTRE,FINANCE,RULE,B
DOUG,CONSUMER,ML_NAME_IMPUTED,C3
DB,FINANCE,RULE,B
DD,CHEM_STEEL,EXPLICIT,A
DE,SHIP_DEF,EXPLICIT,A
DCOM,FINANCE,RULE,B
DK,CONSUMER,ML_NAME_IMPUTED,C3
CSQR,SEMI,ML_NAME_IMPUTED,C3
CYH,HEALTH_SVC,RULE,B
DKS,CONSUMER,ML_NAME_IMPUTED,C3
DECK,CONSUMER,EXPLICIT,A
CTVA,CONSUMER,ML_NAME_IMPUTED,C3
DLR,FINANCE,RULE,B
DMC,CHEM_STEEL,ML_NAME_IMPUTED,C3
CRBG,FINANCE,RULE,B
CSTM,SOFTWARE,ML_NAME_IMPUTED,C3
DNA,SOFTWARE,ML_NAME_IMPUTED,C2
CLVT,AUTO,ML_NAME_IMPUTED,C3
CPNG,SOFTWARE,ML_NAME_IMPUTED,C2
CLF,CHEM_STEEL,EXPLICIT,A
CTEV,BATTERY,ML_NAME_IMPUTED,C3
CLH,FINANCE,ML_NAME_IMPUTED,C3
CRCL,SOFTWARE,RULE,B
CLS,CONSUMER,ML_NAME_IMPUTED,C3
CLX,CONSUMER,EXPLICIT,A
CLW,CHEM_STEEL,RULE,B
COMP,SOFTWARE,ML_NAME_IMPUTED,C3
DOC,FINANCE,RULE,B
CMG,CONSUMER,EXPLICIT,A
CMI,SHIP_DEF,EXPLICIT,A
DINO,BATTERY,ML_NAME_IMPUTED,C3
CMS,ENERGY,EXPLICIT,A
DOV,SHIP_DEF,EXPLICIT,A
DBRG,TELCO_MEDIA,ML_NAME_IMPUTED,C3
DOW,CHEM_STEEL,EXPLICIT,A
CVLG,CONSTRUCT,RULE,B
DPC,SOFTWARE,ML_NAME_IMPUTED,C3
DFIN,FINANCE,RULE,B
CNC,HEALTH_SVC,EXPLICIT,A
CNI,CONSTRUCT,RULE,B
CNK,TELCO_MEDIA,ML_NAME_IMPUTED,C3
CNM,SOFTWARE,ML_NAME_IMPUTED,C3
CNP,ENERGY,RULE,B
CNO,FINANCE,RULE,B
CNS,SEMI,ML_NAME_IMPUTED,C2
CNX,CHEM_STEEL,RULE,B
COF,FINANCE,EXPLICIT,A
CNMD,HEALTH_SVC,ML_NAME_IMPUTED,C3
DOLE,AUTO,ML_NAME_IMPUTED,C2
DAL,CONSTRUCT,EXPLICIT,A
DAN,AUTO,EXPLICIT,A
DAR,SEMI,ML_NAME_IMPUTED,C3
CPF,FINANCE,RULE,B
CVNA,AUTO,EXPLICIT,A
CPAY,SOFTWARE,ML_NAME_IMPUTED,C3
DRI,CONSUMER,EXPLICIT,A
CPRI,SOFTWARE,ML_NAME_IMPUTED,C3
CNNE,CONSUMER,ML_NAME_IMPUTED,C3
DBI,CONSUMER,RULE,B
CRD.A,SHIP_DEF,ML_NAME_IMPUTED,C3
DCH,BATTERY,ML_NAME_IMPUTED,C3
CRH,CONSTRUCT,EXPLICIT,A
CRI,AUTO,ML_NAME_IMPUTED,C3
CRL,SEMI,ML_NAME_IMPUTED,C3
CRK,CHEM_STEEL,ML_NAME_IMPUTED,C1
CRM,SOFTWARE,EXPLICIT,A
CRT,FINANCE,RULE,B
CRS,IT_HW,RULE,B
DDT,FINANCE,RULE,B
COSO,FINANCE,RULE,B
CSL,AUTO,ML_NAME_IMPUTED,C3
DELL,IT_HW,EXPLICIT,A
DEA,FINANCE,RULE,B
DEC,ENERGY,RULE,B
CSW,SHIP_DEF,ML_NAME_IMPUTED,C1
COTY,SOFTWARE,ML_NAME_IMPUTED,C2
DGAC,FINANCE,RULE,B
CLDT,FINANCE,RULE,B
CMC,CHEM_STEEL,EXPLICIT,A
CMP,CHEM_STEEL,RULE,B
CNA,FINANCE,RULE,B
CNH,SHIP_DEF,RULE,B
CNQ,ENERGY,ML_NAME_IMPUTED,C3
CNR,CHEM_STEEL,ML_NAME_IMPUTED,C3
CODI,FINANCE,ML_NAME_IMPUTED,C3
COLD,FINANCE,RULE,B
CON,TELCO_MEDIA,ML_NAME_IMPUTED,C3
COOK,SHIP_DEF,ML_NAME_IMPUTED,C3
COP,ENERGY,EXPLICIT,A
COR,HEALTH_SVC,EXPLICIT,A
COUR,CONSUMER,ML_NAME_IMPUTED,C3
CPA,SOFTWARE,ML_NAME_IMPUTED,C3
CPK,ENERGY,RULE,B
CPS,HEALTH_SVC,ML_NAME_IMPUTED,C3
CPT,FINANCE,RULE,B
CRC,CHEM_STEEL,RULE,B
CRD.B,SHIP_DEF,ML_NAME_IMPUTED,C3
CRGY,ENERGY,RULE,B
CSR,SHIP_DEF,ML_NAME_IMPUTED,C3
CSV,CONSTRUCT,ML_NAME_IMPUTED,C2
CTO,FINANCE,RULE,B
CUZ,FINANCE,RULE,B
CXT,CONSUMER,ML_NAME_IMPUTED,C3
CXW,SOFTWARE,ML_NAME_IMPUTED,C3
CYD,CONSUMER,ML_NAME_IMPUTED,C3
DAC,CONSTRUCT,EXPLICIT,A
DBD,IT_HW,EXPLICIT,A
DCI,CONSUMER,ML_NAME_IMPUTED,C2
DCO,SEMI,ML_NAME_IMPUTED,C3
DDD,IT_HW,RULE,B
DDS,SHIP_DEF,ML_NAME_IMPUTED,C3
DEI,CONSUMER,ML_NAME_IMPUTED,C3
DG,CONSUMER,EXPLICIT,A
DHT,SOFTWARE,ML_NAME_IMPUTED,C3
DHX,TELCO_MEDIA,ML_NAME_IMPUTED,C3
DIN,CONSUMER,RULE,B
DLB,SEMI,ML_NAME_IMPUTED,C3
DLX,CHEM_STEEL,ML_NAME_IMPUTED,C3
DNOW,SOFTWARE,ML_NAME_IMPUTED,C3
EHC,HEALTH_SVC,RULE,B
FDXF,CONSTRUCT,RULE,B
EPRT,FINANCE,RULE,B
EIG,HEALTH_SVC,ML_NAME_IMPUTED,C3
EIX,ENERGY,EXPLICIT,A
EPAM,IT_HW,RULE,B
FLG,FINANCE,RULE,B
F,AUTO,EXPLICIT,A
FICO,SHIP_DEF,ML_NAME_IMPUTED,C3
FITB,FINANCE,RULE,B
ELME,SEMI,ML_NAME_IMPUTED,C3
EFOR,CONSUMER,ML_NAME_IMPUTED,C3
FIRY,SOFTWARE,ML_NAME_IMPUTED,C2
ELF,CONSUMER,RULE,B
ELS,FINANCE,RULE,B
ELV,HEALTH_SVC,EXPLICIT,A
DT,SOFTWARE,EXPLICIT,A
DX,FINANCE,RULE,B
DXYZ,IT_HW,RULE,B
DY,SHIP_DEF,RULE,B
EME,TELCO_MEDIA,ML_NAME_IMPUTED,C3
EG,CONSUMER,ML_NAME_IMPUTED,C3
EL,CONSUMER,EXPLICIT,A
EMN,CHEM_STEEL,EXPLICIT,A
EMP,FINANCE,RULE,B
ES,ENERGY,EXPLICIT,A
EW,HEALTH_SVC,EXPLICIT,A
ENB,CONSUMER,ML_NAME_IMPUTED,C3
FC,FINANCE,ML_NAME_IMPUTED,C3
FE,ENERGY,EXPLICIT,A
EVTC,CONSUMER,ML_NAME_IMPUTED,C3
FF,CHEM_STEEL,ML_NAME_IMPUTED,C2
FBIN,CONSUMER,RULE,B
FG,BIO,ML_NAME_IMPUTED,C3
ENR,ENERGY,ML_NAME_IMPUTED,C3
EVTL,SHIP_DEF,RULE,B
ENS,ENERGY,ML_NAME_IMPUTED,C3
FIGS,SOFTWARE,ML_NAME_IMPUTED,C2
ESNT,TELCO_MEDIA,ML_NAME_IMPUTED,C3
EOG,ENERGY,EXPLICIT,A
FAF,FINANCE,RULE,B
EPD,CONSTRUCT,ML_NAME_IMPUTED,C3
EPC,SHIP_DEF,ML_NAME_IMPUTED,C3
EVEX,CONSUMER,ML_NAME_IMPUTED,C3
EPR,FINANCE,RULE,B
FBK,FINANCE,RULE,B
FERG,BATTERY,ML_NAME_IMPUTED,C2
FBP,FINANCE,RULE,B
EQH,SOFTWARE,ML_NAME_IMPUTED,C3
EQS,SOFTWARE,ML_NAME_IMPUTED,C3
FCF,FINANCE,RULE,B
EQT,ENERGY,EXPLICIT,A
EAF,SHIP_DEF,ML_NAME_IMPUTED,C3
EAI,FINANCE,RULE,B
FCN,CONSUMER,ML_NAME_IMPUTED,C3
ENVA,CONSUMER,ML_NAME_IMPUTED,C3
EAT,CONSUMER,ML_NAME_IMPUTED,C3
FCX,CHEM_STEEL,EXPLICIT,A
ENHA,TELCO_MEDIA,ML_NAME_IMPUTED,C2
ERO,CHEM_STEEL,RULE,B
EBF,SEMI,ML_NAME_IMPUTED,C3
ESRT,FINANCE,RULE,B
EBS,SEMI,ML_NAME_IMPUTED,C3
ESI,IT_HW,RULE,B
FDX,CONSTRUCT,EXPLICIT,A
EROC,SOFTWARE,ML_NAME_IMPUTED,C2
ESS,FINANCE,RULE,B
EROK,CONSTRUCT,ML_NAME_IMPUTED,C3
ECL,CHEM_STEEL,EXPLICIT,A
ESAB,BATTERY,ML_NAME_IMPUTED,C3
ETSS,ENERGY,RULE,B
ECO,CHEM_STEEL,ML_NAME_IMPUTED,C3
FET,ENERGY,RULE,B
ETSY,SEMI,ML_NAME_IMPUTED,C3
EFXT,ENERGY,ML_NAME_IMPUTED,C3
ETN,SHIP_DEF,EXPLICIT,A
ETR,ENERGY,EXPLICIT,A
DUKB,ENERGY,RULE,B
FCPT,FINANCE,RULE,B
EVC,TELCO_MEDIA,RULE,B
DTM,CONSUMER,ML_NAME_IMPUTED,C3
ESTC,SOFTWARE,EXPLICIT,A
EVR,SOFTWARE,ML_NAME_IMPUTED,C1
EFC,FINANCE,RULE,B
DTW,ENERGY,RULE,B
FHI,SEMI,ML_NAME_IMPUTED,C3
EXPD,CONSUMER,ML_NAME_IMPUTED,C3
FHN,SHIP_DEF,ML_NAME_IMPUTED,C3
EQBK,FINANCE,RULE,B
EFX,CONSUMER,ML_NAME_IMPUTED,C3
DUK,ENERGY,EXPLICIT,A
FIG,SOFTWARE,ML_NAME_IMPUTED,C2
FCBM,FINANCE,RULE,B
DVA,SOFTWARE,ML_NAME_IMPUTED,C3
EGP,FINANCE,RULE,B
FIS,SOFTWARE,RULE,B
FIX,CONSTRUCT,EXPLICIT,A
EGY,ENERGY,RULE,B
EARN,FINANCE,RULE,B
EXK,CHEM_STEEL,RULE,B
ECVT,SEMI,ML_NAME_IMPUTED,C3
EXP,CONSTRUCT,EXPLICIT,A
EXR,SHIP_DEF,ML_NAME_IMPUTED,C2
DSX,CONSTRUCT,RULE,B
DTE,ENERGY,EXPLICIT,A
DV,BATTERY,ML_NAME_IMPUTED,C3
DVN,ENERGY,EXPLICIT,A
DXC,IT_HW,RULE,B
ECG,CONSTRUCT,RULE,B
ED,ENERGY,EXPLICIT,A
EE,ENERGY,RULE,B
EGO,CHEM_STEEL,RULE,B
ELAN,HEALTH_SVC,RULE,B
EMA,AUTO,ML_NAME_IMPUTED,C3
EMR,SHIP_DEF,EXPLICIT,A
ENOV,BATTERY,ML_NAME_IMPUTED,C1
EPAC,TELCO_MEDIA,ML_NAME_IMPUTED,C3
ESE,IT_HW,RULE,B
ET,ENERGY,RULE,B
ETD,SEMI,ML_NAME_IMPUTED,C3
EVH,HEALTH_SVC,RULE,B
EVMN,SEMI,ML_NAME_IMPUTED,C3
FBRT,FINANCE,RULE,B
FDS,IT_HW,RULE,B
FLNG,ENERGY,RULE,B
GLP,CONSTRUCT,ML_NAME_IMPUTED,C3
GSBD,FINANCE,RULE,B
GLW,IT_HW,EXPLICIT,A
GME,CONSUMER,ML_NAME_IMPUTED,C3
GMED,HEALTH_SVC,RULE,B
GROV,SOFTWARE,ML_NAME_IMPUTED,C3
HESM,CONSTRUCT,ML_NAME_IMPUTED,C3
GNE,ENERGY,RULE,B
GOLD,CHEM_STEEL,RULE,B
GOLF,CONSUMER,ML_NAME_IMPUTED,C3
G,ENERGY,ML_NAME_IMPUTED,C3
FLO,CONSUMER,RULE,B
H,CONSUMER,RULE,B
FLS,CHEM_STEEL,ML_NAME_IMPUTED,C3
GNW,FINANCE,RULE,B
GRBK,HEALTH_SVC,ML_NAME_IMPUTED,C3
FMC,CHEM_STEEL,EXPLICIT,A
GLED,FINANCE,RULE,B
HAE,SHIP_DEF,ML_NAME_IMPUTED,C3
HAL,ENERGY,EXPLICIT,A
GCTS,SEMI,RULE,B
GTES,SHIP_DEF,RULE,B
FNB,CHEM_STEEL,ML_NAME_IMPUTED,C3
GPC,AUTO,ML_NAME_IMPUTED,C3
FND,CONSUMER,ML_NAME_IMPUTED,C3
GPI,AUTO,EXPLICIT,A
GPK,CHEM_STEEL,ML_NAME_IMPUTED,C3
GPN,FINANCE,RULE,B
HBB,CONSUMER,RULE,B
GRDN,BIO,RULE,B
FOA,FINANCE,RULE,B
GTN.A,TELCO_MEDIA,RULE,B
GBCI,FINANCE,RULE,B
HCA,HEALTH_SVC,EXPLICIT,A
FOR,CONSUMER,ML_NAME_IMPUTED,C3
HCC,ENERGY,RULE,B
GBTG,FINANCE,ML_NAME_IMPUTED,C3
GAP,CONSUMER,ML_NAME_IMPUTED,C3
GRC,CONSUMER,ML_NAME_IMPUTED,C3
FPI,HEALTH_SVC,ML_NAME_IMPUTED,C3
FPH,SOFTWARE,ML_NAME_IMPUTED,C3
GPRK,CONSTRUCT,ML_NAME_IMPUTED,C3
FN,SOFTWARE,ML_NAME_IMPUTED,C3
FPS,ENERGY,RULE,B
FR,FINANCE,RULE,B
GBX,CONSUMER,ML_NAME_IMPUTED,C3
GD,SHIP_DEF,EXPLICIT,A
GE,SHIP_DEF,EXPLICIT,A
GSL,CONSTRUCT,EXPLICIT,A
GL,BIO,ML_NAME_IMPUTED,C3
GM,AUTO,EXPLICIT,A
GS,FINANCE,EXPLICIT,A
GOOS,SOFTWARE,ML_NAME_IMPUTED,C3
HEI,CHEM_STEEL,ML_NAME_IMPUTED,C3
GEF.B,TELCO_MEDIA,ML_NAME_IMPUTED,C3
HD,CONSUMER,EXPLICIT,A
HE,SHIP_DEF,RULE,B
GATX,SHIP_DEF,ML_NAME_IMPUTED,C3
HG,FINANCE,RULE,B
GTN,TELCO_MEDIA,RULE,B
FRO,AUTO,ML_NAME_IMPUTED,C3
FOUR,FINANCE,RULE,B
FRT,FINANCE,RULE,B
GTY,FINANCE,RULE,B
FSK,FINANCE,RULE,B
FSM,CHEM_STEEL,RULE,B
FSS,FINANCE,ML_NAME_IMPUTED,C3
GEF,SOFTWARE,ML_NAME_IMPUTED,C2
HASI,FINANCE,RULE,B
GEL,ENERGY,RULE,B
GEO,FINANCE,RULE,B
FVRR,IT_HW,ML_NAME_IMPUTED,C3
GVA,CONSTRUCT,RULE,B
HGV,CONSUMER,ML_NAME_IMPUTED,C3
GENI,CONSTRUCT,ML_NAME_IMPUTED,C3
GEV,FINANCE,ML_NAME_IMPUTED,C3
FLOC,SOFTWARE,ML_NAME_IMPUTED,C2
FTI,AUTO,ML_NAME_IMPUTED,C3
FTK,SHIP_DEF,RULE,B
FTS,CHEM_STEEL,ML_NAME_IMPUTED,C3
GFF,CHEM_STEEL,ML_NAME_IMPUTED,C3
FTW,TELCO_MEDIA,ML_NAME_IMPUTED,C3
FTV,AUTO,ML_NAME_IMPUTED,C3
HHH,HEALTH_SVC,ML_NAME_IMPUTED,C3
GFL,FINANCE,ML_NAME_IMPUTED,C3
GFR,CHEM_STEEL,ML_NAME_IMPUTED,C1
GLOB,CONSTRUCT,ML_NAME_IMPUTED,C3
GWH,IT_HW,RULE,B
FTRA,FINANCE,ML_NAME_IMPUTED,C1
FUL,CONSUMER,ML_NAME_IMPUTED,C3
FUN,TELCO_MEDIA,RULE,B
GGG,SOFTWARE,ML_NAME_IMPUTED,C3
GWW,SHIP_DEF,EXPLICIT,A
HIG,FINANCE,EXPLICIT,A
HII,SHIP_DEF,EXPLICIT,A
GNRC,SHIP_DEF,EXPLICIT,A
FUBO,SOFTWARE,ML_NAME_IMPUTED,C2
GXO,CONSTRUCT,RULE,B
FVR,FINANCE,RULE,B
GHC,CONSUMER,ML_NAME_IMPUTED,C3
GMRS,IT_HW,RULE,B
GIC,SHIP_DEF,RULE,B
GIB,SEMI,ML_NAME_IMPUTED,C3
GDOT,FINANCE,ML_NAME_IMPUTED,C3
HEI.A,CHEM_STEEL,ML_NAME_IMPUTED,C3
GIL,SOFTWARE,ML_NAME_IMPUTED,C3
HAWK,CONSUMER,ML_NAME_IMPUTED,C3
GIS,CONSUMER,EXPLICIT,A
GRND,CONSUMER,ML_NAME_IMPUTED,C3
GPJA,ENERGY,RULE,B
FLUT,TELCO_MEDIA,RULE,B
GJP,FINANCE,RULE,B
GJO,FINANCE,RULE,B
GJR,FINANCE,RULE,B
GJT,FINANCE,RULE,B
GRNT,CHEM_STEEL,ML_NAME_IMPUTED,C3
GJS,FINANCE,RULE,B
HGTY,SOFTWARE,ML_NAME_IMPUTED,C2
GKOS,BATTERY,ML_NAME_IMPUTED,C3
GRMN,SEMI,ML_NAME_IMPUTED,C3
GLAS,CONSUMER,RULE,B
HAYW,BATTERY,ML_NAME_IMPUTED,C3
FLR,BATTERY,ML_NAME_IMPUTED,C3
FNF,FINANCE,RULE,B
FNV,CHEM_STEEL,ML_NAME_IMPUTED,C3
GCO,SHIP_DEF,ML_NAME_IMPUTED,C3
GDDY,SOFTWARE,ML_NAME_IMPUTED,C2
GETY,SOFTWARE,ML_NAME_IMPUTED,C2
GHM,SHIP_DEF,ML_NAME_IMPUTED,C3
GNK,CONSTRUCT,EXPLICIT,A
GNL,CONSTRUCT,ML_NAME_IMPUTED,C3
GPGI,SOFTWARE,ML_NAME_IMPUTED,C2
GPMT,FINANCE,RULE,B
GPOR,ENERGY,RULE,B
GWRE,SOFTWARE,EXPLICIT,A
HAFN,ENERGY,ML_NAME_IMPUTED,C3
HBM,CHEM_STEEL,RULE,B
HCI,TELCO_MEDIA,ML_NAME_IMPUTED,C3
HIMS,HEALTH_SVC,RULE,B
HNI,CHEM_STEEL,ML_NAME_IMPUTED,C3
IPI,CHEM_STEEL,RULE,B
JBGS,FINANCE,RULE,B
JBI,TELCO_MEDIA,ML_NAME_IMPUTED,C3
JBK,FINANCE,RULE,B
JBL,IT_HW,EXPLICIT,A
JBS,SOFTWARE,ML_NAME_IMPUTED,C2
HOG,SHIP_DEF,ML_NAME_IMPUTED,C3
HOS,CONSTRUCT,ML_NAME_IMPUTED,C2
IAG,CHEM_STEEL,RULE,B
HUBB,SHIP_DEF,EXPLICIT,A
IQV,HEALTH_SVC,EXPLICIT,A
JCI,SHIP_DEF,ML_NAME_IMPUTED,C3
KBDC,FINANCE,RULE,B
KEN,SEMI,ML_NAME_IMPUTED,C3
HPE,IT_HW,EXPLICIT,A
HUBS,SOFTWARE,EXPLICIT,A
KEY,CONSUMER,ML_NAME_IMPUTED,C3
KEX,CONSTRUCT,EXPLICIT,A
HNGE,HEALTH_SVC,RULE,B
IRM,FINANCE,RULE,B
HPQ,IT_HW,EXPLICIT,A
HPP,FINANCE,RULE,B
IRT,FINANCE,RULE,B
J,IT_HW,RULE,B
IBM,IT_HW,EXPLICIT,A
IBP,CONSTRUCT,RULE,B
KFY,CONSUMER,ML_NAME_IMPUTED,C3
INSP,HEALTH_SVC,RULE,B
KGC,CHEM_STEEL,RULE,B
IIIN,SHIP_DEF,RULE,B
ICE,FINANCE,EXPLICIT,A
JEF,FINANCE,RULE,B
INSW,CONSUMER,ML_NAME_IMPUTED,C3
ICL,TELCO_MEDIA,ML_NAME_IMPUTED,C3
KGS,ENERGY,RULE,B
HRB,CONSUMER,ML_NAME_IMPUTED,C3
IMAX,ENERGY,ML_NAME_IMPUTED,C3
HRI,HEALTH_SVC,ML_NAME_IMPUTED,C3
JOBY,CONSTRUCT,ML_NAME_IMPUTED,C3
HRL,CONSUMER,RULE,B
INVX,CONSUMER,ML_NAME_IMPUTED,C3
IDA,SEMI,ML_NAME_IMPUTED,C3
KHC,CONSUMER,EXPLICIT,A
ITT,CONSUMER,ML_NAME_IMPUTED,C3
ITW,SHIP_DEF,EXPLICIT,A
INFQ,CONSTRUCT,ML_NAME_IMPUTED,C3
IDT,TELCO_MEDIA,ML_NAME_IMPUTED,C3
KIM,FINANCE,RULE,B
HSY,CONSUMER,EXPLICIT,A
INVH,CONSTRUCT,RULE,B
HTB,FINANCE,RULE,B
HTH,SOFTWARE,ML_NAME_IMPUTED,C3
IEX,SHIP_DEF,EXPLICIT,A
JXN,FINANCE,RULE,B
IVR,FINANCE,RULE,B
IVT,FINANCE,RULE,B
KMPR,CHEM_STEEL,ML_NAME_IMPUTED,C2
IFF,CONSUMER,ML_NAME_IMPUTED,C3
HTGC,FINANCE,RULE,B
IVZ,FINANCE,EXPLICIT,A
IFS,FINANCE,RULE,B
JHX,SHIP_DEF,RULE,B
HRTG,FINANCE,RULE,B
JILL,SOFTWARE,ML_NAME_IMPUTED,C3
HIPO,CONSUMER,ML_NAME_IMPUTED,C3
HUM,HEALTH_SVC,EXPLICIT,A
INGM,SEMI,ML_NAME_IMPUTED,C2
KFRC,SOFTWARE,ML_NAME_IMPUTED,C2
INGR,SEMI,ML_NAME_IMPUTED,C3
KKR,FINANCE,EXPLICIT,A
HOMB,FINANCE,RULE,B
IIPR,FINANCE,RULE,B
KLC,CHEM_STEEL,ML_NAME_IMPUTED,C3
HL,CHEM_STEEL,RULE,B
HVT,CONSUMER,ML_NAME_IMPUTED,C3
HP,SEMI,ML_NAME_IMPUTED,C3
HR,HEALTH_SVC,RULE,B
HLIO,IT_HW,RULE,B
HY,SOFTWARE,ML_NAME_IMPUTED,C2
IHS,CONSUMER,ML_NAME_IMPUTED,C3
HWM,SHIP_DEF,EXPLICIT,A
KMI,ENERGY,EXPLICIT,A
IP,CHEM_STEEL,RULE,B
IR,SHIP_DEF,EXPLICIT,A
IT,CONSUMER,ML_NAME_IMPUTED,C3
KMT,CHEM_STEEL,RULE,B
KMX,FINANCE,ML_NAME_IMPUTED,C3
HXL,SEMI,ML_NAME_IMPUTED,C3
HVT.A,CONSUMER,ML_NAME_IMPUTED,C3
IONQ,SEMI,ML_NAME_IMPUTED,C3
JLL,SEMI,ML_NAME_IMPUTED,C3
KD,BATTERY,ML_NAME_IMPUTED,C3
KN,CHEM_STEEL,ML_NAME_IMPUTED,C3
IBTA,SOFTWARE,ML_NAME_IMPUTED,C2
KLAR,AUTO,ML_NAME_IMPUTED,C2
HSHP,CONSTRUCT,RULE,B
ITGR,ENERGY,ML_NAME_IMPUTED,C3
HIW,FINANCE,RULE,B
HZO,CONSTRUCT,RULE,B
JNJ,CONSTRUCT,ML_NAME_IMPUTED,C3
JBTM,CHEM_STEEL,ML_NAME_IMPUTED,C3
JOE,CONSUMER,ML_NAME_IMPUTED,C2
HLLY,SOFTWARE,ML_NAME_IMPUTED,C3
KAI,CONSUMER,ML_NAME_IMPUTED,C3
HLF,CHEM_STEEL,ML_NAME_IMPUTED,C3
JPM,FINANCE,EXPLICIT,A
INN,FINANCE,RULE,B
INR,CHEM_STEEL,ML_NAME_IMPUTED,C3
KBH,CONSTRUCT,EXPLICIT,A
HLT,CONSTRUCT,ML_NAME_IMPUTED,C3
JELD,CONSUMER,ML_NAME_IMPUTED,C3
KEYS,IT_HW,EXPLICIT,A
KBR,SEMI,ML_NAME_IMPUTED,C3
HMN,CONSUMER,ML_NAME_IMPUTED,C3
IOT,SOFTWARE,ML_NAME_IMPUTED,C2
JAN,SOFTWARE,ML_NAME_IMPUTED,C2
JMKE,SOFTWARE,ML_NAME_IMPUTED,C2
HLI,SOFTWARE,ML_NAME_IMPUTED,C2
HOV,BATTERY,ML_NAME_IMPUTED,C1
HUN,CHEM_STEEL,EXPLICIT,A
LVS,CONSUMER,ML_NAME_IMPUTED,C3
MHK,SHIP_DEF,RULE,B
MHO,CONSTRUCT,RULE,B
LBRT,ENERGY,RULE,B
LFT,FINANCE,RULE,B
LYNX,SHIP_DEF,ML_NAME_IMPUTED,C3
MIR,IT_HW,RULE,B
LION,TELCO_MEDIA,RULE,B
LXP,FINANCE,RULE,B
LXU,SHIP_DEF,RULE,B
L,CHEM_STEEL,ML_NAME_IMPUTED,C3
M,SEMI,ML_NAME_IMPUTED,C3
LYB,CHEM_STEEL,EXPLICIT,A
LHX,SHIP_DEF,EXPLICIT,A
MKC,SHIP_DEF,ML_NAME_IMPUTED,C2
KWR,CONSUMER,ML_NAME_IMPUTED,C3
LYV,TELCO_MEDIA,EXPLICIT,A
MANE,AUTO,ML_NAME_IMPUTED,C3
KREF,FINANCE,RULE,B
KWY,CHEM_STEEL,ML_NAME_IMPUTED,C3
LII,CONSUMER,ML_NAME_IMPUTED,C3
MKL,TELCO_MEDIA,ML_NAME_IMPUTED,C3
MHLA,FINANCE,ML_NAME_IMPUTED,C3
LZB,SEMI,ML_NAME_IMPUTED,C3
MANU,SHIP_DEF,ML_NAME_IMPUTED,C3
LZM,CHEM_STEEL,RULE,B
MLI,SHIP_DEF,RULE,B
MLM,CONSTRUCT,EXPLICIT,A
MLP,CONSUMER,ML_NAME_IMPUTED,C3
MLR,SHIP_DEF,RULE,B
KNOP,CHEM_STEEL,ML_NAME_IMPUTED,C3
MMI,SEMI,ML_NAME_IMPUTED,C3
MMM,SHIP_DEF,EXPLICIT,A
MMS,SEMI,ML_NAME_IMPUTED,C3
MHNC,CONSTRUCT,ML_NAME_IMPUTED,C3
LEN.B,CONSTRUCT,ML_NAME_IMPUTED,C2
KODK,SHIP_DEF,ML_NAME_IMPUTED,C3
LUMN,TELCO_MEDIA,EXPLICIT,A
LMND,CONSUMER,ML_NAME_IMPUTED,C3
LOAR,CONSUMER,ML_NAME_IMPUTED,C3
LLY,CONSUMER,ML_NAME_IMPUTED,C2
MICC,SHIP_DEF,ML_NAME_IMPUTED,C3
KNSL,FINANCE,RULE,B
LADR,FINANCE,RULE,B
MOD,AUTO,EXPLICIT,A
MOH,HEALTH_SVC,EXPLICIT,A
MOS,CHEM_STEEL,EXPLICIT,A
LMT,SHIP_DEF,EXPLICIT,A
LCII,SHIP_DEF,RULE,B
MOV,TELCO_MEDIA,ML_NAME_IMPUTED,C3
KPET,CHEM_STEEL,ML_NAME_IMPUTED,C3
MIAX,CONSUMER,ML_NAME_IMPUTED,C3
LNC,CONSTRUCT,ML_NAME_IMPUTED,C2
LNG,ENERGY,EXPLICIT,A
LNN,BATTERY,ML_NAME_IMPUTED,C3
LOCL,CHEM_STEEL,ML_NAME_IMPUTED,C3
KVUE,CONSUMER,ML_NAME_IMPUTED,C3
MOG.A,SOFTWARE,ML_NAME_IMPUTED,C2
MOG.B,SOFTWARE,ML_NAME_IMPUTED,C2
LOB,FINANCE,RULE,B
MBGL,AUTO,RULE,B
MAA,FINANCE,ML_NAME_IMPUTED,C3
MAC,CONSUMER,ML_NAME_IMPUTED,C2
LOW,CONSUMER,EXPLICIT,A
MATV,SOFTWARE,ML_NAME_IMPUTED,C3
MITT,FINANCE,RULE,B
KNTK,SOFTWARE,ML_NAME_IMPUTED,C2
MAN,ENERGY,ML_NAME_IMPUTED,C3
MATX,CONSTRUCT,EXPLICIT,A
MAS,CHEM_STEEL,ML_NAME_IMPUTED,C3
KNF,CONSUMER,ML_NAME_IMPUTED,C3
LPG,CONSTRUCT,ML_NAME_IMPUTED,C3
MAX,TELCO_MEDIA,RULE,B
MBC,CONSUMER,ML_NAME_IMPUTED,C3
KNX,CONSTRUCT,EXPLICIT,A
LPX,CONSTRUCT,ML_NAME_IMPUTED,C2
MBI,SEMI,ML_NAME_IMPUTED,C3
MAGN,BATTERY,ML_NAME_IMPUTED,C3
KO,CONSUMER,EXPLICIT,A
KR,CONSUMER,EXPLICIT,A
KRMN,SOFTWARE,ML_NAME_IMPUTED,C3
KOP,CONSUMER,ML_NAME_IMPUTED,C3
MCB,FINANCE,RULE,B
MKC.V,SHIP_DEF,ML_NAME_IMPUTED,C3
KOS,ENERGY,RULE,B
LAD,AUTO,EXPLICIT,A
LAC,BATTERY,EXPLICIT,A
MCK,HEALTH_SVC,EXPLICIT,A
LB,CHEM_STEEL,ML_NAME_IMPUTED,C3
MCO,FINANCE,EXPLICIT,A
LXFR,SOFTWARE,ML_NAME_IMPUTED,C3
LAR,BATTERY,RULE,B
LH,SOFTWARE,ML_NAME_IMPUTED,C3
MCS,CONSTRUCT,ML_NAME_IMPUTED,C3
LDOS,SHIP_DEF,EXPLICIT,A
MCY,CONSUMER,ML_NAME_IMPUTED,C3
LAW,CONSUMER,ML_NAME_IMPUTED,C3
LRN,SHIP_DEF,ML_NAME_IMPUTED,C3
LW,SHIP_DEF,ML_NAME_IMPUTED,C3
MDA,SHIP_DEF,ML_NAME_IMPUTED,C2
LUCK,TELCO_MEDIA,RULE,B
MA,FINANCE,EXPLICIT,A
MC,TELCO_MEDIA,ML_NAME_IMPUTED,C3
MD,HEALTH_SVC,RULE,B
LSPD,FINANCE,ML_NAME_IMPUTED,C3
MAIN,FINANCE,RULE,B
MG,TELCO_MEDIA,ML_NAME_IMPUTED,C3
MH,CONSUMER,ML_NAME_IMPUTED,C3
MDT,HEALTH_SVC,EXPLICIT,A
MAIR,IT_HW,RULE,B
MDU,CHEM_STEEL,ML_NAME_IMPUTED,C2
MO,CONSUMER,EXPLICIT,A
MP,CHEM_STEEL,EXPLICIT,A
MEC,CONSUMER,ML_NAME_IMPUTED,C3
MED,HEALTH_SVC,ML_NAME_IMPUTED,C3
MEI,IT_HW,RULE,B
LTC,FINANCE,RULE,B
KRC,FINANCE,RULE,B
MET,FINANCE,EXPLICIT,A
KRG,FINANCE,RULE,B
LTH,TELCO_MEDIA,ML_NAME_IMPUTED,C3
LVWR,TELCO_MEDIA,ML_NAME_IMPUTED,C2
KRP,CHEM_STEEL,RULE,B
KRO,CONSTRUCT,ML_NAME_IMPUTED,C3
MFA,FINANCE,RULE,B
MFC,FINANCE,RULE,B
LEVI,SOFTWARE,ML_NAME_IMPUTED,C2
LDI,SOFTWARE,ML_NAME_IMPUTED,C1
LANV,TELCO_MEDIA,ML_NAME_IMPUTED,C3
KVYO,TELCO_MEDIA,ML_NAME_IMPUTED,C3
MGA,CONSUMER,ML_NAME_IMPUTED,C3
LEA,AUTO,EXPLICIT,A
KSS,BATTERY,ML_NAME_IMPUTED,C3
LUV,CONSTRUCT,EXPLICIT,A
MGM,CONSUMER,RULE,B
LEN,CONSTRUCT,EXPLICIT,A
KTB,CONSUMER,RULE,B
LEU,ENERGY,RULE,B
MGY,ENERGY,RULE,B
MNTN,SOFTWARE,ML_NAME_IMPUTED,C3
LAZ,SEMI,ML_NAME_IMPUTED,C3
LCLN,TELCO_MEDIA,ML_NAME_IMPUTED,C2
MCD,CONSUMER,EXPLICIT,A
NGVC,CONSUMER,ML_NAME_IMPUTED,C3
MTRN,CHEM_STEEL,ML_NAME_IMPUTED,C2
NVST,ENERGY,ML_NAME_IMPUTED,C3
NMAX,TELCO_MEDIA,ML_NAME_IMPUTED,C1
NGVT,BATTERY,ML_NAME_IMPUTED,C3
NJR,CHEM_STEEL,RULE,B
MYE,SHIP_DEF,RULE,B
MTAL,FINANCE,RULE,B
NPWR,ENERGY,RULE,B
NLOP,FINANCE,RULE,B
MPLX,CHEM_STEEL,ML_NAME_IMPUTED,C3
O,FINANCE,RULE,B
MTDR,CHEM_STEEL,ML_NAME_IMPUTED,C1
NLY,FINANCE,RULE,B
NMG,CHEM_STEEL,ML_NAME_IMPUTED,C3
NMM,CONSTRUCT,ML_NAME_IMPUTED,C3
OFRM,CONSUMER,ML_NAME_IMPUTED,C3
NTST,CHEM_STEEL,ML_NAME_IMPUTED,C3
NPKI,CONSUMER,ML_NAME_IMPUTED,C3
NNI,SOFTWARE,ML_NAME_IMPUTED,C3
MSDL,FINANCE,ML_NAME_IMPUTED,C3
NNN,FINANCE,RULE,B
NVGS,SEMI,ML_NAME_IMPUTED,C3
NUVB,BIO,RULE,B
MRSH,SEMI,ML_NAME_IMPUTED,C3
MTUS,CHEM_STEEL,RULE,B
NOA,CONSTRUCT,RULE,B
NOC,SHIP_DEF,EXPLICIT,A
NOG,ENERGY,RULE,B
MSCI,FINANCE,EXPLICIT,A
NOV,CONSUMER,ML_NAME_IMPUTED,C3
NOW,SOFTWARE,EXPLICIT,A
NPB,FINANCE,RULE,B
NEXA,CHEM_STEEL,ML_NAME_IMPUTED,C1
NPK,SHIP_DEF,RULE,B
NPO,SEMI,ML_NAME_IMPUTED,C3
OCAC,FINANCE,RULE,B
NCDL,FINANCE,ML_NAME_IMPUTED,C3
OBK,FINANCE,RULE,B
NAT,CONSTRUCT,ML_NAME_IMPUTED,C3
MPC,ENERGY,EXPLICIT,A
NRG,ENERGY,EXPLICIT,A
ODC,ENERGY,RULE,B
MPT,HEALTH_SVC,RULE,B
NRT,FINANCE,RULE,B
NABL,CONSUMER,ML_NAME_IMPUTED,C3
NBR,SHIP_DEF,RULE,B
NSC,CONSTRUCT,EXPLICIT,A
MSGE,TELCO_MEDIA,RULE,B
NSP,SEMI,ML_NAME_IMPUTED,C3
OEC,ENERGY,ML_NAME_IMPUTED,C3
MSGS,TELCO_MEDIA,ML_NAME_IMPUTED,C3
NOMD,CONSUMER,RULE,B
NTB,FINANCE,RULE,B
NREF,FINANCE,RULE,B
MRK,SHIP_DEF,ML_NAME_IMPUTED,C3
MRP,FINANCE,RULE,B
NTR,CHEM_STEEL,ML_NAME_IMPUTED,C2
NATL,BATTERY,ML_NAME_IMPUTED,C3
OFG,FINANCE,RULE,B
MSA,SEMI,ML_NAME_IMPUTED,C3
MSB,FINANCE,RULE,B
NUE,CHEM_STEEL,EXPLICIT,A
MSI,IT_HW,RULE,B
MSM,SHIP_DEF,RULE,B
MSIF,FINANCE,ML_NAME_IMPUTED,C3
OGC,CHEM_STEEL,RULE,B
OGE,ENERGY,EXPLICIT,A
NUS,BATTERY,ML_NAME_IMPUTED,C2
OGG,CHEM_STEEL,RULE,B
NEE,ENERGY,EXPLICIT,A
NEM,CHEM_STEEL,EXPLICIT,A
OGN,CONSUMER,ML_NAME_IMPUTED,C3
MTB,FINANCE,RULE,B
OGS,ENERGY,RULE,B
MTD,CONSUMER,ML_NAME_IMPUTED,C3
NET,SOFTWARE,EXPLICIT,A
NRDY,SOFTWARE,ML_NAME_IMPUTED,C2
NEU,CHEM_STEEL,ML_NAME_IMPUTED,C3
MTH,CONSTRUCT,EXPLICIT,A
MTG,FINANCE,ML_NAME_IMPUTED,C3
MTN,CONSUMER,RULE,B
MTR,FINANCE,RULE,B
NBHC,FINANCE,RULE,B
NVR,SEMI,ML_NAME_IMPUTED,C3
NVT,SHIP_DEF,ML_NAME_IMPUTED,C3
NFG,ENERGY,RULE,B
MTX,CHEM_STEEL,RULE,B
MTW,SHIP_DEF,ML_NAME_IMPUTED,C3
OHI,HEALTH_SVC,RULE,B
MTZ,SEMI,ML_NAME_IMPUTED,C3
NRGV,ENERGY,RULE,B
NWN,CONSUMER,ML_NAME_IMPUTED,C3
MS,FINANCE,EXPLICIT,A
MZYX,FINANCE,RULE,B
NXRT,FINANCE,RULE,B
MUR,ENERGY,RULE,B
MX,SEMI,RULE,B
MUX,CHEM_STEEL,RULE,B
NGL,ENERGY,RULE,B
NC,SHIP_DEF,RULE,B
OBDC,FINANCE,RULE,B
NE,SHIP_DEF,ML_NAME_IMPUTED,C3
MTNE,IT_HW,RULE,B
NXE,ENERGY,RULE,B
NGS,ENERGY,RULE,B
NI,ENERGY,EXPLICIT,A
NL,SHIP_DEF,RULE,B
NP,FINANCE,RULE,B
NU,SOFTWARE,ML_NAME_IMPUTED,C2
NX,CONSTRUCT,RULE,B
NHI,HEALTH_SVC,RULE,B
MUSA,CONSTRUCT,ML_NAME_IMPUTED,C2
OC,SHIP_DEF,ML_NAME_IMPUTED,C3
NCLH,CONSTRUCT,ML_NAME_IMPUTED,C3
MWA,AUTO,ML_NAME_IMPUTED,C3
NYC,FINANCE,ML_NAME_IMPUTED,C2
OI,SOFTWARE,ML_NAME_IMPUTED,C3
NVRI,BATTERY,ML_NAME_IMPUTED,C3
NYT,SHIP_DEF,ML_NAME_IMPUTED,C2
NIC,FINANCE,RULE,B
NIQ,AUTO,ML_NAME_IMPUTED,C3
NXDR,SOFTWARE,ML_NAME_IMPUTED,C3
NXDT,FINANCE,RULE,B
NKE,CONSUMER,EXPLICIT,A
PATH,SOFTWARE,EXPLICIT,A
PR,CHEM_STEEL,RULE,B
PS,FINANCE,ML_NAME_IMPUTED,C3
PACS,TELCO_MEDIA,ML_NAME_IMPUTED,C3
PNC,FINANCE,EXPLICIT,A
OPTU,TELCO_MEDIA,RULE,B
OLN,CHEM_STEEL,EXPLICIT,A
OLP,FINANCE,RULE,B
PNR,SHIP_DEF,EXPLICIT,A
PNW,ENERGY,EXPLICIT,A
QTWO,BATTERY,ML_NAME_IMPUTED,C3
QLEP,FINANCE,RULE,B
OMC,TELCO_MEDIA,EXPLICIT,A
PSFE,ENERGY,ML_NAME_IMPUTED,C3
OMF,BATTERY,ML_NAME_IMPUTED,C3
POR,ENERGY,EXPLICIT,A
PACK,CONSUMER,ML_NAME_IMPUTED,C3
OPFI,SOFTWARE,ML_NAME_IMPUTED,C2
PPG,CHEM_STEEL,EXPLICIT,A
ONL,FINANCE,RULE,B
PPL,ENERGY,EXPLICIT,A
PUMP,CONSUMER,ML_NAME_IMPUTED,C3
PRGO,AUTO,ML_NAME_IMPUTED,C3
P,SOFTWARE,ML_NAME_IMPUTED,C2
Q,IT_HW,RULE,B
R,SEMI,ML_NAME_IMPUTED,C3
ONT,SHIP_DEF,ML_NAME_IMPUTED,C3
PNNT,FINANCE,ML_NAME_IMPUTED,C3
QSR,CONSUMER,RULE,B
PAG,AUTO,EXPLICIT,A
OKLO,SOFTWARE,ML_NAME_IMPUTED,C1
PAR,IT_HW,RULE,B
PXED,CONSUMER,RULE,B
PRIM,CONSTRUCT,ML_NAME_IMPUTED,C3
PRG,SOFTWARE,ML_NAME_IMPUTED,C3
POST,CONSUMER,ML_NAME_IMPUTED,C3
PRI,CONSUMER,ML_NAME_IMPUTED,C3
PAY,FINANCE,RULE,B
PRM,IT_HW,RULE,B
PBA,CHEM_STEEL,ML_NAME_IMPUTED,C2
PRS,FINANCE,RULE,B
PRU,FINANCE,EXPLICIT,A
PRT,FINANCE,RULE,B
PBF,ENERGY,RULE,B
PBI,SEMI,ML_NAME_IMPUTED,C3
PBH,HEALTH_SVC,RULE,B
OPY,SOFTWARE,ML_NAME_IMPUTED,C3
PAYC,SOFTWARE,EXPLICIT,A
PSA,CONSUMER,ML_NAME_IMPUTED,C3
PBT,FINANCE,RULE,B
QRED,FINANCE,RULE,B
PSN,BATTERY,ML_NAME_IMPUTED,C3
PSX,ENERGY,EXPLICIT,A
PCG,ENERGY,EXPLICIT,A
PAGS,SOFTWARE,RULE,B
ONTO,CONSUMER,ML_NAME_IMPUTED,C3
ORA,IT_HW,RULE,B
ORC,FINANCE,RULE,B
PLOW,SHIP_DEF,ML_NAME_IMPUTED,C3
ORI,CONSTRUCT,ML_NAME_IMPUTED,C3
ORN,TELCO_MEDIA,ML_NAME_IMPUTED,C3
PERF,IT_HW,ML_NAME_IMPUTED,C3
PRKS,CONSUMER,RULE,B
PDM,FINANCE,RULE,B
PRLB,SOFTWARE,ML_NAME_IMPUTED,C3
PDS,CHEM_STEEL,ML_NAME_IMPUTED,C3
OSG,FINANCE,ML_NAME_IMPUTED,C3
OSK,CHEM_STEEL,ML_NAME_IMPUTED,C3
PLNT,SOFTWARE,ML_NAME_IMPUTED,C3
OTAI,FINANCE,RULE,B
PFSI,FINANCE,RULE,B
PEB,FINANCE,RULE,B
PEG,ENERGY,EXPLICIT,A
PEN,CONSUMER,ML_NAME_IMPUTED,C3
OTF,FINANCE,RULE,B
PEW,SOFTWARE,RULE,B
PVH,CONSUMER,EXPLICIT,A
OPLN,CONSUMER,ML_NAME_IMPUTED,C3
PVL,FINANCE,RULE,B
QXO,CONSTRUCT,ML_NAME_IMPUTED,C2
PFE,CONSUMER,ML_NAME_IMPUTED,C3
QGEN,CHEM_STEEL,ML_NAME_IMPUTED,C3
PFS,FINANCE,RULE,B
PWR,CONSTRUCT,EXPLICIT,A
OUT,TELCO_MEDIA,RULE,B
PRMB,CONSUMER,RULE,B
PCOR,SOFTWARE,EXPLICIT,A
PHIN,AUTO,EXPLICIT,A
PGR,FINANCE,EXPLICIT,A
OVV,FINANCE,ML_NAME_IMPUTED,C3
OOMA,CONSUMER,ML_NAME_IMPUTED,C3
PHM,CONSTRUCT,EXPLICIT,A
OWLT,SOFTWARE,ML_NAME_IMPUTED,C2
PINE,FINANCE,RULE,B
PHR,CONSUMER,ML_NAME_IMPUTED,C3
PINS,SOFTWARE,EXPLICIT,A
QUAD,SOFTWARE,ML_NAME_IMPUTED,C2
OWL,FINANCE,RULE,B
PYT,FINANCE,RULE,B
PNFP,FINANCE,RULE,B
ONIT,TELCO_MEDIA,ML_NAME_IMPUTED,C3
PDCC,FINANCE,RULE,B
PII,ENERGY,ML_NAME_IMPUTED,C3
OSCR,HEALTH_SVC,RULE,B
PFGC,CONSUMER,RULE,B
PSQH,SOFTWARE,ML_NAME_IMPUTED,C2
OXM,SHIP_DEF,RULE,B
OXY,ENERGY,EXPLICIT,A
PJT,HEALTH_SVC,ML_NAME_IMPUTED,C3
PIPR,CONSUMER,ML_NAME_IMPUTED,C3
PSTL,FINANCE,RULE,B
PSBD,FINANCE,RULE,B
ORCL,SOFTWARE,EXPLICIT,A
PKE,SHIP_DEF,RULE,B
PKG,CHEM_STEEL,ML_NAME_IMPUTED,C3
OII,SHIP_DEF,ML_NAME_IMPUTED,C3
PLUN,FINANCE,RULE,B
OIS,ENERGY,RULE,B
PLGO,FINANCE,RULE,B
PRSU,HEALTH_SVC,RULE,B
PAAS,CHEM_STEEL,RULE,B
PLD,CONSTRUCT,ML_NAME_IMPUTED,C3
PARR,CONSTRUCT,ML_NAME_IMPUTED,C3
ONON,SOFTWARE,ML_NAME_IMPUTED,C3
PFLT,FINANCE,RULE,B
OR,CHEM_STEEL,ML_NAME_IMPUTED,C1
OKE,ENERGY,EXPLICIT,A
OTIS,CONSTRUCT,ML_NAME_IMPUTED,C3
PB,FINANCE,RULE,B
PD,CONSUMER,ML_NAME_IMPUTED,C3
PMT,FINANCE,RULE,B
PG,CONSUMER,EXPLICIT,A
PH,SHIP_DEF,EXPLICIT,A
PK,CONSUMER,RULE,B
PL,SOFTWARE,ML_NAME_IMPUTED,C1
PM,CONSUMER,EXPLICIT,A
RNGR,ENERGY,RULE,B
RRC,ENERGY,EXPLICIT,A
SMBK,FINANCE,RULE,B
RHLD,FINANCE,ML_NAME_IMPUTED,C3
RBA,CONSTRUCT,ML_NAME_IMPUTED,C3
RBC,SEMI,ML_NAME_IMPUTED,C3
RRX,BATTERY,ML_NAME_IMPUTED,C3
SLQT,CONSUMER,ML_NAME_IMPUTED,C3
RSG,CONSTRUCT,ML_NAME_IMPUTED,C2
RSI,SOFTWARE,RULE,B
RC,FINANCE,RULE,B
RAMP,CONSUMER,ML_NAME_IMPUTED,C3
RF,FINANCE,RULE,B
SEG,TELCO_MEDIA,RULE,B
RH,CONSUMER,ML_NAME_IMPUTED,C3
SEI,ENERGY,RULE,B
RCI,TELCO_MEDIA,RULE,B
RCL,FINANCE,ML_NAME_IMPUTED,C3
RL,CONSUMER,EXPLICIT,A
SMRT,SOFTWARE,ML_NAME_IMPUTED,C2
RM,FINANCE,ML_NAME_IMPUTED,C3
SES,BATTERY,EXPLICIT,A
RS,CHEM_STEEL,EXPLICIT,A
RVII,FINANCE,ML_NAME_IMPUTED,C2
RY,FINANCE,RULE,B
REXR,FINANCE,RULE,B
SA,CHEM_STEEL,RULE,B
RBRK,SOFTWARE,ML_NAME_IMPUTED,C1
SB,CONSTRUCT,ML_NAME_IMPUTED,C3
SD,ENERGY,RULE,B
S,SOFTWARE,ML_NAME_IMPUTED,C2
SF,FINANCE,RULE,B
SG,SOFTWARE,ML_NAME_IMPUTED,C2
SAMO,FINANCE,RULE,B
SI,CONSUMER,ML_NAME_IMPUTED,C3
RTX,SHIP_DEF,EXPLICIT,A
SFL,BATTERY,ML_NAME_IMPUTED,C3
SM,ENERGY,RULE,B
RDN,TELCO_MEDIA,ML_NAME_IMPUTED,C2
RDDT,SOFTWARE,EXPLICIT,A
RDW,CHEM_STEEL,ML_NAME_IMPUTED,C3
SGHC,CONSUMER,ML_NAME_IMPUTED,C3
SDRL,ENERGY,ML_NAME_IMPUTED,C3
SECZ,CHEM_STEEL,ML_NAME_IMPUTED,C3
REF,SOFTWARE,ML_NAME_IMPUTED,C3
SGI,CONSUMER,ML_NAME_IMPUTED,C3
SGU,CONSTRUCT,ML_NAME_IMPUTED,C3
RES,CONSTRUCT,ML_NAME_IMPUTED,C3
REX,CHEM_STEEL,RULE,B
REZI,IT_HW,RULE,B
RVI,FINANCE,ML_NAME_IMPUTED,C3
RYAN,SOFTWARE,ML_NAME_IMPUTED,C3
RYAM,CHEM_STEEL,RULE,B
RFL,SOFTWARE,ML_NAME_IMPUTED,C2
SCCO,CHEM_STEEL,EXPLICIT,A
SHO,CONSUMER,RULE,B
SHW,CHEM_STEEL,EXPLICIT,A
RCUS,BIO,RULE,B
SIND,SEMI,ML_NAME_IMPUTED,C3
RGA,FINANCE,RULE,B
RWT,FINANCE,RULE,B
SIG,ENERGY,ML_NAME_IMPUTED,C3
SII,CHEM_STEEL,ML_NAME_IMPUTED,C3
RGR,SHIP_DEF,ML_NAME_IMPUTED,C2
SBSI,FINANCE,RULE,B
RXO,CONSTRUCT,EXPLICIT,A
RHI,SHIP_DEF,ML_NAME_IMPUTED,C3
RITM,FINANCE,RULE,B
SJM,CONSUMER,EXPLICIT,A
RHP,HEALTH_SVC,RULE,B
SJT,FINANCE,RULE,B
RYN,FINANCE,RULE,B
RVLV,TELCO_MEDIA,ML_NAME_IMPUTED,C2
SKE,CHEM_STEEL,ML_NAME_IMPUTED,C2
RIG,CONSTRUCT,ML_NAME_IMPUTED,C3
RYZ,CONSUMER,ML_NAME_IMPUTED,C3
SLVM,BATTERY,ML_NAME_IMPUTED,C3
RACE,CHEM_STEEL,ML_NAME_IMPUTED,C3
SKT,SHIP_DEF,ML_NAME_IMPUTED,C3
SMHI,CONSTRUCT,RULE,B
SKY,CONSTRUCT,RULE,B
SLB,ENERGY,EXPLICIT,A
SLF,FINANCE,RULE,B
RJF,FINANCE,RULE,B
SLG,FINANCE,RULE,B
SHAK,SOFTWARE,ML_NAME_IMPUTED,C2
SLGN,SOFTWARE,ML_NAME_IMPUTED,C3
SMA,FINANCE,RULE,B
SMC,FINANCE,ML_NAME_IMPUTED,C3
SDHC,CONSTRUCT,RULE,B
SMG,CONSUMER,ML_NAME_IMPUTED,C3
SARO,SHIP_DEF,ML_NAME_IMPUTED,C3
SMP,AUTO,ML_NAME_IMPUTED,C1
SMR,ENERGY,RULE,B
RKT,SHIP_DEF,RULE,B
SKYH,TELCO_MEDIA,ML_NAME_IMPUTED,C3
RLI,CHEM_STEEL,ML_NAME_IMPUTED,C3
RLJ,FINANCE,RULE,B
SBXD,CHEM_STEEL,RULE,B
SKIL,SOFTWARE,ML_NAME_IMPUTED,C2
SITE,CONSUMER,ML_NAME_IMPUTED,C3
SITC,CHEM_STEEL,ML_NAME_IMPUTED,C3
RMD,HEALTH_SVC,EXPLICIT,A
SCHW,FINANCE,EXPLICIT,A
RSKD,SOFTWARE,ML_NAME_IMPUTED,C2
RNG,SOFTWARE,ML_NAME_IMPUTED,C2
RNR,SOFTWARE,ML_NAME_IMPUTED,C3
RBLX,TELCO_MEDIA,EXPLICIT,A
SAGU,FINANCE,ML_NAME_IMPUTED,C1
ROG,SHIP_DEF,ML_NAME_IMPUTED,C3
SAFE,CHEM_STEEL,ML_NAME_IMPUTED,C3
ROL,SHIP_DEF,ML_NAME_IMPUTED,C3
ROK,SHIP_DEF,EXPLICIT,A
RNST,BATTERY,ML_NAME_IMPUTED,C3
SAH,AUTO,RULE,B
SAM,CONSUMER,ML_NAME_IMPUTED,C3
SFBS,FINANCE,RULE,B
RPC,FINANCE,RULE,B
SAR,FINANCE,ML_NAME_IMPUTED,C2
RPM,CONSUMER,ML_NAME_IMPUTED,C3
RPT,FINANCE,RULE,B
SBH,CONSUMER,RULE,B
SBR,FINANCE,RULE,B
RVTY,HEALTH_SVC,ML_NAME_IMPUTED,C3
SCI,ENERGY,ML_NAME_IMPUTED,C3
RAL,CHEM_STEEL,ML_NAME_IMPUTED,C3
SCM,FINANCE,RULE,B
SCL,CONSUMER,ML_NAME_IMPUTED,C3
SPHR,TELCO_MEDIA,RULE,B
STC,SOFTWARE,RULE,B
TRIN,FINANCE,RULE,B
STE,CHEM_STEEL,ML_NAME_IMPUTED,C3
TEX,SEMI,ML_NAME_IMPUTED,C3
TPVG,FINANCE,RULE,B
STN,CONSUMER,ML_NAME_IMPUTED,C3
SNDR,CONSTRUCT,EXPLICIT,A
TFC,FINANCE,EXPLICIT,A
STT,FINANCE,EXPLICIT,A
STZ,CONSUMER,RULE,B
SSMR,CHEM_STEEL,RULE,B
SUI,FINANCE,ML_NAME_IMPUTED,C3
TFX,SEMI,ML_NAME_IMPUTED,C3
TAP.A,CONSUMER,RULE,B
SUN,CHEM_STEEL,ML_NAME_IMPUTED,C3
SPXC,IT_HW,RULE,B
TGE,TELCO_MEDIA,ML_NAME_IMPUTED,C3
TOST,SOFTWARE,EXPLICIT,A
SNDA,SEMI,ML_NAME_IMPUTED,C3
TGT,CONSUMER,EXPLICIT,A
THC,HEALTH_SVC,EXPLICIT,A
SVV,FINANCE,ML_NAME_IMPUTED,C3
THG,FINANCE,RULE,B
T,TELCO_MEDIA,EXPLICIT,A
THO,SHIP_DEF,RULE,B
SN,SOFTWARE,ML_NAME_IMPUTED,C3
SO,ENERGY,EXPLICIT,A
SR,SOFTWARE,ML_NAME_IMPUTED,C3
SPIR,SOFTWARE,ML_NAME_IMPUTED,C3
ST,IT_HW,RULE,B
STAG,SHIP_DEF,RULE,B
SU,ENERGY,RULE,B
TDOC,HEALTH_SVC,RULE,B
SW,AUTO,ML_NAME_IMPUTED,C3
SWK,SHIP_DEF,EXPLICIT,A
TIC,IT_HW,RULE,B
TD,FINANCE,RULE,B
TE,ENERGY,RULE,B
TG,CONSTRUCT,ML_NAME_IMPUTED,C3
SWX,ENERGY,RULE,B
TK,BATTERY,ML_NAME_IMPUTED,C3
TR,SHIP_DEF,RULE,B
SXC,ENERGY,RULE,B
SMWB,SOFTWARE,ML_NAME_IMPUTED,C3
SXI,SHIP_DEF,ML_NAME_IMPUTED,C3
STUB,SOFTWARE,ML_NAME_IMPUTED,C2
STDN,ENERGY,RULE,B
SXT,IT_HW,RULE,B
TNET,TELCO_MEDIA,ML_NAME_IMPUTED,C3
TDAY,CONSTRUCT,ML_NAME_IMPUTED,C2
SPMC,FINANCE,RULE,B
TALO,ENERGY,RULE,B
TRNO,FINANCE,RULE,B
SYF,FINANCE,EXPLICIT,A
TJX,CONSUMER,EXPLICIT,A
SYK,HEALTH_SVC,EXPLICIT,A
TRLV,CHEM_STEEL,ML_NAME_IMPUTED,C3
SYY,CONSUMER,EXPLICIT,A
SOJC,ENERGY,ML_NAME_IMPUTED,C2
TKO,TELCO_MEDIA,EXPLICIT,A
TKR,CONSUMER,ML_NAME_IMPUTED,C2
TECK,CHEM_STEEL,ML_NAME_IMPUTED,C1
SOLV,ENERGY,ML_NAME_IMPUTED,C3
TROX,SOFTWARE,ML_NAME_IMPUTED,C3
SPNT,CHEM_STEEL,ML_NAME_IMPUTED,C3
STWD,FINANCE,RULE,B
STEM,BATTERY,EXPLICIT,A
SSTK,SEMI,ML_NAME_IMPUTED,C3
TMO,HEALTH_SVC,EXPLICIT,A
TEVA,BIO,RULE,B
STVN,TELCO_MEDIA,ML_NAME_IMPUTED,C3
TRAD,IT_HW,RULE,B
TNC,CONSUMER,ML_NAME_IMPUTED,C3
TBBB,CONSUMER,RULE,B
TRAK,CONSUMER,ML_NAME_IMPUTED,C3
TNK,FINANCE,ML_NAME_IMPUTED,C3
TNL,CONSUMER,RULE,B
TGLS,HEALTH_SVC,ML_NAME_IMPUTED,C3
TCBX,FINANCE,RULE,B
SPOT,TELCO_MEDIA,EXPLICIT,A
TFIN,FINANCE,RULE,B
TOL,CONSTRUCT,EXPLICIT,A
TFII,SHIP_DEF,ML_NAME_IMPUTED,C3
SRFM,AUTO,RULE,B
SPRU,ENERGY,RULE,B
TPC,CHEM_STEEL,ML_NAME_IMPUTED,C3
SNA,SHIP_DEF,EXPLICIT,A
TPB,CONSUMER,RULE,B
TPL,SEMI,ML_NAME_IMPUTED,C3
TPR,CONSUMER,EXPLICIT,A
SPCE,SHIP_DEF,ML_NAME_IMPUTED,C3
SNX,BATTERY,ML_NAME_IMPUTED,C3
SOC,CHEM_STEEL,ML_NAME_IMPUTED,C3
SON,AUTO,ML_NAME_IMPUTED,C2
SOS,SOFTWARE,ML_NAME_IMPUTED,C3
TAC,CHEM_STEEL,ML_NAME_IMPUTED,C3
TAP,CONSUMER,RULE,B
SPB,CONSUMER,RULE,B
TRC,CONSUMER,ML_NAME_IMPUTED,C3
SPG,FINANCE,ML_NAME_IMPUTED,C2
SOBO,CHEM_STEEL,ML_NAME_IMPUTED,C3
TRN,SHIP_DEF,RULE,B
TRP,ENERGY,RULE,B
TBB,FINANCE,ML_NAME_IMPUTED,C3
TREX,SHIP_DEF,ML_NAME_IMPUTED,C3
TRU,CONSTRUCT,ML_NAME_IMPUTED,C3
TRV,FINANCE,EXPLICIT,A
TBI,SEMI,ML_NAME_IMPUTED,C3
TBN,CHEM_STEEL,RULE,B
SNOW,SOFTWARE,EXPLICIT,A
TRTX,FINANCE,RULE,B
TISI,CONSUMER,RULE,B
STLA,CHEM_STEEL,ML_NAME_IMPUTED,C3
SUNB,HEALTH_SVC,ML_NAME_IMPUTED,C3
TLYS,CONSUMER,ML_NAME_IMPUTED,C3
TCI,FINANCE,RULE,B
TRGP,CHEM_STEEL,RULE,B
SRE,ENERGY,EXPLICIT,A
TFPM,CHEM_STEEL,RULE,B
SRG,FINANCE,RULE,B
SRI,CONSUMER,ML_NAME_IMPUTED,C3
SRL,CHEM_STEEL,RULE,B
TDC,SEMI,ML_NAME_IMPUTED,C3
TDG,SHIP_DEF,EXPLICIT,A
SPGI,FINANCE,EXPLICIT,A
TDS,IT_HW,RULE,B
SSB,FINANCE,RULE,B
SSD,AUTO,ML_NAME_IMPUTED,C1
TDW,SHIP_DEF,ML_NAME_IMPUTED,C3
TDY,IT_HW,RULE,B
SNAP,SOFTWARE,EXPLICIT,A
SST,SOFTWARE,ML_NAME_IMPUTED,C2
TEL,IT_HW,EXPLICIT,A
STNG,CHEM_STEEL,ML_NAME_IMPUTED,C3
TEN,ENERGY,RULE,B
TVC,ENERGY,RULE,B
TVE,FINANCE,ML_NAME_IMPUTED,C3
VRTS,HEALTH_SVC,ML_NAME_IMPUTED,C3
WLK,BATTERY,ML_NAME_IMPUTED,C3
VIRT,FINANCE,RULE,B
VGNT,AUTO,ML_NAME_IMPUTED,C2
UHT,HEALTH_SVC,RULE,B
UHS,HEALTH_SVC,EXPLICIT,A
TWI,SHIP_DEF,ML_NAME_IMPUTED,C2
WMB,ENERGY,EXPLICIT,A
WMK,SEMI,ML_NAME_IMPUTED,C3
WMS,IT_HW,RULE,B
UIS,CONSTRUCT,ML_NAME_IMPUTED,C3
WNC,CONSTRUCT,ML_NAME_IMPUTED,C2
TXT,SHIP_DEF,EXPLICIT,A
U,SOFTWARE,EXPLICIT,A
V,FINANCE,EXPLICIT,A
VSXY,SEMI,ML_NAME_IMPUTED,C3
W,SOFTWARE,ML_NAME_IMPUTED,C2
VLO,ENERGY,EXPLICIT,A
VLN,SEMI,RULE,B
WRBY,SOFTWARE,ML_NAME_IMPUTED,C2
TYL,IT_HW,RULE,B
TSLX,FINANCE,ML_NAME_IMPUTED,C3
VMC,CONSTRUCT,EXPLICIT,A
VICI,FINANCE,RULE,B
VMI,SHIP_DEF,RULE,B
VATE,CHEM_STEEL,ML_NAME_IMPUTED,C3
WOLF,SEMI,EXPLICIT,A
WOR,CONSTRUCT,ML_NAME_IMPUTED,C3
TT,IT_HW,RULE,B
TU,CHEM_STEEL,ML_NAME_IMPUTED,C3
TTAM,CONSTRUCT,ML_NAME_IMPUTED,C3
WPC,FINANCE,RULE,B
UA,SOFTWARE,ML_NAME_IMPUTED,C2
UE,FINANCE,RULE,B
UI,IT_HW,EXPLICIT,A
WPM,CHEM_STEEL,RULE,B
VNO,FINANCE,RULE,B
UP,SOFTWARE,ML_NAME_IMPUTED,C2
ULS,IT_HW,RULE,B
VNT,ENERGY,ML_NAME_IMPUTED,C3
VOC,FINANCE,RULE,B
UMH,FINANCE,RULE,B
VG,SOFTWARE,ML_NAME_IMPUTED,C3
WAB,IT_HW,RULE,B
WAL,FINANCE,RULE,B
VZ,TELCO_MEDIA,EXPLICIT,A
WRB,CHEM_STEEL,ML_NAME_IMPUTED,C3
WAT,SHIP_DEF,ML_NAME_IMPUTED,C3
UNF,CONSTRUCT,ML_NAME_IMPUTED,C3
VPG,TELCO_MEDIA,ML_NAME_IMPUTED,C3
WD,CONSUMER,ML_NAME_IMPUTED,C3
UNH,HEALTH_SVC,EXPLICIT,A
WH,CONSUMER,RULE,B
UNM,TELCO_MEDIA,ML_NAME_IMPUTED,C3
UNP,CONSTRUCT,EXPLICIT,A
WM,FINANCE,ML_NAME_IMPUTED,C2
WBI,CONSTRUCT,RULE,B
WELL,SEMI,ML_NAME_IMPUTED,C3
WBX,SOFTWARE,ML_NAME_IMPUTED,C2
USNA,HEALTH_SVC,RULE,B
WCC,SHIP_DEF,EXPLICIT,A
VAC,CONSTRUCT,ML_NAME_IMPUTED,C3
VAL,ENERGY,ML_NAME_IMPUTED,C3
WCN,CHEM_STEEL,ML_NAME_IMPUTED,C3
VMRK,FINANCE,ML_NAME_IMPUTED,C2
UPS,CONSTRUCT,EXPLICIT,A
VRT,IT_HW,EXPLICIT,A
UAMY,CONSTRUCT,ML_NAME_IMPUTED,C1
VSH,SEMI,ML_NAME_IMPUTED,C3
USPH,BIO,ML_NAME_IMPUTED,C3
VTOL,TELCO_MEDIA,ML_NAME_IMPUTED,C3
UAA,SOFTWARE,ML_NAME_IMPUTED,C2
VST,ENERGY,EXPLICIT,A
UNFI,CONSUMER,RULE,B
UAN,CHEM_STEEL,ML_NAME_IMPUTED,C3
WES,CONSTRUCT,ML_NAME_IMPUTED,C3
WEX,SHIP_DEF,ML_NAME_IMPUTED,C3
URI,SHIP_DEF,EXPLICIT,A
VTS,ENERGY,RULE,B
VTR,SEMI,ML_NAME_IMPUTED,C3
WFC,FINANCE,EXPLICIT,A
WFG,ENERGY,ML_NAME_IMPUTED,C3
TWLO,SOFTWARE,EXPLICIT,A
TXNM,ENERGY,RULE,B
USB,FINANCE,EXPLICIT,A
VECA,FINANCE,RULE,B
UBS,CONSTRUCT,ML_NAME_IMPUTED,C3
USAC,CONSTRUCT,ML_NAME_IMPUTED,C3
UHAL.B,CONSUMER,ML_NAME_IMPUTED,C3
UCB,FINANCE,ML_NAME_IMPUTED,C3
VEL,FINANCE,RULE,B
VET,ENERGY,RULE,B
VEEV,IT_HW,RULE,B
UTI,IT_HW,ML_NAME_IMPUTED,C3
UTL,CONSTRUCT,ML_NAME_IMPUTED,C3
VFC,CHEM_STEEL,ML_NAME_IMPUTED,C3
WHD,SOFTWARE,ML_NAME_IMPUTED,C2
VVV,SOFTWARE,ML_NAME_IMPUTED,C3
WHG,TELCO_MEDIA,ML_NAME_IMPUTED,C3
VLTO,CHEM_STEEL,ML_NAME_IMPUTED,C3
VVX,CONSTRUCT,ML_NAME_IMPUTED,C3
UTZ,CONSUMER,RULE,B
UWMC,TELCO_MEDIA,ML_NAME_IMPUTED,C3
WHR,CONSUMER,EXPLICIT,A
UDR,SEMI,ML_NAME_IMPUTED,C3
VOYA,FINANCE,RULE,B
WEAV,TELCO_MEDIA,RULE,B
TSN,CONSUMER,RULE,B
VOYG,IT_HW,RULE,B
TSQ,TELCO_MEDIA,RULE,B
TTC,SHIP_DEF,EXPLICIT,A
TTE,SOFTWARE,ML_NAME_IMPUTED,C3
UVE,FINANCE,RULE,B
TTI,IT_HW,RULE,B
UVV,IT_HW,ML_NAME_IMPUTED,C3
VSTS,BATTERY,ML_NAME_IMPUTED,C3
VHI,SEMI,ML_NAME_IMPUTED,C3
UFI,CONSTRUCT,ML_NAME_IMPUTED,C3
UHAL,CONSUMER,ML_NAME_IMPUTED,C3
VTEX,SOFTWARE,ML_NAME_IMPUTED,C3
UBER,CONSTRUCT,EXPLICIT,A
WKC,CONSTRUCT,ML_NAME_IMPUTED,C3
VIA,CONSTRUCT,RULE,B
VYX,CHEM_STEEL,ML_NAME_IMPUTED,C3
UGI,CHEM_STEEL,ML_NAME_IMPUTED,C3
VII,FINANCE,RULE,B
VIK,SOFTWARE,ML_NAME_IMPUTED,C3
USFD,CONSUMER,EXPLICIT,A
WEC,ENERGY,EXPLICIT,A
WENC,ENERGY,ML_NAME_IMPUTED,C3
WGO,SHIP_DEF,RULE,B
WHK,CHEM_STEEL,RULE,B
WK,SOFTWARE,ML_NAME_IMPUTED,C1
WLY,SOFTWARE,ML_NAME_IMPUTED,C3
WLYB,SOFTWARE,ML_NAME_IMPUTED,C3
WS,CHEM_STEEL,RULE,B
ZIP,SOFTWARE,ML_NAME_IMPUTED,C2
XPER,CONSTRUCT,ML_NAME_IMPUTED,C3
XZO,TELCO_MEDIA,ML_NAME_IMPUTED,C3
WTI,SOFTWARE,ML_NAME_IMPUTED,C3
WTM,FINANCE,RULE,B
XRN,FINANCE,RULE,B
WTS,SHIP_DEF,EXPLICIT,A
XTND,SHIP_DEF,RULE,B
YUMC,CONSUMER,EXPLICIT,A
XPRO,IT_HW,ML_NAME_IMPUTED,C3
ZBH,HEALTH_SVC,EXPLICIT,A
YETI,CONSUMER,EXPLICIT,A
YUM,CONSUMER,EXPLICIT,A
WTTR,IT_HW,RULE,B
XOM,ENERGY,EXPLICIT,A
ZWS,IT_HW,RULE,B
YELP,SEMI,ML_NAME_IMPUTED,C3
ZGN,SOFTWARE,ML_NAME_IMPUTED,C3
XIFR,CONSTRUCT,RULE,B
XPO,CONSTRUCT,EXPLICIT,A
ZTS,SOFTWARE,ML_NAME_IMPUTED,C2
WT,FINANCE,EXPLICIT,A
WU,CONSTRUCT,ML_NAME_IMPUTED,C3
WY,SHIP_DEF,ML_NAME_IMPUTED,C3
XHR,CONSUMER,RULE,B
XPOF,SOFTWARE,ML_NAME_IMPUTED,C2
XYL,SHIP_DEF,EXPLICIT,A
WSM,CONSUMER,EXPLICIT,A
ZETA,CONSUMER,ML_NAME_IMPUTED,C3
WSO,CONSUMER,ML_NAME_IMPUTED,C3
WWW,CONSTRUCT,ML_NAME_IMPUTED,C3
XYZ,SOFTWARE,ML_NAME_IMPUTED,C2
YSS,SHIP_DEF,RULE,B
WST,BIO,RULE,B
WTRG,ENERGY,RULE,B
YOU,SOFTWARE,ML_NAME_IMPUTED,C2
ZVIA,SOFTWARE,ML_NAME_IMPUTED,C2
ZIM,CONSTRUCT,EXPLICIT,A
WSO.B,SOFTWARE,ML_NAME_IMPUTED,C2
XXI,FINANCE,RULE,B
YEXT,SHIP_DEF,ML_NAME_IMPUTED,C3
