case,variant,phase,period,start,end,days,CAGR,MDD,Sharpe,totalReturn,SPY_CAGR,excessCAGR,annualTurnover,case_kind,case_start,case_capital,case_mode,case_sector,weight,frequency,beta_cut,beta_days,initial_capital,cost,participation,persist_orders,calendarYearReturn,spyCalendarYearReturn,calendarYearExcess,partialYear
A0_event,A0_event,baseline,2017,2017-01-04,2017-12-29,250,-0.098577151613955,-0.241041440185712,-0.3885795947467607,-0.0978343822414642,0.2120011745455907,-0.3105783261595458,13.994117623260092,frozen_baseline,,,,,50,event,0.5,3,100000.0,0.0025,0.01,True,-0.0978343822414642,0.21015310140377008,-0.30798748364523426,False
A0_event,A0_event,baseline,2018,2018-01-02,2018-12-31,251,-0.3444174393995783,-0.4310592515590944,-1.4602392392893209,-0.3433180769808438,-0.0642984107744514,-0.2801190286251269,12.965696609635332,frozen_baseline,,,,,50,event,0.5,3,100000.0,0.0025,0.01,True,-0.3433180769808438,-0.06405161044839947,-0.27926646653244436,False
A0_event,A0_event,baseline,2019,2019-01-02,2019-12-31,252,0.9057051845051884,-0.1457745767513946,2.790799418014271,0.9057051845051884,0.3401954545671213,0.5655097299380671,8.424847570728938,frozen_baseline,,,,,50,event,0.5,3,100000.0,0.0025,0.01,True,0.9057051845051884,0.3401954545671213,0.5655097299380671,False
A0_event,A0_event,baseline,2020,2020-01-02,2020-12-31,253,0.4171653795720413,-0.4176488031481994,1.010055297844633,0.4191274786268435,0.1813082709311855,0.2358571086408558,11.289569523310348,frozen_baseline,,,,,50,event,0.5,3,100000.0,0.0025,0.01,True,0.4191274786268435,0.18208961084499786,0.23703786778184566,False
A0_event,A0_event,baseline,2021,2021-01-04,2021-12-31,252,-0.0875284927395033,-0.2985441906446343,-0.0365009256456709,-0.0875284927395033,0.2861550585808201,-0.3736835513203235,15.89015057305799,frozen_baseline,,,,,50,event,0.5,3,100000.0,0.0025,0.01,True,-0.0875284927395033,0.28615505858082013,-0.37368355132032344,False
A0_event,A0_event,baseline,2022,2022-01-03,2022-12-30,251,0.0716442923928979,-0.3056574268176801,0.3754042615934447,0.0713500805663749,-0.180528833522089,0.252173125914987,11.787759814603865,frozen_baseline,,,,,50,event,0.5,3,100000.0,0.0025,0.01,True,0.0713500805663749,-0.17988114323237925,0.2512312237987542,False
A0_event,A0_event,baseline,2023,2023-01-03,2023-12-29,250,0.2096073998140997,-0.2800584209079992,0.787021511501732,0.2077819273742469,0.2494116142532503,-0.0398042144391506,11.557720356218042,frozen_baseline,,,,,50,event,0.5,3,100000.0,0.0025,0.01,True,0.2077819273742469,0.24720554909618309,-0.0394236217219362,False
A0_event,A0_event,baseline,2024,2024-01-02,2024-12-31,252,0.3585263361124731,-0.3230030807259582,0.946685487404226,0.3585263361124731,0.2643074461050603,0.0942188900074127,14.439519367233975,frozen_baseline,,,,,50,event,0.5,3,100000.0,0.0025,0.01,True,0.3585263361124731,0.2643074461050603,0.09421889000741279,False
A0_event,A0_event,baseline,2025,2025-01-02,2025-12-31,250,0.5971233267566631,-0.3630020840461063,1.1983892741522255,0.591199580294403,0.1785790013706134,0.4185443253860497,11.435697719613191,frozen_baseline,,,,,50,event,0.5,3,100000.0,0.0025,0.01,True,0.591199580294403,0.1770430847937292,0.4141564955006738,False
A0_event,A0_event,baseline,2026,2026-01-02,2026-09-22,181,0.4990574837341661,-0.3125810967557059,1.013761106710875,0.3374642498408544,0.193982242745804,0.3050752409883621,15.070083717005012,frozen_baseline,,,,,50,event,0.5,3,100000.0,0.0025,0.01,True,0.3374642498408544,0.13580564851123356,0.20165860132962082,True
A0_quarter,A0_quarter,baseline,2017,2017-01-04,2017-12-29,250,-0.140541877929432,-0.2640127911031776,-0.6182083753470698,-0.1395081800922585,0.2120011745455907,-0.3525430524750228,9.972694174277096,frozen_baseline,,,,,50,quarter,0.5,3,100000.0,0.0025,0.01,True,-0.1395081800922585,0.21015310140377008,-0.3496612814960286,False
A0_quarter,A0_quarter,baseline,2018,2018-01-02,2018-12-31,251,-0.332751874025173,-0.4136596309316606,-1.4387588449843485,-0.331679727380871,-0.0642984107744514,-0.2684534632507216,8.872390240945812,frozen_baseline,,,,,50,quarter,0.5,3,100000.0,0.0025,0.01,True,-0.331679727380871,-0.06405161044839947,-0.2676281169324715,False
A0_quarter,A0_quarter,baseline,2019,2019-01-02,2019-12-31,252,1.0169423194705347,-0.1388554728976949,2.9114061411908563,1.0169423194705347,0.3401954545671213,0.6767468649034134,5.617135824857282,frozen_baseline,,,,,50,quarter,0.5,3,100000.0,0.0025,0.01,True,1.0169423194705347,0.3401954545671213,0.6767468649034134,False
A0_quarter,A0_quarter,baseline,2020,2020-01-02,2020-12-31,253,0.3987667840409872,-0.3830483172704285,0.994518121407267,0.4006307769611237,0.1813082709311855,0.2174585131098017,7.559550513690914,frozen_baseline,,,,,50,quarter,0.5,3,100000.0,0.0025,0.01,True,0.4006307769611237,0.18208961084499786,0.21854116611612584,False
A0_quarter,A0_quarter,baseline,2021,2021-01-04,2021-12-31,252,-0.0731535805163725,-0.2767782657286494,-0.0030331265414246,-0.0731535805163725,0.2861550585808201,-0.3593086390971927,10.62555736645982,frozen_baseline,,,,,50,quarter,0.5,3,100000.0,0.0025,0.01,True,-0.0731535805163725,0.28615505858082013,-0.35930863909719263,False
A0_quarter,A0_quarter,baseline,2022,2022-01-03,2022-12-30,251,0.0430824433922825,-0.3079079659691505,0.3078791161207639,0.0429078649707699,-0.180528833522089,0.2236112769143715,7.850701794889324,frozen_baseline,,,,,50,quarter,0.5,3,100000.0,0.0025,0.01,True,0.0429078649707699,-0.17988114323237925,0.22278900820314915,False
A0_quarter,A0_quarter,baseline,2023,2023-01-03,2023-12-29,250,0.254151264724459,-0.293234972712978,0.9094241646235444,0.251899210423141,0.2494116142532503,0.0047396504712087,7.008380462487493,frozen_baseline,,,,,50,quarter,0.5,3,100000.0,0.0025,0.01,True,0.251899210423141,0.24720554909618309,0.004693661326957921,False
A0_quarter,A0_quarter,baseline,2024,2024-01-02,2024-12-31,252,0.9312738166674924,-0.2573034925902171,1.508239928555591,0.9312738166674924,0.2643074461050603,0.6669663705624322,8.78509257012988,frozen_baseline,,,,,50,quarter,0.5,3,100000.0,0.0025,0.01,True,0.9312738166674924,0.2643074461050603,0.6669663705624321,False
A0_quarter,A0_quarter,baseline,2025,2025-01-02,2025-12-31,250,0.5403579042480275,-0.3520317216282334,1.1269282662902875,0.5350855400938468,0.1785790013706134,0.3617789028774141,6.859741668373291,frozen_baseline,,,,,50,quarter,0.5,3,100000.0,0.0025,0.01,True,0.5350855400938468,0.1770430847937292,0.3580424553001176,False
A0_quarter,A0_quarter,baseline,2026,2026-01-02,2026-09-22,181,0.5716280488149017,-0.2497135305730542,1.1038610429714275,0.3836587767465098,0.193982242745804,0.3776458060690977,9.722012111473466,frozen_baseline,,,,,50,quarter,0.5,3,100000.0,0.0025,0.01,True,0.3836587767465098,0.13580564851123356,0.24785312823527622,True
A0_bimonth,A0_bimonth,baseline,2017,2017-01-04,2017-12-29,250,-0.1162826205306087,-0.2499834274925902,-0.4842742597777996,-0.1154151843514521,0.2120011745455907,-0.3282837950761995,10.387810215795849,frozen_baseline,,,,,50,bimonth,0.5,3,100000.0,0.0025,0.01,True,-0.1154151843514521,0.21015310140377008,-0.3255682857552222,False
A0_bimonth,A0_bimonth,baseline,2018,2018-01-02,2018-12-31,251,-0.318096261527135,-0.4126310393933271,-1.3395070275687253,-0.3170594491587098,-0.0642984107744514,-0.2537978507526836,8.903116005202651,frozen_baseline,,,,,50,bimonth,0.5,3,100000.0,0.0025,0.01,True,-0.3170594491587098,-0.06405161044839947,-0.25300783871031035,False
A0_bimonth,A0_bimonth,baseline,2019,2019-01-02,2019-12-31,252,1.0350881423344926,-0.1309484021436242,2.9589562541488115,1.0350881423344926,0.3401954545671213,0.6948926877673713,5.831333331865926,frozen_baseline,,,,,50,bimonth,0.5,3,100000.0,0.0025,0.01,True,1.0350881423344926,0.3401954545671213,0.6948926877673713,False
A0_bimonth,A0_bimonth,baseline,2020,2020-01-02,2020-12-31,253,0.3763626480250863,-0.3750385542932503,0.9642184367888484,0.3781084810921578,0.1813082709311855,0.1950543770939008,7.588314089453048,frozen_baseline,,,,,50,bimonth,0.5,3,100000.0,0.0025,0.01,True,0.3781084810921578,0.18208961084499786,0.19601887024715992,False
A0_bimonth,A0_bimonth,baseline,2021,2021-01-04,2021-12-31,252,-0.0649798254419987,-0.2849095169707988,0.0184151831687564,-0.0649798254419987,0.2861550585808201,-0.3511348840228189,10.825751949704372,frozen_baseline,,,,,50,bimonth,0.5,3,100000.0,0.0025,0.01,True,-0.0649798254419987,0.28615505858082013,-0.35113488402281884,False
A0_bimonth,A0_bimonth,baseline,2022,2022-01-03,2022-12-30,251,-0.0395156863163035,-0.3111217544276178,0.1007434615831733,-0.0393620055722588,-0.180528833522089,0.1410131472057855,8.822369102003638,frozen_baseline,,,,,50,bimonth,0.5,3,100000.0,0.0025,0.01,True,-0.0393620055722588,-0.17988114323237925,0.14051913766012045,False
A0_bimonth,A0_bimonth,baseline,2023,2023-01-03,2023-12-29,250,0.2607468398738291,-0.2904937834947063,0.9248060089911108,0.2584305541267688,0.2494116142532503,0.0113352256205787,7.327428913643704,frozen_baseline,,,,,50,bimonth,0.5,3,100000.0,0.0025,0.01,True,0.2584305541267688,0.24720554909618309,0.01122500503058571,False
A0_bimonth,A0_bimonth,baseline,2024,2024-01-02,2024-12-31,252,0.9007574798923998,-0.2696868545437247,1.4698201694472972,0.9007574798923998,0.2643074461050603,0.6364500337873396,9.231332933092784,frozen_baseline,,,,,50,bimonth,0.5,3,100000.0,0.0025,0.01,True,0.9007574798923998,0.2643074461050603,0.6364500337873396,False
A0_bimonth,A0_bimonth,baseline,2025,2025-01-02,2025-12-31,250,0.511096099191473,-0.3518393813328045,1.0955421927894071,0.5061531395764549,0.1785790013706134,0.3325170978208596,7.418930208400607,frozen_baseline,,,,,50,bimonth,0.5,3,100000.0,0.0025,0.01,True,0.5061531395764549,0.1770430847937292,0.3291100547827257,False
A0_bimonth,A0_bimonth,baseline,2026,2026-01-02,2026-09-22,181,0.5546712692203728,-0.2341312868419933,1.1071567203885735,0.3729197903980745,0.193982242745804,0.3606890264745688,9.621051651635469,frozen_baseline,,,,,50,bimonth,0.5,3,100000.0,0.0025,0.01,True,0.3729197903980745,0.13580564851123356,0.23711414188684093,True
A2_event,A2_event,baseline,2017,2017-01-04,2017-12-29,250,0.0931523334440247,-0.1764798825277123,0.5443684453371477,0.0923798903166646,0.2120011745455907,-0.118848841101566,12.152947746978718,frozen_baseline,,,,,50,event,0.5,3,100000.0,0.0025,0.01,True,0.0923798903166646,0.21015310140377008,-0.11777321108710548,False
A2_event,A2_event,baseline,2018,2018-01-02,2018-12-31,251,-0.1702478592781602,-0.3570792035617464,-0.5308610043955035,-0.1696331269576134,-0.0642984107744514,-0.1059494485037088,13.725566271434586,frozen_baseline,,,,,50,event,0.5,3,100000.0,0.0025,0.01,True,-0.1696331269576134,-0.06405161044839947,-0.10558151650921394,False
A2_event,A2_event,baseline,2019,2019-01-02,2019-12-31,252,0.8534199857290539,-0.1101550863174078,2.860326461331796,0.8534199857290539,0.3401954545671213,0.5132245311619326,10.465587260193944,frozen_baseline,,,,,50,event,0.5,3,100000.0,0.0025,0.01,True,0.8534199857290539,0.3401954545671213,0.5132245311619326,False
A2_event,A2_event,baseline,2020,2020-01-02,2020-12-31,253,0.4616539175534859,-0.3887759038605431,1.0459797831631263,0.463857155600506,0.1813082709311855,0.2803456466223004,12.629713848100478,frozen_baseline,,,,,50,event,0.5,3,100000.0,0.0025,0.01,True,0.463857155600506,0.18208961084499786,0.28176754475550814,False
A2_event,A2_event,baseline,2021,2021-01-04,2021-12-31,252,-0.0754434691905338,-0.4039258382395916,0.019579000407877,-0.0754434691905338,0.2861550585808201,-0.3615985277713539,18.059027242101543,frozen_baseline,,,,,50,event,0.5,3,100000.0,0.0025,0.01,True,-0.0754434691905338,0.28615505858082013,-0.36159852777135393,False
A2_event,A2_event,baseline,2022,2022-01-03,2022-12-30,251,-0.2523012912957667,-0.3347101226823057,-0.4785233680438703,-0.2514381058400913,-0.180528833522089,-0.0717724577736776,23.892155928092144,frozen_baseline,,,,,50,event,0.5,3,100000.0,0.0025,0.01,True,-0.2514381058400913,-0.17988114323237925,-0.07155696260771205,False
A2_event,A2_event,baseline,2023,2023-01-03,2023-12-29,250,0.1291601783657474,-0.3356855784634638,0.5218337812555909,0.1280721015620392,0.2494116142532503,-0.1202514358875028,12.294646153026372,frozen_baseline,,,,,50,event,0.5,3,100000.0,0.0025,0.01,True,0.1280721015620392,0.24720554909618309,-0.1191334475341439,False
A2_event,A2_event,baseline,2024,2024-01-02,2024-12-31,252,0.9393675793233052,-0.2524475196090099,1.8367869452572507,0.9393675793233052,0.2643074461050603,0.6750601332182449,13.049049835864658,frozen_baseline,,,,,50,event,0.5,3,100000.0,0.0025,0.01,True,0.9393675793233052,0.2643074461050603,0.6750601332182449,False
A2_event,A2_event,baseline,2025,2025-01-02,2025-12-31,250,0.0749771500209732,-0.4550430277863182,0.3976524563706691,0.0743604999012437,0.1785790013706134,-0.1036018513496401,15.117071165930255,frozen_baseline,,,,,50,event,0.5,3,100000.0,0.0025,0.01,True,0.0743604999012437,0.1770430847937292,-0.10268258489248551,False
A2_event,A2_event,baseline,2026,2026-01-02,2026-09-22,181,0.0057951858442588,-0.3211177813653768,0.2445905598847485,0.0041590254807948,0.193982242745804,-0.1881870569015451,16.61912325377534,frozen_baseline,,,,,50,event,0.5,3,100000.0,0.0025,0.01,True,0.0041590254807948,0.13580564851123356,-0.13164662303043875,True
A2_quarter,A2_quarter,baseline,2017,2017-01-04,2017-12-29,250,0.0812687706325971,-0.1751942884631251,0.4974966761123233,0.0805984619349262,0.2120011745455907,-0.1307324039129935,8.180025084269342,frozen_baseline,,,,,50,quarter,0.5,3,100000.0,0.0025,0.01,True,0.0805984619349262,0.21015310140377008,-0.12955463946884388,False
A2_quarter,A2_quarter,baseline,2018,2018-01-02,2018-12-31,251,-0.159172010562783,-0.3289477395741221,-0.5529415793664817,-0.1585933480006025,-0.0642984107744514,-0.0948735997883316,8.21835921827567,frozen_baseline,,,,,50,quarter,0.5,3,100000.0,0.0025,0.01,True,-0.1585933480006025,-0.06405161044839947,-0.09454173755220305,False
A2_quarter,A2_quarter,baseline,2019,2019-01-02,2019-12-31,252,0.809009487568396,-0.1200266266182941,2.7654130370105783,0.809009487568396,0.3401954545671213,0.4688140330012746,7.215342112806769,frozen_baseline,,,,,50,quarter,0.5,3,100000.0,0.0025,0.01,True,0.809009487568396,0.3401954545671213,0.46881403300127467,False
A2_quarter,A2_quarter,baseline,2020,2020-01-02,2020-12-31,253,0.5813451839765995,-0.3920504325676294,1.2443706036516091,0.5842235636647481,0.1813082709311855,0.400036913045414,8.255867242456048,frozen_baseline,,,,,50,quarter,0.5,3,100000.0,0.0025,0.01,True,0.5842235636647481,0.18208961084499786,0.4021339528197503,False
A2_quarter,A2_quarter,baseline,2021,2021-01-04,2021-12-31,252,-0.0344558049532374,-0.4211872623503929,0.108012329499319,-0.0344558049532374,0.2861550585808201,-0.3206108635340575,10.912622850474785,frozen_baseline,,,,,50,quarter,0.5,3,100000.0,0.0025,0.01,True,-0.0344558049532374,0.28615505858082013,-0.32061086353405754,False
A2_quarter,A2_quarter,baseline,2022,2022-01-03,2022-12-30,251,-0.1972642045062793,-0.2975295866984555,-0.4154959816781328,-0.1965639593901431,-0.180528833522089,-0.0167353709841903,13.828682077619382,frozen_baseline,,,,,50,quarter,0.5,3,100000.0,0.0025,0.01,True,-0.1965639593901431,-0.17988114323237925,-0.016682816157763847,False
A2_quarter,A2_quarter,baseline,2023,2023-01-03,2023-12-29,250,0.1419723794656615,-0.3334356056070703,0.5600314886338144,0.1407698008782947,0.2494116142532503,-0.1074392347875887,7.81747620504597,frozen_baseline,,,,,50,quarter,0.5,3,100000.0,0.0025,0.01,True,0.1407698008782947,0.24720554909618309,-0.1064357482178884,False
A2_quarter,A2_quarter,baseline,2024,2024-01-02,2024-12-31,252,1.5826489516153126,-0.2246509584895791,2.0740802351205323,1.5826489516153126,0.2643074461050603,1.3183415055102523,6.763535507732028,frozen_baseline,,,,,50,quarter,0.5,3,100000.0,0.0025,0.01,True,1.5826489516153126,0.2643074461050603,1.3183415055102523,False
A2_quarter,A2_quarter,baseline,2025,2025-01-02,2025-12-31,250,0.3015873699067177,-0.3916663099791507,0.774426188745686,0.2988673718761987,0.1785790013706134,0.1230083685361043,7.925211812763941,frozen_baseline,,,,,50,quarter,0.5,3,100000.0,0.0025,0.01,True,0.2988673718761987,0.1770430847937292,0.1218242870824695,False
A2_quarter,A2_quarter,baseline,2026,2026-01-02,2026-09-22,181,0.370803786945326,-0.2677276805786792,0.899281447378404,0.2542469383216086,0.193982242745804,0.176821544199522,9.573700794360246,frozen_baseline,,,,,50,quarter,0.5,3,100000.0,0.0025,0.01,True,0.2542469383216086,0.13580564851123356,0.11844128981037505,True
A2_week,A2_week,baseline,2017,2017-01-04,2017-12-29,250,0.0849831774339533,-0.1806182280199597,0.5091751319600843,0.0842810547844141,0.2120011745455907,-0.1270179971116374,11.279608216276486,frozen_baseline,,,,,50,week,0.5,3,100000.0,0.0025,0.01,True,0.0842810547844141,0.21015310140377008,-0.12587204661935597,False
A2_week,A2_week,baseline,2018,2018-01-02,2018-12-31,251,-0.1594003884648153,-0.3500548956631699,-0.5038153454672215,-0.1588209763110664,-0.0642984107744514,-0.0951019776903638,11.897086817735667,frozen_baseline,,,,,50,week,0.5,3,100000.0,0.0025,0.01,True,-0.1588209763110664,-0.06405161044839947,-0.09476936586266693,False
A2_week,A2_week,baseline,2019,2019-01-02,2019-12-31,252,0.8499046749153589,-0.1078944196107859,2.893195853878629,0.8499046749153589,0.3401954545671213,0.5097092203482376,9.751936073274145,frozen_baseline,,,,,50,week,0.5,3,100000.0,0.0025,0.01,True,0.8499046749153589,0.3401954545671213,0.5097092203482376,False
A2_week,A2_week,baseline,2020,2020-01-02,2020-12-31,253,0.4311540075920268,-0.3842269172156681,1.0380134108848946,0.433191336055335,0.1813082709311855,0.2498457366608413,12.47422745255187,frozen_baseline,,,,,50,week,0.5,3,100000.0,0.0025,0.01,True,0.433191336055335,0.18208961084499786,0.25110172521033713,False
A2_week,A2_week,baseline,2021,2021-01-04,2021-12-31,252,0.0191034841104968,-0.3547622869269594,0.2490171541235477,0.0191034841104968,0.2861550585808201,-0.2670515744703232,14.92440328644864,frozen_baseline,,,,,50,week,0.5,3,100000.0,0.0025,0.01,True,0.0191034841104968,0.28615505858082013,-0.26705157447032335,False
A2_week,A2_week,baseline,2022,2022-01-03,2022-12-30,251,-0.2237776287238926,-0.3160413407928759,-0.4083716487436066,-0.2229969597033892,-0.180528833522089,-0.0432487952018035,19.75673213690641,frozen_baseline,,,,,50,week,0.5,3,100000.0,0.0025,0.01,True,-0.2229969597033892,-0.17988114323237925,-0.043115816471009955,False
A2_week,A2_week,baseline,2023,2023-01-03,2023-12-29,250,0.1752591861461956,-0.3360043245722304,0.6399052697465659,0.1737538725343899,0.2494116142532503,-0.0741524281070546,11.173723189270838,frozen_baseline,,,,,50,week,0.5,3,100000.0,0.0025,0.01,True,0.1737538725343899,0.24720554909618309,-0.07345167656179319,False
A2_week,A2_week,baseline,2024,2024-01-02,2024-12-31,252,1.0382262828352138,-0.2386562585149076,1.9533423853226453,1.0382262828352138,0.2643074461050603,0.7739188367301535,11.38246363616006,frozen_baseline,,,,,50,week,0.5,3,100000.0,0.0025,0.01,True,1.0382262828352138,0.2643074461050603,0.7739188367301535,False
A2_week,A2_week,baseline,2025,2025-01-02,2025-12-31,250,0.3299821018149507,-0.3697521328487223,0.8302296428554323,0.3269754658243884,0.1785790013706134,0.1514031004443372,11.474496514387962,frozen_baseline,,,,,50,week,0.5,3,100000.0,0.0025,0.01,True,0.3269754658243884,0.1770430847937292,0.1499323810306592,False
A2_week,A2_week,baseline,2026,2026-01-02,2026-09-22,181,0.2305686514496436,-0.3140832654500679,0.6655065016266473,0.1606970546532822,0.193982242745804,0.0365864087038396,15.858109801830675,frozen_baseline,,,,,50,week,0.5,3,100000.0,0.0025,0.01,True,0.1606970546532822,0.13580564851123356,0.024891406142048655,True
B3_w50,B3_w50,baseline,2017,2017-01-04,2017-12-29,250,0.4668045379907983,-0.1102877442384248,1.9607631396245595,0.4623516863549717,0.2120011745455907,0.2548033634452076,5.9699720838611405,frozen_baseline,,,,,50,event,0.5,3,100000.0,0.0025,0.01,True,0.4623516863549717,0.21015310140377008,0.2521985849512016,False
B3_w50,B3_w50,baseline,2018,2018-01-02,2018-12-31,251,-0.189687666543488,-0.2837026837507085,-0.6141512214115464,-0.1890110450919513,-0.0642984107744514,-0.1253892557690366,5.752883520343542,frozen_baseline,,,,,50,event,0.5,3,100000.0,0.0025,0.01,True,-0.1890110450919513,-0.06405161044839947,-0.12495943464355183,False
B3_w50,B3_w50,baseline,2019,2019-01-02,2019-12-31,252,0.5141306585395493,-0.160604792097983,1.8798892100609124,0.5141306585395493,0.3401954545671213,0.173935203972428,6.477135914131221,frozen_baseline,,,,,50,event,0.5,3,100000.0,0.0025,0.01,True,0.5141306585395493,0.3401954545671213,0.173935203972428,False
B3_w50,B3_w50,baseline,2020,2020-01-02,2020-12-31,253,1.6388534372985415,-0.4584194821108134,2.068255976695045,1.6490341245439164,0.1813082709311855,1.457545166367356,6.640174277241241,frozen_baseline,,,,,50,event,0.5,3,100000.0,0.0025,0.01,True,1.6490341245439164,0.18208961084499786,1.4669445136989185,False
B3_w50,B3_w50,baseline,2021,2021-01-04,2021-12-31,252,0.1499368154118809,-0.4596148430596977,0.5302162708982717,0.1499368154118809,0.2861550585808201,-0.1362182431689391,7.216978015126454,frozen_baseline,,,,,50,event,0.5,3,100000.0,0.0025,0.01,True,0.1499368154118809,0.28615505858082013,-0.13621824316893924,False
B3_w50,B3_w50,baseline,2022,2022-01-03,2022-12-30,251,-0.1597739882126149,-0.3120811270251787,-0.177680686436306,-0.1591933503431721,-0.180528833522089,0.0207548453094741,11.45727437726197,frozen_baseline,,,,,50,event,0.5,3,100000.0,0.0025,0.01,True,-0.1591933503431721,-0.17988114323237925,0.020687792889207135,False
B3_w50,B3_w50,baseline,2023,2023-01-03,2023-12-29,250,0.0764800332660424,-0.3545635812974277,0.405600984771021,0.0758505919664376,0.2494116142532503,-0.1729315809872078,8.180488366347202,frozen_baseline,,,,,50,event,0.5,3,100000.0,0.0025,0.01,True,0.0758505919664376,0.24720554909618309,-0.17135495712974547,False
B3_w50,B3_w50,baseline,2024,2024-01-02,2024-12-31,252,0.112734184340139,-0.1947889691403014,0.4779311832241557,0.112734184340139,0.2643074461050603,-0.1515732617649212,5.982309263132688,frozen_baseline,,,,,50,event,0.5,3,100000.0,0.0025,0.01,True,0.112734184340139,0.2643074461050603,-0.1515732617649213,False
B3_w50,B3_w50,baseline,2025,2025-01-02,2025-12-31,250,-0.1239046389557472,-0.4438959132202206,-0.0749369989289995,-0.122984392591753,0.1785790013706134,-0.3024836403263606,7.9233931529064785,frozen_baseline,,,,,50,event,0.5,3,100000.0,0.0025,0.01,True,-0.122984392591753,0.1770430847937292,-0.3000274773854822,False
B3_w50,B3_w50,baseline,2026,2026-01-02,2026-09-22,181,0.1715480684663388,-0.2480088206629721,0.5819032276375332,0.1204364363653602,0.193982242745804,-0.0224341742794651,8.414239983996774,frozen_baseline,,,,,50,event,0.5,3,100000.0,0.0025,0.01,True,0.1204364363653602,0.13580564851123356,-0.015369212145873362,True
B3_w55,B3_w55,baseline,2017,2017-01-04,2017-12-29,250,0.4648733923890424,-0.0911008468993791,1.966143475483767,0.4604416732698051,0.2120011745455907,0.2528722178434517,6.705494915459554,frozen_baseline,,,,,55,event,0.5,3,100000.0,0.0025,0.01,True,0.4604416732698051,0.21015310140377008,0.25028857186603504,False
B3_w55,B3_w55,baseline,2018,2018-01-02,2018-12-31,251,-0.2032049408825005,-0.4006275922625606,-0.5625129673068923,-0.202486370271932,-0.0642984107744514,-0.1389065301080491,7.528192317507211,frozen_baseline,,,,,55,event,0.5,3,100000.0,0.0025,0.01,True,-0.202486370271932,-0.06405161044839947,-0.13843475982353254,False
B3_w55,B3_w55,baseline,2019,2019-01-02,2019-12-31,252,0.5486592041986194,-0.1693642936582616,2.0377746068114915,0.5486592041986194,0.3401954545671213,0.208463749631498,5.740353442693587,frozen_baseline,,,,,55,event,0.5,3,100000.0,0.0025,0.01,True,0.5486592041986194,0.3401954545671213,0.20846374963149805,False
B3_w55,B3_w55,baseline,2020,2020-01-02,2020-12-31,253,1.137626993142601,-0.4598983568613473,1.701690346328958,1.1440809521852784,0.1813082709311855,0.9563187222114156,5.971877486052992,frozen_baseline,,,,,55,event,0.5,3,100000.0,0.0025,0.01,True,1.1440809521852784,0.18208961084499786,0.9619913413402805,False
B3_w55,B3_w55,baseline,2021,2021-01-04,2021-12-31,252,0.2043124485662844,-0.3827770413233665,0.6169801424870252,0.2043124485662844,0.2861550585808201,-0.0818426100145357,10.170034636141114,frozen_baseline,,,,,55,event,0.5,3,100000.0,0.0025,0.01,True,0.2043124485662844,0.28615505858082013,-0.08184261001453574,False
B3_w55,B3_w55,baseline,2022,2022-01-03,2022-12-30,251,-0.1164797261896986,-0.2233436787093335,-0.1861225940125639,-0.1160454287310279,-0.180528833522089,0.0640491073323904,9.537634768976064,frozen_baseline,,,,,55,event,0.5,3,100000.0,0.0025,0.01,True,-0.1160454287310279,-0.17988114323237925,0.06383571450135135,False
B3_w55,B3_w55,baseline,2023,2023-01-03,2023-12-29,250,0.0571095572055202,-0.3348166040056474,0.3341357243132496,0.0566437065380904,0.2494116142532503,-0.19230205704773,8.025752621341661,frozen_baseline,,,,,55,event,0.5,3,100000.0,0.0025,0.01,True,0.0566437065380904,0.24720554909618309,-0.1905618425580927,False
B3_w55,B3_w55,baseline,2024,2024-01-02,2024-12-31,252,0.7170334531588187,-0.1880358435329305,1.7124785335279171,0.7170334531588187,0.2643074461050603,0.4527260070537584,4.985945198467158,frozen_baseline,,,,,55,event,0.5,3,100000.0,0.0025,0.01,True,0.7170334531588187,0.2643074461050603,0.45272600705375843,False
B3_w55,B3_w55,baseline,2025,2025-01-02,2025-12-31,250,0.2818676946269931,-0.4371968032467089,0.7626953294075691,0.2793439044588135,0.1785790013706134,0.1032886932563796,7.403248164668113,frozen_baseline,,,,,55,event,0.5,3,100000.0,0.0025,0.01,True,0.2793439044588135,0.1770430847937292,0.10230081966508431,False
B3_w55,B3_w55,baseline,2026,2026-01-02,2026-09-22,181,0.3441289224851116,-0.2719880053062244,0.8580997263759945,0.2366682328795097,0.193982242745804,0.1501466797393076,11.125376282519415,frozen_baseline,,,,,55,event,0.5,3,100000.0,0.0025,0.01,True,0.2366682328795097,0.13580564851123356,0.10086258436827614,True
B3_beta60d3,B3_beta60d3,baseline,2017,2017-01-04,2017-12-29,250,0.1946074450303918,-0.1141277071548529,0.9194393613138192,0.1929227430558899,0.2120011745455907,-0.0173937295151989,13.153136012618116,frozen_baseline,,,,,50,event,0.6,3,100000.0,0.0025,0.01,True,0.1929227430558899,0.21015310140377008,-0.01723035834788017,False
B3_beta60d3,B3_beta60d3,baseline,2018,2018-01-02,2018-12-31,251,-0.2178640574945562,-0.3366336822534475,-0.6565238539818012,-0.2171010200771962,-0.0642984107744514,-0.1535656467201048,10.065742840903535,frozen_baseline,,,,,50,event,0.6,3,100000.0,0.0025,0.01,True,-0.2171010200771962,-0.06405161044839947,-0.15304940962879673,False
B3_beta60d3,B3_beta60d3,baseline,2019,2019-01-02,2019-12-31,252,0.6526187943597865,-0.154851918626214,2.2222203136170533,0.6526187943597865,0.3401954545671213,0.3124233397926652,8.529553678352718,frozen_baseline,,,,,50,event,0.6,3,100000.0,0.0025,0.01,True,0.6526187943597865,0.3401954545671213,0.31242333979266523,False
B3_beta60d3,B3_beta60d3,baseline,2020,2020-01-02,2020-12-31,253,1.2801441449812812,-0.4186640630041086,1.8739306935581532,1.2876142237348265,0.1813082709311855,1.0988358740500956,14.836826307924817,frozen_baseline,,,,,50,event,0.6,3,100000.0,0.0025,0.01,True,1.2876142237348265,0.18208961084499786,1.1055246128898286,False
B3_beta60d3,B3_beta60d3,baseline,2021,2021-01-04,2021-12-31,252,0.0527051252592138,-0.3613538831626848,0.3365383122813269,0.0527051252592138,0.2861550585808201,-0.2334499333216062,13.50646269901003,frozen_baseline,,,,,50,event,0.6,3,100000.0,0.0025,0.01,True,0.0527051252592138,0.28615505858082013,-0.23344993332160632,False
B3_beta60d3,B3_beta60d3,baseline,2022,2022-01-03,2022-12-30,251,-0.079339000780727,-0.3093706889145636,0.0569181101239282,-0.0790369474375626,-0.180528833522089,0.1011898327413619,13.317372180536124,frozen_baseline,,,,,50,event,0.6,3,100000.0,0.0025,0.01,True,-0.0790369474375626,-0.17988114323237925,0.10084419579481665,False
B3_beta60d3,B3_beta60d3,baseline,2023,2023-01-03,2023-12-29,250,0.5517148327004169,-0.3108638013766164,1.3241819078640782,0.546313442311936,0.2494116142532503,0.3023032184471665,12.477795726715197,frozen_baseline,,,,,50,event,0.6,3,100000.0,0.0025,0.01,True,0.546313442311936,0.24720554909618309,0.29910789321575293,False
B3_beta60d3,B3_beta60d3,baseline,2024,2024-01-02,2024-12-31,252,0.4704259179808534,-0.246748380207516,1.1152592962809498,0.4704259179808534,0.2643074461050603,0.2061184718757931,10.67816203203234,frozen_baseline,,,,,50,event,0.6,3,100000.0,0.0025,0.01,True,0.4704259179808534,0.2643074461050603,0.20611847187579313,False
B3_beta60d3,B3_beta60d3,baseline,2025,2025-01-02,2025-12-31,250,-0.0339353978662798,-0.4583774629603422,0.205928051573811,-0.0336706555179936,0.1785790013706134,-0.2125143992368933,12.84170281673268,frozen_baseline,,,,,50,event,0.6,3,100000.0,0.0025,0.01,True,-0.0336706555179936,0.1770430847937292,-0.2107137403117228,False
B3_beta60d3,B3_beta60d3,baseline,2026,2026-01-02,2026-09-22,181,0.1614281612223189,-0.3953747895559132,0.5450177930374643,0.1134763954351871,0.193982242745804,-0.032554081523485,16.912511902931517,frozen_baseline,,,,,50,event,0.6,3,100000.0,0.0025,0.01,True,0.1134763954351871,0.13580564851123356,-0.022329253076046454,True
B3_w50__weight45,B3_w50,diagnostics,2017,2017-01-04,2017-12-29,250,0.3148703740945504,-0.116503269667988,1.4408672245888388,0.3120168867614874,0.2120011745455907,0.1028691995489596,5.958673363796524,core_surface,,,,,45,event,0.5,3,100000.0,0.0025,0.01,True,0.3120168867614874,0.21015310140377008,0.10186378535771734,False
B3_w50__weight45,B3_w50,diagnostics,2018,2018-01-02,2018-12-31,251,-0.1447611028389007,-0.3235132328445917,-0.3551061908266629,-0.1442302337750566,-0.0642984107744514,-0.0804626920644493,5.693284128714751,core_surface,,,,,45,event,0.5,3,100000.0,0.0025,0.01,True,-0.1442302337750566,-0.06405161044839947,-0.08017862332665712,False
B3_w50__weight45,B3_w50,diagnostics,2019,2019-01-02,2019-12-31,252,0.2713138944615434,-0.1459985192655696,1.1760081527624895,0.2713138944615434,0.3401954545671213,-0.0688815601055778,7.124928493437023,core_surface,,,,,45,event,0.5,3,100000.0,0.0025,0.01,True,0.2713138944615434,0.3401954545671213,-0.06888156010557789,False
B3_w50__weight45,B3_w50,diagnostics,2020,2020-01-02,2020-12-31,253,0.465631334021507,-0.4868942892184544,1.091129094449492,0.4678563962282469,0.1813082709311855,0.2843230630903215,5.540346242006204,core_surface,,,,,45,event,0.5,3,100000.0,0.0025,0.01,True,0.4678563962282469,0.18208961084499786,0.285766785383249,False
B3_w50__weight45,B3_w50,diagnostics,2021,2021-01-04,2021-12-31,252,-0.0842443744774976,-0.3789777988062508,-0.0556862827291711,-0.0842443744774976,0.2861550585808201,-0.3703994330583178,7.2399029301620335,core_surface,,,,,45,event,0.5,3,100000.0,0.0025,0.01,True,-0.0842443744774976,0.28615505858082013,-0.37039943305831774,False
B3_w50__weight45,B3_w50,diagnostics,2022,2022-01-03,2022-12-30,251,-0.1705640494864275,-0.2764120069721687,-0.2649096105715314,-0.1699482960050757,-0.180528833522089,0.0099647840356614,9.257755328891683,core_surface,,,,,45,event,0.5,3,100000.0,0.0025,0.01,True,-0.1699482960050757,-0.17988114323237925,0.00993284722730356,False
B3_w50__weight45,B3_w50,diagnostics,2023,2023-01-03,2023-12-29,250,-0.0851365407327336,-0.4868710589297617,-0.0262059153391808,-0.0844902414261917,0.2494116142532503,-0.334548154985984,8.717113029116929,core_surface,,,,,45,event,0.5,3,100000.0,0.0025,0.01,True,-0.0844902414261917,0.24720554909618309,-0.3316957905223748,False
B3_w50__weight45,B3_w50,diagnostics,2024,2024-01-02,2024-12-31,252,0.1080503869113327,-0.3258623331583957,0.4622298321981981,0.1080503869113327,0.2643074461050603,-0.1562570591937275,7.701788184005015,core_surface,,,,,45,event,0.5,3,100000.0,0.0025,0.01,True,0.1080503869113327,0.2643074461050603,-0.1562570591937276,False
B3_w50__weight45,B3_w50,diagnostics,2025,2025-01-02,2025-12-31,250,0.1878719246852069,-0.4551556891791538,0.5882250425739098,0.1862499530622012,0.1785790013706134,0.0092929233145935,8.211051903809748,core_surface,,,,,45,event,0.5,3,100000.0,0.0025,0.01,True,0.1862499530622012,0.1770430847937292,0.009206868268472002,False
B3_w50__weight45,B3_w50,diagnostics,2026,2026-01-02,2026-09-22,181,0.2365755517051035,-0.319187288329287,0.6771616033234218,0.1647637661410552,0.193982242745804,0.0425933089592995,8.354180259078003,core_surface,,,,,45,event,0.5,3,100000.0,0.0025,0.01,True,0.1647637661410552,0.13580564851123356,0.028958117629821645,True
B3_w50__weight60,B3_w50,diagnostics,2017,2017-01-04,2017-12-29,250,0.1084564126725815,-0.1115127646275933,0.6139175849225341,0.1075509413168376,0.2120011745455907,-0.1035447618730092,7.446451165915142,core_surface,,,,,60,event,0.5,3,100000.0,0.0025,0.01,True,0.1075509413168376,0.21015310140377008,-0.10260216008693249,False
B3_w50__weight60,B3_w50,diagnostics,2018,2018-01-02,2018-12-31,251,-0.1466874502281296,-0.4053495854203411,-0.376174963579713,-0.1461501365042524,-0.0642984107744514,-0.0823890394536782,9.136364629397962,core_surface,,,,,60,event,0.5,3,100000.0,0.0025,0.01,True,-0.1461501365042524,-0.06405161044839947,-0.08209852605585294,False
B3_w50__weight60,B3_w50,diagnostics,2019,2019-01-02,2019-12-31,252,0.7375990902976857,-0.1758148064171431,2.389165621317381,0.7375990902976857,0.3401954545671213,0.3974036357305643,5.635602449559989,core_surface,,,,,60,event,0.5,3,100000.0,0.0025,0.01,True,0.7375990902976857,0.3401954545671213,0.39740363573056436,False
B3_w50__weight60,B3_w50,diagnostics,2020,2020-01-02,2020-12-31,253,0.6025682885383026,-0.4724698838147446,1.223328106930067,0.6055702365950402,0.1813082709311855,0.421260017607117,6.783247973358522,core_surface,,,,,60,event,0.5,3,100000.0,0.0025,0.01,True,0.6055702365950402,0.18208961084499786,0.4234806257500423,False
B3_w50__weight60,B3_w50,diagnostics,2021,2021-01-04,2021-12-31,252,0.4496802555574359,-0.2408922608163582,1.1174696718598196,0.4496802555574359,0.2861550585808201,0.1635251969766158,7.212380138713425,core_surface,,,,,60,event,0.5,3,100000.0,0.0025,0.01,True,0.4496802555574359,0.28615505858082013,0.16352519697661577,False
B3_w50__weight60,B3_w50,diagnostics,2022,2022-01-03,2022-12-30,251,-0.2173995560293408,-0.2815338634982214,-0.4467445505333874,-0.2166379110565377,-0.180528833522089,-0.0368707225072517,8.094377649869463,core_surface,,,,,60,event,0.5,3,100000.0,0.0025,0.01,True,-0.2166379110565377,-0.17988114323237925,-0.03675676782415846,False
B3_w50__weight60,B3_w50,diagnostics,2023,2023-01-03,2023-12-29,250,0.4335147656816431,-0.3389705955579319,1.1188480340392184,0.4294233877827074,0.2494116142532503,0.1841031514283928,9.049287182948474,core_surface,,,,,60,event,0.5,3,100000.0,0.0025,0.01,True,0.4294233877827074,0.24720554909618309,0.1822178386865243,False
B3_w50__weight60,B3_w50,diagnostics,2024,2024-01-02,2024-12-31,252,0.3906177564511588,-0.2301515300692561,1.03426795158589,0.3906177564511588,0.2643074461050603,0.1263103103460985,9.010919658321734,core_surface,,,,,60,event,0.5,3,100000.0,0.0025,0.01,True,0.3906177564511588,0.2643074461050603,0.12631031034609852,False
B3_w50__weight60,B3_w50,diagnostics,2025,2025-01-02,2025-12-31,250,0.2622153829350615,-0.4444353022608689,0.7235707924446348,0.2598847587224782,0.1785790013706134,0.083636381564448,7.334760729882643,core_surface,,,,,60,event,0.5,3,100000.0,0.0025,0.01,True,0.2598847587224782,0.1770430847937292,0.08284167392874897,False
B3_w50__weight60,B3_w50,diagnostics,2026,2026-01-02,2026-09-22,181,-0.1827685592772138,-0.3319165079703841,-0.2260021176351842,-0.1349494308183503,0.193982242745804,-0.3767508020230178,13.246711099320148,core_surface,,,,,60,event,0.5,3,100000.0,0.0025,0.01,True,-0.1349494308183503,0.13580564851123356,-0.27075507932958387,True
B3_beta60d3__beta55d2,B3_beta60d3,diagnostics,2017,2017-01-04,2017-12-29,250,0.1808160694536593,-0.1474721877299936,0.8999926560424981,0.1792594894891781,0.2120011745455907,-0.0311851050919313,12.208994588636404,beta_surface,,,,,50,event,0.55,2,100000.0,0.0025,0.01,True,0.1792594894891781,0.21015310140377008,-0.030893611914591973,False
B3_beta60d3__beta55d2,B3_beta60d3,diagnostics,2018,2018-01-02,2018-12-31,251,-0.2277054321572187,-0.3304990247969267,-0.784826299198938,-0.2269131506283529,-0.0642984107744514,-0.1634070213827673,10.54611538416738,beta_surface,,,,,50,event,0.55,2,100000.0,0.0025,0.01,True,-0.2269131506283529,-0.06405161044839947,-0.16286154017995344,False
B3_beta60d3__beta55d2,B3_beta60d3,diagnostics,2019,2019-01-02,2019-12-31,252,0.4800357838657443,-0.2131900823762659,1.7407984776603114,0.4800357838657443,0.3401954545671213,0.139840329298623,9.617723733795042,beta_surface,,,,,50,event,0.55,2,100000.0,0.0025,0.01,True,0.4800357838657443,0.3401954545671213,0.139840329298623,False
B3_beta60d3__beta55d2,B3_beta60d3,diagnostics,2020,2020-01-02,2020-12-31,253,0.8520323755007342,-0.4599271238267033,1.4660746364041874,0.8565671929979621,0.1813082709311855,0.6707241045695487,14.65960407053774,beta_surface,,,,,50,event,0.55,2,100000.0,0.0025,0.01,True,0.8565671929979621,0.18208961084499786,0.6744775821529643,False
B3_beta60d3__beta55d2,B3_beta60d3,diagnostics,2021,2021-01-04,2021-12-31,252,0.1264385658000613,-0.4073425882159351,0.488813714212809,0.1264385658000613,0.2861550585808201,-0.1597164927807588,13.18856225352114,beta_surface,,,,,50,event,0.55,2,100000.0,0.0025,0.01,True,0.1264385658000613,0.28615505858082013,-0.15971649278075883,False
B3_beta60d3__beta55d2,B3_beta60d3,diagnostics,2022,2022-01-03,2022-12-30,251,-0.1457925426490357,-0.3017650968073688,-0.1497143381312715,-0.145258220731857,-0.180528833522089,0.0347362908730533,9.655338332072503,beta_surface,,,,,50,event,0.55,2,100000.0,0.0025,0.01,True,-0.145258220731857,-0.17988114323237925,0.034622922500522235,False
B3_beta60d3__beta55d2,B3_beta60d3,diagnostics,2023,2023-01-03,2023-12-29,250,0.2914896714737631,-0.3609842100558907,0.944897949210761,0.288870439585585,0.2494116142532503,0.0420780572205128,10.8110758749914,beta_surface,,,,,50,event,0.55,2,100000.0,0.0025,0.01,True,0.288870439585585,0.24720554909618309,0.04166489048940192,False
B3_beta60d3__beta55d2,B3_beta60d3,diagnostics,2024,2024-01-02,2024-12-31,252,0.1648002482304,-0.2524713216976378,0.5770896249923934,0.1648002482304,0.2643074461050603,-0.0995071978746602,11.448911278398183,beta_surface,,,,,50,event,0.55,2,100000.0,0.0025,0.01,True,0.1648002482304,0.2643074461050603,-0.09950719787466031,False
B3_beta60d3__beta55d2,B3_beta60d3,diagnostics,2025,2025-01-02,2025-12-31,250,0.0787073302091352,-0.4562738615403183,0.4090683454693294,0.0780589018178103,0.1785790013706134,-0.0998716711614782,11.147139342228382,beta_surface,,,,,50,event,0.55,2,100000.0,0.0025,0.01,True,0.0780589018178103,0.1770430847937292,-0.0989841829759189,False
B3_beta60d3__beta55d2,B3_beta60d3,diagnostics,2026,2026-01-02,2026-09-22,181,0.1893344792504967,-0.2672646239232035,0.5903919591524052,0.1326282865158696,0.193982242745804,-0.0046477634953072,14.310636110922449,beta_surface,,,,,50,event,0.55,2,100000.0,0.0025,0.01,True,0.1326282865158696,0.13580564851123356,-0.0031773619953639476,True
B3_beta60d3__beta55d3,B3_beta60d3,diagnostics,2017,2017-01-04,2017-12-29,250,0.1382446841668669,-0.1050177253178601,0.7059488520542485,0.1370755369322944,0.2120011745455907,-0.0737564903787237,10.971174569272184,beta_surface,,,,,50,event,0.55,3,100000.0,0.0025,0.01,True,0.1370755369322944,0.21015310140377008,-0.07307756447147568,False
B3_beta60d3__beta55d3,B3_beta60d3,diagnostics,2018,2018-01-02,2018-12-31,251,-0.2172754038520392,-0.3317760640242516,-0.6704191974833644,-0.2165141312372515,-0.0642984107744514,-0.1529769930775878,10.143796486293688,beta_surface,,,,,50,event,0.55,3,100000.0,0.0025,0.01,True,-0.2165141312372515,-0.06405161044839947,-0.15246252078885203,False
B3_beta60d3__beta55d3,B3_beta60d3,diagnostics,2019,2019-01-02,2019-12-31,252,0.430230975441664,-0.193023683672912,1.64050142926315,0.430230975441664,0.3401954545671213,0.0900355208745427,10.454268285937433,beta_surface,,,,,50,event,0.55,3,100000.0,0.0025,0.01,True,0.430230975441664,0.3401954545671213,0.0900355208745427,False
B3_beta60d3__beta55d3,B3_beta60d3,diagnostics,2020,2020-01-02,2020-12-31,253,1.0733992024650756,-0.4396288612085971,1.6957945457810817,1.0794074970279537,0.1813082709311855,0.8920909315338901,13.457245754083218,beta_surface,,,,,50,event,0.55,3,100000.0,0.0025,0.01,True,1.0794074970279537,0.18208961084499786,0.8973178861829558,False
B3_beta60d3__beta55d3,B3_beta60d3,diagnostics,2021,2021-01-04,2021-12-31,252,-0.0447735918098639,-0.3548760628410713,0.120911768758297,-0.0447735918098639,0.2861550585808201,-0.3309286503906841,13.586665798944171,beta_surface,,,,,50,event,0.55,3,100000.0,0.0025,0.01,True,-0.0447735918098639,0.28615505858082013,-0.33092865039068403,False
B3_beta60d3__beta55d3,B3_beta60d3,diagnostics,2022,2022-01-03,2022-12-30,251,-0.2123377333689802,-0.3312338310356569,-0.3342319697124146,-0.2115913328841587,-0.180528833522089,-0.0318088998468911,13.290357468471711,beta_surface,,,,,50,event,0.55,3,100000.0,0.0025,0.01,True,-0.2115913328841587,-0.17988114323237925,-0.031710189651779463,False
B3_beta60d3__beta55d3,B3_beta60d3,diagnostics,2023,2023-01-03,2023-12-29,250,0.3742377853145571,-0.3481264495901888,1.1109160579815465,0.3707749400970077,0.2494116142532503,0.1248261710613067,11.034205764177075,beta_surface,,,,,50,event,0.55,3,100000.0,0.0025,0.01,True,0.3707749400970077,0.24720554909618309,0.12356939100082459,False
B3_beta60d3__beta55d3,B3_beta60d3,diagnostics,2024,2024-01-02,2024-12-31,252,0.103009078187525,-0.2449571206435938,0.4493915051010642,0.103009078187525,0.2643074461050603,-0.1612983679175352,10.174704399331794,beta_surface,,,,,50,event,0.55,3,100000.0,0.0025,0.01,True,0.103009078187525,0.2643074461050603,-0.1612983679175353,False
B3_beta60d3__beta55d3,B3_beta60d3,diagnostics,2025,2025-01-02,2025-12-31,250,-0.149305168101151,-0.5240237847301634,-0.0849095127739693,-0.1482127299796093,0.1785790013706134,-0.3278841694717644,10.800608492365829,beta_surface,,,,,50,event,0.55,3,100000.0,0.0025,0.01,True,-0.1482127299796093,0.1770430847937292,-0.32525581477333854,False
B3_beta60d3__beta55d3,B3_beta60d3,diagnostics,2026,2026-01-02,2026-09-22,181,0.2927810640337849,-0.2453173435290863,0.7532380128003102,0.2025503276953111,0.193982242745804,0.0987988212879809,13.443018434605142,beta_surface,,,,,50,event,0.55,3,100000.0,0.0025,0.01,True,0.2025503276953111,0.13580564851123356,0.06674467918407753,True
B3_beta60d3__beta55d5,B3_beta60d3,diagnostics,2017,2017-01-04,2017-12-29,250,0.2080799371175372,-0.1206247170995421,0.9848554100233082,0.2062688666794474,0.2120011745455907,-0.0039212374280535,10.417884116508956,beta_surface,,,,,50,event,0.55,5,100000.0,0.0025,0.01,True,0.2062688666794474,0.21015310140377008,-0.0038842347243226716,False
B3_beta60d3__beta55d5,B3_beta60d3,diagnostics,2018,2018-01-02,2018-12-31,251,-0.3146627793335074,-0.3650824158530706,-1.1879096454688198,-0.313634426273163,-0.0642984107744514,-0.2503643685590559,12.945150270191697,beta_surface,,,,,50,event,0.55,5,100000.0,0.0025,0.01,True,-0.313634426273163,-0.06405161044839947,-0.24958281582476355,False
B3_beta60d3__beta55d5,B3_beta60d3,diagnostics,2019,2019-01-02,2019-12-31,252,0.6588347870658087,-0.1766038645414898,2.388883823488904,0.6588347870658087,0.3401954545671213,0.3186393324986873,9.19422619749048,beta_surface,,,,,50,event,0.55,5,100000.0,0.0025,0.01,True,0.6588347870658087,0.3401954545671213,0.31863933249868737,False
B3_beta60d3__beta55d5,B3_beta60d3,diagnostics,2020,2020-01-02,2020-12-31,253,0.9873663137168692,-0.4650336986403653,1.5961486524037936,0.9927901446018385,0.1813082709311855,0.8060580427856838,13.19217286678156,beta_surface,,,,,50,event,0.55,5,100000.0,0.0025,0.01,True,0.9927901446018385,0.18208961084499786,0.8107005337568406,False
B3_beta60d3__beta55d5,B3_beta60d3,diagnostics,2021,2021-01-04,2021-12-31,252,-0.078162622371454,-0.3993553364378597,0.0604585446683118,-0.078162622371454,0.2861550585808201,-0.3643176809522741,13.06837604406464,beta_surface,,,,,50,event,0.55,5,100000.0,0.0025,0.01,True,-0.078162622371454,0.28615505858082013,-0.3643176809522741,False
B3_beta60d3__beta55d5,B3_beta60d3,diagnostics,2022,2022-01-03,2022-12-30,251,-0.1514347537376345,-0.3233488225743084,-0.1894283655557781,-0.1508816312522615,-0.180528833522089,0.0290940797844545,13.66771708734634,beta_surface,,,,,50,event,0.55,5,100000.0,0.0025,0.01,True,-0.1508816312522615,-0.17988114323237925,0.028999511980117743,False
B3_beta60d3__beta55d5,B3_beta60d3,diagnostics,2023,2023-01-03,2023-12-29,250,0.1435249215099285,-0.4402729372278142,0.5352271764971369,0.1423083909013265,0.2494116142532503,-0.1058866927433217,11.20131160326854,beta_surface,,,,,50,event,0.55,5,100000.0,0.0025,0.01,True,0.1423083909013265,0.24720554909618309,-0.1048971581948566,False
B3_beta60d3__beta55d5,B3_beta60d3,diagnostics,2024,2024-01-02,2024-12-31,252,0.1457779069372082,-0.2400381624335376,0.5493028269901562,0.1457779069372082,0.2643074461050603,-0.118529539167852,10.647027672292827,beta_surface,,,,,50,event,0.55,5,100000.0,0.0025,0.01,True,0.1457779069372082,0.2643074461050603,-0.11852953916785208,False
B3_beta60d3__beta55d5,B3_beta60d3,diagnostics,2025,2025-01-02,2025-12-31,250,-0.2086051308015143,-0.4480098244899967,-0.2138604230088878,-0.2071342946962658,0.1785790013706134,-0.3871841321721277,10.865111921193606,beta_surface,,,,,50,event,0.55,5,100000.0,0.0025,0.01,True,-0.2071342946962658,0.1770430847937292,-0.384177379489995,False
B3_beta60d3__beta55d5,B3_beta60d3,diagnostics,2026,2026-01-02,2026-09-22,181,1.4156034286431844,-0.2146650114079676,1.8667688439854688,0.8841248777566861,0.193982242745804,1.2216211858973804,11.051517902587396,beta_surface,,,,,50,event,0.55,5,100000.0,0.0025,0.01,True,0.8841248777566861,0.13580564851123356,0.7483192292454526,True
B3_beta60d3__beta60d2,B3_beta60d3,diagnostics,2017,2017-01-04,2017-12-29,250,0.0281627593632567,-0.1992141149723327,0.2366796594338823,0.0279361521280776,0.2120011745455907,-0.183838415182334,13.771125380855556,beta_surface,,,,,50,event,0.6,2,100000.0,0.0025,0.01,True,0.0279361521280776,0.21015310140377008,-0.18221694927569249,False
B3_beta60d3__beta60d2,B3_beta60d3,diagnostics,2018,2018-01-02,2018-12-31,251,-0.278614544699325,-0.349136729149577,-1.1191963258687478,-0.2776790526644849,-0.0642984107744514,-0.2143161339248736,11.340371464596489,beta_surface,,,,,50,event,0.6,2,100000.0,0.0025,0.01,True,-0.2776790526644849,-0.06405161044839947,-0.21362744221608543,False
B3_beta60d3__beta60d2,B3_beta60d3,diagnostics,2019,2019-01-02,2019-12-31,252,0.5962847189374492,-0.1406528249554439,2.166075874038105,0.5962847189374492,0.3401954545671213,0.2560892643703278,9.643532179228448,beta_surface,,,,,50,event,0.6,2,100000.0,0.0025,0.01,True,0.5962847189374492,0.3401954545671213,0.25608926437032786,False
B3_beta60d3__beta60d2,B3_beta60d3,diagnostics,2020,2020-01-02,2020-12-31,253,0.6243203595271254,-0.4757927603109725,1.2048358927295792,0.62745011982445,0.1813082709311855,0.4430120885959399,15.610568659701606,beta_surface,,,,,50,event,0.6,2,100000.0,0.0025,0.01,True,0.62745011982445,0.18208961084499786,0.4453605089794521,False
B3_beta60d3__beta60d2,B3_beta60d3,diagnostics,2021,2021-01-04,2021-12-31,252,0.1028025863978576,-0.3842795922181133,0.4430861694013613,0.1028025863978576,0.2861550585808201,-0.1833524721829624,14.737885944605956,beta_surface,,,,,50,event,0.6,2,100000.0,0.0025,0.01,True,0.1028025863978576,0.28615505858082013,-0.18335247218296252,False
B3_beta60d3__beta60d2,B3_beta60d3,diagnostics,2022,2022-01-03,2022-12-30,251,-0.1471416811706734,-0.3169648982905642,-0.1738512169368418,-0.1466028503063624,-0.180528833522089,0.0333871523514156,11.80843538617298,beta_surface,,,,,50,event,0.6,2,100000.0,0.0025,0.01,True,-0.1466028503063624,-0.17988114323237925,0.03327829292601686,False
B3_beta60d3__beta60d2,B3_beta60d3,diagnostics,2023,2023-01-03,2023-12-29,250,0.2521392561134818,-0.3621526184244709,0.8597003010426131,0.2499067416928426,0.2494116142532503,0.0027276418602315,11.426272427380823,beta_surface,,,,,50,event,0.6,2,100000.0,0.0025,0.01,True,0.2499067416928426,0.24720554909618309,0.0027011925966595185,False
B3_beta60d3__beta60d2,B3_beta60d3,diagnostics,2024,2024-01-02,2024-12-31,252,0.0960422833513054,-0.2528447365843781,0.4292527069505668,0.0960422833513054,0.2643074461050603,-0.1682651627537548,11.7846414271426,beta_surface,,,,,50,event,0.6,2,100000.0,0.0025,0.01,True,0.0960422833513054,0.2643074461050603,-0.16826516275375492,False
B3_beta60d3__beta60d2,B3_beta60d3,diagnostics,2025,2025-01-02,2025-12-31,250,0.0216847438907408,-0.421667981079895,0.3087138854013647,0.0215108049155854,0.1785790013706134,-0.1568942574798726,11.478671906176002,beta_surface,,,,,50,event,0.6,2,100000.0,0.0025,0.01,True,0.0215108049155854,0.1770430847937292,-0.1555322798781438,False
B3_beta60d3__beta60d2,B3_beta60d3,diagnostics,2026,2026-01-02,2026-09-22,181,0.4227339274217574,-0.2888868606951114,0.9212048387065074,0.2881952594137809,0.193982242745804,0.2287516846759534,12.604845066532574,beta_surface,,,,,50,event,0.6,2,100000.0,0.0025,0.01,True,0.2881952594137809,0.13580564851123356,0.15238961090254732,True
B3_beta60d3__beta60d5,B3_beta60d3,diagnostics,2017,2017-01-04,2017-12-29,250,0.2494631864414194,-0.1355205389980962,1.1757765663384632,0.2472566216354568,0.2120011745455907,0.0374620118958286,11.763151266795266,beta_surface,,,,,50,event,0.6,5,100000.0,0.0025,0.01,True,0.2472566216354568,0.21015310140377008,0.037103520231686726,False
B3_beta60d3__beta60d5,B3_beta60d3,diagnostics,2018,2018-01-02,2018-12-31,251,-0.3976384576362893,-0.4374478674359842,-1.4973649943805507,-0.3964255892878444,-0.0642984107744514,-0.3333400468618379,11.016126489817628,beta_surface,,,,,50,event,0.6,5,100000.0,0.0025,0.01,True,-0.3964255892878444,-0.06405161044839947,-0.3323739788394449,False
B3_beta60d3__beta60d5,B3_beta60d3,diagnostics,2019,2019-01-02,2019-12-31,252,0.7416850565451145,-0.1243214614773839,2.5361928841293864,0.7416850565451145,0.3401954545671213,0.4014896019779932,8.223170619733052,beta_surface,,,,,50,event,0.6,5,100000.0,0.0025,0.01,True,0.7416850565451145,0.3401954545671213,0.4014896019779932,False
B3_beta60d3__beta60d5,B3_beta60d3,diagnostics,2020,2020-01-02,2020-12-31,253,0.8293612020678431,-0.4489390289542357,1.4822637865829171,0.8337508789616683,0.1813082709311855,0.6480529311366576,14.139217826654273,beta_surface,,,,,50,event,0.6,5,100000.0,0.0025,0.01,True,0.8337508789616683,0.18208961084499786,0.6516612681166705,False
B3_beta60d3__beta60d5,B3_beta60d3,diagnostics,2021,2021-01-04,2021-12-31,252,-0.1369124096014226,-0.4278606715843224,-0.0922455871241515,-0.1369124096014226,0.2861550585808201,-0.4230674681822427,12.69231835453328,beta_surface,,,,,50,event,0.6,5,100000.0,0.0025,0.01,True,-0.1369124096014226,0.28615505858082013,-0.4230674681822427,False
B3_beta60d3__beta60d5,B3_beta60d3,diagnostics,2022,2022-01-03,2022-12-30,251,-0.1451135272874071,-0.3130105803468509,-0.145268612349553,-0.144581477892013,-0.180528833522089,0.0354153062346819,13.041743707066102,beta_surface,,,,,50,event,0.6,5,100000.0,0.0025,0.01,True,-0.144581477892013,-0.17988114323237925,0.03529966534036624,False
B3_beta60d3__beta60d5,B3_beta60d3,diagnostics,2023,2023-01-03,2023-12-29,250,0.2733149094042113,-0.4587739126494986,0.766092708218493,0.2708754791771024,0.2494116142532503,0.023903295150961,11.879566271173742,beta_surface,,,,,50,event,0.6,5,100000.0,0.0025,0.01,True,0.2708754791771024,0.24720554909618309,0.023669930080919332,False
B3_beta60d3__beta60d5,B3_beta60d3,diagnostics,2024,2024-01-02,2024-12-31,252,0.5457281096875075,-0.2579990115882137,1.2231592132292397,0.5457281096875075,0.2643074461050603,0.2814206635824472,11.489544520511652,beta_surface,,,,,50,event,0.6,5,100000.0,0.0025,0.01,True,0.5457281096875075,0.2643074461050603,0.2814206635824472,False
B3_beta60d3__beta60d5,B3_beta60d3,diagnostics,2025,2025-01-02,2025-12-31,250,-0.157782554494969,-0.5066956207763571,-0.0253507959154069,-0.156633969669746,0.1785790013706134,-0.3363615558655825,12.724205660991828,beta_surface,,,,,50,event,0.6,5,100000.0,0.0025,0.01,True,-0.156633969669746,0.1770430847937292,-0.3336770544634752,False
B3_beta60d3__beta60d5,B3_beta60d3,diagnostics,2026,2026-01-02,2026-09-22,181,0.0074070805398682,-0.2656617403062539,0.2577918795563368,0.0053146311177649,0.193982242745804,-0.1865751622059357,14.382271348186396,beta_surface,,,,,50,event,0.6,5,100000.0,0.0025,0.01,True,0.0053146311177649,0.13580564851123356,-0.13049101739346866,True
B3_beta60d3__beta65d2,B3_beta60d3,diagnostics,2017,2017-01-04,2017-12-29,250,0.1426670035824238,-0.0926433346916205,0.7460598934218119,0.1414581847605789,0.2120011745455907,-0.0693341709631669,13.08660300643422,beta_surface,,,,,50,event,0.65,2,100000.0,0.0025,0.01,True,0.1414581847605789,0.21015310140377008,-0.06869491664319119,False
B3_beta60d3__beta65d2,B3_beta60d3,diagnostics,2018,2018-01-02,2018-12-31,251,-0.143029807143486,-0.3301381165984443,-0.3714135784080706,-0.1425047448306908,-0.0642984107744514,-0.0787313963690345,10.952917826115142,beta_surface,,,,,50,event,0.65,2,100000.0,0.0025,0.01,True,-0.1425047448306908,-0.06405161044839947,-0.07845313438229135,False
B3_beta60d3__beta65d2,B3_beta60d3,diagnostics,2019,2019-01-02,2019-12-31,252,0.540177805414308,-0.1738340121347129,1.9560805008328463,0.540177805414308,0.3401954545671213,0.1999823508471867,9.862275759699171,beta_surface,,,,,50,event,0.65,2,100000.0,0.0025,0.01,True,0.540177805414308,0.3401954545671213,0.19998235084718674,False
B3_beta60d3__beta65d2,B3_beta60d3,diagnostics,2020,2020-01-02,2020-12-31,253,1.0073389373232544,-0.5040656633264058,1.6070685059396157,1.012897148937554,0.1813082709311855,0.8260306663920689,17.785956816146406,beta_surface,,,,,50,event,0.65,2,100000.0,0.0025,0.01,True,1.012897148937554,0.18208961084499786,0.8308075380925561,False
B3_beta60d3__beta65d2,B3_beta60d3,diagnostics,2021,2021-01-04,2021-12-31,252,0.1597290747039788,-0.3992107746483938,0.5475646830763239,0.1597290747039788,0.2861550585808201,-0.1264259838768413,15.321684791999344,beta_surface,,,,,50,event,0.65,2,100000.0,0.0025,0.01,True,0.1597290747039788,0.28615505858082013,-0.12642598387684134,False
B3_beta60d3__beta65d2,B3_beta60d3,diagnostics,2022,2022-01-03,2022-12-30,251,-0.2402390167978715,-0.3797321108571864,-0.326038699008663,-0.2394102103530361,-0.180528833522089,-0.0597101832757824,14.472203571992807,beta_surface,,,,,50,event,0.65,2,100000.0,0.0025,0.01,True,-0.2394102103530361,-0.17988114323237925,-0.059529067120656864,False
B3_beta60d3__beta65d2,B3_beta60d3,diagnostics,2023,2023-01-03,2023-12-29,250,0.375973024037217,-0.369254039715487,1.0905044352197644,0.3724920606797537,0.2494116142532503,0.1265614097839666,12.842104265217388,beta_surface,,,,,50,event,0.65,2,100000.0,0.0025,0.01,True,0.3724920606797537,0.24720554909618309,0.12528651158357063,False
B3_beta60d3__beta65d2,B3_beta60d3,diagnostics,2024,2024-01-02,2024-12-31,252,0.1249071962948138,-0.2520211246852719,0.4907616894684205,0.1249071962948138,0.2643074461050603,-0.1394002498102464,11.660988072862132,beta_surface,,,,,50,event,0.65,2,100000.0,0.0025,0.01,True,0.1249071962948138,0.2643074461050603,-0.1394002498102465,False
B3_beta60d3__beta65d2,B3_beta60d3,diagnostics,2025,2025-01-02,2025-12-31,250,-0.1311597309581064,-0.4556587151914144,-0.0040648840005223,-0.1301897021638031,0.1785790013706134,-0.3097387323287198,11.620496366582332,beta_surface,,,,,50,event,0.65,2,100000.0,0.0025,0.01,True,-0.1301897021638031,0.1770430847937292,-0.3072327869575323,False
B3_beta60d3__beta65d2,B3_beta60d3,diagnostics,2026,2026-01-02,2026-09-22,181,0.6287033163962823,-0.3022906688209619,1.12328621232187,0.419568465417645,0.193982242745804,0.4347210736504783,15.060753716310662,beta_surface,,,,,50,event,0.65,2,100000.0,0.0025,0.01,True,0.419568465417645,0.13580564851123356,0.2837628169064114,True
B3_beta60d3__beta65d3,B3_beta60d3,diagnostics,2017,2017-01-04,2017-12-29,250,0.1475658180367469,-0.0974615729851802,0.74600041624397,0.146312895972513,0.2120011745455907,-0.0644353565088438,15.103672856897669,beta_surface,,,,,50,event,0.65,3,100000.0,0.0025,0.01,True,0.146312895972513,0.21015310140377008,-0.06384020543125707,False
B3_beta60d3__beta65d3,B3_beta60d3,diagnostics,2018,2018-01-02,2018-12-31,251,-0.0546759171453937,-0.3055944782542423,-0.0215475712271683,-0.0544649683058828,-0.0642984107744514,0.0096224936290576,12.975128901863725,beta_surface,,,,,50,event,0.65,3,100000.0,0.0025,0.01,True,-0.0544649683058828,-0.06405161044839947,0.009586642142516665,False
B3_beta60d3__beta65d3,B3_beta60d3,diagnostics,2019,2019-01-02,2019-12-31,252,0.5944126608392852,-0.1655376669512466,2.070027498360685,0.5944126608392852,0.3401954545671213,0.2542172062721639,10.091934610224063,beta_surface,,,,,50,event,0.65,3,100000.0,0.0025,0.01,True,0.5944126608392852,0.3401954545671213,0.25421720627216393,False
B3_beta60d3__beta65d3,B3_beta60d3,diagnostics,2020,2020-01-02,2020-12-31,253,1.4982770053646526,-0.4997639485249819,1.9681408736987855,1.5073706013888746,0.1813082709311855,1.316968734433467,17.03564619529847,beta_surface,,,,,50,event,0.65,3,100000.0,0.0025,0.01,True,1.5073706013888746,0.18208961084499786,1.3252809905438767,False
B3_beta60d3__beta65d3,B3_beta60d3,diagnostics,2021,2021-01-04,2021-12-31,252,0.0421617410021171,-0.3939783567790478,0.3277828592900833,0.0421617410021171,0.2861550585808201,-0.243993317578703,15.280951998701136,beta_surface,,,,,50,event,0.65,3,100000.0,0.0025,0.01,True,0.0421617410021171,0.28615505858082013,-0.24399331757870302,False
B3_beta60d3__beta65d3,B3_beta60d3,diagnostics,2022,2022-01-03,2022-12-30,251,-0.1975787766540857,-0.3607026689773487,-0.2343038408809055,-0.1968775567993212,-0.180528833522089,-0.0170499431319967,15.214847420717089,beta_surface,,,,,50,event,0.65,3,100000.0,0.0025,0.01,True,-0.1968775567993212,-0.17988114323237925,-0.016996413566941954,False
B3_beta60d3__beta65d3,B3_beta60d3,diagnostics,2023,2023-01-03,2023-12-29,250,0.3036170890036784,-0.2567819059821034,1.0195403157242715,0.3008767617124717,0.2494116142532503,0.0542054747504281,11.978262544622876,beta_surface,,,,,50,event,0.65,3,100000.0,0.0025,0.01,True,0.3008767617124717,0.24720554909618309,0.0536712126162886,False
B3_beta60d3__beta65d3,B3_beta60d3,diagnostics,2024,2024-01-02,2024-12-31,252,-0.011084115509528,-0.2772842882988592,0.1702578884321212,-0.011084115509528,0.2643074461050603,-0.2753915616145883,11.840827170112185,beta_surface,,,,,50,event,0.65,3,100000.0,0.0025,0.01,True,-0.011084115509528,0.2643074461050603,-0.2753915616145883,False
B3_beta60d3__beta65d3,B3_beta60d3,diagnostics,2025,2025-01-02,2025-12-31,250,0.3735224854061771,-0.4820638828008494,0.8565154538385311,0.3700671038386756,0.1785790013706134,0.1949434840355637,11.660212079172476,beta_surface,,,,,50,event,0.65,3,100000.0,0.0025,0.01,True,0.3700671038386756,0.1770430847937292,0.19302401904494637,False
B3_beta60d3__beta65d3,B3_beta60d3,diagnostics,2026,2026-01-02,2026-09-22,181,1.1253874855992034,-0.2030240777037029,1.693256379992658,0.718635302527943,0.193982242745804,0.9314052428533994,14.353608753717904,beta_surface,,,,,50,event,0.65,3,100000.0,0.0025,0.01,True,0.718635302527943,0.13580564851123356,0.5828296540167095,True
B3_beta60d3__beta65d5,B3_beta60d3,diagnostics,2017,2017-01-04,2017-12-29,250,0.0181115454965918,-0.1399508561289492,0.1918028600528932,0.0179665194916494,0.2120011745455907,-0.1938896290489988,13.254254933438949,beta_surface,,,,,50,event,0.65,5,100000.0,0.0025,0.01,True,0.0179665194916494,0.21015310140377008,-0.19218658191212068,False
B3_beta60d3__beta65d5,B3_beta60d3,diagnostics,2018,2018-01-02,2018-12-31,251,-0.1327788092174003,-0.2895404896045571,-0.3737699488607819,-0.1322884111594494,-0.0642984107744514,-0.0684803984429489,11.607955378745867,beta_surface,,,,,50,event,0.65,5,100000.0,0.0025,0.01,True,-0.1322884111594494,-0.06405161044839947,-0.06823680071104993,False
B3_beta60d3__beta65d5,B3_beta60d3,diagnostics,2019,2019-01-02,2019-12-31,252,1.0758566032937935,-0.0941808571049037,3.283303800910714,1.0758566032937935,0.3401954545671213,0.7356611487266722,8.627342056277797,beta_surface,,,,,50,event,0.65,5,100000.0,0.0025,0.01,True,1.0758566032937935,0.3401954545671213,0.7356611487266722,False
B3_beta60d3__beta65d5,B3_beta60d3,diagnostics,2020,2020-01-02,2020-12-31,253,0.7214962120983055,-0.4509283196874298,1.3162653197252516,0.7252109526722688,0.1813082709311855,0.54018794116712,15.714749514549393,beta_surface,,,,,50,event,0.65,5,100000.0,0.0025,0.01,True,0.7252109526722688,0.18208961084499786,0.5431213418272709,False
B3_beta60d3__beta65d5,B3_beta60d3,diagnostics,2021,2021-01-04,2021-12-31,252,0.1935362735951717,-0.3750643987823565,0.5960589237698263,0.1935362735951717,0.2861550585808201,-0.0926187849856483,13.85422505384864,beta_surface,,,,,50,event,0.65,5,100000.0,0.0025,0.01,True,0.1935362735951717,0.28615505858082013,-0.09261878498564843,False
B3_beta60d3__beta65d5,B3_beta60d3,diagnostics,2022,2022-01-03,2022-12-30,251,-0.077162216613366,-0.2700971168020591,0.0427706099139097,-0.0768681001369692,-0.180528833522089,0.1033666169087229,14.507022491107122,beta_surface,,,,,50,event,0.65,5,100000.0,0.0025,0.01,True,-0.0768681001369692,-0.17988114323237925,0.10301304309541005,False
B3_beta60d3__beta65d5,B3_beta60d3,diagnostics,2023,2023-01-03,2023-12-29,250,0.2202746454879769,-0.3557206286746227,0.713481755835376,0.2183481730284944,0.2494116142532503,-0.0291369687652733,13.258642098279967,beta_surface,,,,,50,event,0.65,5,100000.0,0.0025,0.01,True,0.2183481730284944,0.24720554909618309,-0.028857376067688678,False
B3_beta60d3__beta65d5,B3_beta60d3,diagnostics,2024,2024-01-02,2024-12-31,252,0.2474193603131242,-0.2068992706187912,0.7609134839248113,0.2474193603131242,0.2643074461050603,-0.016888085791936,11.55208350657737,beta_surface,,,,,50,event,0.65,5,100000.0,0.0025,0.01,True,0.2474193603131242,0.2643074461050603,-0.016888085791936097,False
B3_beta60d3__beta65d5,B3_beta60d3,diagnostics,2025,2025-01-02,2025-12-31,250,0.2260496894374259,-0.4595368823534135,0.6429206321443165,0.2240682312200688,0.1785790013706134,0.0474706880668125,9.981721787129176,beta_surface,,,,,50,event,0.65,5,100000.0,0.0025,0.01,True,0.2240682312200688,0.1770430847937292,0.04702514642633959,False
B3_beta60d3__beta65d5,B3_beta60d3,diagnostics,2026,2026-01-02,2026-09-22,181,0.2734067009666399,-0.3479587050803066,0.7233326005172879,0.1895783685041037,0.193982242745804,0.0794244582208358,16.088415598242012,beta_surface,,,,,50,event,0.65,5,100000.0,0.0025,0.01,True,0.1895783685041037,0.13580564851123356,0.053772719992870144,True
A0_event__d05,A0_event,diagnostics,2017,2017-01-04,2017-12-29,250,-0.1098929589202484,-0.250352731140735,-0.4472398281066805,-0.1090701937933589,0.2120011745455907,-0.3218941334658391,12.625253587193638,fixed_session_surface,,,,,50,d05,0.5,3,100000.0,0.0025,0.01,True,-0.1090701937933589,0.21015310140377008,-0.319223295197129,False
A0_event__d05,A0_event,diagnostics,2018,2018-01-02,2018-12-31,251,-0.3366077737034791,-0.4205376419163337,-1.4350328637942529,-0.3355265412069359,-0.0642984107744514,-0.2723093629290277,11.836542546033057,fixed_session_surface,,,,,50,d05,0.5,3,100000.0,0.0025,0.01,True,-0.3355265412069359,-0.06405161044839947,-0.27147493075853646,False
A0_event__d05,A0_event,diagnostics,2019,2019-01-02,2019-12-31,252,0.8949807924749127,-0.1418154520410937,2.801242189800311,0.8949807924749127,0.3401954545671213,0.5547853379077914,7.682876354678661,fixed_session_surface,,,,,50,d05,0.5,3,100000.0,0.0025,0.01,True,0.8949807924749127,0.3401954545671213,0.5547853379077914,False
A0_event__d05,A0_event,diagnostics,2020,2020-01-02,2020-12-31,253,0.4550186335733965,-0.3929993373707713,1.0863703491967318,0.4571855598629561,0.1813082709311855,0.273710362642211,10.521083601758615,fixed_session_surface,,,,,50,d05,0.5,3,100000.0,0.0025,0.01,True,0.4571855598629561,0.18208961084499786,0.27509594901795825,False
A0_event__d05,A0_event,diagnostics,2021,2021-01-04,2021-12-31,252,-0.0619488442649013,-0.2929736497161135,0.0320853246691454,-0.0619488442649013,0.2861550585808201,-0.3481039028457214,13.97818656520459,fixed_session_surface,,,,,50,d05,0.5,3,100000.0,0.0025,0.01,True,-0.0619488442649013,0.28615505858082013,-0.34810390284572146,False
A0_event__d05,A0_event,diagnostics,2022,2022-01-03,2022-12-30,251,0.0854513423046723,-0.3066964255797935,0.4050726610312131,0.0850982150654735,-0.180528833522089,0.2659801758267613,11.403117364914076,fixed_session_surface,,,,,50,d05,0.5,3,100000.0,0.0025,0.01,True,0.0850982150654735,-0.17988114323237925,0.26497935829785274,False
A0_event__d05,A0_event,diagnostics,2023,2023-01-03,2023-12-29,250,0.1581225597686262,-0.2709598919348955,0.6571534756968512,0.1567740388532121,0.2494116142532503,-0.0912890544846241,9.8593773969989,fixed_session_surface,,,,,50,d05,0.5,3,100000.0,0.0025,0.01,True,0.1567740388532121,0.24720554909618309,-0.090431510242971,False
A0_event__d05,A0_event,diagnostics,2024,2024-01-02,2024-12-31,252,0.4318452805848722,-0.2987384884610637,1.0809859552950734,0.4318452805848722,0.2643074461050603,0.1675378344798119,12.935948529483232,fixed_session_surface,,,,,50,d05,0.5,3,100000.0,0.0025,0.01,True,0.4318452805848722,0.2643074461050603,0.1675378344798119,False
A0_event__d05,A0_event,diagnostics,2025,2025-01-02,2025-12-31,250,0.6230605997297516,-0.3373581988702487,1.2380279410497457,0.616833920638957,0.1785790013706134,0.4444815983591381,9.886686727661823,fixed_session_surface,,,,,50,d05,0.5,3,100000.0,0.0025,0.01,True,0.616833920638957,0.1770430847937292,0.4397908358452278,False
A0_event__d05,A0_event,diagnostics,2026,2026-01-02,2026-09-22,181,0.4352287615828869,-0.2985243750156012,0.9464199381679484,0.2963110514925302,0.193982242745804,0.2412465188370829,13.422018356587778,fixed_session_surface,,,,,50,d05,0.5,3,100000.0,0.0025,0.01,True,0.2963110514925302,0.13580564851123356,0.16050540298129662,True
A0_event__d10,A0_event,diagnostics,2017,2017-01-04,2017-12-29,250,-0.1155495798504719,-0.2526565617045563,-0.4803844339741296,-0.1146872500250605,0.2120011745455907,-0.3275507543960627,11.402269598646953,fixed_session_surface,,,,,50,d10,0.5,3,100000.0,0.0025,0.01,True,-0.1146872500250605,0.21015310140377008,-0.3248403514288306,False
A0_event__d10,A0_event,diagnostics,2018,2018-01-02,2018-12-31,251,-0.3354442164243718,-0.4150285163366486,-1.4480523045092104,-0.334365716352989,-0.0642984107744514,-0.2711458056499204,10.49112047050158,fixed_session_surface,,,,,50,d10,0.5,3,100000.0,0.0025,0.01,True,-0.334365716352989,-0.06405161044839947,-0.27031410590458954,False
A0_event__d10,A0_event,diagnostics,2019,2019-01-02,2019-12-31,252,0.8997216693468384,-0.1431950509312223,2.8108355704483987,0.8997216693468384,0.3401954545671213,0.5595262147797171,7.103817231752606,fixed_session_surface,,,,,50,d10,0.5,3,100000.0,0.0025,0.01,True,0.8997216693468384,0.3401954545671213,0.5595262147797171,False
A0_event__d10,A0_event,diagnostics,2020,2020-01-02,2020-12-31,253,0.4141172020773491,-0.3773880140854999,1.0374106655026112,0.4160629812562291,0.1813082709311855,0.2328089311461636,9.45273935427843,fixed_session_surface,,,,,50,d10,0.5,3,100000.0,0.0025,0.01,True,0.4160629812562291,0.18208961084499786,0.23397337041123123,False
A0_event__d10,A0_event,diagnostics,2021,2021-01-04,2021-12-31,252,-0.0604513214444972,-0.28977718446604,0.0332162507483126,-0.0604513214444972,0.2861550585808201,-0.3466063800253174,12.89167601099268,fixed_session_surface,,,,,50,d10,0.5,3,100000.0,0.0025,0.01,True,-0.0604513214444972,0.28615505858082013,-0.34660638002531735,False
A0_event__d10,A0_event,diagnostics,2022,2022-01-03,2022-12-30,251,0.0933375134644105,-0.2989507696189867,0.4224087931851758,0.0929504235675124,-0.180528833522089,0.2738663469864996,9.061646597781678,fixed_session_surface,,,,,50,d10,0.5,3,100000.0,0.0025,0.01,True,0.0929504235675124,-0.17988114323237925,0.2728315667998916,False
A0_event__d10,A0_event,diagnostics,2023,2023-01-03,2023-12-29,250,0.2005480379281368,-0.2851145625249132,0.7665213865961195,0.1988077611852803,0.2494116142532503,-0.0488635763251135,9.192678098757588,fixed_session_surface,,,,,50,d10,0.5,3,100000.0,0.0025,0.01,True,0.1988077611852803,0.24720554909618309,-0.048397787910902795,False
A0_event__d10,A0_event,diagnostics,2024,2024-01-02,2024-12-31,252,0.6328264189406085,-0.2376499840502055,1.3910004833610956,0.6328264189406085,0.2643074461050603,0.3685189728355482,11.37275928061566,fixed_session_surface,,,,,50,d10,0.5,3,100000.0,0.0025,0.01,True,0.6328264189406085,0.2643074461050603,0.36851897283554824,False
A0_event__d10,A0_event,diagnostics,2025,2025-01-02,2025-12-31,250,0.6375178114463791,-0.3357484424432058,1.27005955379032,0.6311208658810614,0.1785790013706134,0.4589388100757656,8.28630983965063,fixed_session_surface,,,,,50,d10,0.5,3,100000.0,0.0025,0.01,True,0.6311208658810614,0.1770430847937292,0.4540777810873322,False
A0_event__d10,A0_event,diagnostics,2026,2026-01-02,2026-09-22,181,0.674668085972737,-0.2508447240631379,1.2249560428328563,0.4482305649585849,0.193982242745804,0.480685843226933,10.83574533503267,fixed_session_surface,,,,,50,d10,0.5,3,100000.0,0.0025,0.01,True,0.4482305649585849,0.13580564851123356,0.3124249164473513,True
A0_event__d20,A0_event,diagnostics,2017,2017-01-04,2017-12-29,250,-0.1010788803954849,-0.2474965385435653,-0.407655611600782,-0.1003183284695452,0.2120011745455907,-0.3130800549410757,10.813817110024557,fixed_session_surface,,,,,50,d20,0.5,3,100000.0,0.0025,0.01,True,-0.1003183284695452,0.21015310140377008,-0.3104714298733153,False
A0_event__d20,A0_event,diagnostics,2018,2018-01-02,2018-12-31,251,-0.3267642619191473,-0.4093508520347692,-1.4064419605801854,-0.3257063988504506,-0.0642984107744514,-0.2624658511446959,9.56261688859676,fixed_session_surface,,,,,50,d20,0.5,3,100000.0,0.0025,0.01,True,-0.3257063988504506,-0.06405161044839947,-0.26165478840205114,False
A0_event__d20,A0_event,diagnostics,2019,2019-01-02,2019-12-31,252,0.9005717923490413,-0.1413959446324806,2.8116271082808315,0.9005717923490413,0.3401954545671213,0.56037633778192,6.424302509023524,fixed_session_surface,,,,,50,d20,0.5,3,100000.0,0.0025,0.01,True,0.9005717923490413,0.3401954545671213,0.56037633778192,False
A0_event__d20,A0_event,diagnostics,2020,2020-01-02,2020-12-31,253,0.3598218680710838,-0.3784644368105868,0.9403624651042346,0.3614813969516028,0.1813082709311855,0.1785135971398983,8.293233350797355,fixed_session_surface,,,,,50,d20,0.5,3,100000.0,0.0025,0.01,True,0.3614813969516028,0.18208961084499786,0.17939178610660494,False
A0_event__d20,A0_event,diagnostics,2021,2021-01-04,2021-12-31,252,-0.0522438923177133,-0.2850190965546952,0.0559573754232316,-0.0522438923177133,0.2861550585808201,-0.3383989508985334,11.454905114755952,fixed_session_surface,,,,,50,d20,0.5,3,100000.0,0.0025,0.01,True,-0.0522438923177133,0.28615505858082013,-0.33839895089853345,False
A0_event__d20,A0_event,diagnostics,2022,2022-01-03,2022-12-30,251,0.0686361944407474,-0.3042970884135761,0.3675630296187825,0.06835472538617,-0.180528833522089,0.2491650279628364,8.324753635201857,fixed_session_surface,,,,,50,d20,0.5,3,100000.0,0.0025,0.01,True,0.06835472538617,-0.17988114323237925,0.24823586861854924,False
A0_event__d20,A0_event,diagnostics,2023,2023-01-03,2023-12-29,250,0.2110354135305885,-0.2812816430735181,0.7968709053929061,0.2091964630490324,0.2494116142532503,-0.0383762007226617,8.347481471030779,fixed_session_surface,,,,,50,d20,0.5,3,100000.0,0.0025,0.01,True,0.2091964630490324,0.24720554909618309,-0.0380090860471507,False
A0_event__d20,A0_event,diagnostics,2024,2024-01-02,2024-12-31,252,0.5271361540065371,-0.2615089730176237,1.212383199064179,0.5271361540065371,0.2643074461050603,0.2628287079014768,10.00145944623527,fixed_session_surface,,,,,50,d20,0.5,3,100000.0,0.0025,0.01,True,0.5271361540065371,0.2643074461050603,0.26282870790147683,False
A0_event__d20,A0_event,diagnostics,2025,2025-01-02,2025-12-31,250,0.550362618757164,-0.3645343613872194,1.1468750239912011,0.5449766251889081,0.1785790013706134,0.3717836173865505,7.5286277650553455,fixed_session_surface,,,,,50,d20,0.5,3,100000.0,0.0025,0.01,True,0.5449766251889081,0.1770430847937292,0.3679335403951789,False
A0_event__d20,A0_event,diagnostics,2026,2026-01-02,2026-09-22,181,0.3403919657003165,-0.30650397966217,0.8200404650795291,0.2341977681864846,0.193982242745804,0.1464097229545125,10.902971478992688,fixed_session_surface,,,,,50,d20,0.5,3,100000.0,0.0025,0.01,True,0.2341977681864846,0.13580564851123356,0.09839211967525105,True
A0_event__d40,A0_event,diagnostics,2017,2017-01-04,2017-12-29,250,-0.1063506432598819,-0.2487666825718145,-0.4279618179819184,-0.1055527988920664,0.2120011745455907,-0.3183518178054727,10.551392158128936,fixed_session_surface,,,,,50,d40,0.5,3,100000.0,0.0025,0.01,True,-0.1055527988920664,0.21015310140377008,-0.31570590029583645,False
A0_event__d40,A0_event,diagnostics,2018,2018-01-02,2018-12-31,251,-0.3040937870202796,-0.4034030858948644,-1.2591102917215566,-0.3030918994363795,-0.0642984107744514,-0.2397953762458282,9.084218293993656,fixed_session_surface,,,,,50,d40,0.5,3,100000.0,0.0025,0.01,True,-0.3030918994363795,-0.06405161044839947,-0.23904028898798002,False
A0_event__d40,A0_event,diagnostics,2019,2019-01-02,2019-12-31,252,0.9820801287367352,-0.1397748680992806,2.868928655894073,0.9820801287367352,0.3401954545671213,0.641884674169614,5.762674030446753,fixed_session_surface,,,,,50,d40,0.5,3,100000.0,0.0025,0.01,True,0.9820801287367352,0.3401954545671213,0.6418846741696139,False
A0_event__d40,A0_event,diagnostics,2020,2020-01-02,2020-12-31,253,0.3300145579228708,-0.3881864636202904,0.8853139085841762,0.3315205952863373,0.1813082709311855,0.1487062869916853,7.683898954497407,fixed_session_surface,,,,,50,d40,0.5,3,100000.0,0.0025,0.01,True,0.3315205952863373,0.18208961084499786,0.14943098444133945,False
A0_event__d40,A0_event,diagnostics,2021,2021-01-04,2021-12-31,252,-0.0372838330374647,-0.2815493214196557,0.0964430873246073,-0.0372838330374647,0.2861550585808201,-0.3234388916182849,10.86711328102052,fixed_session_surface,,,,,50,d40,0.5,3,100000.0,0.0025,0.01,True,-0.0372838330374647,0.28615505858082013,-0.3234388916182848,False
A0_event__d40,A0_event,diagnostics,2022,2022-01-03,2022-12-30,251,0.0806390229615485,-0.2988906619076027,0.3941712109244525,0.0803065093822834,-0.180528833522089,0.2611678564836376,8.188907740668256,fixed_session_surface,,,,,50,d40,0.5,3,100000.0,0.0025,0.01,True,0.0803065093822834,-0.17988114323237925,0.26018765261466265,False
A0_event__d40,A0_event,diagnostics,2023,2023-01-03,2023-12-29,250,0.2734506694516785,-0.2879748737583329,0.9533431980815986,0.2710099036806732,0.2494116142532503,0.0240390551984281,7.461380957757284,fixed_session_surface,,,,,50,d40,0.5,3,100000.0,0.0025,0.01,True,0.2710099036806732,0.24720554909618309,0.023804354584490095,False
A0_event__d40,A0_event,diagnostics,2024,2024-01-02,2024-12-31,252,0.5578433401955722,-0.2617800797015664,1.227285654577437,0.5578433401955722,0.2643074461050603,0.2935358940905119,9.338517873194014,fixed_session_surface,,,,,50,d40,0.5,3,100000.0,0.0025,0.01,True,0.5578433401955722,0.2643074461050603,0.29353589409051195,False
A0_event__d40,A0_event,diagnostics,2025,2025-01-02,2025-12-31,250,0.4792143114836904,-0.348525374996981,1.0589362491938288,0.474625184699557,0.1785790013706134,0.300635310113077,6.994002008788406,fixed_session_surface,,,,,50,d40,0.5,3,100000.0,0.0025,0.01,True,0.474625184699557,0.1770430847937292,0.2975820999058278,False
A0_event__d40,A0_event,diagnostics,2026,2026-01-02,2026-09-22,181,0.4309469084894757,-0.2802535915618868,0.9394587267818152,0.2935321022693178,0.193982242745804,0.2369646657436717,10.74133071361817,fixed_session_surface,,,,,50,d40,0.5,3,100000.0,0.0025,0.01,True,0.2935321022693178,0.13580564851123356,0.15772645375808425,True
A0_event__d60,A0_event,diagnostics,2017,2017-01-04,2017-12-29,250,-0.1353389092994269,-0.2628287467949805,-0.5889199714278427,-0.1343404206477482,0.2120011745455907,-0.3473400838450177,10.17302698387435,fixed_session_surface,,,,,50,d60,0.5,3,100000.0,0.0025,0.01,True,-0.1343404206477482,0.21015310140377008,-0.3444935220515183,False
A0_event__d60,A0_event,diagnostics,2018,2018-01-02,2018-12-31,251,-0.3282503188734047,-0.4099416225508654,-1.4118819039586008,-0.3271888910431494,-0.0642984107744514,-0.2639519080989533,8.905135900234926,fixed_session_surface,,,,,50,d60,0.5,3,100000.0,0.0025,0.01,True,-0.3271888910431494,-0.06405161044839947,-0.26313728059474994,False
A0_event__d60,A0_event,diagnostics,2019,2019-01-02,2019-12-31,252,1.012072394637547,-0.1399323286888909,2.955301137848481,1.012072394637547,0.3401954545671213,0.6718769400704256,5.924557390226923,fixed_session_surface,,,,,50,d60,0.5,3,100000.0,0.0025,0.01,True,1.012072394637547,0.3401954545671213,0.6718769400704256,False
A0_event__d60,A0_event,diagnostics,2020,2020-01-02,2020-12-31,253,0.36939430286211,-0.3755732846830845,0.9509324245345872,0.3711036802500236,0.1813082709311855,0.1880860319309245,7.342987403746459,fixed_session_surface,,,,,50,d60,0.5,3,100000.0,0.0025,0.01,True,0.3711036802500236,0.18208961084499786,0.18901406940502574,False
A0_event__d60,A0_event,diagnostics,2021,2021-01-04,2021-12-31,252,-0.0747944924225598,-0.2700911915349057,-0.0103606643671084,-0.0747944924225598,0.2861550585808201,-0.36094955100338,10.769453911290096,fixed_session_surface,,,,,50,d60,0.5,3,100000.0,0.0025,0.01,True,-0.0747944924225598,0.28615505858082013,-0.36094955100337994,False
A0_event__d60,A0_event,diagnostics,2022,2022-01-03,2022-12-30,251,0.0469131576023784,-0.3039641473143106,0.3177732204207487,0.0467227115762378,-0.180528833522089,0.2274419911244675,7.494818177119406,fixed_session_surface,,,,,50,d60,0.5,3,100000.0,0.0025,0.01,True,0.0467227115762378,-0.17988114323237925,0.22660385480861706,False
A0_event__d60,A0_event,diagnostics,2023,2023-01-03,2023-12-29,250,0.1921662581508307,-0.2880306317398955,0.7420500031056259,0.1905043264254997,0.2494116142532503,-0.0572453561024195,7.522048978631663,fixed_session_surface,,,,,50,d60,0.5,3,100000.0,0.0025,0.01,True,0.1905043264254997,0.24720554909618309,-0.05670122267068339,False
A0_event__d60,A0_event,diagnostics,2024,2024-01-02,2024-12-31,252,0.4242630913695455,-0.3216507149756934,1.0102858268467496,0.4242630913695455,0.2643074461050603,0.1599556452644852,9.17394064966268,fixed_session_surface,,,,,50,d60,0.5,3,100000.0,0.0025,0.01,True,0.4242630913695455,0.2643074461050603,0.1599556452644852,False
A0_event__d60,A0_event,diagnostics,2025,2025-01-02,2025-12-31,250,0.521654425874529,-0.383967349786439,1.0645510428841871,0.5165931178883947,0.1785790013706134,0.3430754245039156,6.844156167828307,fixed_session_surface,,,,,50,d60,0.5,3,100000.0,0.0025,0.01,True,0.5165931178883947,0.1770430847937292,0.33955003309466547,False
A0_event__d60,A0_event,diagnostics,2026,2026-01-02,2026-09-22,181,0.2697474267559261,-0.3266950287357717,0.7127172295890413,0.1871221052823068,0.193982242745804,0.0757651840101221,10.08128461838703,fixed_session_surface,,,,,50,d60,0.5,3,100000.0,0.0025,0.01,True,0.1871221052823068,0.13580564851123356,0.05131645677107324,True
A2_event__d05,A2_event,diagnostics,2017,2017-01-04,2017-12-29,250,0.0848601405260671,-0.1804484706936051,0.5065598131748786,0.08415907329371,0.2120011745455907,-0.1271410340195236,11.1525704182982,fixed_session_surface,,,,,50,d05,0.5,3,100000.0,0.0025,0.01,True,0.08415907329371,0.21015310140377008,-0.12599402811006008,False
A2_event__d05,A2_event,diagnostics,2018,2018-01-02,2018-12-31,251,-0.1847461776113665,-0.3565147582439179,-0.6105269173163544,-0.1840851148902739,-0.0642984107744514,-0.1204477668369151,12.445201253981638,fixed_session_surface,,,,,50,d05,0.5,3,100000.0,0.0025,0.01,True,-0.1840851148902739,-0.06405161044839947,-0.12003350444187444,False
A2_event__d05,A2_event,diagnostics,2019,2019-01-02,2019-12-31,252,0.8609748418021257,-0.1081365334483486,2.924415051743249,0.8609748418021257,0.3401954545671213,0.5207793872350044,9.793604410478512,fixed_session_surface,,,,,50,d05,0.5,3,100000.0,0.0025,0.01,True,0.8609748418021257,0.3401954545671213,0.5207793872350044,False
A2_event__d05,A2_event,diagnostics,2020,2020-01-02,2020-12-31,253,0.4886764786394317,-0.387660804960155,1.114788522143615,0.4910288340356969,0.1813082709311855,0.3073682077082462,12.778936756264898,fixed_session_surface,,,,,50,d05,0.5,3,100000.0,0.0025,0.01,True,0.4910288340356969,0.18208961084499786,0.30893922319069905,False
A2_event__d05,A2_event,diagnostics,2021,2021-01-04,2021-12-31,252,-0.0492714574068647,-0.3964039687037159,0.0869884770044992,-0.0492714574068647,0.2861550585808201,-0.3354265159876849,16.66391184359469,fixed_session_surface,,,,,50,d05,0.5,3,100000.0,0.0025,0.01,True,-0.0492714574068647,0.28615505858082013,-0.3354265159876848,False
A2_event__d05,A2_event,diagnostics,2022,2022-01-03,2022-12-30,251,-0.2675531080305919,-0.338976579644118,-0.5678783612636165,-0.2666475569677948,-0.180528833522089,-0.0870242745085029,20.31343640843548,fixed_session_surface,,,,,50,d05,0.5,3,100000.0,0.0025,0.01,True,-0.2666475569677948,-0.17988114323237925,-0.08676641373541555,False
A2_event__d05,A2_event,diagnostics,2023,2023-01-03,2023-12-29,250,0.1965943412878208,-0.3299688681511367,0.6940408066050873,0.1948910775179477,0.2494116142532503,-0.0528172729654294,11.158272035017406,fixed_session_surface,,,,,50,d05,0.5,3,100000.0,0.0025,0.01,True,0.1948910775179477,0.24720554909618309,-0.05231447157823538,False
A2_event__d05,A2_event,diagnostics,2024,2024-01-02,2024-12-31,252,0.9025828023191108,-0.244123130307281,1.801281641344731,0.9025828023191108,0.2643074461050603,0.6382753562140504,11.72464284688209,fixed_session_surface,,,,,50,d05,0.5,3,100000.0,0.0025,0.01,True,0.9025828023191108,0.2643074461050603,0.6382753562140505,False
A2_event__d05,A2_event,diagnostics,2025,2025-01-02,2025-12-31,250,0.0872787374565655,-0.4542760449541011,0.417245758797735,0.0865569032518012,0.1785790013706134,-0.0913002639140478,12.830586745327114,fixed_session_surface,,,,,50,d05,0.5,3,100000.0,0.0025,0.01,True,0.0865569032518012,0.1770430847937292,-0.09048618154192802,False
A2_event__d05,A2_event,diagnostics,2026,2026-01-02,2026-09-22,181,0.1686368321890445,-0.3350068761032985,0.5608530887937333,0.1184359538277279,0.193982242745804,-0.0253454105567594,15.346370181690988,fixed_session_surface,,,,,50,d05,0.5,3,100000.0,0.0025,0.01,True,0.1184359538277279,0.13580564851123356,-0.01736969468350566,True
A2_event__d10,A2_event,diagnostics,2017,2017-01-04,2017-12-29,250,0.0745551411401732,-0.1846780388317882,0.4625246385084355,0.0739420798053442,0.2120011745455907,-0.1374460334054175,10.161643269385465,fixed_session_surface,,,,,50,d10,0.5,3,100000.0,0.0025,0.01,True,0.0739420798053442,0.21015310140377008,-0.13621102159842588,False
A2_event__d10,A2_event,diagnostics,2018,2018-01-02,2018-12-31,251,-0.1849343072127338,-0.3474957662981169,-0.6336588728737108,-0.1842726499742805,-0.0642984107744514,-0.1206358964382824,10.914987493727764,fixed_session_surface,,,,,50,d10,0.5,3,100000.0,0.0025,0.01,True,-0.1842726499742805,-0.06405161044839947,-0.12022103952588103,False
A2_event__d10,A2_event,diagnostics,2019,2019-01-02,2019-12-31,252,0.8013473456003124,-0.112125368214309,2.7869534575836634,0.8013473456003124,0.3401954545671213,0.4611518910331911,9.152348760051234,fixed_session_surface,,,,,50,d10,0.5,3,100000.0,0.0025,0.01,True,0.8013473456003124,0.3401954545671213,0.4611518910331911,False
A2_event__d10,A2_event,diagnostics,2020,2020-01-02,2020-12-31,253,0.5173313608936876,-0.3815053858904208,1.1623166120219646,0.5198439787690265,0.1813082709311855,0.3360230899625021,10.239971031077818,fixed_session_surface,,,,,50,d10,0.5,3,100000.0,0.0025,0.01,True,0.5198439787690265,0.18208961084499786,0.3377543679240287,False
A2_event__d10,A2_event,diagnostics,2021,2021-01-04,2021-12-31,252,0.0979453658057416,-0.3201981075016455,0.4333074503376236,0.0979453658057416,0.2861550585808201,-0.1882096927750784,13.812972125884162,fixed_session_surface,,,,,50,d10,0.5,3,100000.0,0.0025,0.01,True,0.0979453658057416,0.28615505858082013,-0.18820969277507854,False
A2_event__d10,A2_event,diagnostics,2022,2022-01-03,2022-12-30,251,-0.2884576314383438,-0.3419682264717149,-0.63940326320071,-0.2874960603777857,-0.180528833522089,-0.1079287979162547,17.61567925221969,fixed_session_surface,,,,,50,d10,0.5,3,100000.0,0.0025,0.01,True,-0.2874960603777857,-0.17988114323237925,-0.10761491714540644,False
A2_event__d10,A2_event,diagnostics,2023,2023-01-03,2023-12-29,250,0.1437998562078759,-0.3373448320087852,0.561182847872028,0.1425808531519961,0.2494116142532503,-0.1056117580453743,11.167395240227233,fixed_session_surface,,,,,50,d10,0.5,3,100000.0,0.0025,0.01,True,0.1425808531519961,0.24720554909618309,-0.104624695944187,False
A2_event__d10,A2_event,diagnostics,2024,2024-01-02,2024-12-31,252,0.9593295077474258,-0.2314022537711378,1.731046504228114,0.9593295077474258,0.2643074461050603,0.6950220616423655,11.100843868998544,fixed_session_surface,,,,,50,d10,0.5,3,100000.0,0.0025,0.01,True,0.9593295077474258,0.2643074461050603,0.6950220616423655,False
A2_event__d10,A2_event,diagnostics,2025,2025-01-02,2025-12-31,250,0.0942768181346627,-0.479359884696567,0.4311691396147056,0.0934946576997339,0.1785790013706134,-0.0843021832359507,10.50758287095722,fixed_session_surface,,,,,50,d10,0.5,3,100000.0,0.0025,0.01,True,0.0934946576997339,0.1770430847937292,-0.0835484270939953,False
A2_event__d10,A2_event,diagnostics,2026,2026-01-02,2026-09-22,181,0.1462454101113575,-0.32008487741123,0.5224689579439323,0.1030021992123655,0.193982242745804,-0.0477368326344465,13.9051738721917,fixed_session_surface,,,,,50,d10,0.5,3,100000.0,0.0025,0.01,True,0.1030021992123655,0.13580564851123356,-0.032803449298868054,True
A2_event__d20,A2_event,diagnostics,2017,2017-01-04,2017-12-29,250,0.100772680859271,-0.1725639445278627,0.591867195921951,0.099934208340755,0.2120011745455907,-0.1112284936863197,9.365934096892394,fixed_session_surface,,,,,50,d20,0.5,3,100000.0,0.0025,0.01,True,0.099934208340755,0.21015310140377008,-0.11021889306301508,False
A2_event__d20,A2_event,diagnostics,2018,2018-01-02,2018-12-31,251,-0.1814143378253196,-0.3394076331953888,-0.6281455070328241,-0.1807638326268039,-0.0642984107744514,-0.1171159270508682,9.538463524226303,fixed_session_surface,,,,,50,d20,0.5,3,100000.0,0.0025,0.01,True,-0.1807638326268039,-0.06405161044839947,-0.11671222217840443,False
A2_event__d20,A2_event,diagnostics,2019,2019-01-02,2019-12-31,252,0.7875893768827775,-0.1080043278746709,2.7715970398960432,0.7875893768827775,0.3401954545671213,0.4473939223156562,8.142344568481054,fixed_session_surface,,,,,50,d20,0.5,3,100000.0,0.0025,0.01,True,0.7875893768827775,0.3401954545671213,0.4473939223156562,False
A2_event__d20,A2_event,diagnostics,2020,2020-01-02,2020-12-31,253,0.4918733816288996,-0.4141646118535292,1.121852654880658,0.4942435085180263,0.1813082709311855,0.3105651106977141,9.534701365787388,fixed_session_surface,,,,,50,d20,0.5,3,100000.0,0.0025,0.01,True,0.4942435085180263,0.18208961084499786,0.3121538976730284,False
A2_event__d20,A2_event,diagnostics,2021,2021-01-04,2021-12-31,252,-0.0289128964199129,-0.3848416439827969,0.1288532540484903,-0.0289128964199129,0.2861550585808201,-0.315067955000733,13.078968797467365,fixed_session_surface,,,,,50,d20,0.5,3,100000.0,0.0025,0.01,True,-0.0289128964199129,0.28615505858082013,-0.31506795500073304,False
A2_event__d20,A2_event,diagnostics,2022,2022-01-03,2022-12-30,251,-0.2236118867528717,-0.3172733185271632,-0.4654841493965133,-0.2228317094786446,-0.180528833522089,-0.0430830532307826,16.947813775567244,fixed_session_surface,,,,,50,d20,0.5,3,100000.0,0.0025,0.01,True,-0.2228317094786446,-0.17988114323237925,-0.042950566246265365,False
A2_event__d20,A2_event,diagnostics,2023,2023-01-03,2023-12-29,250,0.1581024308871028,-0.3277476259645535,0.5967302510018592,0.156754092975446,0.2494116142532503,-0.0913091833661474,8.64488358691721,fixed_session_surface,,,,,50,d20,0.5,3,100000.0,0.0025,0.01,True,0.156754092975446,0.24720554909618309,-0.09045145612073707,False
A2_event__d20,A2_event,diagnostics,2024,2024-01-02,2024-12-31,252,0.9943217619395864,-0.2243141486876838,1.8459263547200684,0.9943217619395864,0.2643074461050603,0.7300143158345263,8.460222503221988,fixed_session_surface,,,,,50,d20,0.5,3,100000.0,0.0025,0.01,True,0.9943217619395864,0.2643074461050603,0.7300143158345261,False
A2_event__d20,A2_event,diagnostics,2025,2025-01-02,2025-12-31,250,0.0504050117810974,-0.4668496687112956,0.3433894700664416,0.0499951352399081,0.1785790013706134,-0.1281739895895159,10.1794236629265,fixed_session_surface,,,,,50,d20,0.5,3,100000.0,0.0025,0.01,True,0.0499951352399081,0.1770430847937292,-0.1270479495538211,False
A2_event__d20,A2_event,diagnostics,2026,2026-01-02,2026-09-22,181,0.0778020435769235,-0.3233877858090181,0.3924668900833411,0.055288651564247,0.193982242745804,-0.1161801991688804,11.879302626002858,fixed_session_surface,,,,,50,d20,0.5,3,100000.0,0.0025,0.01,True,0.055288651564247,0.13580564851123356,-0.08051699694698655,True
A2_event__d40,A2_event,diagnostics,2017,2017-01-04,2017-12-29,250,0.0807789394149307,-0.1763347900512538,0.4951840979341595,0.0801128186434905,0.2120011745455907,-0.13122223513066,8.626613813287047,fixed_session_surface,,,,,50,d40,0.5,3,100000.0,0.0025,0.01,True,0.0801128186434905,0.21015310140377008,-0.13004028276027957,False
A2_event__d40,A2_event,diagnostics,2018,2018-01-02,2018-12-31,251,-0.1814739657866327,-0.3417391988380736,-0.6331463729206198,-0.1808232711743123,-0.0642984107744514,-0.1171755550121813,8.736328541111595,fixed_session_surface,,,,,50,d40,0.5,3,100000.0,0.0025,0.01,True,-0.1808232711743123,-0.06405161044839947,-0.11677166072591283,False
A2_event__d40,A2_event,diagnostics,2019,2019-01-02,2019-12-31,252,0.7308567795551306,-0.1117793589890325,2.6333150902830726,0.7308567795551306,0.3401954545671213,0.3906613249880093,7.500172432271249,fixed_session_surface,,,,,50,d40,0.5,3,100000.0,0.0025,0.01,True,0.7308567795551306,0.3401954545671213,0.3906613249880093,False
A2_event__d40,A2_event,diagnostics,2020,2020-01-02,2020-12-31,253,0.4426090311292623,-0.3907909645751118,1.04120595233673,0.444708370032717,0.1813082709311855,0.2613007601980768,8.009434641695467,fixed_session_surface,,,,,50,d40,0.5,3,100000.0,0.0025,0.01,True,0.444708370032717,0.18208961084499786,0.26261875918771915,False
A2_event__d40,A2_event,diagnostics,2021,2021-01-04,2021-12-31,252,0.0856568188861206,-0.371061029547193,0.4053600317621338,0.0856568188861206,0.2861550585808201,-0.2004982396946995,11.109036967215108,fixed_session_surface,,,,,50,d40,0.5,3,100000.0,0.0025,0.01,True,0.0856568188861206,0.28615505858082013,-0.20049823969469954,False
A2_event__d40,A2_event,diagnostics,2022,2022-01-03,2022-12-30,251,-0.1925149030787805,-0.2913964180224629,-0.3695324406948079,-0.1918294333798532,-0.180528833522089,-0.0119860695566914,14.562044923533016,fixed_session_surface,,,,,50,d40,0.5,3,100000.0,0.0025,0.01,True,-0.1918294333798532,-0.17988114323237925,-0.01194829014747395,False
A2_event__d40,A2_event,diagnostics,2023,2023-01-03,2023-12-29,250,0.1831653747827886,-0.321730568689572,0.6590109958144464,0.1815870588419126,0.2494116142532503,-0.0662462394704617,8.139758930336862,fixed_session_surface,,,,,50,d40,0.5,3,100000.0,0.0025,0.01,True,0.1815870588419126,0.24720554909618309,-0.0656184902542705,False
A2_event__d40,A2_event,diagnostics,2024,2024-01-02,2024-12-31,252,1.1281495493364884,-0.2229098394856554,1.921331131160123,1.1281495493364884,0.2643074461050603,0.8638421032314281,7.818102792101565,fixed_session_surface,,,,,50,d40,0.5,3,100000.0,0.0025,0.01,True,1.1281495493364884,0.2643074461050603,0.8638421032314281,False
A2_event__d40,A2_event,diagnostics,2025,2025-01-02,2025-12-31,250,0.1801680610210629,-0.4159698574850118,0.5846909546132371,0.1786174700229479,0.1785790013706134,0.0015890596504495,8.508099029728283,fixed_session_surface,,,,,50,d40,0.5,3,100000.0,0.0025,0.01,True,0.1786174700229479,0.1770430847937292,0.0015743852292186833,False
A2_event__d40,A2_event,diagnostics,2026,2026-01-02,2026-09-22,181,0.2748954224622364,-0.2754414067684007,0.7448585887564422,0.1905770935136643,0.193982242745804,0.0809131797164324,11.415177840950864,fixed_session_surface,,,,,50,d40,0.5,3,100000.0,0.0025,0.01,True,0.1905770935136643,0.13580564851123356,0.05477144500243075,True
A2_event__d60,A2_event,diagnostics,2017,2017-01-04,2017-12-29,250,0.0866212172662324,-0.1749060168828048,0.5226194971726367,0.0859050329680914,0.2120011745455907,-0.1253799572793583,8.388743612068025,fixed_session_surface,,,,,50,d60,0.5,3,100000.0,0.0025,0.01,True,0.0859050329680914,0.21015310140377008,-0.12424806843567868,False
A2_event__d60,A2_event,diagnostics,2018,2018-01-02,2018-12-31,251,-0.1750303516336154,-0.3369032417330747,-0.6120085515026145,-0.1744002248998,-0.0642984107744514,-0.110731940859164,8.34847942995778,fixed_session_surface,,,,,50,d60,0.5,3,100000.0,0.0025,0.01,True,-0.1744002248998,-0.06405161044839947,-0.11034861445140054,False
A2_event__d60,A2_event,diagnostics,2019,2019-01-02,2019-12-31,252,0.697343708332872,-0.1098018286665327,2.545136010069369,0.697343708332872,0.3401954545671213,0.3571482537657506,7.176102600410875,fixed_session_surface,,,,,50,d60,0.5,3,100000.0,0.0025,0.01,True,0.697343708332872,0.3401954545671213,0.35714825376575066,False
A2_event__d60,A2_event,diagnostics,2020,2020-01-02,2020-12-31,253,0.4421199928879682,-0.3651984140749618,1.0521886134781389,0.4442166770033255,0.1813082709311855,0.2608117219567827,7.07976747517716,fixed_session_surface,,,,,50,d60,0.5,3,100000.0,0.0025,0.01,True,0.4442166770033255,0.18208961084499786,0.26212706615832765,False
A2_event__d60,A2_event,diagnostics,2021,2021-01-04,2021-12-31,252,0.1432121199629259,-0.3471509158834445,0.5283154970857065,0.1432121199629259,0.2861550585808201,-0.1429429386178942,11.26284674202216,fixed_session_surface,,,,,50,d60,0.5,3,100000.0,0.0025,0.01,True,0.1432121199629259,0.28615505858082013,-0.14294293861789423,False
A2_event__d60,A2_event,diagnostics,2022,2022-01-03,2022-12-30,251,-0.2263299420723756,-0.3240665829521719,-0.4806439872640599,-0.2255417181928446,-0.180528833522089,-0.0458011085502866,14.485651831551676,fixed_session_surface,,,,,50,d60,0.5,3,100000.0,0.0025,0.01,True,-0.2255417181928446,-0.17988114323237925,-0.045660574960465355,False
A2_event__d60,A2_event,diagnostics,2023,2023-01-03,2023-12-29,250,0.1374621999458098,-0.3256265471714265,0.5503885529486118,0.1363000581368307,0.2494116142532503,-0.1119494143074404,7.455917881677735,fixed_session_surface,,,,,50,d60,0.5,3,100000.0,0.0025,0.01,True,0.1363000581368307,0.24720554909618309,-0.1109054909593524,False
A2_event__d60,A2_event,diagnostics,2024,2024-01-02,2024-12-31,252,1.1208601584476725,-0.2464022391588672,1.886601882840156,1.1208601584476725,0.2643074461050603,0.856552712342612,7.335426852558055,fixed_session_surface,,,,,50,d60,0.5,3,100000.0,0.0025,0.01,True,1.1208601584476725,0.2643074461050603,0.8565527123426122,False
A2_event__d60,A2_event,diagnostics,2025,2025-01-02,2025-12-31,250,0.0087340280290653,-0.4508141909157374,0.2638421891829772,0.0086644109148708,0.1785790013706134,-0.1698449733415481,8.610830554070347,fixed_session_surface,,,,,50,d60,0.5,3,100000.0,0.0025,0.01,True,0.0086644109148708,0.1770430847937292,-0.1683786738788584,False
A2_event__d60,A2_event,diagnostics,2026,2026-01-02,2026-09-22,181,0.1714202703766638,-0.2977686148777614,0.5659764549598572,0.1203486481578703,0.193982242745804,-0.0225619723691401,10.695944899917333,fixed_session_surface,,,,,50,d60,0.5,3,100000.0,0.0025,0.01,True,0.1203486481578703,0.13580564851123356,-0.015457000353363254,True
A0_event__fresh2018,A0_event,diagnostics,2018,2018-01-02,2018-12-31,251,-0.3169734776457696,-0.4126691672795782,-1.2033169095824574,-0.3159394240442009,-0.0642984107744514,-0.2526750668713182,19.602769400374637,fresh_cash,2018-01-01,,,,50,event,0.5,3,100000.0,0.0025,0.01,True,-0.3159394240442009,-0.06405161044839947,-0.2518878135958014,False
A0_event__fresh2018,A0_event,diagnostics,2019,2019-01-02,2019-12-31,252,0.9571295965180192,-0.1291603001916578,2.876494689666527,0.9571295965180192,0.3401954545671213,0.616934141950898,8.851809091732369,fresh_cash,2018-01-01,,,,50,event,0.5,3,100000.0,0.0025,0.01,True,0.9571295965180192,0.3401954545671213,0.6169341419508979,False
A0_event__fresh2018,A0_event,diagnostics,2020,2020-01-02,2020-12-31,253,0.4632650875721935,-0.424701681056827,1.0667154073718397,0.4654771609427517,0.1813082709311855,0.281956816641008,11.28432388804767,fresh_cash,2018-01-01,,,,50,event,0.5,3,100000.0,0.0025,0.01,True,0.4654771609427517,0.18208961084499786,0.28338755009775385,False
A0_event__fresh2018,A0_event,diagnostics,2021,2021-01-04,2021-12-31,252,-0.0594844854897319,-0.3252349501487747,0.0603249432698926,-0.0594844854897319,0.2861550585808201,-0.3456395440705521,15.84062441855026,fresh_cash,2018-01-01,,,,50,event,0.5,3,100000.0,0.0025,0.01,True,-0.0594844854897319,0.28615505858082013,-0.34563954407055203,False
A0_event__fresh2018,A0_event,diagnostics,2022,2022-01-03,2022-12-30,251,-0.0229854321014142,-0.3080367972410154,0.1558320769324342,-0.0228952723087692,-0.180528833522089,0.1575434014206748,12.979840692318175,fresh_cash,2018-01-01,,,,50,event,0.5,3,100000.0,0.0025,0.01,True,-0.0228952723087692,-0.17988114323237925,0.15698587092361005,False
A0_event__fresh2018,A0_event,diagnostics,2023,2023-01-03,2023-12-29,250,0.1366962988373028,-0.2739024321866918,0.5899974601546466,0.1355410098883844,0.2494116142532503,-0.1127153154159474,12.214327360053463,fresh_cash,2018-01-01,,,,50,event,0.5,3,100000.0,0.0025,0.01,True,0.1355410098883844,0.24720554909618309,-0.11166453920779867,False
A0_event__fresh2018,A0_event,diagnostics,2024,2024-01-02,2024-12-31,252,0.3492560059929372,-0.3216144982329817,0.9196387160956236,0.3492560059929372,0.2643074461050603,0.0849485598878769,14.696291022771955,fresh_cash,2018-01-01,,,,50,event,0.5,3,100000.0,0.0025,0.01,True,0.3492560059929372,0.2643074461050603,0.08494855988787692,False
A0_event__fresh2018,A0_event,diagnostics,2025,2025-01-02,2025-12-31,250,0.5424902104892191,-0.3250287703174805,1.1489684864246656,0.5371936711237351,0.1785790013706134,0.3639112091186056,10.225396197934405,fresh_cash,2018-01-01,,,,50,event,0.5,3,100000.0,0.0025,0.01,True,0.5371936711237351,0.1770430847937292,0.36015058633000585,False
A0_event__fresh2018,A0_event,diagnostics,2026,2026-01-02,2026-09-22,181,0.5873186234383061,-0.2654884055638346,1.1397962419279055,0.3935668104506087,0.193982242745804,0.3933363806925021,14.652705773090911,fresh_cash,2018-01-01,,,,50,event,0.5,3,100000.0,0.0025,0.01,True,0.3935668104506087,0.13580564851123356,0.25776116193937515,True
A0_event__fresh2019,A0_event,diagnostics,2019,2019-01-02,2019-12-31,252,0.9717263413154856,-0.1818137492485905,2.735869860025151,0.9717263413154856,0.3401954545671213,0.6315308867483642,15.19564928698354,fresh_cash,2019-01-01,,,,50,event,0.5,3,100000.0,0.0025,0.01,True,0.9717263413154856,0.3401954545671213,0.6315308867483643,False
A0_event__fresh2019,A0_event,diagnostics,2020,2020-01-02,2020-12-31,253,0.523948862944253,-0.3804372460810432,1.2054257737532317,0.5264987999580433,0.1813082709311855,0.3426405920130675,9.427368042713676,fresh_cash,2019-01-01,,,,50,event,0.5,3,100000.0,0.0025,0.01,True,0.5264987999580433,0.18208961084499786,0.3444091891130454,False
A0_event__fresh2019,A0_event,diagnostics,2021,2021-01-04,2021-12-31,252,0.0180463041605143,-0.3253810031297537,0.260283880184464,0.0180463041605143,0.2861550585808201,-0.2681087544203058,16.563935414896548,fresh_cash,2019-01-01,,,,50,event,0.5,3,100000.0,0.0025,0.01,True,0.0180463041605143,0.28615505858082013,-0.26810875442030585,False
A0_event__fresh2019,A0_event,diagnostics,2022,2022-01-03,2022-12-30,251,-0.0152264794242206,-0.3329001201796322,0.1765450843401892,-0.0151665174253646,-0.180528833522089,0.1653023540978684,13.22817556959033,fresh_cash,2019-01-01,,,,50,event,0.5,3,100000.0,0.0025,0.01,True,-0.0151665174253646,-0.17988114323237925,0.16471462580701465,False
A0_event__fresh2019,A0_event,diagnostics,2023,2023-01-03,2023-12-29,250,0.1277529979525411,-0.3102398422158328,0.5392306010495584,0.1266774275671862,0.2494116142532503,-0.1216586163007091,12.420788712412364,fresh_cash,2019-01-01,,,,50,event,0.5,3,100000.0,0.0025,0.01,True,0.1266774275671862,0.24720554909618309,-0.12052812152899689,False
A0_event__fresh2019,A0_event,diagnostics,2024,2024-01-02,2024-12-31,252,0.4637710871064511,-0.2831677499258705,1.083087753369692,0.4637710871064511,0.2643074461050603,0.1994636410013908,13.115735560099113,fresh_cash,2019-01-01,,,,50,event,0.5,3,100000.0,0.0025,0.01,True,0.4637710871064511,0.2643074461050603,0.1994636410013908,False
A0_event__fresh2019,A0_event,diagnostics,2025,2025-01-02,2025-12-31,250,0.437975914967059,-0.3762229477098942,0.9782389114956414,0.4338364452164189,0.1785790013706134,0.2593969135964455,12.863293465835968,fresh_cash,2019-01-01,,,,50,event,0.5,3,100000.0,0.0025,0.01,True,0.4338364452164189,0.1770430847937292,0.2567933604226897,False
A0_event__fresh2019,A0_event,diagnostics,2026,2026-01-02,2026-09-22,181,0.589439195975352,-0.2930965940019668,1.1012127567048409,0.3949037542606088,0.193982242745804,0.395456953229548,15.773817398836036,fresh_cash,2019-01-01,,,,50,event,0.5,3,100000.0,0.0025,0.01,True,0.3949037542606088,0.13580564851123356,0.25909810574937525,True
A0_event__fresh2020,A0_event,diagnostics,2020,2020-01-02,2020-12-31,253,0.7083793061885253,-0.4337598877656022,1.3417819840419265,0.712013778862908,0.1813082709311855,0.5270710352573398,16.541149234695858,fresh_cash,2020-01-01,,,,50,event,0.5,3,100000.0,0.0025,0.01,True,0.712013778862908,0.18208961084499786,0.5299241680179101,False
A0_event__fresh2020,A0_event,diagnostics,2021,2021-01-04,2021-12-31,252,-0.0615196762793512,-0.3282233408549507,0.0443672014179682,-0.0615196762793512,0.2861550585808201,-0.3476747348601714,15.745992065474804,fresh_cash,2020-01-01,,,,50,event,0.5,3,100000.0,0.0025,0.01,True,-0.0615196762793512,0.28615505858082013,-0.3476747348601713,False
A0_event__fresh2020,A0_event,diagnostics,2022,2022-01-03,2022-12-30,251,0.0354584634883505,-0.3115809856617079,0.2944977386395727,0.0353152995233361,-0.180528833522089,0.2159872970104396,12.633076651119532,fresh_cash,2020-01-01,,,,50,event,0.5,3,100000.0,0.0025,0.01,True,0.0353152995233361,-0.17988114323237925,0.21519644275571534,False
A0_event__fresh2020,A0_event,diagnostics,2023,2023-01-03,2023-12-29,250,0.1572777100152926,-0.2822338579961113,0.6547111540559795,0.1559368677703325,0.2494116142532503,-0.0921339042379576,11.39867167041912,fresh_cash,2020-01-01,,,,50,event,0.5,3,100000.0,0.0025,0.01,True,0.1559368677703325,0.24720554909618309,-0.09126868132585059,False
A0_event__fresh2020,A0_event,diagnostics,2024,2024-01-02,2024-12-31,252,0.4581768097494436,-0.3142582779600588,1.1144998430938848,0.4581768097494436,0.2643074461050603,0.1938693636443833,14.228136868881034,fresh_cash,2020-01-01,,,,50,event,0.5,3,100000.0,0.0025,0.01,True,0.4581768097494436,0.2643074461050603,0.19386936364438329,False
A0_event__fresh2020,A0_event,diagnostics,2025,2025-01-02,2025-12-31,250,0.5650225183265534,-0.3550849829482756,1.1525521136011736,0.5594691096331155,0.1785790013706134,0.3864435169559399,10.1718787086412,fresh_cash,2020-01-01,,,,50,event,0.5,3,100000.0,0.0025,0.01,True,0.5594691096331155,0.1770430847937292,0.38242602483938626,False
A0_event__fresh2020,A0_event,diagnostics,2026,2026-01-02,2026-09-22,181,0.5219884373050192,-0.2971056508338646,1.054897209246378,0.3521276011747412,0.193982242745804,0.3280061945592152,14.55940005345562,fresh_cash,2020-01-01,,,,50,event,0.5,3,100000.0,0.0025,0.01,True,0.3521276011747412,0.13580564851123356,0.21632195266350762,True
A0_event__fresh2021,A0_event,diagnostics,2021,2021-01-04,2021-12-31,252,-0.0559987737127803,-0.4033939773176487,0.1022794020648887,-0.0559987737127803,0.2861550585808201,-0.3421538322936005,21.12318689975064,fresh_cash,2021-01-01,,,,50,event,0.5,3,100000.0,0.0025,0.01,True,-0.0559987737127803,0.28615505858082013,-0.3421538322936004,False
A0_event__fresh2021,A0_event,diagnostics,2022,2022-01-03,2022-12-30,251,0.145831869472838,-0.2941813300026616,0.5347293966329875,0.1452130559953255,-0.180528833522089,0.326360702994927,11.601592898590734,fresh_cash,2021-01-01,,,,50,event,0.5,3,100000.0,0.0025,0.01,True,0.1452130559953255,-0.17988114323237925,0.32509419922770477,False
A0_event__fresh2021,A0_event,diagnostics,2023,2023-01-03,2023-12-29,250,0.1318335438635072,-0.3146229706724429,0.5582956613830335,0.1307216693473287,0.2494116142532503,-0.1175780703897431,12.873764333723786,fresh_cash,2021-01-01,,,,50,event,0.5,3,100000.0,0.0025,0.01,True,0.1307216693473287,0.24720554909618309,-0.11648387974885438,False
A0_event__fresh2021,A0_event,diagnostics,2024,2024-01-02,2024-12-31,252,0.3956161523708741,-0.3225268635731929,0.9911546090564974,0.3956161523708741,0.2643074461050603,0.1313087062658138,16.417272427389637,fresh_cash,2021-01-01,,,,50,event,0.5,3,100000.0,0.0025,0.01,True,0.3956161523708741,0.2643074461050603,0.1313087062658138,False
A0_event__fresh2021,A0_event,diagnostics,2025,2025-01-02,2025-12-31,250,0.8283009944919724,-0.3793257809045166,1.3749622796805543,0.8195665814182809,0.1785790013706134,0.6497219931213589,10.817193073496224,fresh_cash,2021-01-01,,,,50,event,0.5,3,100000.0,0.0025,0.01,True,0.8195665814182809,0.1770430847937292,0.6425234966245517,False
A0_event__fresh2021,A0_event,diagnostics,2026,2026-01-02,2026-09-22,181,0.3221934597731242,-0.33750223114811,0.7762687446058144,0.2221390426973271,0.193982242745804,0.1282112170273202,15.438610097882988,fresh_cash,2021-01-01,,,,50,event,0.5,3,100000.0,0.0025,0.01,True,0.2221390426973271,0.13580564851123356,0.08633339418609354,True
A0_event__fresh2022,A0_event,diagnostics,2022,2022-01-03,2022-12-30,251,-0.0175402446649697,-0.3723126480385447,0.1889289002910573,-0.0174712521346878,-0.180528833522089,0.1629885888571193,19.445982930994905,fresh_cash,2022-01-01,,,,50,event,0.5,3,100000.0,0.0025,0.01,True,-0.0174712521346878,-0.17988114323237925,0.16240989109769144,False
A0_event__fresh2022,A0_event,diagnostics,2023,2023-01-03,2023-12-29,250,0.2052932609485356,-0.3265871727770471,0.7686402985061354,0.2035084261386752,0.2494116142532503,-0.0441183533047147,12.64075536713522,fresh_cash,2022-01-01,,,,50,event,0.5,3,100000.0,0.0025,0.01,True,0.2035084261386752,0.24720554909618309,-0.04369712295750788,False
A0_event__fresh2022,A0_event,diagnostics,2024,2024-01-02,2024-12-31,252,0.4571393170151669,-0.2583179413651011,1.06060711470293,0.4571393170151669,0.2643074461050603,0.1928318709101066,16.245682687493897,fresh_cash,2022-01-01,,,,50,event,0.5,3,100000.0,0.0025,0.01,True,0.4571393170151669,0.2643074461050603,0.19283187091010662,False
A0_event__fresh2022,A0_event,diagnostics,2025,2025-01-02,2025-12-31,250,0.9629116141992256,-0.3154188096335258,1.590168025338152,0.9524329824553022,0.1785790013706134,0.7843326128286121,10.466598264215476,fresh_cash,2022-01-01,,,,50,event,0.5,3,100000.0,0.0025,0.01,True,0.9524329824553022,0.1770430847937292,0.775389897661573,False
A0_event__fresh2022,A0_event,diagnostics,2026,2026-01-02,2026-09-22,181,0.2301377567172784,-0.3617757475165839,0.647364467487464,0.1604051213243198,0.193982242745804,0.0361555139714744,16.982835376154352,fresh_cash,2022-01-01,,,,50,event,0.5,3,100000.0,0.0025,0.01,True,0.1604051213243198,0.13580564851123356,0.02459947281308625,True
A0_event__fresh2023,A0_event,diagnostics,2023,2023-01-03,2023-12-29,250,0.1495431277305472,-0.3513638757640005,0.5669515322611169,0.1482723576323323,0.2494116142532503,-0.099868486522703,20.206074935964555,fresh_cash,2023-01-01,,,,50,event,0.5,3,100000.0,0.0025,0.01,True,0.1482723576323323,0.24720554909618309,-0.0989331914638508,False
A0_event__fresh2023,A0_event,diagnostics,2024,2024-01-02,2024-12-31,252,0.4524263484374005,-0.2988624291477824,1.071207445676316,0.4524263484374005,0.2643074461050603,0.1881189023323402,14.134026244048496,fresh_cash,2023-01-01,,,,50,event,0.5,3,100000.0,0.0025,0.01,True,0.4524263484374005,0.2643074461050603,0.1881189023323402,False
A0_event__fresh2023,A0_event,diagnostics,2025,2025-01-02,2025-12-31,250,0.9192316426244864,-0.3161733353644298,1.5074193534060396,0.9093271690996628,0.1785790013706134,0.740652641253873,10.938062627059203,fresh_cash,2023-01-01,,,,50,event,0.5,3,100000.0,0.0025,0.01,True,0.9093271690996628,0.1770430847937292,0.7322840843059336,False
A0_event__fresh2023,A0_event,diagnostics,2026,2026-01-02,2026-09-22,181,0.2168406063715784,-0.3623704485607036,0.6277638015233777,0.1513820083469961,0.193982242745804,0.0228583636257744,17.636111310973675,fresh_cash,2023-01-01,,,,50,event,0.5,3,100000.0,0.0025,0.01,True,0.1513820083469961,0.13580564851123356,0.015576359835762554,True
A0_event__USD100K_C50,A0_event,diagnostics,2017,2017-01-04,2017-12-29,250,-0.128731020370717,-0.2526253373515678,-0.5511111324664056,-0.1277776037417169,0.2120011745455907,-0.3407321949163078,14.012011284157994,execution_stress,,USD100K,C50,,50,event,0.5,3,100000.0,0.005,0.01,True,-0.1277776037417169,0.21015310140377008,-0.33793070514548695,False
A0_event__USD100K_C50,A0_event,diagnostics,2018,2018-01-02,2018-12-31,251,-0.3654509158065006,-0.4474707238069834,-1.5820302497167358,-0.3643045692466596,-0.0642984107744514,-0.3011525050320491,12.96185431820432,execution_stress,,USD100K,C50,,50,event,0.5,3,100000.0,0.005,0.01,True,-0.3643045692466596,-0.06405161044839947,-0.30025295879826014,False
A0_event__USD100K_C50,A0_event,diagnostics,2019,2019-01-02,2019-12-31,252,0.8677127710274692,-0.1511739317698948,2.7062820161437005,0.8677127710274692,0.3401954545671213,0.5275173164603479,8.405929374476676,execution_stress,,USD100K,C50,,50,event,0.5,3,100000.0,0.005,0.01,True,0.8677127710274692,0.3401954545671213,0.5275173164603479,False
A0_event__USD100K_C50,A0_event,diagnostics,2020,2020-01-02,2020-12-31,253,0.376486986982794,-0.4227534709175705,0.943981185869279,0.3782334718231641,0.1813082709311855,0.1951787160516085,11.243018367446272,execution_stress,,USD100K,C50,,50,event,0.5,3,100000.0,0.005,0.01,True,0.3782334718231641,0.18208961084499786,0.19614386097816622,False
A0_event__USD100K_C50,A0_event,diagnostics,2021,2021-01-04,2021-12-31,252,-0.1643748094324725,-0.3429187450694839,-0.2550897188999079,-0.1643748094324725,0.2861550585808201,-0.4505298680132926,15.87011828409164,execution_stress,,USD100K,C50,,50,event,0.5,3,100000.0,0.005,0.01,True,-0.1643748094324725,0.28615505858082013,-0.45052986801329264,False
A0_event__USD100K_C50,A0_event,diagnostics,2022,2022-01-03,2022-12-30,251,-0.0049072548400634,-0.3232628002040195,0.202162191836097,-0.0048878292753752,-0.180528833522089,0.1756215786820255,12.523681930181208,execution_stress,,USD100K,C50,,50,event,0.5,3,100000.0,0.005,0.01,True,-0.0048878292753752,-0.17988114323237925,0.17499331395700404,False
A0_event__USD100K_C50,A0_event,diagnostics,2023,2023-01-03,2023-12-29,250,0.2119099291318567,-0.3018159206456494,0.7926825681111676,0.2100627181608032,0.2494116142532503,-0.0375016851213936,11.060343007376634,execution_stress,,USD100K,C50,,50,event,0.5,3,100000.0,0.005,0.01,True,0.2100627181608032,0.24720554909618309,-0.03714283093537987,False
A0_event__USD100K_C50,A0_event,diagnostics,2024,2024-01-02,2024-12-31,252,0.2102914909616813,-0.353048871545795,0.6632175645926777,0.2102914909616813,0.2643074461050603,-0.0540159551433789,15.945421453593983,execution_stress,,USD100K,C50,,50,event,0.5,3,100000.0,0.005,0.01,True,0.2102914909616813,0.2643074461050603,-0.05401595514337901,False
A0_event__USD100K_C50,A0_event,diagnostics,2025,2025-01-02,2025-12-31,250,0.9332381257253186,-0.3322137805464332,1.5386059466748017,0.9231503814610826,0.1785790013706134,0.7546591243547052,9.652848110097032,execution_stress,,USD100K,C50,,50,event,0.5,3,100000.0,0.005,0.01,True,0.9231503814610826,0.1770430847937292,0.7461072966673534,False
A0_event__USD100K_C50,A0_event,diagnostics,2026,2026-01-02,2026-09-22,181,0.2669271913950357,-0.3675161323895038,0.7007624243426634,0.1852276802057748,0.193982242745804,0.0729449486492317,15.56262307430326,execution_stress,,USD100K,C50,,50,event,0.5,3,100000.0,0.005,0.01,True,0.1852276802057748,0.13580564851123356,0.049422031694541235,True
A0_event__USD100K_R5,A0_event,diagnostics,2017,2017-01-04,2017-12-29,250,-0.0346566946277876,-0.2189989340720544,-0.0610339952110797,-0.0343864259201498,0.2120011745455907,-0.2466578691733784,13.780027560681193,execution_stress,,USD100K,R5,,50,event,0.5,3,100000.0,0.0025,0.05,True,-0.0343864259201498,0.21015310140377008,-0.24453952732391987,False
A0_event__USD100K_R5,A0_event,diagnostics,2018,2018-01-02,2018-12-31,251,-0.3469051216136108,-0.4337089195205869,-1.438619295875453,-0.3458000612514571,-0.0642984107744514,-0.2826067108391594,12.739998715284624,execution_stress,,USD100K,R5,,50,event,0.5,3,100000.0,0.0025,0.05,True,-0.3458000612514571,-0.06405161044839947,-0.28174845080305766,False
A0_event__USD100K_R5,A0_event,diagnostics,2019,2019-01-02,2019-12-31,252,0.9442713827040208,-0.1433761877712513,2.868362479485847,0.9442713827040208,0.3401954545671213,0.6040759281368995,8.072534696404926,execution_stress,,USD100K,R5,,50,event,0.5,3,100000.0,0.0025,0.05,True,0.9442713827040208,0.3401954545671213,0.6040759281368995,False
A0_event__USD100K_R5,A0_event,diagnostics,2020,2020-01-02,2020-12-31,253,0.4239058568696361,-0.4131354788004674,1.0253164537303845,0.4259041370847289,0.1813082709311855,0.2425975859384506,11.418123316180631,execution_stress,,USD100K,R5,,50,event,0.5,3,100000.0,0.0025,0.05,True,0.4259041370847289,0.18208961084499786,0.24381452623973104,False
A0_event__USD100K_R5,A0_event,diagnostics,2021,2021-01-04,2021-12-31,252,-0.1275619737547745,-0.3193742715939625,-0.1342143877323739,-0.1275619737547745,0.2861550585808201,-0.4137170323355946,15.780784646699669,execution_stress,,USD100K,R5,,50,event,0.5,3,100000.0,0.0025,0.05,True,-0.1275619737547745,0.28615505858082013,-0.41371703233559465,False
A0_event__USD100K_R5,A0_event,diagnostics,2022,2022-01-03,2022-12-30,251,-0.1141832569387102,-0.3541226228238322,-0.0814542923215486,-0.1137569598872253,-0.180528833522089,0.0663455765833788,15.542480240859994,execution_stress,,USD100K,R5,,50,event,0.5,3,100000.0,0.0025,0.05,True,-0.1137569598872253,-0.17988114323237925,0.06612418334515395,False
A0_event__USD100K_R5,A0_event,diagnostics,2023,2023-01-03,2023-12-29,250,0.216737270480595,-0.3083413761202429,0.8007448985891045,0.2148443722861672,0.2494116142532503,-0.0326743437726553,11.855593867247602,execution_stress,,USD100K,R5,,50,event,0.5,3,100000.0,0.0025,0.05,True,0.2148443722861672,0.24720554909618309,-0.03236117681001588,False
A0_event__USD100K_R5,A0_event,diagnostics,2024,2024-01-02,2024-12-31,252,0.3333781491878722,-0.3638667532781499,0.8715940168782778,0.3333781491878722,0.2643074461050603,0.0690707030828119,15.268180969926998,execution_stress,,USD100K,R5,,50,event,0.5,3,100000.0,0.0025,0.05,True,0.3333781491878722,0.2643074461050603,0.06907070308281188,False
A0_event__USD100K_R5,A0_event,diagnostics,2025,2025-01-02,2025-12-31,250,0.904347243696506,-0.2941918832146234,1.5415013281333243,0.8946366505208097,0.1785790013706134,0.7257682423258927,10.529346125692612,execution_stress,,USD100K,R5,,50,event,0.5,3,100000.0,0.0025,0.05,True,0.8946366505208097,0.1770430847937292,0.7175935657270804,False
A0_event__USD100K_R5,A0_event,diagnostics,2026,2026-01-02,2026-09-22,181,-0.0211568724609684,-0.374841657684774,0.2497801034506417,-0.0152417126788173,0.193982242745804,-0.2151391152067724,19.259633030889244,execution_stress,,USD100K,R5,,50,event,0.5,3,100000.0,0.0025,0.05,True,-0.0152417126788173,0.13580564851123356,-0.15104736119005086,True
A0_event__USD100K_UNLIMITED,A0_event,diagnostics,2017,2017-01-04,2017-12-29,250,-0.0346566946277876,-0.2189989340720544,-0.0610339952110797,-0.0343864259201498,0.2120011745455907,-0.2466578691733784,13.780027560681193,execution_stress,,USD100K,UNLIMITED,,50,event,0.5,3,100000.0,0.0025,0.0,True,-0.0343864259201498,0.21015310140377008,-0.24453952732391987,False
A0_event__USD100K_UNLIMITED,A0_event,diagnostics,2018,2018-01-02,2018-12-31,251,-0.3482614915191829,-0.4337528713532386,-1.446157455120183,-0.3471533402372022,-0.0642984107744514,-0.2839630807447315,12.815643466515722,execution_stress,,USD100K,UNLIMITED,,50,event,0.5,3,100000.0,0.0025,0.0,True,-0.3471533402372022,-0.06405161044839947,-0.2831017297888027,False
A0_event__USD100K_UNLIMITED,A0_event,diagnostics,2019,2019-01-02,2019-12-31,252,0.9038717714068828,-0.1461705033325062,2.785358290801629,0.9038717714068828,0.3401954545671213,0.5636763168397616,8.52151804357634,execution_stress,,USD100K,UNLIMITED,,50,event,0.5,3,100000.0,0.0025,0.0,True,0.9038717714068828,0.3401954545671213,0.5636763168397615,False
A0_event__USD100K_UNLIMITED,A0_event,diagnostics,2020,2020-01-02,2020-12-31,253,0.4166255988859892,-0.416510163537795,1.0090266468797295,0.4185848060593236,0.1813082709311855,0.2353173279548037,11.328431569029837,execution_stress,,USD100K,UNLIMITED,,50,event,0.5,3,100000.0,0.0025,0.0,True,0.4185848060593236,0.18208961084499786,0.23649519521432572,False
A0_event__USD100K_UNLIMITED,A0_event,diagnostics,2021,2021-01-04,2021-12-31,252,-0.1376085373371394,-0.3143103481104524,-0.1672574247179996,-0.1376085373371394,0.2861550585808201,-0.4237635959179595,15.678764917321883,execution_stress,,USD100K,UNLIMITED,,50,event,0.5,3,100000.0,0.0025,0.0,True,-0.1376085373371394,0.28615505858082013,-0.42376359591795953,False
A0_event__USD100K_UNLIMITED,A0_event,diagnostics,2022,2022-01-03,2022-12-30,251,-0.1133280798017434,-0.3529448312263264,-0.0776819229924273,-0.1129047680234965,-0.180528833522089,0.0672007537203456,15.529944152910726,execution_stress,,USD100K,UNLIMITED,,50,event,0.5,3,100000.0,0.0025,0.0,True,-0.1129047680234965,-0.17988114323237925,0.06697637520888275,False
A0_event__USD100K_UNLIMITED,A0_event,diagnostics,2023,2023-01-03,2023-12-29,250,0.2185733545451063,-0.3134123704179318,0.8028239598744988,0.2166630396137194,0.2494116142532503,-0.030838259708144,11.492387487455275,execution_stress,,USD100K,UNLIMITED,,50,event,0.5,3,100000.0,0.0025,0.0,True,0.2166630396137194,0.24720554909618309,-0.030542509482463676,False
A0_event__USD100K_UNLIMITED,A0_event,diagnostics,2024,2024-01-02,2024-12-31,252,0.3451371806830559,-0.3499476920152885,0.8879210046361045,0.3451371806830559,0.2643074461050603,0.0808297345779955,16.226126970340285,execution_stress,,USD100K,UNLIMITED,,50,event,0.5,3,100000.0,0.0025,0.0,True,0.3451371806830559,0.2643074461050603,0.08082973457799558,False
A0_event__USD100K_UNLIMITED,A0_event,diagnostics,2025,2025-01-02,2025-12-31,250,0.9893117077021448,-0.2944407284807069,1.622807159877215,0.9784823539059222,0.1785790013706134,0.8107327063315315,9.37367003649156,execution_stress,,USD100K,UNLIMITED,,50,event,0.5,3,100000.0,0.0025,0.0,True,0.9784823539059222,0.1770430847937292,0.801439269112193,False
A0_event__USD100K_UNLIMITED,A0_event,diagnostics,2026,2026-01-02,2026-09-22,181,0.0090874438103802,-0.3685715629031404,0.2966370701384263,0.0065187690284611,0.193982242745804,-0.1848947989354237,18.991878811360458,execution_stress,,USD100K,UNLIMITED,,50,event,0.5,3,100000.0,0.0025,0.0,True,0.0065187690284611,0.13580564851123356,-0.12928687948277245,True
A0_event__KRW50M_R1,A0_event,diagnostics,2017,2017-01-04,2017-12-29,250,-0.0523240387916724,-0.2428522663723793,-0.1481702533847384,-0.051919741338857,0.2120011745455907,-0.2643252133372632,13.785560121632347,execution_stress,,KRW50M,R1,,50,event,0.5,3,33333.333333333336,0.0025,0.01,True,-0.051919741338857,0.21015310140377008,-0.2620728427426271,False
A0_event__KRW50M_R1,A0_event,diagnostics,2018,2018-01-02,2018-12-31,251,-0.344949851365299,-0.4343941590021851,-1.4205528183262646,-0.3438492663285546,-0.0642984107744514,-0.2806514405908475,12.702978080959788,execution_stress,,KRW50M,R1,,50,event,0.5,3,33333.333333333336,0.0025,0.01,True,-0.3438492663285546,-0.06405161044839947,-0.27979765588015515,False
A0_event__KRW50M_R1,A0_event,diagnostics,2019,2019-01-02,2019-12-31,252,0.9485751155124112,-0.1441534806781321,2.87931593251034,0.9485751155124112,0.3401954545671213,0.6083796609452898,7.535440355968471,execution_stress,,KRW50M,R1,,50,event,0.5,3,33333.333333333336,0.0025,0.01,True,0.9485751155124112,0.3401954545671213,0.60837966094529,False
A0_event__KRW50M_R1,A0_event,diagnostics,2020,2020-01-02,2020-12-31,253,0.4327824322528151,-0.411964748352311,1.0404991698171522,0.434828553766948,0.1813082709311855,0.2514741613216296,10.903468224590252,execution_stress,,KRW50M,R1,,50,event,0.5,3,33333.333333333336,0.0025,0.01,True,0.434828553766948,0.18208961084499786,0.25273894292195015,False
A0_event__KRW50M_R1,A0_event,diagnostics,2021,2021-01-04,2021-12-31,252,-0.1255654288535199,-0.3238362733719423,-0.1281304662221389,-0.1255654288535199,0.2861550585808201,-0.4117204874343401,15.802984942808228,execution_stress,,KRW50M,R1,,50,event,0.5,3,33333.333333333336,0.0025,0.01,True,-0.1255654288535199,0.28615505858082013,-0.41172048743434003,False
A0_event__KRW50M_R1,A0_event,diagnostics,2022,2022-01-03,2022-12-30,251,-0.0288978582129321,-0.3275800675392079,0.1413703889654433,-0.0287848507097751,-0.180528833522089,0.1516309753091569,13.438592238843327,execution_stress,,KRW50M,R1,,50,event,0.5,3,33333.333333333336,0.0025,0.01,True,-0.0287848507097751,-0.17988114323237925,0.15109629252260415,False
A0_event__KRW50M_R1,A0_event,diagnostics,2023,2023-01-03,2023-12-29,250,0.2846016327502354,-0.2999884097198555,0.993563662696902,0.2820507818049647,0.2494116142532503,0.0351900184969851,10.460097869487583,execution_stress,,KRW50M,R1,,50,event,0.5,3,33333.333333333336,0.0025,0.01,True,0.2820507818049647,0.24720554909618309,0.03484523270878159,False
A0_event__KRW50M_R1,A0_event,diagnostics,2024,2024-01-02,2024-12-31,252,0.4156688089874842,-0.3424003996256489,1.0085991401315642,0.4156688089874842,0.2643074461050603,0.1513613628824239,14.683659868996426,execution_stress,,KRW50M,R1,,50,event,0.5,3,33333.333333333336,0.0025,0.01,True,0.4156688089874842,0.2643074461050603,0.1513613628824239,False
A0_event__KRW50M_R1,A0_event,diagnostics,2025,2025-01-02,2025-12-31,250,0.7793920522964051,-0.3220534524038371,1.379608588252889,0.7712724327984464,0.1785790013706134,0.6008130509257916,10.899008131539173,execution_stress,,KRW50M,R1,,50,event,0.5,3,33333.333333333336,0.0025,0.01,True,0.7712724327984464,0.1770430847937292,0.5942293480047172,False
A0_event__KRW50M_R1,A0_event,diagnostics,2026,2026-01-02,2026-09-22,181,0.0957891595441955,-0.370107326595897,0.4472181741342431,0.0679085784646498,0.193982242745804,-0.0981930832016084,17.763798072330225,execution_stress,,KRW50M,R1,,50,event,0.5,3,33333.333333333336,0.0025,0.01,True,0.0679085784646498,0.13580564851123356,-0.06789707004658375,True
A0_event__KRW50M_C50,A0_event,diagnostics,2017,2017-01-04,2017-12-29,250,-0.0854664480231071,-0.2535459566866574,-0.3166968299671506,-0.0848177620846281,0.2120011745455907,-0.2974676225686978,13.777097843512852,execution_stress,,KRW50M,C50,,50,event,0.5,3,33333.333333333336,0.005,0.01,True,-0.0848177620846281,0.21015310140377008,-0.2949708634883982,False
A0_event__KRW50M_C50,A0_event,diagnostics,2018,2018-01-02,2018-12-31,251,-0.3620951530793933,-0.4442056698680563,-1.516620897812724,-0.3609561198053339,-0.0642984107744514,-0.2977967423049419,12.455301671706,execution_stress,,KRW50M,C50,,50,event,0.5,3,33333.333333333336,0.005,0.01,True,-0.3609561198053339,-0.06405161044839947,-0.2969045093569344,False
A0_event__KRW50M_C50,A0_event,diagnostics,2019,2019-01-02,2019-12-31,252,0.9041454100804504,-0.1494555674239833,2.7862066259713223,0.9041454100804504,0.3401954545671213,0.5639499555133292,7.516373615781976,execution_stress,,KRW50M,C50,,50,event,0.5,3,33333.333333333336,0.005,0.01,True,0.9041454100804504,0.3401954545671213,0.563949955513329,False
A0_event__KRW50M_C50,A0_event,diagnostics,2020,2020-01-02,2020-12-31,253,0.3949284589206752,-0.4177716473882558,0.9788578446241736,0.3967721061808174,0.1813082709311855,0.2136201879894896,10.78065309553485,execution_stress,,KRW50M,C50,,50,event,0.5,3,33333.333333333336,0.005,0.01,True,0.3967721061808174,0.18208961084499786,0.2146824953358195,False
A0_event__KRW50M_C50,A0_event,diagnostics,2021,2021-01-04,2021-12-31,252,-0.1607296003953561,-0.3374639754525237,-0.2400334176861959,-0.1607296003953561,0.2861550585808201,-0.4468846589761762,15.10198420294513,execution_stress,,KRW50M,C50,,50,event,0.5,3,33333.333333333336,0.005,0.01,True,-0.1607296003953561,0.28615505858082013,-0.44688465897617624,False
A0_event__KRW50M_C50,A0_event,diagnostics,2022,2022-01-03,2022-12-30,251,-0.0621139127000964,-0.336827997971034,0.0554681101826519,-0.0618752171947679,-0.180528833522089,0.1184149208219925,12.895543008506928,execution_stress,,KRW50M,C50,,50,event,0.5,3,33333.333333333336,0.005,0.01,True,-0.0618752171947679,-0.17988114323237925,0.11800592603761134,False
A0_event__KRW50M_C50,A0_event,diagnostics,2023,2023-01-03,2023-12-29,250,0.2345901675688977,-0.305125794092658,0.8616731843611733,0.2325270015018221,0.2494116142532503,-0.0148214466843525,10.35493728458294,execution_stress,,KRW50M,C50,,50,event,0.5,3,33333.333333333336,0.005,0.01,True,0.2325270015018221,0.24720554909618309,-0.014678547594360991,False
A0_event__KRW50M_C50,A0_event,diagnostics,2024,2024-01-02,2024-12-31,252,0.3527380756462637,-0.3715810949555377,0.9118267522184464,0.3527380756462637,0.2643074461050603,0.0884306295412034,13.92151228312979,execution_stress,,KRW50M,C50,,50,event,0.5,3,33333.333333333336,0.005,0.01,True,0.3527380756462637,0.2643074461050603,0.0884306295412034,False
A0_event__KRW50M_C50,A0_event,diagnostics,2025,2025-01-02,2025-12-31,250,0.7857792918283026,-0.3110428945803174,1.389200637331705,0.7775799756458543,0.1785790013706134,0.6072002904576892,10.800032098383625,execution_stress,,KRW50M,C50,,50,event,0.5,3,33333.333333333336,0.005,0.01,True,0.7775799756458543,0.1770430847937292,0.6005368908521251,False
A0_event__KRW50M_C50,A0_event,diagnostics,2026,2026-01-02,2026-09-22,181,-0.0982094395915331,-0.4101200851776438,0.1248978762544124,-0.071558637845205,0.193982242745804,-0.2921916823373371,19.339059023374205,execution_stress,,KRW50M,C50,,50,event,0.5,3,33333.333333333336,0.005,0.01,True,-0.071558637845205,0.13580564851123356,-0.20736428635643855,True
A0_event__KRW50M_R5,A0_event,diagnostics,2017,2017-01-04,2017-12-29,250,-0.0336601531321146,-0.2196642572360044,-0.05633685933748,-0.0333975207446267,0.2120011745455907,-0.2456613276777054,13.361107670831858,execution_stress,,KRW50M,R5,,50,event,0.5,3,33333.333333333336,0.0025,0.05,True,-0.0333975207446267,0.21015310140377008,-0.2435506221483968,False
A0_event__KRW50M_R5,A0_event,diagnostics,2018,2018-01-02,2018-12-31,251,-0.3500359694352041,-0.4332594069489497,-1.4615053759626546,-0.348923791319916,-0.0642984107744514,-0.2857375586607527,12.084924356624596,execution_stress,,KRW50M,R5,,50,event,0.5,3,33333.333333333336,0.0025,0.05,True,-0.348923791319916,-0.06405161044839947,-0.28487218087151656,False
A0_event__KRW50M_R5,A0_event,diagnostics,2019,2019-01-02,2019-12-31,252,0.902096888164595,-0.1464868685605377,2.78333675711006,0.902096888164595,0.3401954545671213,0.5619014335974737,8.025416005238892,execution_stress,,KRW50M,R5,,50,event,0.5,3,33333.333333333336,0.0025,0.05,True,0.902096888164595,0.3401954545671213,0.5619014335974737,False
A0_event__KRW50M_R5,A0_event,diagnostics,2020,2020-01-02,2020-12-31,253,0.4160202723508903,-0.4177541239039741,1.008747993971134,0.4179762374561495,0.1813082709311855,0.2347120014197048,10.736328768094502,execution_stress,,KRW50M,R5,,50,event,0.5,3,33333.333333333336,0.0025,0.05,True,0.4179762374561495,0.18208961084499786,0.23588662661115162,False
A0_event__KRW50M_R5,A0_event,diagnostics,2021,2021-01-04,2021-12-31,252,-0.1344929819989643,-0.3115125743511397,-0.1591306157754178,-0.1344929819989643,0.2861550585808201,-0.4206480405797844,15.038442156550708,execution_stress,,KRW50M,R5,,50,event,0.5,3,33333.333333333336,0.0025,0.05,True,-0.1344929819989643,0.28615505858082013,-0.42064804057978444,False
A0_event__KRW50M_R5,A0_event,diagnostics,2022,2022-01-03,2022-12-30,251,-0.1129148682272986,-0.3481898462874183,-0.0793013380631452,-0.1124930000670276,-0.180528833522089,0.0676139652947903,14.824530204566187,execution_stress,,KRW50M,R5,,50,event,0.5,3,33333.333333333336,0.0025,0.05,True,-0.1124930000670276,-0.17988114323237925,0.06738814316535165,False
A0_event__KRW50M_R5,A0_event,diagnostics,2023,2023-01-03,2023-12-29,250,0.2303153206060304,-0.3111759098309965,0.8355588207964707,0.2282931108002777,0.2494116142532503,-0.0190962936472198,10.85219984400253,execution_stress,,KRW50M,R5,,50,event,0.5,3,33333.333333333336,0.0025,0.05,True,0.2282931108002777,0.24720554909618309,-0.018912438295905387,False
A0_event__KRW50M_R5,A0_event,diagnostics,2024,2024-01-02,2024-12-31,252,0.3557540100888121,-0.3503069105406298,0.9028787502253404,0.3557540100888121,0.2643074461050603,0.0914465639837518,15.72336040004128,execution_stress,,KRW50M,R5,,50,event,0.5,3,33333.333333333336,0.0025,0.05,True,0.3557540100888121,0.2643074461050603,0.09144656398375178,False
A0_event__KRW50M_R5,A0_event,diagnostics,2025,2025-01-02,2025-12-31,250,0.9537621785979143,-0.2929630194460751,1.5688468748786255,0.9434044490549344,0.1785790013706134,0.775183177227301,9.212804599945017,execution_stress,,KRW50M,R5,,50,event,0.5,3,33333.333333333336,0.0025,0.05,True,0.9434044490549344,0.1770430847937292,0.7663613642612052,False
A0_event__KRW50M_R5,A0_event,diagnostics,2026,2026-01-02,2026-09-22,181,0.0477550811370168,-0.3800763425575804,0.3667973027255929,0.0340741085012759,0.193982242745804,-0.1462271616087871,17.922736593089137,execution_stress,,KRW50M,R5,,50,event,0.5,3,33333.333333333336,0.0025,0.05,True,0.0340741085012759,0.13580564851123356,-0.10173154000995766,True
A0_event__KRW50M_UNLIMITED,A0_event,diagnostics,2017,2017-01-04,2017-12-29,250,-0.0336601531321146,-0.2196642572360044,-0.05633685933748,-0.0333975207446267,0.2120011745455907,-0.2456613276777054,13.361107670831858,execution_stress,,KRW50M,UNLIMITED,,50,event,0.5,3,33333.333333333336,0.0025,0.0,True,-0.0333975207446267,0.21015310140377008,-0.2435506221483968,False
A0_event__KRW50M_UNLIMITED,A0_event,diagnostics,2018,2018-01-02,2018-12-31,251,-0.3500359694352041,-0.4332594069489497,-1.4615053759626546,-0.348923791319916,-0.0642984107744514,-0.2857375586607527,12.084924356624596,execution_stress,,KRW50M,UNLIMITED,,50,event,0.5,3,33333.333333333336,0.0025,0.0,True,-0.348923791319916,-0.06405161044839947,-0.28487218087151656,False
A0_event__KRW50M_UNLIMITED,A0_event,diagnostics,2019,2019-01-02,2019-12-31,252,0.902096888164595,-0.1464868685605377,2.78333675711006,0.902096888164595,0.3401954545671213,0.5619014335974737,8.025416005238892,execution_stress,,KRW50M,UNLIMITED,,50,event,0.5,3,33333.333333333336,0.0025,0.0,True,0.902096888164595,0.3401954545671213,0.5619014335974737,False
A0_event__KRW50M_UNLIMITED,A0_event,diagnostics,2020,2020-01-02,2020-12-31,253,0.4159917914109285,-0.4177541239039741,1.00868847050028,0.4179476040005618,0.1813082709311855,0.234683520479743,10.73446725146144,execution_stress,,KRW50M,UNLIMITED,,50,event,0.5,3,33333.333333333336,0.0025,0.0,True,0.4179476040005618,0.18208961084499786,0.23585799315556394,False
A0_event__KRW50M_UNLIMITED,A0_event,diagnostics,2021,2021-01-04,2021-12-31,252,-0.134480661260179,-0.3115050677073033,-0.159093802050731,-0.134480661260179,0.2861550585808201,-0.4206357198409991,15.03847288689278,execution_stress,,KRW50M,UNLIMITED,,50,event,0.5,3,33333.333333333336,0.0025,0.0,True,-0.134480661260179,0.28615505858082013,-0.4206357198409991,False
A0_event__KRW50M_UNLIMITED,A0_event,diagnostics,2022,2022-01-03,2022-12-30,251,-0.1129199327237857,-0.3481953824589278,-0.0793112968656941,-0.1124980468653119,-0.180528833522089,0.0676089007983032,14.824320729681371,execution_stress,,KRW50M,UNLIMITED,,50,event,0.5,3,33333.333333333336,0.0025,0.0,True,-0.1124980468653119,-0.17988114323237925,0.06738309636706735,False
A0_event__KRW50M_UNLIMITED,A0_event,diagnostics,2023,2023-01-03,2023-12-29,250,0.2303237608301735,-0.3111559800814115,0.8355643815065882,0.2283014702756005,0.2494116142532503,-0.0190878534230767,10.846446955669837,execution_stress,,KRW50M,UNLIMITED,,50,event,0.5,3,33333.333333333336,0.0025,0.0,True,0.2283014702756005,0.24720554909618309,-0.018904078820582593,False
A0_event__KRW50M_UNLIMITED,A0_event,diagnostics,2024,2024-01-02,2024-12-31,252,0.3556201946645605,-0.3503239016613042,0.9026650579326488,0.3556201946645605,0.2643074461050603,0.0913127485595002,15.726389943304303,execution_stress,,KRW50M,UNLIMITED,,50,event,0.5,3,33333.333333333336,0.0025,0.0,True,0.3556201946645605,0.2643074461050603,0.09131274855950022,False
A0_event__KRW50M_UNLIMITED,A0_event,diagnostics,2025,2025-01-02,2025-12-31,250,0.993608126106347,-0.2929171429608415,1.6278547769694274,0.982721434361114,0.1785790013706134,0.8150291247357335,9.09764353627574,execution_stress,,KRW50M,UNLIMITED,,50,event,0.5,3,33333.333333333336,0.0025,0.0,True,0.982721434361114,0.1770430847937292,0.8056783495673848,False
A0_event__KRW50M_UNLIMITED,A0_event,diagnostics,2026,2026-01-02,2026-09-22,181,0.0170326478375681,-0.3673583945299888,0.3105712105445607,0.0122046242668962,0.193982242745804,-0.1769495949082358,18.577213559686435,execution_stress,,KRW50M,UNLIMITED,,50,event,0.5,3,33333.333333333336,0.0025,0.0,True,0.0122046242668962,0.13580564851123356,-0.12360102424433736,True
A0_event__KRW100M_R1,A0_event,diagnostics,2017,2017-01-04,2017-12-29,250,-0.0476132060888194,-0.238248053387989,-0.1258327231179557,-0.0472443944859835,0.2120011745455907,-0.2596143806344102,14.249171975623064,execution_stress,,KRW100M,R1,,50,event,0.5,3,66666.66666666667,0.0025,0.01,True,-0.0472443944859835,0.21015310140377008,-0.2573974958897536,False
A0_event__KRW100M_R1,A0_event,diagnostics,2018,2018-01-02,2018-12-31,251,-0.345574176137029,-0.4342080122872138,-1.4214194959469966,-0.3444721595984642,-0.0642984107744514,-0.2812757653625776,13.148310216407296,execution_stress,,KRW100M,R1,,50,event,0.5,3,66666.66666666667,0.0025,0.01,True,-0.3444721595984642,-0.06405161044839947,-0.28042054915006476,False
A0_event__KRW100M_R1,A0_event,diagnostics,2019,2019-01-02,2019-12-31,252,0.9281782210866808,-0.1465262968211469,2.835502334962562,0.9281782210866808,0.3401954545671213,0.5879827665195596,8.232513374388077,execution_stress,,KRW100M,R1,,50,event,0.5,3,66666.66666666667,0.0025,0.01,True,0.9281782210866808,0.3401954545671213,0.5879827665195595,False
A0_event__KRW100M_R1,A0_event,diagnostics,2020,2020-01-02,2020-12-31,253,0.3915235678837918,-0.4064694903680584,0.9819111603161048,0.393349202232607,0.1813082709311855,0.2102152969526063,10.658354891123954,execution_stress,,KRW100M,R1,,50,event,0.5,3,66666.66666666667,0.0025,0.01,True,0.393349202232607,0.18208961084499786,0.21125959138760914,False
A0_event__KRW100M_R1,A0_event,diagnostics,2021,2021-01-04,2021-12-31,252,-0.1229164829930838,-0.3381922666451223,-0.1308484741366914,-0.1229164829930838,0.2861550585808201,-0.409071541573904,16.261013479970273,execution_stress,,KRW100M,R1,,50,event,0.5,3,66666.66666666667,0.0025,0.01,True,-0.1229164829930838,0.28615505858082013,-0.4090715415739039,False
A0_event__KRW100M_R1,A0_event,diagnostics,2022,2022-01-03,2022-12-30,251,0.112543800799439,-0.2929922487586068,0.4637060990355238,0.1120730599355939,-0.180528833522089,0.2930726343215281,11.642033805581734,execution_stress,,KRW100M,R1,,50,event,0.5,3,66666.66666666667,0.0025,0.01,True,0.1120730599355939,-0.17988114323237925,0.29195420316797316,False
A0_event__KRW100M_R1,A0_event,diagnostics,2023,2023-01-03,2023-12-29,250,0.1310395392936902,-0.3146602191237159,0.5559830594382127,0.1299347380223037,0.2494116142532503,-0.11837207495956,12.899987095440236,execution_stress,,KRW100M,R1,,50,event,0.5,3,66666.66666666667,0.0025,0.01,True,0.1299347380223037,0.24720554909618309,-0.11727081107387938,False
A0_event__KRW100M_R1,A0_event,diagnostics,2024,2024-01-02,2024-12-31,252,0.3035769074174606,-0.3208861366052055,0.8442174989182392,0.3035769074174606,0.2643074461050603,0.0392694613124002,16.28196740812609,execution_stress,,KRW100M,R1,,50,event,0.5,3,66666.66666666667,0.0025,0.01,True,0.3035769074174606,0.2643074461050603,0.03926946131240028,False
A0_event__KRW100M_R1,A0_event,diagnostics,2025,2025-01-02,2025-12-31,250,1.0009632081826672,-0.3386545315791963,1.5930419768670276,0.9899781908072128,0.1785790013706134,0.8223842068120537,9.77957419227202,execution_stress,,KRW100M,R1,,50,event,0.5,3,66666.66666666667,0.0025,0.01,True,0.9899781908072128,0.1770430847937292,0.8129351060134836,False
A0_event__KRW100M_R1,A0_event,diagnostics,2026,2026-01-02,2026-09-22,181,0.3174132005670327,-0.3585845322452601,0.7705762088262154,0.218963802588098,0.193982242745804,0.1234309578212287,15.588150912874973,execution_stress,,KRW100M,R1,,50,event,0.5,3,66666.66666666667,0.0025,0.01,True,0.218963802588098,0.13580564851123356,0.08315815407686444,True
A0_event__KRW100M_C50,A0_event,diagnostics,2017,2017-01-04,2017-12-29,250,-0.0816866527572214,-0.249048974796928,-0.299063603206102,-0.0810653668914842,0.2120011745455907,-0.2936878273028122,14.227884631435222,execution_stress,,KRW100M,C50,,50,event,0.5,3,66666.66666666667,0.005,0.01,True,-0.0810653668914842,0.21015310140377008,-0.2912184682952543,False
A0_event__KRW100M_C50,A0_event,diagnostics,2018,2018-01-02,2018-12-31,251,-0.3670780383638842,-0.4443318452642932,-1.5438060626967454,-0.3659281710545525,-0.0642984107744514,-0.3027796275894328,13.113560727792477,execution_stress,,KRW100M,C50,,50,event,0.5,3,66666.66666666667,0.005,0.01,True,-0.3659281710545525,-0.06405161044839947,-0.30187656060615303,False
A0_event__KRW100M_C50,A0_event,diagnostics,2019,2019-01-02,2019-12-31,252,0.8864052235147291,-0.152260061327584,2.7449256602965764,0.8864052235147291,0.3401954545671213,0.5462097689476078,8.182204461174958,execution_stress,,KRW100M,C50,,50,event,0.5,3,66666.66666666667,0.005,0.01,True,0.8864052235147291,0.3401954545671213,0.5462097689476078,False
A0_event__KRW100M_C50,A0_event,diagnostics,2020,2020-01-02,2020-12-31,253,0.3594697437492438,-0.4118572327664322,0.9276480867444312,0.3611274440544967,0.1813082709311855,0.1781614728180582,10.612380954623276,execution_stress,,KRW100M,C50,,50,event,0.5,3,66666.66666666667,0.005,0.01,True,0.3611274440544967,0.18208961084499786,0.17903783320949884,False
A0_event__KRW100M_C50,A0_event,diagnostics,2021,2021-01-04,2021-12-31,252,-0.1788203808967429,-0.3521529296814744,-0.2863477688828938,-0.1788203808967429,0.2861550585808201,-0.464975439477563,16.09936206890665,execution_stress,,KRW100M,C50,,50,event,0.5,3,66666.66666666667,0.005,0.01,True,-0.1788203808967429,0.28615505858082013,-0.46497543947756304,False
A0_event__KRW100M_C50,A0_event,diagnostics,2022,2022-01-03,2022-12-30,251,-0.0315635327948428,-0.3170795856926186,0.135016105091747,-0.0314402706682531,-0.180528833522089,0.1489653007272462,13.18553001703316,execution_stress,,KRW100M,C50,,50,event,0.5,3,66666.66666666667,0.005,0.01,True,-0.0314402706682531,-0.17988114323237925,0.14844087256412614,False
A0_event__KRW100M_C50,A0_event,diagnostics,2023,2023-01-03,2023-12-29,250,0.1302987190259765,-0.3060560892554455,0.5581349486492374,0.1292005132630531,0.2494116142532503,-0.1191128952272737,11.978562542011083,execution_stress,,KRW100M,C50,,50,event,0.5,3,66666.66666666667,0.005,0.01,True,0.1292005132630531,0.24720554909618309,-0.11800503583312999,False
A0_event__KRW100M_C50,A0_event,diagnostics,2024,2024-01-02,2024-12-31,252,0.306867604547806,-0.3500525145789024,0.8232119644895222,0.306867604547806,0.2643074461050603,0.0425601584427457,15.337121369168976,execution_stress,,KRW100M,C50,,50,event,0.5,3,66666.66666666667,0.005,0.01,True,0.306867604547806,0.2643074461050603,0.04256015844274569,False
A0_event__KRW100M_C50,A0_event,diagnostics,2025,2025-01-02,2025-12-31,250,0.8766634075133106,-0.3239320575414031,1.466218674594341,0.8673109875918092,0.1785790013706134,0.6980844061426972,11.124088517962024,execution_stress,,KRW100M,C50,,50,event,0.5,3,66666.66666666667,0.005,0.01,True,0.8673109875918092,0.1770430847937292,0.69026790279808,False
A0_event__KRW100M_C50,A0_event,diagnostics,2026,2026-01-02,2026-09-22,181,0.2067826819395508,-0.3706729701333837,0.6139573810199409,0.14453849153868,0.193982242745804,0.0128004391937468,16.557450636055446,execution_stress,,KRW100M,C50,,50,event,0.5,3,66666.66666666667,0.005,0.01,True,0.14453849153868,0.13580564851123356,0.008732843027446452,True
A0_event__KRW100M_R5,A0_event,diagnostics,2017,2017-01-04,2017-12-29,250,-0.0343917269127871,-0.2191720561680449,-0.0598030717913257,-0.0341234878152133,0.2120011745455907,-0.2463929014583779,13.685143850600632,execution_stress,,KRW100M,R5,,50,event,0.5,3,66666.66666666667,0.0025,0.05,True,-0.0341234878152133,0.21015310140377008,-0.24427658921898338,False
A0_event__KRW100M_R5,A0_event,diagnostics,2018,2018-01-02,2018-12-31,251,-0.348579224108533,-0.4337712104922616,-1.4488658225114233,-0.3474703503866881,-0.0642984107744514,-0.2842808133340816,12.57851642064704,execution_stress,,KRW100M,R5,,50,event,0.5,3,66666.66666666667,0.0025,0.05,True,-0.3474703503866881,-0.06405161044839947,-0.28341873993828864,False
A0_event__KRW100M_R5,A0_event,diagnostics,2019,2019-01-02,2019-12-31,252,0.94313702171976,-0.1425425447346048,2.869627390624672,0.94313702171976,0.3401954545671213,0.6029415671526388,7.912502185054903,execution_stress,,KRW100M,R5,,50,event,0.5,3,66666.66666666667,0.0025,0.05,True,0.94313702171976,0.3401954545671213,0.6029415671526387,False
A0_event__KRW100M_R5,A0_event,diagnostics,2020,2020-01-02,2020-12-31,253,0.4204785298084648,-0.4129565024266269,1.0201848164129832,0.42245839706164,0.1813082709311855,0.2391702588772792,11.251150811837071,execution_stress,,KRW100M,R5,,50,event,0.5,3,66666.66666666667,0.0025,0.05,True,0.42245839706164,0.18208961084499786,0.24036878621664215,False
A0_event__KRW100M_R5,A0_event,diagnostics,2021,2021-01-04,2021-12-31,252,-0.1375574633195062,-0.3143250268621437,-0.1672817981426406,-0.1375574633195062,0.2861550585808201,-0.4237125219003264,15.487006438230932,execution_stress,,KRW100M,R5,,50,event,0.5,3,66666.66666666667,0.0025,0.05,True,-0.1375574633195062,0.28615505858082013,-0.4237125219003263,False
A0_event__KRW100M_R5,A0_event,diagnostics,2022,2022-01-03,2022-12-30,251,-0.1112491977350977,-0.3518367147481276,-0.0737637072071745,-0.1108331565643403,-0.180528833522089,0.0692796357869912,15.35826013623356,execution_stress,,KRW100M,R5,,50,event,0.5,3,66666.66666666667,0.0025,0.05,True,-0.1108331565643403,-0.17988114323237925,0.06904798666803895,False
A0_event__KRW100M_R5,A0_event,diagnostics,2023,2023-01-03,2023-12-29,250,0.2254260357493531,-0.3090726379115108,0.824099747515288,0.2234505258248378,0.2494116142532503,-0.0239855785038971,11.608086380215626,execution_stress,,KRW100M,R5,,50,event,0.5,3,66666.66666666667,0.0025,0.05,True,0.2234505258248378,0.24720554909618309,-0.023755023271345294,False
A0_event__KRW100M_R5,A0_event,diagnostics,2024,2024-01-02,2024-12-31,252,0.3298151781652776,-0.3524057929525502,0.8570873009553681,0.3298151781652776,0.2643074461050603,0.0655077320602173,15.647729010792157,execution_stress,,KRW100M,R5,,50,event,0.5,3,66666.66666666667,0.0025,0.05,True,0.3298151781652776,0.2643074461050603,0.06550773206021732,False
A0_event__KRW100M_R5,A0_event,diagnostics,2025,2025-01-02,2025-12-31,250,0.9502296728369456,-0.2936848157847175,1.5698662927387206,0.9399185327235762,0.1785790013706134,0.771650671466332,9.97867604279198,execution_stress,,KRW100M,R5,,50,event,0.5,3,66666.66666666667,0.0025,0.05,True,0.9399185327235762,0.1770430847937292,0.762875447929847,False
A0_event__KRW100M_R5,A0_event,diagnostics,2026,2026-01-02,2026-09-22,181,-0.0218272711012118,-0.3744939459051862,0.2485863921002832,-0.0157261857241549,0.193982242745804,-0.2158095138470158,19.15845897949351,execution_stress,,KRW100M,R5,,50,event,0.5,3,66666.66666666667,0.0025,0.05,True,-0.0157261857241549,0.13580564851123356,-0.15153183423538846,True
A0_event__KRW100M_UNLIMITED,A0_event,diagnostics,2017,2017-01-04,2017-12-29,250,-0.0343917269127871,-0.2191720561680449,-0.0598030717913257,-0.0341234878152133,0.2120011745455907,-0.2463929014583779,13.685143850600632,execution_stress,,KRW100M,UNLIMITED,,50,event,0.5,3,66666.66666666667,0.0025,0.0,True,-0.0341234878152133,0.21015310140377008,-0.24427658921898338,False
A0_event__KRW100M_UNLIMITED,A0_event,diagnostics,2018,2018-01-02,2018-12-31,251,-0.348579224108533,-0.4337712104922616,-1.4488658225114233,-0.3474703503866881,-0.0642984107744514,-0.2842808133340816,12.57851642064704,execution_stress,,KRW100M,UNLIMITED,,50,event,0.5,3,66666.66666666667,0.0025,0.0,True,-0.3474703503866881,-0.06405161044839947,-0.28341873993828864,False
A0_event__KRW100M_UNLIMITED,A0_event,diagnostics,2019,2019-01-02,2019-12-31,252,0.9040992263666964,-0.1459410680182382,2.788722707813989,0.9040992263666964,0.3401954545671213,0.5639037717995752,8.33349758323505,execution_stress,,KRW100M,UNLIMITED,,50,event,0.5,3,66666.66666666667,0.0025,0.0,True,0.9040992263666964,0.3401954545671213,0.5639037717995751,False
A0_event__KRW100M_UNLIMITED,A0_event,diagnostics,2020,2020-01-02,2020-12-31,253,0.4186660135901019,-0.4166451721797607,1.012317543069765,0.4206361566184549,0.1813082709311855,0.2373577426589164,11.178742443850364,execution_stress,,KRW100M,UNLIMITED,,50,event,0.5,3,66666.66666666667,0.0025,0.0,True,0.4206361566184549,0.18208961084499786,0.23854654577345702,False
A0_event__KRW100M_UNLIMITED,A0_event,diagnostics,2021,2021-01-04,2021-12-31,252,-0.1379194030705909,-0.3143242671099066,-0.1684494906477463,-0.1379194030705909,0.2861550585808201,-0.424074461651411,15.507923897433724,execution_stress,,KRW100M,UNLIMITED,,50,event,0.5,3,66666.66666666667,0.0025,0.0,True,-0.1379194030705909,0.28615505858082013,-0.42407446165141105,False
A0_event__KRW100M_UNLIMITED,A0_event,diagnostics,2022,2022-01-03,2022-12-30,251,-0.1142595757520871,-0.3530484002482272,-0.0819800514161325,-0.113833012443657,-0.180528833522089,0.0662692577700019,15.330948206879045,execution_stress,,KRW100M,UNLIMITED,,50,event,0.5,3,66666.66666666667,0.0025,0.0,True,-0.113833012443657,-0.17988114323237925,0.06604813078872225,False
A0_event__KRW100M_UNLIMITED,A0_event,diagnostics,2023,2023-01-03,2023-12-29,250,0.2198833922665493,-0.3131362642776388,0.8066600937901666,0.217960637275457,0.2494116142532503,-0.029528221986701,11.298132123352456,execution_stress,,KRW100M,UNLIMITED,,50,event,0.5,3,66666.66666666667,0.0025,0.0,True,0.217960637275457,0.24720554909618309,-0.029244911820726083,False
A0_event__KRW100M_UNLIMITED,A0_event,diagnostics,2024,2024-01-02,2024-12-31,252,0.3640085223732714,-0.3514606398177231,0.9138020820686314,0.3640085223732714,0.2643074461050603,0.0997010762682111,15.962845036123708,execution_stress,,KRW100M,UNLIMITED,,50,event,0.5,3,66666.66666666667,0.0025,0.0,True,0.3640085223732714,0.2643074461050603,0.09970107626821112,False
A0_event__KRW100M_UNLIMITED,A0_event,diagnostics,2025,2025-01-02,2025-12-31,250,0.9912786889785972,-0.2933911692410755,1.6254415806799496,0.9804230937978564,0.1785790013706134,0.8126996876079837,9.264303896997916,execution_stress,,KRW100M,UNLIMITED,,50,event,0.5,3,66666.66666666667,0.0025,0.0,True,0.9804230937978564,0.1770430847937292,0.8033800090041272,False
A0_event__KRW100M_UNLIMITED,A0_event,diagnostics,2026,2026-01-02,2026-09-22,181,0.0144904579750693,-0.3677894031871126,0.3061502426065953,0.0103867137455593,0.193982242745804,-0.1794917847707346,18.919954516879343,execution_stress,,KRW100M,UNLIMITED,,50,event,0.5,3,66666.66666666667,0.0025,0.0,True,0.0103867137455593,0.13580564851123356,-0.12541893476567426,True
A0_quarter__fresh2018,A0_quarter,diagnostics,2018,2018-01-02,2018-12-31,251,-0.335984342667923,-0.4081833024447862,-1.3492094940464,-0.334904573193985,-0.0642984107744514,-0.2716859318934715,13.894931973251587,fresh_cash,2018-01-01,,,,50,quarter,0.5,3,100000.0,0.0025,0.01,True,-0.334904573193985,-0.06405161044839947,-0.2708529627455855,False
A0_quarter__fresh2018,A0_quarter,diagnostics,2019,2019-01-02,2019-12-31,252,1.0718800056002653,-0.1225790188229536,3.0028857250492287,1.0718800056002653,0.3401954545671213,0.731684551033144,5.847888453777499,fresh_cash,2018-01-01,,,,50,quarter,0.5,3,100000.0,0.0025,0.01,True,1.0718800056002653,0.3401954545671213,0.731684551033144,False
A0_quarter__fresh2018,A0_quarter,diagnostics,2020,2020-01-02,2020-12-31,253,0.4099519483909928,-0.3956180745858468,0.996255115589612,0.4118754692858164,0.1813082709311855,0.2286436774598073,7.530692451630188,fresh_cash,2018-01-01,,,,50,quarter,0.5,3,100000.0,0.0025,0.01,True,0.4118754692858164,0.18208961084499786,0.22978585844081856,False
A0_quarter__fresh2018,A0_quarter,diagnostics,2021,2021-01-04,2021-12-31,252,-0.0850415568498526,-0.3327801616595535,-0.0186693927947921,-0.0850415568498526,0.2861550585808201,-0.3711966154306727,10.139656424467166,fresh_cash,2018-01-01,,,,50,quarter,0.5,3,100000.0,0.0025,0.01,True,-0.0850415568498526,0.28615505858082013,-0.3711966154306727,False
A0_quarter__fresh2018,A0_quarter,diagnostics,2022,2022-01-03,2022-12-30,251,-0.1142887194130202,-0.3159369338531002,-0.0958256790172649,-0.1138620544366242,-0.180528833522089,0.0662401141090688,8.779322703036007,fresh_cash,2018-01-01,,,,50,quarter,0.5,3,100000.0,0.0025,0.01,True,-0.1138620544366242,-0.17988114323237925,0.06601908879575505,False
A0_quarter__fresh2018,A0_quarter,diagnostics,2023,2023-01-03,2023-12-29,250,0.1709265961202122,-0.2988509830292942,0.6710959081650131,0.1694611105603867,0.2494116142532503,-0.0784850181330381,7.847840659640492,fresh_cash,2018-01-01,,,,50,quarter,0.5,3,100000.0,0.0025,0.01,True,0.1694611105603867,0.24720554909618309,-0.07774443853579638,False
A0_quarter__fresh2018,A0_quarter,diagnostics,2024,2024-01-02,2024-12-31,252,0.7636738673963104,-0.3124305416473409,1.2967428966197634,0.7636738673963104,0.2643074461050603,0.4993664212912501,9.848368106386246,fresh_cash,2018-01-01,,,,50,quarter,0.5,3,100000.0,0.0025,0.01,True,0.7636738673963104,0.2643074461050603,0.4993664212912501,False
A0_quarter__fresh2018,A0_quarter,diagnostics,2025,2025-01-02,2025-12-31,250,0.5198682132067605,-0.3951108615187495,1.0648296301445896,0.5148269674066894,0.1785790013706134,0.341289211836147,7.652750823156019,fresh_cash,2018-01-01,,,,50,quarter,0.5,3,100000.0,0.0025,0.01,True,0.5148269674066894,0.1770430847937292,0.3377838826129602,False
A0_quarter__fresh2018,A0_quarter,diagnostics,2026,2026-01-02,2026-09-22,181,0.3728255933459217,-0.2761416446576823,0.8532661934320548,0.2555753575932915,0.193982242745804,0.1788433506001177,10.700039007018123,fresh_cash,2018-01-01,,,,50,quarter,0.5,3,100000.0,0.0025,0.01,True,0.2555753575932915,0.13580564851123356,0.11976970908205792,True
A0_quarter__fresh2019,A0_quarter,diagnostics,2019,2019-01-02,2019-12-31,252,0.9902924560977762,-0.1604500060354965,2.736828288793104,0.9902924560977762,0.3401954545671213,0.6500970015306549,11.636971695094196,fresh_cash,2019-01-01,,,,50,quarter,0.5,3,100000.0,0.0025,0.01,True,0.9902924560977762,0.3401954545671213,0.6500970015306549,False
A0_quarter__fresh2019,A0_quarter,diagnostics,2020,2020-01-02,2020-12-31,253,0.4909586319156207,-0.3510339048587195,1.1677502896937633,0.4933236709426689,0.1813082709311855,0.3096503609844352,5.996105747593567,fresh_cash,2019-01-01,,,,50,quarter,0.5,3,100000.0,0.0025,0.01,True,0.4933236709426689,0.18208961084499786,0.311234060097671,False
A0_quarter__fresh2019,A0_quarter,diagnostics,2021,2021-01-04,2021-12-31,252,-0.1173008487773366,-0.4410055836229941,-0.0494387217802708,-0.1173008487773366,0.2861550585808201,-0.4034559073581567,11.428897269672593,fresh_cash,2019-01-01,,,,50,quarter,0.5,3,100000.0,0.0025,0.01,True,-0.1173008487773366,0.28615505858082013,-0.40345590735815673,False
A0_quarter__fresh2019,A0_quarter,diagnostics,2022,2022-01-03,2022-12-30,251,0.0068336801227513,-0.3011737940147072,0.2218300565814444,0.0068064702654022,-0.180528833522089,0.1873625136448403,7.99735501566458,fresh_cash,2019-01-01,,,,50,quarter,0.5,3,100000.0,0.0025,0.01,True,0.0068064702654022,-0.17988114323237925,0.18668761349778146,False
A0_quarter__fresh2019,A0_quarter,diagnostics,2023,2023-01-03,2023-12-29,250,0.079649034450882,-0.2946457280906401,0.410464219480755,0.078992567401871,0.2494116142532503,-0.1697625798023683,7.917589823132313,fresh_cash,2019-01-01,,,,50,quarter,0.5,3,100000.0,0.0025,0.01,True,0.078992567401871,0.24720554909618309,-0.1682129816943121,False
A0_quarter__fresh2019,A0_quarter,diagnostics,2024,2024-01-02,2024-12-31,252,0.9953954140391073,-0.2608029640431974,1.547000432321296,0.9953954140391073,0.2643074461050603,0.731087967934047,9.042893635299947,fresh_cash,2019-01-01,,,,50,quarter,0.5,3,100000.0,0.0025,0.01,True,0.9953954140391073,0.2643074461050603,0.731087967934047,False
A0_quarter__fresh2019,A0_quarter,diagnostics,2025,2025-01-02,2025-12-31,250,0.4022203416554144,-0.3686325274295272,0.9309180000383828,0.3984632386819038,0.1785790013706134,0.2236413402848009,7.510087160088873,fresh_cash,2019-01-01,,,,50,quarter,0.5,3,100000.0,0.0025,0.01,True,0.3984632386819038,0.1770430847937292,0.2214201538881746,False
A0_quarter__fresh2019,A0_quarter,diagnostics,2026,2026-01-02,2026-09-22,181,0.3914687230192337,-0.2869434976391439,0.8897566645900765,0.267798909788185,0.193982242745804,0.1974864802734297,10.538747211867976,fresh_cash,2019-01-01,,,,50,quarter,0.5,3,100000.0,0.0025,0.01,True,0.267798909788185,0.13580564851123356,0.13199326127695143,True
A0_quarter__fresh2020,A0_quarter,diagnostics,2020,2020-01-02,2020-12-31,253,0.7347629244045284,-0.3961153408033627,1.3798378791656225,0.7385592554972906,0.1813082709311855,0.5534546534733429,12.066279245733933,fresh_cash,2020-01-01,,,,50,quarter,0.5,3,100000.0,0.0025,0.01,True,0.7385592554972906,0.18208961084499786,0.5564696446522928,False
A0_quarter__fresh2020,A0_quarter,diagnostics,2021,2021-01-04,2021-12-31,252,-0.1310721523055327,-0.3410399843486343,-0.1490496031548517,-0.1310721523055327,0.2861550585808201,-0.4172272108863528,10.602505825633791,fresh_cash,2020-01-01,,,,50,quarter,0.5,3,100000.0,0.0025,0.01,True,-0.1310721523055327,0.28615505858082013,-0.41722721088635284,False
A0_quarter__fresh2020,A0_quarter,diagnostics,2022,2022-01-03,2022-12-30,251,-0.0480440701217883,-0.3127749452673629,0.077694933788009,-0.0478580558640456,-0.180528833522089,0.1324847634003007,8.420413023397938,fresh_cash,2020-01-01,,,,50,quarter,0.5,3,100000.0,0.0025,0.01,True,-0.0478580558640456,-0.17988114323237925,0.13202308736833365,False
A0_quarter__fresh2020,A0_quarter,diagnostics,2023,2023-01-03,2023-12-29,250,0.2544431182408115,-0.2928461002107504,0.910302409965988,0.2521882274586888,0.2494116142532503,0.0050315039875612,7.01478609885065,fresh_cash,2020-01-01,,,,50,quarter,0.5,3,100000.0,0.0025,0.01,True,0.2521882274586888,0.24720554909618309,0.00498267836250571,False
A0_quarter__fresh2020,A0_quarter,diagnostics,2024,2024-01-02,2024-12-31,252,0.8511691551215499,-0.3081382211592771,1.3780731427410813,0.8511691551215499,0.2643074461050603,0.5868617090164896,9.178482094801886,fresh_cash,2020-01-01,,,,50,quarter,0.5,3,100000.0,0.0025,0.01,True,0.8511691551215499,0.2643074461050603,0.5868617090164896,False
A0_quarter__fresh2020,A0_quarter,diagnostics,2025,2025-01-02,2025-12-31,250,0.5137576359547118,-0.3810080607242119,1.0517426118480466,0.5087848975689306,0.1785790013706134,0.3351786345840983,7.049353029443499,fresh_cash,2020-01-01,,,,50,quarter,0.5,3,100000.0,0.0025,0.01,True,0.5087848975689306,0.1770430847937292,0.33174181277520143,False
A0_quarter__fresh2020,A0_quarter,diagnostics,2026,2026-01-02,2026-09-22,181,0.1024502311152419,-0.3418297884605158,0.4470231281142783,0.0725672073058334,0.193982242745804,-0.091532011630562,11.50378122933575,fresh_cash,2020-01-01,,,,50,quarter,0.5,3,100000.0,0.0025,0.01,True,0.0725672073058334,0.13580564851123356,-0.06323844120540016,True
A0_quarter__fresh2021,A0_quarter,diagnostics,2021,2021-01-04,2021-12-31,252,-0.1303442121117994,-0.4003819461375274,-0.0860104463471162,-0.1303442121117994,0.2861550585808201,-0.4164992706926196,15.553759584586436,fresh_cash,2021-01-01,,,,50,quarter,0.5,3,100000.0,0.0025,0.01,True,-0.1303442121117994,0.28615505858082013,-0.4164992706926195,False
A0_quarter__fresh2021,A0_quarter,diagnostics,2022,2022-01-03,2022-12-30,251,0.1643824189733902,-0.2877562256864515,0.5768905795762409,0.1636794236110246,-0.180528833522089,0.3449112524954792,6.797309899132614,fresh_cash,2021-01-01,,,,50,quarter,0.5,3,100000.0,0.0025,0.01,True,0.1636794236110246,-0.17988114323237925,0.34356056684340386,False
A0_quarter__fresh2021,A0_quarter,diagnostics,2023,2023-01-03,2023-12-29,250,0.2442810849935175,-0.3112723585438728,0.877151024271428,0.2421246424094441,0.2494116142532503,-0.0051305292597327,7.450470386679345,fresh_cash,2021-01-01,,,,50,quarter,0.5,3,100000.0,0.0025,0.01,True,0.2421246424094441,0.24720554909618309,-0.005080906686738995,False
A0_quarter__fresh2021,A0_quarter,diagnostics,2024,2024-01-02,2024-12-31,252,0.5570527312608942,-0.2873001764323872,1.148470401313357,0.5570527312608942,0.2643074461050603,0.2927452851558338,9.135775738826608,fresh_cash,2021-01-01,,,,50,quarter,0.5,3,100000.0,0.0025,0.01,True,0.5570527312608942,0.2643074461050603,0.29274528515583387,False
A0_quarter__fresh2021,A0_quarter,diagnostics,2025,2025-01-02,2025-12-31,250,0.8340830033844089,-0.3771600116845656,1.4034871438140062,0.8252752263973686,0.1785790013706134,0.6555040020137954,6.615452440735509,fresh_cash,2021-01-01,,,,50,quarter,0.5,3,100000.0,0.0025,0.01,True,0.8252752263973686,0.1770430847937292,0.6482321416036394,False
A0_quarter__fresh2021,A0_quarter,diagnostics,2026,2026-01-02,2026-09-22,181,0.3176141572213067,-0.3027452692209595,0.7790493429597969,0.2190973513580492,0.193982242745804,0.1236319144755027,10.30803926170855,fresh_cash,2021-01-01,,,,50,quarter,0.5,3,100000.0,0.0025,0.01,True,0.2190973513580492,0.13580564851123356,0.08329170284681564,True
A0_quarter__fresh2022,A0_quarter,diagnostics,2022,2022-01-03,2022-12-30,251,-0.0105049123311719,-0.3399421582699565,0.1959035023547839,-0.0104634450277365,-0.180528833522089,0.1700239211909171,13.356454549578208,fresh_cash,2022-01-01,,,,50,quarter,0.5,3,100000.0,0.0025,0.01,True,-0.0104634450277365,-0.17988114323237925,0.16941769820464275,False
A0_quarter__fresh2022,A0_quarter,diagnostics,2023,2023-01-03,2023-12-29,250,0.2226259710128393,-0.3263209884798461,0.8137199352904435,0.2206771368184141,0.2494116142532503,-0.0267856432404109,8.260097368279673,fresh_cash,2022-01-01,,,,50,quarter,0.5,3,100000.0,0.0025,0.01,True,0.2206771368184141,0.24720554909618309,-0.026528412277768976,False
A0_quarter__fresh2022,A0_quarter,diagnostics,2024,2024-01-02,2024-12-31,252,0.7612920691856331,-0.2864000706197295,1.2632642581741906,0.7612920691856331,0.2643074461050603,0.4969846230805728,9.616897024568464,fresh_cash,2022-01-01,,,,50,quarter,0.5,3,100000.0,0.0025,0.01,True,0.7612920691856331,0.2643074461050603,0.4969846230805728,False
A0_quarter__fresh2022,A0_quarter,diagnostics,2025,2025-01-02,2025-12-31,250,0.6759353706643545,-0.3647896359205738,1.2434344360697789,0.6690811303118851,0.1785790013706134,0.497356369293741,7.563829063495273,fresh_cash,2022-01-01,,,,50,quarter,0.5,3,100000.0,0.0025,0.01,True,0.6690811303118851,0.1770430847937292,0.4920380455181559,False
A0_quarter__fresh2022,A0_quarter,diagnostics,2026,2026-01-02,2026-09-22,181,0.3432079712911642,-0.3045023612693137,0.8101186585886149,0.2360595811547541,0.193982242745804,0.1492257285453602,10.01570961580277,fresh_cash,2022-01-01,,,,50,quarter,0.5,3,100000.0,0.0025,0.01,True,0.2360595811547541,0.13580564851123356,0.10025393264352053,True
A0_quarter__fresh2023,A0_quarter,diagnostics,2023,2023-01-03,2023-12-29,250,0.1135049903716582,-0.3467712213035322,0.4801136524686424,0.1125552692971676,0.2494116142532503,-0.135906623881592,14.16934730502694,fresh_cash,2023-01-01,,,,50,quarter,0.5,3,100000.0,0.0025,0.01,True,0.1125552692971676,0.24720554909618309,-0.1346502797990155,False
A0_quarter__fresh2023,A0_quarter,diagnostics,2024,2024-01-02,2024-12-31,252,0.683354321568759,-0.296787076240314,1.2147496035995624,0.683354321568759,0.2643074461050603,0.4190468754636987,8.93318362123205,fresh_cash,2023-01-01,,,,50,quarter,0.5,3,100000.0,0.0025,0.01,True,0.683354321568759,0.2643074461050603,0.4190468754636987,False
A0_quarter__fresh2023,A0_quarter,diagnostics,2025,2025-01-02,2025-12-31,250,0.6865147774008824,-0.3521504498908888,1.276392041019576,0.6795333879606251,0.1785790013706134,0.507935776030269,7.156719636506621,fresh_cash,2023-01-01,,,,50,quarter,0.5,3,100000.0,0.0025,0.01,True,0.6795333879606251,0.1770430847937292,0.5024903031668959,False
A0_quarter__fresh2023,A0_quarter,diagnostics,2026,2026-01-02,2026-09-22,181,0.354948242564874,-0.2980934961886167,0.830360488582126,0.2438098938607149,0.193982242745804,0.16096599981907,10.351518827097763,fresh_cash,2023-01-01,,,,50,quarter,0.5,3,100000.0,0.0025,0.01,True,0.2438098938607149,0.13580564851123356,0.10800424534948133,True
A0_quarter__USD100K_C50,A0_quarter,diagnostics,2017,2017-01-04,2017-12-29,250,-0.1616313917764834,-0.2714627071996995,-0.7373477435373115,-0.1604575373106108,0.2120011745455907,-0.3736325663220742,9.975761147635223,execution_stress,,USD100K,C50,,50,quarter,0.5,3,100000.0,0.005,0.01,True,-0.1604575373106108,0.21015310140377008,-0.3706106387143809,False
A0_quarter__USD100K_C50,A0_quarter,diagnostics,2018,2018-01-02,2018-12-31,251,-0.3462301337178749,-0.4242982756275668,-1.5192615500697777,-0.345126615687649,-0.0642984107744514,-0.2819317229434235,8.905910019878874,execution_stress,,USD100K,C50,,50,quarter,0.5,3,100000.0,0.005,0.01,True,-0.345126615687649,-0.06405161044839947,-0.28107500523924955,False
A0_quarter__USD100K_C50,A0_quarter,diagnostics,2019,2019-01-02,2019-12-31,252,0.9897031204262796,-0.1425268732712652,2.8560349817396897,0.9897031204262796,0.3401954545671213,0.6495076658591583,5.623814646104856,execution_stress,,USD100K,C50,,50,quarter,0.5,3,100000.0,0.005,0.01,True,0.9897031204262796,0.3401954545671213,0.6495076658591583,False
A0_quarter__USD100K_C50,A0_quarter,diagnostics,2020,2020-01-02,2020-12-31,253,0.3681626733324632,-0.3893375272075849,0.9415199919332724,0.3698656220013829,0.1813082709311855,0.1868544024012777,7.572328085025074,execution_stress,,USD100K,C50,,50,quarter,0.5,3,100000.0,0.005,0.01,True,0.3698656220013829,0.18208961084499786,0.18777601115638504,False
A0_quarter__USD100K_C50,A0_quarter,diagnostics,2021,2021-01-04,2021-12-31,252,-0.1214586977949893,-0.3035469762720054,-0.1473883390052468,-0.1214586977949893,0.2861550585808201,-0.4076137563758094,10.63774022416596,execution_stress,,USD100K,C50,,50,quarter,0.5,3,100000.0,0.005,0.01,True,-0.1214586977949893,0.28615505858082013,-0.40761375637580943,False
A0_quarter__USD100K_C50,A0_quarter,diagnostics,2022,2022-01-03,2022-12-30,251,0.0320869996002193,-0.3034112840083366,0.282497468251624,0.0319576570387492,-0.180528833522089,0.2126158331223083,7.315473446704225,execution_stress,,USD100K,C50,,50,quarter,0.5,3,100000.0,0.005,0.01,True,0.0319576570387492,-0.17988114323237925,0.21183880027112845,False
A0_quarter__USD100K_C50,A0_quarter,diagnostics,2023,2023-01-03,2023-12-29,250,0.1738691499509113,-0.2916312247239448,0.6820199152862265,0.172376628183235,0.2494116142532503,-0.075542464302339,7.646021311890607,execution_stress,,USD100K,C50,,50,quarter,0.5,3,100000.0,0.005,0.01,True,0.172376628183235,0.24720554909618309,-0.0748289209129481,False
A0_quarter__USD100K_C50,A0_quarter,diagnostics,2024,2024-01-02,2024-12-31,252,0.7307746238091395,-0.3232364487505533,1.235099337668335,0.7307746238091395,0.2643074461050603,0.4664671777040792,9.543365384870794,execution_stress,,USD100K,C50,,50,quarter,0.5,3,100000.0,0.005,0.01,True,0.7307746238091395,0.2643074461050603,0.4664671777040792,False
A0_quarter__USD100K_C50,A0_quarter,diagnostics,2025,2025-01-02,2025-12-31,250,0.5203442919365706,-0.3836018026124587,1.0500295705170108,0.5152977005774422,0.1785790013706134,0.3417652905659571,7.6765557165765825,execution_stress,,USD100K,C50,,50,quarter,0.5,3,100000.0,0.005,0.01,True,0.5152977005774422,0.1770430847937292,0.33825461578371296,False
A0_quarter__USD100K_C50,A0_quarter,diagnostics,2026,2026-01-02,2026-09-22,181,0.170568232306655,-0.303487315157892,0.561506400503538,0.1197632895555254,0.193982242745804,-0.0234140104391489,10.90076785129722,execution_stress,,USD100K,C50,,50,quarter,0.5,3,100000.0,0.005,0.01,True,0.1197632895555254,0.13580564851123356,-0.016042358955708158,True
A0_quarter__USD100K_R5,A0_quarter,diagnostics,2017,2017-01-04,2017-12-29,250,-0.0829903466090018,-0.2426957328384488,-0.3072296158534252,-0.082359596276573,0.2120011745455907,-0.2949915211545926,9.80841567604872,execution_stress,,USD100K,R5,,50,quarter,0.5,3,100000.0,0.0025,0.05,True,-0.082359596276573,0.21015310140377008,-0.29251269768034305,False
A0_quarter__USD100K_R5,A0_quarter,diagnostics,2018,2018-01-02,2018-12-31,251,-0.3391283458682453,-0.4203704308513604,-1.430179749590876,-0.3380412219451866,-0.0642984107744514,-0.2748299350937939,8.74849041626307,execution_stress,,USD100K,R5,,50,quarter,0.5,3,100000.0,0.0025,0.05,True,-0.3380412219451866,-0.06405161044839947,-0.27398961149678713,False
A0_quarter__USD100K_R5,A0_quarter,diagnostics,2019,2019-01-02,2019-12-31,252,1.0515371163847045,-0.1372077775813137,2.973266320702692,1.0515371163847045,0.3401954545671213,0.711341661817583,5.439536651661372,execution_stress,,USD100K,R5,,50,quarter,0.5,3,100000.0,0.0025,0.05,True,1.0515371163847045,0.3401954545671213,0.7113416618175832,False
A0_quarter__USD100K_R5,A0_quarter,diagnostics,2020,2020-01-02,2020-12-31,253,0.4310705445842655,-0.3699332908660174,1.0525974553591335,0.4331074225690867,0.1813082709311855,0.24976227365308,7.655175673344528,execution_stress,,USD100K,R5,,50,quarter,0.5,3,100000.0,0.0025,0.05,True,0.4331074225690867,0.18208961084499786,0.2510178117240888,False
A0_quarter__USD100K_R5,A0_quarter,diagnostics,2021,2021-01-04,2021-12-31,252,-0.158914853727481,-0.3306911678980831,-0.2418341251169651,-0.158914853727481,0.2861550585808201,-0.4450699123083012,10.722324522762625,execution_stress,,USD100K,R5,,50,quarter,0.5,3,100000.0,0.0025,0.05,True,-0.158914853727481,0.28615505858082013,-0.4450699123083011,False
A0_quarter__USD100K_R5,A0_quarter,diagnostics,2022,2022-01-03,2022-12-30,251,-0.1145412156800498,-0.3125267173717094,-0.1118255764489798,-0.1141136700265472,-0.180528833522089,0.0659876178420392,9.704599119237356,execution_stress,,USD100K,R5,,50,quarter,0.5,3,100000.0,0.0025,0.05,True,-0.1141136700265472,-0.17988114323237925,0.06576747320583205,False
A0_quarter__USD100K_R5,A0_quarter,diagnostics,2023,2023-01-03,2023-12-29,250,0.2248366727513477,-0.3083963014501272,0.8223918304402846,0.2228667817684915,0.2494116142532503,-0.0245749415019025,7.880244227510502,execution_stress,,USD100K,R5,,50,quarter,0.5,3,100000.0,0.0025,0.05,True,0.2228667817684915,0.24720554909618309,-0.02433876732769158,False
A0_quarter__USD100K_R5,A0_quarter,diagnostics,2024,2024-01-02,2024-12-31,252,0.6552220387714356,-0.3553435241834527,1.1539976721287368,0.6552220387714356,0.2643074461050603,0.3909145926663753,9.99511354500948,execution_stress,,USD100K,R5,,50,quarter,0.5,3,100000.0,0.0025,0.05,True,0.6552220387714356,0.2643074461050603,0.3909145926663753,False
A0_quarter__USD100K_R5,A0_quarter,diagnostics,2025,2025-01-02,2025-12-31,250,0.6920795530653625,-0.3302709728349816,1.304366057597411,0.6850310740637602,0.1785790013706134,0.5135005516947491,7.0111203945880245,execution_stress,,USD100K,R5,,50,quarter,0.5,3,100000.0,0.0025,0.05,True,0.6850310740637602,0.1770430847937292,0.507987989270031,False
A0_quarter__USD100K_R5,A0_quarter,diagnostics,2026,2026-01-02,2026-09-22,181,-0.1001641700849024,-0.3730496520033259,0.0821015076304719,-0.0730045650701484,0.193982242745804,-0.2941464128307064,12.42579165710056,execution_stress,,USD100K,R5,,50,quarter,0.5,3,100000.0,0.0025,0.05,True,-0.0730045650701484,0.13580564851123356,-0.20881021358138196,True
A0_quarter__USD100K_UNLIMITED,A0_quarter,diagnostics,2017,2017-01-04,2017-12-29,250,-0.0829903466090018,-0.2426957328384488,-0.3072296158534252,-0.082359596276573,0.2120011745455907,-0.2949915211545926,9.80841567604872,execution_stress,,USD100K,UNLIMITED,,50,quarter,0.5,3,100000.0,0.0025,0.0,True,-0.082359596276573,0.21015310140377008,-0.29251269768034305,False
A0_quarter__USD100K_UNLIMITED,A0_quarter,diagnostics,2018,2018-01-02,2018-12-31,251,-0.3424306329594964,-0.4204635084522791,-1.448599613331421,-0.3413358480974716,-0.0642984107744514,-0.2781322221850449,8.863121571023253,execution_stress,,USD100K,UNLIMITED,,50,quarter,0.5,3,100000.0,0.0025,0.0,True,-0.3413358480974716,-0.06405161044839947,-0.2772842376490721,False
A0_quarter__USD100K_UNLIMITED,A0_quarter,diagnostics,2019,2019-01-02,2019-12-31,252,1.0136726630665618,-0.1384261681888234,2.9011497141050997,1.0136726630665618,0.3401954545671213,0.6734772084994405,5.742638940269805,execution_stress,,USD100K,UNLIMITED,,50,quarter,0.5,3,100000.0,0.0025,0.0,True,1.0136726630665618,0.3401954545671213,0.6734772084994405,False
A0_quarter__USD100K_UNLIMITED,A0_quarter,diagnostics,2020,2020-01-02,2020-12-31,253,0.4000250422895175,-0.3847798491946819,0.9949002907986976,0.4018957139603394,0.1813082709311855,0.218716771358332,7.637560091041009,execution_stress,,USD100K,UNLIMITED,,50,quarter,0.5,3,100000.0,0.0025,0.0,True,0.4018957139603394,0.18208961084499786,0.21980610311534154,False
A0_quarter__USD100K_UNLIMITED,A0_quarter,diagnostics,2021,2021-01-04,2021-12-31,252,-0.1617125870837715,-0.321042460584214,-0.2546706114392951,-0.1617125870837715,0.2861550585808201,-0.4478676456645917,10.68202706779791,execution_stress,,USD100K,UNLIMITED,,50,quarter,0.5,3,100000.0,0.0025,0.0,True,-0.1617125870837715,0.28615505858082013,-0.44786764566459164,False
A0_quarter__USD100K_UNLIMITED,A0_quarter,diagnostics,2022,2022-01-03,2022-12-30,251,-0.1156154657197165,-0.3127181861988877,-0.1148409266532077,-0.1151841763927241,-0.180528833522089,0.0649133678023724,9.692255135576923,execution_stress,,USD100K,UNLIMITED,,50,quarter,0.5,3,100000.0,0.0025,0.0,True,-0.1151841763927241,-0.17988114323237925,0.06469696683965515,False
A0_quarter__USD100K_UNLIMITED,A0_quarter,diagnostics,2023,2023-01-03,2023-12-29,250,0.2180382225060002,-0.3181322281166359,0.8006486814858235,0.2161329859802874,0.2494116142532503,-0.03137339174725,7.653898607937902,execution_stress,,USD100K,UNLIMITED,,50,quarter,0.5,3,100000.0,0.0025,0.0,True,0.2161329859802874,0.24720554909618309,-0.03107256311589568,False
A0_quarter__USD100K_UNLIMITED,A0_quarter,diagnostics,2024,2024-01-02,2024-12-31,252,0.6577052412161433,-0.3442471269116242,1.155033199643733,0.6577052412161433,0.2643074461050603,0.3933977951110829,10.554780606919737,execution_stress,,USD100K,UNLIMITED,,50,quarter,0.5,3,100000.0,0.0025,0.0,True,0.6577052412161433,0.2643074461050603,0.39339779511108297,False
A0_quarter__USD100K_UNLIMITED,A0_quarter,diagnostics,2025,2025-01-02,2025-12-31,250,0.7667140408838973,-0.3299019436634915,1.3950285176503496,0.7587520781232338,0.1785790013706134,0.5881350395132838,6.420274328752682,execution_stress,,USD100K,UNLIMITED,,50,quarter,0.5,3,100000.0,0.0025,0.0,True,0.7587520781232338,0.1770430847937292,0.5817089933295045,False
A0_quarter__USD100K_UNLIMITED,A0_quarter,diagnostics,2026,2026-01-02,2026-09-22,181,-0.0558947504354206,-0.3660747049701771,0.1607473033998425,-0.040470542408835,0.193982242745804,-0.2498769931812247,12.24142406382573,execution_stress,,USD100K,UNLIMITED,,50,quarter,0.5,3,100000.0,0.0025,0.0,True,-0.040470542408835,0.13580564851123356,-0.17627619092006855,True
A0_quarter__KRW50M_R1,A0_quarter,diagnostics,2017,2017-01-04,2017-12-29,250,-0.0987297761159632,-0.2657487688719293,-0.3888983548047318,-0.0979859203036835,0.2120011745455907,-0.310730950661554,9.820984110483147,execution_stress,,KRW50M,R1,,50,quarter,0.5,3,33333.333333333336,0.0025,0.01,True,-0.0979859203036835,0.21015310140377008,-0.30813902170745355,False
A0_quarter__KRW50M_R1,A0_quarter,diagnostics,2018,2018-01-02,2018-12-31,251,-0.3301693023402982,-0.4145547082946401,-1.362415600886686,-0.3291032904998769,-0.0642984107744514,-0.2658708915658467,8.832046593241381,execution_stress,,KRW50M,R1,,50,quarter,0.5,3,33333.333333333336,0.0025,0.01,True,-0.3291032904998769,-0.06405161044839947,-0.26505168005147745,False
A0_quarter__KRW50M_R1,A0_quarter,diagnostics,2019,2019-01-02,2019-12-31,252,1.05961827347135,-0.1382770617790681,2.9844623044307905,1.05961827347135,0.3401954545671213,0.7194228189042287,5.255226525788278,execution_stress,,KRW50M,R1,,50,quarter,0.5,3,33333.333333333336,0.0025,0.01,True,1.05961827347135,0.3401954545671213,0.7194228189042287,False
A0_quarter__KRW50M_R1,A0_quarter,diagnostics,2020,2020-01-02,2020-12-31,253,0.4350291632464369,-0.3721256074159186,1.0578992242566538,0.437087428617761,0.1813082709311855,0.2537208923152514,7.390577300046535,execution_stress,,KRW50M,R1,,50,quarter,0.5,3,33333.333333333336,0.0025,0.01,True,0.437087428617761,0.18208961084499786,0.25499781777276315,False
A0_quarter__KRW50M_R1,A0_quarter,diagnostics,2021,2021-01-04,2021-12-31,252,-0.1790257577867113,-0.3482635718026847,-0.3035526760585872,-0.1790257577867113,0.2861550585808201,-0.4651808163675315,10.914082435178084,execution_stress,,KRW50M,R1,,50,quarter,0.5,3,33333.333333333336,0.0025,0.01,True,-0.1790257577867113,0.28615505858082013,-0.4651808163675314,False
A0_quarter__KRW50M_R1,A0_quarter,diagnostics,2022,2022-01-03,2022-12-30,251,-0.0490810340949844,-0.3078617775175061,0.0762009277744943,-0.0488911089553404,-0.180528833522089,0.1314477994271046,8.727430303090902,execution_stress,,KRW50M,R1,,50,quarter,0.5,3,33333.333333333336,0.0025,0.01,True,-0.0488911089553404,-0.17988114323237925,0.13099003427703884,False
A0_quarter__KRW50M_R1,A0_quarter,diagnostics,2023,2023-01-03,2023-12-29,250,0.2770915675216678,-0.2965560720047325,0.983743735312422,0.2746149419095329,0.2494116142532503,0.0276799532684175,6.970561452370605,execution_stress,,KRW50M,R1,,50,quarter,0.5,3,33333.333333333336,0.0025,0.01,True,0.2746149419095329,0.24720554909618309,0.02740939281334981,False
A0_quarter__KRW50M_R1,A0_quarter,diagnostics,2024,2024-01-02,2024-12-31,252,0.7707182514650723,-0.3528155182150709,1.2751908439495547,0.7707182514650723,0.2643074461050603,0.506410805360012,9.198313036753486,execution_stress,,KRW50M,R1,,50,quarter,0.5,3,33333.333333333336,0.0025,0.01,True,0.7707182514650723,0.2643074461050603,0.506410805360012,False
A0_quarter__KRW50M_R1,A0_quarter,diagnostics,2025,2025-01-02,2025-12-31,250,0.6396290397512072,-0.3440456498549102,1.222151225382436,0.6332071457022113,0.1785790013706134,0.4610500383805938,7.090106145606051,execution_stress,,KRW50M,R1,,50,quarter,0.5,3,33333.333333333336,0.0025,0.01,True,0.6332071457022113,0.1770430847937292,0.45616406090848205,False
A0_quarter__KRW50M_R1,A0_quarter,diagnostics,2026,2026-01-02,2026-09-22,181,0.0844456408560265,-0.3389413558173996,0.4223133887676262,0.0599567209980551,0.193982242745804,-0.1095366018897774,11.405089546751498,execution_stress,,KRW50M,R1,,50,quarter,0.5,3,33333.333333333336,0.0025,0.01,True,0.0599567209980551,0.13580564851123356,-0.07584892751317845,True
A0_quarter__KRW50M_C50,A0_quarter,diagnostics,2017,2017-01-04,2017-12-29,250,-0.1182106673908021,-0.2721263678315043,-0.4933407826654113,-0.1173298233462442,0.2120011745455907,-0.3302118419363928,9.835678514737364,execution_stress,,KRW50M,C50,,50,quarter,0.5,3,33333.333333333336,0.005,0.01,True,-0.1173298233462442,0.21015310140377008,-0.3274829247500143,False
A0_quarter__KRW50M_C50,A0_quarter,diagnostics,2018,2018-01-02,2018-12-31,251,-0.3434847720733797,-0.4226612968651344,-1.439852867956973,-0.342387555534594,-0.0642984107744514,-0.2791863612989282,8.848586501740051,execution_stress,,KRW50M,C50,,50,quarter,0.5,3,33333.333333333336,0.005,0.01,True,-0.342387555534594,-0.06405161044839947,-0.2783359450861945,False
A0_quarter__KRW50M_C50,A0_quarter,diagnostics,2019,2019-01-02,2019-12-31,252,1.0349467140785975,-0.1424569553327954,2.9342847016447613,1.0349467140785975,0.3401954545671213,0.6947512595114764,5.207115077927873,execution_stress,,KRW50M,C50,,50,quarter,0.5,3,33333.333333333336,0.005,0.01,True,1.0349467140785975,0.3401954545671213,0.6947512595114762,False
A0_quarter__KRW50M_C50,A0_quarter,diagnostics,2020,2020-01-02,2020-12-31,253,0.4089477147628004,-0.3759173554079554,1.0133287142342489,0.410865876572617,0.1813082709311855,0.2276394438316149,7.368166643737896,execution_stress,,KRW50M,C50,,50,quarter,0.5,3,33333.333333333336,0.005,0.01,True,0.410865876572617,0.18208961084499786,0.2287762657276191,False
A0_quarter__KRW50M_C50,A0_quarter,diagnostics,2021,2021-01-04,2021-12-31,252,-0.1912360874656561,-0.3561729517756444,-0.3442982868497279,-0.1912360874656561,0.2861550585808201,-0.4773911460464762,10.606775046836123,execution_stress,,KRW50M,C50,,50,quarter,0.5,3,33333.333333333336,0.005,0.01,True,-0.1912360874656561,0.28615505858082013,-0.47739114604647626,False
A0_quarter__KRW50M_C50,A0_quarter,diagnostics,2022,2022-01-03,2022-12-30,251,-0.0411169740084531,-0.3156302603239286,0.0958519852706128,-0.0409571994225375,-0.180528833522089,0.1394118595136358,8.314602786827791,execution_stress,,KRW50M,C50,,50,quarter,0.5,3,33333.333333333336,0.005,0.01,True,-0.0409571994225375,-0.17988114323237925,0.13892394380984174,False
A0_quarter__KRW50M_C50,A0_quarter,diagnostics,2023,2023-01-03,2023-12-29,250,0.2632651686165035,-0.2984643338829801,0.945701225982994,0.2609242863433274,0.2494116142532503,0.0138535543632531,7.000001818378823,execution_stress,,KRW50M,C50,,50,quarter,0.5,3,33333.333333333336,0.005,0.01,True,0.2609242863433274,0.24720554909618309,0.013718737247144341,False
A0_quarter__KRW50M_C50,A0_quarter,diagnostics,2024,2024-01-02,2024-12-31,252,0.6596316185306454,-0.3577391951457895,1.1852020879812422,0.6596316185306454,0.2643074461050603,0.3953241724255851,9.221087640895432,execution_stress,,KRW50M,C50,,50,quarter,0.5,3,33333.333333333336,0.005,0.01,True,0.6596316185306454,0.2643074461050603,0.39532417242558515,False
A0_quarter__KRW50M_C50,A0_quarter,diagnostics,2025,2025-01-02,2025-12-31,250,0.6176715125283028,-0.346427952177008,1.1957797656079237,0.6115080442286989,0.1785790013706134,0.4390925111576893,7.126526244787628,execution_stress,,KRW50M,C50,,50,quarter,0.5,3,33333.333333333336,0.005,0.01,True,0.6115080442286989,0.1770430847937292,0.43446495943496966,False
A0_quarter__KRW50M_C50,A0_quarter,diagnostics,2026,2026-01-02,2026-09-22,181,-0.1506611115880157,-0.4031358702310632,-0.0069392820183123,-0.1106716159302179,0.193982242745804,-0.3446433543338197,12.481665694671484,execution_stress,,KRW50M,C50,,50,quarter,0.5,3,33333.333333333336,0.005,0.01,True,-0.1106716159302179,0.13580564851123356,-0.24647726444145146,True
A0_quarter__KRW50M_R5,A0_quarter,diagnostics,2017,2017-01-04,2017-12-29,250,-0.083050352204253,-0.2443219099565536,-0.3072815248682215,-0.0824191665987226,0.2120011745455907,-0.2950515267498438,9.469350646283608,execution_stress,,KRW50M,R5,,50,quarter,0.5,3,33333.333333333336,0.0025,0.05,True,-0.0824191665987226,0.21015310140377008,-0.2925722680024927,False
A0_quarter__KRW50M_R5,A0_quarter,diagnostics,2018,2018-01-02,2018-12-31,251,-0.3384420451671843,-0.4147804265274104,-1.4330395780846124,-0.3373565215955799,-0.0642984107744514,-0.2741436343927329,8.538393305918898,execution_stress,,KRW50M,R5,,50,quarter,0.5,3,33333.333333333336,0.0025,0.05,True,-0.3373565215955799,-0.06405161044839947,-0.2733049111471804,False
A0_quarter__KRW50M_R5,A0_quarter,diagnostics,2019,2019-01-02,2019-12-31,252,1.035672312932428,-0.1382003204372397,2.9294591330298703,1.035672312932428,0.3401954545671213,0.6954768583653066,5.502834027552948,execution_stress,,KRW50M,R5,,50,quarter,0.5,3,33333.333333333336,0.0025,0.05,True,1.035672312932428,0.3401954545671213,0.6954768583653066,False
A0_quarter__KRW50M_R5,A0_quarter,diagnostics,2020,2020-01-02,2020-12-31,253,0.4035786618091039,-0.3874494876557919,0.9984615184803948,0.4054682202039257,0.1813082709311855,0.2222703908779184,7.386341051836618,execution_stress,,KRW50M,R5,,50,quarter,0.5,3,33333.333333333336,0.0025,0.05,True,0.4054682202039257,0.18208961084499786,0.22337860935892784,False
A0_quarter__KRW50M_R5,A0_quarter,diagnostics,2021,2021-01-04,2021-12-31,252,-0.160213147128569,-0.3197000817408553,-0.2481587653212426,-0.160213147128569,0.2861550585808201,-0.4463682057093892,10.331157706170686,execution_stress,,KRW50M,R5,,50,quarter,0.5,3,33333.333333333336,0.0025,0.05,True,-0.160213147128569,0.28615505858082013,-0.4463682057093891,False
A0_quarter__KRW50M_R5,A0_quarter,diagnostics,2022,2022-01-03,2022-12-30,251,-0.1080872766548163,-0.3087027617056899,-0.0939663154874902,-0.1076823307233749,-0.180528833522089,0.0724415568672727,9.38794558378913,execution_stress,,KRW50M,R5,,50,quarter,0.5,3,33333.333333333336,0.0025,0.05,True,-0.1076823307233749,-0.17988114323237925,0.07219881250900435,False
A0_quarter__KRW50M_R5,A0_quarter,diagnostics,2023,2023-01-03,2023-12-29,250,0.2215288649550824,-0.3141804452000265,0.8117231068108064,0.2195904689606302,0.2494116142532503,-0.0278827492981679,7.438922892483801,execution_stress,,KRW50M,R5,,50,quarter,0.5,3,33333.333333333336,0.0025,0.05,True,0.2195904689606302,0.24720554909618309,-0.02761508013555289,False
A0_quarter__KRW50M_R5,A0_quarter,diagnostics,2024,2024-01-02,2024-12-31,252,0.6436297869496377,-0.3426074528204709,1.1409598098830969,0.6436297869496377,0.2643074461050603,0.3793223408445774,10.322373966108737,execution_stress,,KRW50M,R5,,50,quarter,0.5,3,33333.333333333336,0.0025,0.05,True,0.6436297869496377,0.2643074461050603,0.3793223408445774,False
A0_quarter__KRW50M_R5,A0_quarter,diagnostics,2025,2025-01-02,2025-12-31,250,0.7251549789285894,-0.3281595748510513,1.3499950841560089,0.7177047938052907,0.1785790013706134,0.5465759775579759,6.218966365350334,execution_stress,,KRW50M,R5,,50,quarter,0.5,3,33333.333333333336,0.0025,0.05,True,0.7177047938052907,0.1770430847937292,0.5406617090115615,False
A0_quarter__KRW50M_R5,A0_quarter,diagnostics,2026,2026-01-02,2026-09-22,181,-0.0901389441664691,-0.3719490799296605,0.0956402095239178,-0.0655981578243981,0.193982242745804,-0.2841211869122731,11.931340788283007,execution_stress,,KRW50M,R5,,50,quarter,0.5,3,33333.333333333336,0.0025,0.05,True,-0.0655981578243981,0.13580564851123356,-0.20140380633563165,True
A0_quarter__KRW50M_UNLIMITED,A0_quarter,diagnostics,2017,2017-01-04,2017-12-29,250,-0.083050352204253,-0.2443219099565536,-0.3072815248682215,-0.0824191665987226,0.2120011745455907,-0.2950515267498438,9.469350646283608,execution_stress,,KRW50M,UNLIMITED,,50,quarter,0.5,3,33333.333333333336,0.0025,0.0,True,-0.0824191665987226,0.21015310140377008,-0.2925722680024927,False
A0_quarter__KRW50M_UNLIMITED,A0_quarter,diagnostics,2018,2018-01-02,2018-12-31,251,-0.3384420451671843,-0.4147804265274104,-1.4330395780846124,-0.3373565215955799,-0.0642984107744514,-0.2741436343927329,8.538393305918898,execution_stress,,KRW50M,UNLIMITED,,50,quarter,0.5,3,33333.333333333336,0.0025,0.0,True,-0.3373565215955799,-0.06405161044839947,-0.2733049111471804,False
A0_quarter__KRW50M_UNLIMITED,A0_quarter,diagnostics,2019,2019-01-02,2019-12-31,252,1.035672312932428,-0.1382003204372397,2.9294591330298703,1.035672312932428,0.3401954545671213,0.6954768583653066,5.502834027552948,execution_stress,,KRW50M,UNLIMITED,,50,quarter,0.5,3,33333.333333333336,0.0025,0.0,True,1.035672312932428,0.3401954545671213,0.6954768583653066,False
A0_quarter__KRW50M_UNLIMITED,A0_quarter,diagnostics,2020,2020-01-02,2020-12-31,253,0.4035786618091039,-0.3874494876557919,0.9984615184803948,0.4054682202039257,0.1813082709311855,0.2222703908779184,7.386341051836618,execution_stress,,KRW50M,UNLIMITED,,50,quarter,0.5,3,33333.333333333336,0.0025,0.0,True,0.4054682202039257,0.18208961084499786,0.22337860935892784,False
A0_quarter__KRW50M_UNLIMITED,A0_quarter,diagnostics,2021,2021-01-04,2021-12-31,252,-0.160213147128569,-0.3197000817408553,-0.2481587653212426,-0.160213147128569,0.2861550585808201,-0.4463682057093892,10.331157706170686,execution_stress,,KRW50M,UNLIMITED,,50,quarter,0.5,3,33333.333333333336,0.0025,0.0,True,-0.160213147128569,0.28615505858082013,-0.4463682057093891,False
A0_quarter__KRW50M_UNLIMITED,A0_quarter,diagnostics,2022,2022-01-03,2022-12-30,251,-0.1080872766548163,-0.3087027617056899,-0.0939663154874902,-0.1076823307233749,-0.180528833522089,0.0724415568672727,9.38794558378913,execution_stress,,KRW50M,UNLIMITED,,50,quarter,0.5,3,33333.333333333336,0.0025,0.0,True,-0.1076823307233749,-0.17988114323237925,0.07219881250900435,False
A0_quarter__KRW50M_UNLIMITED,A0_quarter,diagnostics,2023,2023-01-03,2023-12-29,250,0.2215288649550824,-0.3141804452000265,0.8117231068108064,0.2195904689606302,0.2494116142532503,-0.0278827492981679,7.438922892483801,execution_stress,,KRW50M,UNLIMITED,,50,quarter,0.5,3,33333.333333333336,0.0025,0.0,True,0.2195904689606302,0.24720554909618309,-0.02761508013555289,False
A0_quarter__KRW50M_UNLIMITED,A0_quarter,diagnostics,2024,2024-01-02,2024-12-31,252,0.6436297869496377,-0.3426074528204709,1.1409598098830969,0.6436297869496377,0.2643074461050603,0.3793223408445774,10.322373966108737,execution_stress,,KRW50M,UNLIMITED,,50,quarter,0.5,3,33333.333333333336,0.0025,0.0,True,0.6436297869496377,0.2643074461050603,0.3793223408445774,False
A0_quarter__KRW50M_UNLIMITED,A0_quarter,diagnostics,2025,2025-01-02,2025-12-31,250,0.7731450159495377,-0.3281595748510513,1.4029834668123713,0.765103169934926,0.1785790013706134,0.5945660145789242,6.262209372528849,execution_stress,,KRW50M,UNLIMITED,,50,quarter,0.5,3,33333.333333333336,0.0025,0.0,True,0.765103169934926,0.1770430847937292,0.5880600851411968,False
A0_quarter__KRW50M_UNLIMITED,A0_quarter,diagnostics,2026,2026-01-02,2026-09-22,181,-0.0494445657590451,-0.3650922394845424,0.1711957906992031,-0.0357665012811984,0.193982242745804,-0.2434268085048491,12.054083567273263,execution_stress,,KRW50M,UNLIMITED,,50,quarter,0.5,3,33333.333333333336,0.0025,0.0,True,-0.0357665012811984,0.13580564851123356,-0.17157214979243196,True
A0_quarter__KRW100M_R1,A0_quarter,diagnostics,2017,2017-01-04,2017-12-29,250,-0.0948457279157233,-0.2609064900409966,-0.370732468619258,-0.0941295835122407,0.2120011745455907,-0.3068469024613141,10.091087606118684,execution_stress,,KRW100M,R1,,50,quarter,0.5,3,66666.66666666667,0.0025,0.01,True,-0.0941295835122407,0.21015310140377008,-0.3042826849160108,False
A0_quarter__KRW100M_R1,A0_quarter,diagnostics,2018,2018-01-02,2018-12-31,251,-0.3315292215174541,-0.4153166634214555,-1.369529868449011,-0.3304599743160092,-0.0642984107744514,-0.2672308107430027,9.03416024222506,execution_stress,,KRW100M,R1,,50,quarter,0.5,3,66666.66666666667,0.0025,0.01,True,-0.3304599743160092,-0.06405161044839947,-0.26640836386760974,False
A0_quarter__KRW100M_R1,A0_quarter,diagnostics,2019,2019-01-02,2019-12-31,252,1.035460944707478,-0.1411932555371309,2.9451380612090268,1.035460944707478,0.3401954545671213,0.6952654901403568,5.553391677259224,execution_stress,,KRW100M,R1,,50,quarter,0.5,3,66666.66666666667,0.0025,0.01,True,1.035460944707478,0.3401954545671213,0.6952654901403568,False
A0_quarter__KRW100M_R1,A0_quarter,diagnostics,2020,2020-01-02,2020-12-31,253,0.3738135292091666,-0.3791795142080491,0.9625103578768384,0.3755460099130761,0.1813082709311855,0.1925052582779811,7.170472278924471,execution_stress,,KRW100M,R1,,50,quarter,0.5,3,66666.66666666667,0.0025,0.01,True,0.3755460099130761,0.18208961084499786,0.1934563990680782,False
A0_quarter__KRW100M_R1,A0_quarter,diagnostics,2021,2021-01-04,2021-12-31,252,-0.1465303175549374,-0.3302200448773424,-0.2168651068755351,-0.1465303175549374,0.2861550585808201,-0.4326853761357575,10.939317447684935,execution_stress,,KRW100M,R1,,50,quarter,0.5,3,66666.66666666667,0.0025,0.01,True,-0.1465303175549374,0.28615505858082013,-0.4326853761357575,False
A0_quarter__KRW100M_R1,A0_quarter,diagnostics,2022,2022-01-03,2022-12-30,251,0.0030241653167855,-0.309138866511171,0.2136383296814865,0.0030121466050547,-0.180528833522089,0.1835529988388745,7.947301998374048,execution_stress,,KRW100M,R1,,50,quarter,0.5,3,66666.66666666667,0.0025,0.01,True,0.0030121466050547,-0.17988114323237925,0.18289328983743394,False
A0_quarter__KRW100M_R1,A0_quarter,diagnostics,2023,2023-01-03,2023-12-29,250,0.1768541085339501,-0.3046677093790352,0.6916239469315675,0.1753341016817182,0.2494116142532503,-0.0725575057193002,7.854771833129425,execution_stress,,KRW100M,R1,,50,quarter,0.5,3,66666.66666666667,0.0025,0.01,True,0.1753341016817182,0.24720554909618309,-0.07187144741446488,False
A0_quarter__KRW100M_R1,A0_quarter,diagnostics,2024,2024-01-02,2024-12-31,252,0.8108284467611113,-0.2950604080787625,1.3197857283087695,0.8108284467611113,0.2643074461050603,0.546521000656051,9.4155891757407,execution_stress,,KRW100M,R1,,50,quarter,0.5,3,66666.66666666667,0.0025,0.01,True,0.8108284467611113,0.2643074461050603,0.546521000656051,False
A0_quarter__KRW100M_R1,A0_quarter,diagnostics,2025,2025-01-02,2025-12-31,250,0.8270736504482528,-0.3764241970834154,1.3975335478372324,0.8183547918744576,0.1785790013706134,0.6484946490776393,6.806354940771825,execution_stress,,KRW100M,R1,,50,quarter,0.5,3,66666.66666666667,0.0025,0.01,True,0.8183547918744576,0.1770430847937292,0.6413117070807284,False
A0_quarter__KRW100M_R1,A0_quarter,diagnostics,2026,2026-01-02,2026-09-22,181,0.3169839384761357,-0.302964507760719,0.778156227727855,0.2186785107767266,0.193982242745804,0.1230016957303317,10.296063344198242,execution_stress,,KRW100M,R1,,50,quarter,0.5,3,66666.66666666667,0.0025,0.01,True,0.2186785107767266,0.13580564851123356,0.08287286226549304,True
A0_quarter__KRW100M_C50,A0_quarter,diagnostics,2017,2017-01-04,2017-12-29,250,-0.1176637534113792,-0.2679098542003887,-0.4930780890152999,-0.1167867092986699,0.2120011745455907,-0.32966492795697,10.106280321286558,execution_stress,,KRW100M,C50,,50,quarter,0.5,3,66666.66666666667,0.005,0.01,True,-0.1167867092986699,0.21015310140377008,-0.32693981070244,False
A0_quarter__KRW100M_C50,A0_quarter,diagnostics,2018,2018-01-02,2018-12-31,251,-0.3436743850808712,-0.4220496009767851,-1.4404099025085442,-0.3425767318556185,-0.0642984107744514,-0.2793759743064198,9.04919904750015,execution_stress,,KRW100M,C50,,50,quarter,0.5,3,66666.66666666667,0.005,0.01,True,-0.3425767318556185,-0.06405161044839947,-0.278525121407219,False
A0_quarter__KRW100M_C50,A0_quarter,diagnostics,2019,2019-01-02,2019-12-31,252,1.000959030928121,-0.145870051352304,2.878116320826095,1.000959030928121,0.3401954545671213,0.660763576361,5.544757669528085,execution_stress,,KRW100M,C50,,50,quarter,0.5,3,66666.66666666667,0.005,0.01,True,1.000959030928121,0.3401954545671213,0.6607635763609998,False
A0_quarter__KRW100M_C50,A0_quarter,diagnostics,2020,2020-01-02,2020-12-31,253,0.3566083163860551,-0.3814127360949074,0.931372355816758,0.3582511708489453,0.1813082709311855,0.1753000454548696,7.1975565596883575,execution_stress,,KRW100M,C50,,50,quarter,0.5,3,66666.66666666667,0.005,0.01,True,0.3582511708489453,0.18208961084499786,0.17616156000394745,False
A0_quarter__KRW100M_C50,A0_quarter,diagnostics,2021,2021-01-04,2021-12-31,252,-0.1822614984757109,-0.3470804942160778,-0.3152245031442766,-0.1822614984757109,0.2861550585808201,-0.468416557056531,10.955158614477362,execution_stress,,KRW100M,C50,,50,quarter,0.5,3,66666.66666666667,0.005,0.01,True,-0.1822614984757109,0.28615505858082013,-0.46841655705653107,False
A0_quarter__KRW100M_C50,A0_quarter,diagnostics,2022,2022-01-03,2022-12-30,251,-0.0061664138628576,-0.3118205866861785,0.1915803385172587,-0.0061420192684973,-0.180528833522089,0.1743624196592313,7.92941977174258,execution_stress,,KRW100M,C50,,50,quarter,0.5,3,66666.66666666667,0.005,0.01,True,-0.0061420192684973,-0.17988114323237925,0.17373912396388194,False
A0_quarter__KRW100M_C50,A0_quarter,diagnostics,2023,2023-01-03,2023-12-29,250,0.1581703876570606,-0.3064464414692399,0.6383542824566655,0.1568214318985374,0.2494116142532503,-0.0912412265961897,7.900530285309184,execution_stress,,KRW100M,C50,,50,quarter,0.5,3,66666.66666666667,0.005,0.01,True,0.1568214318985374,0.24720554909618309,-0.09038411719764569,False
A0_quarter__KRW100M_C50,A0_quarter,diagnostics,2024,2024-01-02,2024-12-31,252,0.5711485724753891,-0.3466237803021602,1.0826532737709078,0.5711485724753891,0.2643074461050603,0.3068411263703288,9.919279612425685,execution_stress,,KRW100M,C50,,50,quarter,0.5,3,66666.66666666667,0.005,0.01,True,0.5711485724753891,0.2643074461050603,0.3068411263703288,False
A0_quarter__KRW100M_C50,A0_quarter,diagnostics,2025,2025-01-02,2025-12-31,250,0.5901690704124436,-0.3626128611851617,1.1554840199554848,0.5843259862188976,0.1785790013706134,0.4115900690418301,7.119791602246067,execution_stress,,KRW100M,C50,,50,quarter,0.5,3,66666.66666666667,0.005,0.01,True,0.5843259862188976,0.1770430847937292,0.40728290142516843,False
A0_quarter__KRW100M_C50,A0_quarter,diagnostics,2026,2026-01-02,2026-09-22,181,0.2258981996732765,-0.314239698894997,0.6454929996491594,0.1575312619186037,0.193982242745804,0.0319159569274725,10.515839730258492,execution_stress,,KRW100M,C50,,50,quarter,0.5,3,66666.66666666667,0.005,0.01,True,0.1575312619186037,0.13580564851123356,0.021725613407370142,True
A0_quarter__KRW100M_R5,A0_quarter,diagnostics,2017,2017-01-04,2017-12-29,250,-0.0820400552354304,-0.2428149453342981,-0.3025546065118313,-0.0814162023212048,0.2120011745455907,-0.2940412297810212,9.718663888502164,execution_stress,,KRW100M,R5,,50,quarter,0.5,3,66666.66666666667,0.0025,0.05,True,-0.0814162023212048,0.21015310140377008,-0.2915693037249749,False
A0_quarter__KRW100M_R5,A0_quarter,diagnostics,2018,2018-01-02,2018-12-31,251,-0.3407547703786413,-0.4186086466938951,-1.4408660329763736,-0.3396638651469148,-0.0642984107744514,-0.2764563596041899,8.726223423825825,execution_stress,,KRW100M,R5,,50,quarter,0.5,3,66666.66666666667,0.0025,0.05,True,-0.3396638651469148,-0.06405161044839947,-0.27561225469851536,False
A0_quarter__KRW100M_R5,A0_quarter,diagnostics,2019,2019-01-02,2019-12-31,252,1.0591051399169973,-0.1358902164035548,2.990426934410054,1.0591051399169973,0.3401954545671213,0.718909685349876,5.371904393660028,execution_stress,,KRW100M,R5,,50,quarter,0.5,3,66666.66666666667,0.0025,0.05,True,1.0591051399169973,0.3401954545671213,0.718909685349876,False
A0_quarter__KRW100M_R5,A0_quarter,diagnostics,2020,2020-01-02,2020-12-31,253,0.4370650308952684,-0.3695947560205788,1.0618945425160533,0.439134312502234,0.1813082709311855,0.2557567599640828,7.623700263399521,execution_stress,,KRW100M,R5,,50,quarter,0.5,3,66666.66666666667,0.0025,0.05,True,0.439134312502234,0.18208961084499786,0.25704470165723614,False
A0_quarter__KRW100M_R5,A0_quarter,diagnostics,2021,2021-01-04,2021-12-31,252,-0.1582631974856875,-0.3291502973460081,-0.239780002036491,-0.1582631974856875,0.2861550585808201,-0.4444182560665076,10.598771907525377,execution_stress,,KRW100M,R5,,50,quarter,0.5,3,66666.66666666667,0.0025,0.05,True,-0.1582631974856875,0.28615505858082013,-0.44441825606650764,False
A0_quarter__KRW100M_R5,A0_quarter,diagnostics,2022,2022-01-03,2022-12-30,251,-0.1142127749996694,-0.3129666858561255,-0.1105402751289531,-0.1137863749640875,-0.180528833522089,0.0663160585224196,9.638793135321094,execution_stress,,KRW100M,R5,,50,quarter,0.5,3,66666.66666666667,0.0025,0.05,True,-0.1137863749640875,-0.17988114323237925,0.06609476826829175,False
A0_quarter__KRW100M_R5,A0_quarter,diagnostics,2023,2023-01-03,2023-12-29,250,0.2335864128859148,-0.3082781956611026,0.8456063454206428,0.2315328740138158,0.2494116142532503,-0.0158252013673354,7.813185627993769,execution_stress,,KRW100M,R5,,50,quarter,0.5,3,66666.66666666667,0.0025,0.05,True,0.2315328740138158,0.24720554909618309,-0.015672675082367277,False
A0_quarter__KRW100M_R5,A0_quarter,diagnostics,2024,2024-01-02,2024-12-31,252,0.6233330034160933,-0.3427132594849905,1.1194164418386838,0.6233330034160933,0.2643074461050603,0.359025557311033,10.288369653666816,execution_stress,,KRW100M,R5,,50,quarter,0.5,3,66666.66666666667,0.0025,0.05,True,0.6233330034160933,0.2643074461050603,0.35902555731103303,False
A0_quarter__KRW100M_R5,A0_quarter,diagnostics,2025,2025-01-02,2025-12-31,250,0.6920676875871816,-0.3298988975689648,1.3002071172534593,0.6850193517899432,0.1785790013706134,0.5134886862165682,6.643278259397826,execution_stress,,KRW100M,R5,,50,quarter,0.5,3,66666.66666666667,0.0025,0.05,True,0.6850193517899432,0.1770430847937292,0.507976266996214,False
A0_quarter__KRW100M_R5,A0_quarter,diagnostics,2026,2026-01-02,2026-09-22,181,-0.0972222316428447,-0.3730638525908614,0.0865433783162781,-0.0708287291732445,0.193982242745804,-0.2912044743886487,12.37484196243376,execution_stress,,KRW100M,R5,,50,quarter,0.5,3,66666.66666666667,0.0025,0.05,True,-0.0708287291732445,0.13580564851123356,-0.20663437768447807,True
A0_quarter__KRW100M_UNLIMITED,A0_quarter,diagnostics,2017,2017-01-04,2017-12-29,250,-0.0820400552354304,-0.2428149453342981,-0.3025546065118313,-0.0814162023212048,0.2120011745455907,-0.2940412297810212,9.718663888502164,execution_stress,,KRW100M,UNLIMITED,,50,quarter,0.5,3,66666.66666666667,0.0025,0.0,True,-0.0814162023212048,0.21015310140377008,-0.2915693037249749,False
A0_quarter__KRW100M_UNLIMITED,A0_quarter,diagnostics,2018,2018-01-02,2018-12-31,251,-0.3407547703786413,-0.4186086466938951,-1.4408660329763736,-0.3396638651469148,-0.0642984107744514,-0.2764563596041899,8.726223423825825,execution_stress,,KRW100M,UNLIMITED,,50,quarter,0.5,3,66666.66666666667,0.0025,0.0,True,-0.3396638651469148,-0.06405161044839947,-0.27561225469851536,False
A0_quarter__KRW100M_UNLIMITED,A0_quarter,diagnostics,2019,2019-01-02,2019-12-31,252,1.023805145688604,-0.1385589777150572,2.917021189008002,1.023805145688604,0.3401954545671213,0.6836096911214828,5.646426360077347,execution_stress,,KRW100M,UNLIMITED,,50,quarter,0.5,3,66666.66666666667,0.0025,0.0,True,1.023805145688604,0.3401954545671213,0.6836096911214826,False
A0_quarter__KRW100M_UNLIMITED,A0_quarter,diagnostics,2020,2020-01-02,2020-12-31,253,0.4015085502152513,-0.3861731633468095,0.9966218854329736,0.4033871020416868,0.1813082709311855,0.2202002792840658,7.568980408649248,execution_stress,,KRW100M,UNLIMITED,,50,quarter,0.5,3,66666.66666666667,0.0025,0.0,True,0.4033871020416868,0.18208961084499786,0.22129749119668896,False
A0_quarter__KRW100M_UNLIMITED,A0_quarter,diagnostics,2021,2021-01-04,2021-12-31,252,-0.159126628710066,-0.3189180471094931,-0.2465889718733974,-0.159126628710066,0.2861550585808201,-0.4452816872908861,10.58460438377471,execution_stress,,KRW100M,UNLIMITED,,50,quarter,0.5,3,66666.66666666667,0.0025,0.0,True,-0.159126628710066,0.28615505858082013,-0.44528168729088613,False
A0_quarter__KRW100M_UNLIMITED,A0_quarter,diagnostics,2022,2022-01-03,2022-12-30,251,-0.1151617439604054,-0.3137672515275181,-0.1131710894446915,-0.1147320351875283,-0.180528833522089,0.0653670895616835,9.624069324416189,execution_stress,,KRW100M,UNLIMITED,,50,quarter,0.5,3,66666.66666666667,0.0025,0.0,True,-0.1147320351875283,-0.17988114323237925,0.06514910804485095,False
A0_quarter__KRW100M_UNLIMITED,A0_quarter,diagnostics,2023,2023-01-03,2023-12-29,250,0.2188957363688854,-0.3184082199947399,0.8037593831448935,0.2169823611406609,0.2494116142532503,-0.0305158778843648,7.595757266247432,execution_stress,,KRW100M,UNLIMITED,,50,quarter,0.5,3,66666.66666666667,0.0025,0.0,True,0.2169823611406609,0.24720554909618309,-0.030223187955522174,False
A0_quarter__KRW100M_UNLIMITED,A0_quarter,diagnostics,2024,2024-01-02,2024-12-31,252,0.651115498525866,-0.3428174928076414,1.1487128615723068,0.651115498525866,0.2643074461050603,0.3868080524208057,10.517464039963826,execution_stress,,KRW100M,UNLIMITED,,50,quarter,0.5,3,66666.66666666667,0.0025,0.0,True,0.651115498525866,0.2643074461050603,0.38680805242080574,False
A0_quarter__KRW100M_UNLIMITED,A0_quarter,diagnostics,2025,2025-01-02,2025-12-31,250,0.7656437890156387,-0.3296733866972381,1.3936519920863382,0.7576951027474046,0.1785790013706134,0.5870647876450252,6.36500474884645,execution_stress,,KRW100M,UNLIMITED,,50,quarter,0.5,3,66666.66666666667,0.0025,0.0,True,0.7576951027474046,0.1770430847937292,0.5806520179536754,False
A0_quarter__KRW100M_UNLIMITED,A0_quarter,diagnostics,2026,2026-01-02,2026-09-22,181,-0.054542670189305,-0.3658847783336784,0.162501066164543,-0.0394837385749683,0.193982242745804,-0.248524912935109,12.191751937393205,execution_stress,,KRW100M,UNLIMITED,,50,quarter,0.5,3,66666.66666666667,0.0025,0.0,True,-0.0394837385749683,0.13580564851123356,-0.17528938708620184,True
A0_bimonth__fresh2018,A0_bimonth,diagnostics,2018,2018-01-02,2018-12-31,251,-0.3432301627298965,-0.4174407097642304,-1.3767336819591718,-0.3421335329078054,-0.0642984107744514,-0.278931751955445,14.003734799311829,fresh_cash,2018-01-01,,,,50,bimonth,0.5,3,100000.0,0.0025,0.01,True,-0.3421335329078054,-0.06405161044839947,-0.27808192245940594,False
A0_bimonth__fresh2018,A0_bimonth,diagnostics,2019,2019-01-02,2019-12-31,252,1.0737624824297582,-0.1121654410831779,3.0350160225752565,1.0737624824297582,0.3401954545671213,0.733567027862637,6.097873185121617,fresh_cash,2018-01-01,,,,50,bimonth,0.5,3,100000.0,0.0025,0.01,True,1.0737624824297582,0.3401954545671213,0.733567027862637,False
A0_bimonth__fresh2018,A0_bimonth,diagnostics,2020,2020-01-02,2020-12-31,253,0.3941950156066067,-0.3869611814625296,0.9778448549201998,0.3960347799235981,0.1813082709311855,0.2128867446754212,7.525572977116461,fresh_cash,2018-01-01,,,,50,bimonth,0.5,3,100000.0,0.0025,0.01,True,0.3960347799235981,0.18208961084499786,0.21394516907860023,False
A0_bimonth__fresh2018,A0_bimonth,diagnostics,2021,2021-01-04,2021-12-31,252,-0.0682032810877083,-0.3191328090471231,0.0257335823446087,-0.0682032810877083,0.2861550585808201,-0.3543583396685285,10.475728126504176,fresh_cash,2018-01-01,,,,50,bimonth,0.5,3,100000.0,0.0025,0.01,True,-0.0682032810877083,0.28615505858082013,-0.3543583396685284,False
A0_bimonth__fresh2018,A0_bimonth,diagnostics,2022,2022-01-03,2022-12-30,251,-0.1171202775431627,-0.3133074388415621,-0.1036914369283426,-0.1166837527482631,-0.180528833522089,0.0634085559789262,9.149424016310194,fresh_cash,2018-01-01,,,,50,bimonth,0.5,3,100000.0,0.0025,0.01,True,-0.1166837527482631,-0.17988114323237925,0.06319739048411614,False
A0_bimonth__fresh2018,A0_bimonth,diagnostics,2023,2023-01-03,2023-12-29,250,0.1735073406451712,-0.2947742904334838,0.677558948559994,0.1720181463146748,0.2494116142532503,-0.075904273608079,8.195189893669609,fresh_cash,2018-01-01,,,,50,bimonth,0.5,3,100000.0,0.0025,0.01,True,0.1720181463146748,0.24720554909618309,-0.07518740278150829,False
A0_bimonth__fresh2018,A0_bimonth,diagnostics,2024,2024-01-02,2024-12-31,252,0.6243144035718384,-0.3098248402921176,1.1786374311671086,0.6243144035718384,0.2643074461050603,0.3600069574667781,10.056390268211093,fresh_cash,2018-01-01,,,,50,bimonth,0.5,3,100000.0,0.0025,0.01,True,0.6243144035718384,0.2643074461050603,0.36000695746677813,False
A0_bimonth__fresh2018,A0_bimonth,diagnostics,2025,2025-01-02,2025-12-31,250,0.71212054812541,-0.3384293223154256,1.3174989693923074,0.7048292670814993,0.1785790013706134,0.5335415467547966,7.118960557051955,fresh_cash,2018-01-01,,,,50,bimonth,0.5,3,100000.0,0.0025,0.01,True,0.7048292670814993,0.1770430847937292,0.5277861822877701,False
A0_bimonth__fresh2018,A0_bimonth,diagnostics,2026,2026-01-02,2026-09-22,181,0.4058991324862731,-0.2964185808553548,0.9106610620730664,0.2772286878101391,0.193982242745804,0.211916889740469,9.966124034277504,fresh_cash,2018-01-01,,,,50,bimonth,0.5,3,100000.0,0.0025,0.01,True,0.2772286878101391,0.13580564851123356,0.14142303929890554,True
A0_bimonth__fresh2019,A0_bimonth,diagnostics,2019,2019-01-02,2019-12-31,252,1.1030072029357538,-0.1663368403716814,2.948599950366943,1.1030072029357538,0.3401954545671213,0.7628117483686325,12.047440847929884,fresh_cash,2019-01-01,,,,50,bimonth,0.5,3,100000.0,0.0025,0.01,True,1.1030072029357538,0.3401954545671213,0.7628117483686325,False
A0_bimonth__fresh2019,A0_bimonth,diagnostics,2020,2020-01-02,2020-12-31,253,0.4299375564785928,-0.3526364454566765,1.0732541237981434,0.4319683212595475,0.1813082709311855,0.2486292855474072,6.268816759990911,fresh_cash,2019-01-01,,,,50,bimonth,0.5,3,100000.0,0.0025,0.01,True,0.4319683212595475,0.18208961084499786,0.24987871041454962,False
A0_bimonth__fresh2019,A0_bimonth,diagnostics,2021,2021-01-04,2021-12-31,252,-0.0451416329641276,-0.3922007396815173,0.1153195263888903,-0.0451416329641276,0.2861550585808201,-0.3312966915449478,11.643323548383554,fresh_cash,2019-01-01,,,,50,bimonth,0.5,3,100000.0,0.0025,0.01,True,-0.0451416329641276,0.28615505858082013,-0.33129669154494773,False
A0_bimonth__fresh2019,A0_bimonth,diagnostics,2022,2022-01-03,2022-12-30,251,-0.048656815290885,-0.3081133841580866,0.0848991702732914,-0.0484684895410709,-0.180528833522089,0.1318720182312039,8.572561167303443,fresh_cash,2019-01-01,,,,50,bimonth,0.5,3,100000.0,0.0025,0.01,True,-0.0484684895410709,-0.17988114323237925,0.13141265369130833,False
A0_bimonth__fresh2019,A0_bimonth,diagnostics,2023,2023-01-03,2023-12-29,250,0.0726687910538392,-0.2895189331262069,0.38459207394009,0.0720717553847372,0.2494116142532503,-0.176742823199411,8.576426445521307,fresh_cash,2019-01-01,,,,50,bimonth,0.5,3,100000.0,0.0025,0.01,True,0.0720717553847372,0.24720554909618309,-0.17513379371144588,False
A0_bimonth__fresh2019,A0_bimonth,diagnostics,2024,2024-01-02,2024-12-31,252,0.853096362416891,-0.2933358162949672,1.3832247178908064,0.853096362416891,0.2643074461050603,0.5887889163118307,9.151563016348188,fresh_cash,2019-01-01,,,,50,bimonth,0.5,3,100000.0,0.0025,0.01,True,0.853096362416891,0.2643074461050603,0.5887889163118307,False
A0_bimonth__fresh2019,A0_bimonth,diagnostics,2025,2025-01-02,2025-12-31,250,0.5004026839143356,-0.3430509751087733,1.0764706878945265,0.4955789967443975,0.1785790013706134,0.3218236825437222,7.281542842197953,fresh_cash,2019-01-01,,,,50,bimonth,0.5,3,100000.0,0.0025,0.01,True,0.4955789967443975,0.1770430847937292,0.31853591195066827,False
A0_bimonth__fresh2019,A0_bimonth,diagnostics,2026,2026-01-02,2026-09-22,181,0.2517660759388869,-0.2990878176849573,0.698608531806531,0.1750231127836377,0.193982242745804,0.0577838331930828,10.254725865889274,fresh_cash,2019-01-01,,,,50,bimonth,0.5,3,100000.0,0.0025,0.01,True,0.1750231127836377,0.13580564851123356,0.039217464272404134,True
A0_bimonth__fresh2020,A0_bimonth,diagnostics,2020,2020-01-02,2020-12-31,253,0.7141729893433468,-0.369729086411585,1.3806497823582056,0.7178428666212531,0.1813082709311855,0.5328647184121613,12.239061334278604,fresh_cash,2020-01-01,,,,50,bimonth,0.5,3,100000.0,0.0025,0.01,True,0.7178428666212531,0.18208961084499786,0.5357532557762552,False
A0_bimonth__fresh2020,A0_bimonth,diagnostics,2021,2021-01-04,2021-12-31,252,-0.1168218750712655,-0.3329797573595635,-0.1047907527112415,-0.1168218750712655,0.2861550585808201,-0.4029769336520856,10.803883189993376,fresh_cash,2020-01-01,,,,50,bimonth,0.5,3,100000.0,0.0025,0.01,True,-0.1168218750712655,0.28615505858082013,-0.40297693365208564,False
A0_bimonth__fresh2020,A0_bimonth,diagnostics,2022,2022-01-03,2022-12-30,251,-0.06454274393905,-0.3079181816391219,0.0380389610107027,-0.0642950383525748,-0.180528833522089,0.115986089583039,9.216414180112308,fresh_cash,2020-01-01,,,,50,bimonth,0.5,3,100000.0,0.0025,0.01,True,-0.0642950383525748,-0.17988114323237925,0.11558610487980445,False
A0_bimonth__fresh2020,A0_bimonth,diagnostics,2023,2023-01-03,2023-12-29,250,0.2655161473922922,-0.2904134551365303,0.9365935378883532,0.2631532464049351,0.2494116142532503,0.0161045331390419,7.320541141912996,fresh_cash,2020-01-01,,,,50,bimonth,0.5,3,100000.0,0.0025,0.01,True,0.2631532464049351,0.24720554909618309,0.015947697308752007,False
A0_bimonth__fresh2020,A0_bimonth,diagnostics,2024,2024-01-02,2024-12-31,252,0.6975032154989187,-0.3053315094400649,1.2615043047417482,0.6975032154989187,0.2643074461050603,0.4331957693938584,9.45077168302226,fresh_cash,2020-01-01,,,,50,bimonth,0.5,3,100000.0,0.0025,0.01,True,0.6975032154989187,0.2643074461050603,0.4331957693938584,False
A0_bimonth__fresh2020,A0_bimonth,diagnostics,2025,2025-01-02,2025-12-31,250,0.7017366553936282,-0.3510557324558911,1.294627226908189,0.6945714089744941,0.1785790013706134,0.5231576540230147,6.730107931395359,fresh_cash,2020-01-01,,,,50,bimonth,0.5,3,100000.0,0.0025,0.01,True,0.6945714089744941,0.1770430847937292,0.5175283241807649,False
A0_bimonth__fresh2020,A0_bimonth,diagnostics,2026,2026-01-02,2026-09-22,181,0.3014731553397942,-0.3151146348198467,0.7695467474714254,0.2083522275202289,0.193982242745804,0.1074909125939902,10.329989496661288,fresh_cash,2020-01-01,,,,50,bimonth,0.5,3,100000.0,0.0025,0.01,True,0.2083522275202289,0.13580564851123356,0.07254657900899533,True
A0_bimonth__fresh2021,A0_bimonth,diagnostics,2021,2021-01-04,2021-12-31,252,-0.1137501081799395,-0.4148311635439974,-0.0417747810906653,-0.1137501081799395,0.2861550585808201,-0.3999051667607597,15.907062540508736,fresh_cash,2021-01-01,,,,50,bimonth,0.5,3,100000.0,0.0025,0.01,True,-0.1137501081799395,0.28615505858082013,-0.3999051667607596,False
A0_bimonth__fresh2021,A0_bimonth,diagnostics,2022,2022-01-03,2022-12-30,251,0.1475337329154273,-0.2871368749228258,0.540095821660485,0.1469072455668376,-0.180528833522089,0.3280625664375164,6.9381320107258615,fresh_cash,2021-01-01,,,,50,bimonth,0.5,3,100000.0,0.0025,0.01,True,0.1469072455668376,-0.17988114323237925,0.32678838879921684,False
A0_bimonth__fresh2021,A0_bimonth,diagnostics,2023,2023-01-03,2023-12-29,250,0.135366689576178,-0.3144685169680984,0.5697536918729491,0.1342232875951177,0.2494116142532503,-0.1140449246770722,8.70421392708169,fresh_cash,2021-01-01,,,,50,bimonth,0.5,3,100000.0,0.0025,0.01,True,0.1342232875951177,0.24720554909618309,-0.11298226150106538,False
A0_bimonth__fresh2021,A0_bimonth,diagnostics,2024,2024-01-02,2024-12-31,252,0.7422744911136252,-0.2710294219612236,1.258606209791395,0.7422744911136252,0.2643074461050603,0.4779670450085649,10.043942014401896,fresh_cash,2021-01-01,,,,50,bimonth,0.5,3,100000.0,0.0025,0.01,True,0.7422744911136252,0.2643074461050603,0.4779670450085649,False
A0_bimonth__fresh2021,A0_bimonth,diagnostics,2025,2025-01-02,2025-12-31,250,0.8508142855816525,-0.3530818856221315,1.4210407962791902,0.8417934138950456,0.1785790013706134,0.6722352842110391,7.05552382982366,fresh_cash,2021-01-01,,,,50,bimonth,0.5,3,100000.0,0.0025,0.01,True,0.8417934138950456,0.1770430847937292,0.6647503291013164,False
A0_bimonth__fresh2021,A0_bimonth,diagnostics,2026,2026-01-02,2026-09-22,181,0.112106320807688,-0.3593642515754484,0.4670791539543327,0.0793064430744636,0.193982242745804,-0.0818759219381159,11.644147486893536,fresh_cash,2021-01-01,,,,50,bimonth,0.5,3,100000.0,0.0025,0.01,True,0.0793064430744636,0.13580564851123356,-0.05649920543676995,True
A0_bimonth__fresh2022,A0_bimonth,diagnostics,2022,2022-01-03,2022-12-30,251,-0.0383403874911216,-0.3475963885279117,0.1314400015158957,-0.0381911861672019,-0.180528833522089,0.1421884460309673,13.808622741357356,fresh_cash,2022-01-01,,,,50,bimonth,0.5,3,100000.0,0.0025,0.01,True,-0.0381911861672019,-0.17988114323237925,0.14168995706517734,False
A0_bimonth__fresh2022,A0_bimonth,diagnostics,2023,2023-01-03,2023-12-29,250,0.2224658047679926,-0.3270013627297324,0.8098226130954249,0.2205184949264242,0.2494116142532503,-0.0269458094852577,8.599167909343958,fresh_cash,2022-01-01,,,,50,bimonth,0.5,3,100000.0,0.0025,0.01,True,0.2205184949264242,0.24720554909618309,-0.02668705416975889,False
A0_bimonth__fresh2022,A0_bimonth,diagnostics,2024,2024-01-02,2024-12-31,252,0.6677972562672272,-0.2955363214110722,1.1657518150426402,0.6677972562672272,0.2643074461050603,0.4034898101621669,10.190810651317207,fresh_cash,2022-01-01,,,,50,bimonth,0.5,3,100000.0,0.0025,0.01,True,0.6677972562672272,0.2643074461050603,0.4034898101621669,False
A0_bimonth__fresh2022,A0_bimonth,diagnostics,2025,2025-01-02,2025-12-31,250,0.7282629897562947,-0.328715356931454,1.319250684052553,0.7207748003395031,0.1785790013706134,0.5496839883856812,7.501420458875896,fresh_cash,2022-01-01,,,,50,bimonth,0.5,3,100000.0,0.0025,0.01,True,0.7207748003395031,0.1770430847937292,0.5437317155457739,False
A0_bimonth__fresh2022,A0_bimonth,diagnostics,2026,2026-01-02,2026-09-22,181,0.298122946202874,-0.2994515067943908,0.7565565203375205,0.2061172872621395,0.193982242745804,0.10414070345707,11.172876356370946,fresh_cash,2022-01-01,,,,50,bimonth,0.5,3,100000.0,0.0025,0.01,True,0.2061172872621395,0.13580564851123356,0.07031163875090593,True
A0_bimonth__fresh2023,A0_bimonth,diagnostics,2023,2023-01-03,2023-12-29,250,0.120733255760181,-0.3517751686465113,0.4955762679313132,0.1197198671977479,0.2494116142532503,-0.1286783584930693,14.575497059979488,fresh_cash,2023-01-01,,,,50,bimonth,0.5,3,100000.0,0.0025,0.01,True,0.1197198671977479,0.24720554909618309,-0.12748568189843518,False
A0_bimonth__fresh2023,A0_bimonth,diagnostics,2024,2024-01-02,2024-12-31,252,0.6436035101818665,-0.2987562861828657,1.165436030438002,0.6436035101818665,0.2643074461050603,0.3792960640768061,9.4087248751507,fresh_cash,2023-01-01,,,,50,bimonth,0.5,3,100000.0,0.0025,0.01,True,0.6436035101818665,0.2643074461050603,0.37929606407680616,False
A0_bimonth__fresh2023,A0_bimonth,diagnostics,2025,2025-01-02,2025-12-31,250,0.6332164204886324,-0.343227985898793,1.2083693295934466,0.6268702385780811,0.1785790013706134,0.4546374191180189,7.613364499083898,fresh_cash,2023-01-01,,,,50,bimonth,0.5,3,100000.0,0.0025,0.01,True,0.6268702385780811,0.1770430847937292,0.4498271537843519,False
A0_bimonth__fresh2023,A0_bimonth,diagnostics,2026,2026-01-02,2026-09-22,181,0.2763202451076973,-0.3076433469058118,0.7218095639367478,0.1915326435996855,0.193982242745804,0.0823380023618933,11.151311105942504,fresh_cash,2023-01-01,,,,50,bimonth,0.5,3,100000.0,0.0025,0.01,True,0.1915326435996855,0.13580564851123356,0.05572699508845194,True
A0_bimonth__USD100K_C50,A0_bimonth,diagnostics,2017,2017-01-04,2017-12-29,250,-0.1389426417483086,-0.2584945220388289,-0.6078286885303311,-0.1379197397963368,0.2120011745455907,-0.3509438162938993,10.391669120026805,execution_stress,,USD100K,C50,,50,bimonth,0.5,3,100000.0,0.005,0.01,True,-0.1379197397963368,0.21015310140377008,-0.34807284120010684,False
A0_bimonth__USD100K_C50,A0_bimonth,diagnostics,2018,2018-01-02,2018-12-31,251,-0.3327346371278886,-0.422771599487539,-1.4228711411595387,-0.3316625312981953,-0.0642984107744514,-0.2684362263534372,8.91721359687987,execution_stress,,USD100K,C50,,50,bimonth,0.5,3,100000.0,0.005,0.01,True,-0.3316625312981953,-0.06405161044839947,-0.2676109208497958,False
A0_bimonth__USD100K_C50,A0_bimonth,diagnostics,2019,2019-01-02,2019-12-31,252,1.0089915682788235,-0.1348049285429738,2.905329552687642,1.0089915682788235,0.3401954545671213,0.6687961137117022,5.8274123340358095,execution_stress,,USD100K,C50,,50,bimonth,0.5,3,100000.0,0.005,0.01,True,1.0089915682788235,0.3401954545671213,0.6687961137117022,False
A0_bimonth__USD100K_C50,A0_bimonth,diagnostics,2020,2020-01-02,2020-12-31,253,0.3494143438296389,-0.3784345711867383,0.9176829979736252,0.3510199805201976,0.1813082709311855,0.1681060728984533,7.590543489321164,execution_stress,,USD100K,C50,,50,bimonth,0.5,3,100000.0,0.005,0.01,True,0.3510199805201976,0.18208961084499786,0.16893036967519975,False
A0_bimonth__USD100K_C50,A0_bimonth,diagnostics,2021,2021-01-04,2021-12-31,252,-0.107118778856453,-0.2915962479129674,-0.102727519373946,-0.107118778856453,0.2861550585808201,-0.3932738374372732,10.978520726053766,execution_stress,,USD100K,C50,,50,bimonth,0.5,3,100000.0,0.005,0.01,True,-0.107118778856453,0.28615505858082013,-0.3932738374372731,False
A0_bimonth__USD100K_C50,A0_bimonth,diagnostics,2022,2022-01-03,2022-12-30,251,0.0246776460001336,-0.3035114485748703,0.2651264425873654,0.0245785251404915,-0.180528833522089,0.2052064795222227,7.624346372223834,execution_stress,,USD100K,C50,,50,bimonth,0.5,3,100000.0,0.005,0.01,True,0.0245785251404915,-0.17988114323237925,0.20445966837287075,False
A0_bimonth__USD100K_C50,A0_bimonth,diagnostics,2023,2023-01-03,2023-12-29,250,0.1611557509104262,-0.2908285451790038,0.6467439377949895,0.1597796220142306,0.2494116142532503,-0.088255863342824,7.995466127244899,execution_stress,,USD100K,C50,,50,bimonth,0.5,3,100000.0,0.005,0.01,True,0.1597796220142306,0.24720554909618309,-0.08742592708195249,False
A0_bimonth__USD100K_C50,A0_bimonth,diagnostics,2024,2024-01-02,2024-12-31,252,0.6587550075672539,-0.3135468678814043,1.2047324431749282,0.6587550075672539,0.2643074461050603,0.3944475614621936,9.581300876396334,execution_stress,,USD100K,C50,,50,bimonth,0.5,3,100000.0,0.005,0.01,True,0.6587550075672539,0.2643074461050603,0.3944475614621936,False
A0_bimonth__USD100K_C50,A0_bimonth,diagnostics,2025,2025-01-02,2025-12-31,250,0.6830548752578955,-0.3478706060684146,1.2745718897541258,0.6761151262330671,0.1785790013706134,0.5044758738872821,7.635549492930173,execution_stress,,USD100K,C50,,50,bimonth,0.5,3,100000.0,0.005,0.01,True,0.6761151262330671,0.1770430847937292,0.4990720414393379,False
A0_bimonth__USD100K_C50,A0_bimonth,diagnostics,2026,2026-01-02,2026-09-22,181,0.2012792929520523,-0.3268444895527429,0.6100984703799496,0.140787128983131,0.193982242745804,0.0072970502062483,11.47187235770534,execution_stress,,USD100K,C50,,50,bimonth,0.5,3,100000.0,0.005,0.01,True,0.140787128983131,0.13580564851123356,0.004981480471897448,True
A0_bimonth__USD100K_R5,A0_bimonth,diagnostics,2017,2017-01-04,2017-12-29,250,-0.0683227716980889,-0.2296459576191107,-0.2298978987534378,-0.0677993412084201,0.2120011745455907,-0.2803239462436797,10.00439671329112,execution_stress,,USD100K,R5,,50,bimonth,0.5,3,100000.0,0.0025,0.05,True,-0.0677993412084201,0.21015310140377008,-0.2779524426121902,False
A0_bimonth__USD100K_R5,A0_bimonth,diagnostics,2018,2018-01-02,2018-12-31,251,-0.3389661415991889,-0.4186375450061527,-1.4356596917146351,-0.3378793956579076,-0.0642984107744514,-0.2746677308247375,8.966028762411652,execution_stress,,USD100K,R5,,50,bimonth,0.5,3,100000.0,0.0025,0.05,True,-0.3378793956579076,-0.06405161044839947,-0.2738277852095081,False
A0_bimonth__USD100K_R5,A0_bimonth,diagnostics,2019,2019-01-02,2019-12-31,252,1.0733281889005664,-0.1279909147814764,3.040625915066624,1.0733281889005664,0.3401954545671213,0.7331327343334451,5.705944971865573,execution_stress,,USD100K,R5,,50,bimonth,0.5,3,100000.0,0.0025,0.05,True,1.0733281889005664,0.3401954545671213,0.7331327343334451,False
A0_bimonth__USD100K_R5,A0_bimonth,diagnostics,2020,2020-01-02,2020-12-31,253,0.4128905884672758,-0.3543134674047054,1.0358002499242152,0.4148298077769015,0.1813082709311855,0.2315823175360902,7.676188423554431,execution_stress,,USD100K,R5,,50,bimonth,0.5,3,100000.0,0.0025,0.05,True,0.4148298077769015,0.18208961084499786,0.23274019693190362,False
A0_bimonth__USD100K_R5,A0_bimonth,diagnostics,2021,2021-01-04,2021-12-31,252,-0.1444001543628975,-0.3183128452621238,-0.1955162276782774,-0.1444001543628975,0.2861550585808201,-0.4305552129437177,11.06161155487258,execution_stress,,USD100K,R5,,50,bimonth,0.5,3,100000.0,0.0025,0.05,True,-0.1444001543628975,0.28615505858082013,-0.4305552129437176,False
A0_bimonth__USD100K_R5,A0_bimonth,diagnostics,2022,2022-01-03,2022-12-30,251,-0.1234222297188378,-0.3162969386949902,-0.1335877793063057,-0.1229638898601795,-0.180528833522089,0.0571066038032511,10.15240883243198,execution_stress,,USD100K,R5,,50,bimonth,0.5,3,100000.0,0.0025,0.05,True,-0.1229638898601795,-0.17988114323237925,0.056917253372199744,False
A0_bimonth__USD100K_R5,A0_bimonth,diagnostics,2023,2023-01-03,2023-12-29,250,0.2336099827776858,-0.3083300913368111,0.842879119890331,0.2315562179160237,0.2494116142532503,-0.0158016314755644,8.231648091374321,execution_stress,,USD100K,R5,,50,bimonth,0.5,3,100000.0,0.0025,0.05,True,0.2315562179160237,0.24720554909618309,-0.015649331180159376,False
A0_bimonth__USD100K_R5,A0_bimonth,diagnostics,2024,2024-01-02,2024-12-31,252,0.5674862254997435,-0.3561011020672971,1.0735115531851929,0.5674862254997435,0.2643074461050603,0.3031787793946832,10.161796079796446,execution_stress,,USD100K,R5,,50,bimonth,0.5,3,100000.0,0.0025,0.05,True,0.5674862254997435,0.2643074461050603,0.3031787793946832,False
A0_bimonth__USD100K_R5,A0_bimonth,diagnostics,2025,2025-01-02,2025-12-31,250,0.6992034903919089,-0.3214148883982362,1.303513377717065,0.6920689150329489,0.1785790013706134,0.5206244890212954,7.172340839302903,execution_stress,,USD100K,R5,,50,bimonth,0.5,3,100000.0,0.0025,0.05,True,0.6920689150329489,0.1770430847937292,0.5150258302392197,False
A0_bimonth__USD100K_R5,A0_bimonth,diagnostics,2026,2026-01-02,2026-09-22,181,-0.0903053852603698,-0.3713856092486362,0.0960805898742006,-0.0657209323875044,0.193982242745804,-0.2842876280061738,12.88368864937198,execution_stress,,USD100K,R5,,50,bimonth,0.5,3,100000.0,0.0025,0.05,True,-0.0657209323875044,0.13580564851123356,-0.20152658089873796,True
A0_bimonth__USD100K_UNLIMITED,A0_bimonth,diagnostics,2017,2017-01-04,2017-12-29,250,-0.0683227716980889,-0.2296459576191107,-0.2298978987534378,-0.0677993412084201,0.2120011745455907,-0.2803239462436797,10.00439671329112,execution_stress,,USD100K,UNLIMITED,,50,bimonth,0.5,3,100000.0,0.0025,0.0,True,-0.0677993412084201,0.21015310140377008,-0.2779524426121902,False
A0_bimonth__USD100K_UNLIMITED,A0_bimonth,diagnostics,2018,2018-01-02,2018-12-31,251,-0.3418308259716798,-0.419071111631464,-1.4521737395937249,-0.3407374277251075,-0.0642984107744514,-0.2775324151972284,9.070869585739992,execution_stress,,USD100K,UNLIMITED,,50,bimonth,0.5,3,100000.0,0.0025,0.0,True,-0.3407374277251075,-0.06405161044839947,-0.27668581727670805,False
A0_bimonth__USD100K_UNLIMITED,A0_bimonth,diagnostics,2019,2019-01-02,2019-12-31,252,1.036306672224434,-0.1296854914714602,2.967409971783966,1.036306672224434,0.3401954545671213,0.6961112176573128,5.970823237722671,execution_stress,,USD100K,UNLIMITED,,50,bimonth,0.5,3,100000.0,0.0025,0.0,True,1.036306672224434,0.3401954545671213,0.6961112176573128,False
A0_bimonth__USD100K_UNLIMITED,A0_bimonth,diagnostics,2020,2020-01-02,2020-12-31,253,0.3815517894419622,-0.3738422421845128,0.9732864564635488,0.3833248615449145,0.1813082709311855,0.2002435185107767,7.658402643433137,execution_stress,,USD100K,UNLIMITED,,50,bimonth,0.5,3,100000.0,0.0025,0.0,True,0.3833248615449145,0.18208961084499786,0.20123525069991666,False
A0_bimonth__USD100K_UNLIMITED,A0_bimonth,diagnostics,2021,2021-01-04,2021-12-31,252,-0.1465175552450849,-0.3074326454718245,-0.2058775929880149,-0.1465175552450849,0.2861550585808201,-0.432672613825905,11.016130741989484,execution_stress,,USD100K,UNLIMITED,,50,bimonth,0.5,3,100000.0,0.0025,0.0,True,-0.1465175552450849,0.28615505858082013,-0.43267261382590505,False
A0_bimonth__USD100K_UNLIMITED,A0_bimonth,diagnostics,2022,2022-01-03,2022-12-30,251,-0.1238826036332425,-0.3167761395997699,-0.1350226301339454,-0.1234226771345272,-0.180528833522089,0.0566462298888464,10.142773191699884,execution_stress,,USD100K,UNLIMITED,,50,bimonth,0.5,3,100000.0,0.0025,0.0,True,-0.1234226771345272,-0.17988114323237925,0.056458466097852045,False
A0_bimonth__USD100K_UNLIMITED,A0_bimonth,diagnostics,2023,2023-01-03,2023-12-29,250,0.2188309590970196,-0.3219910358313184,0.7982635360241046,0.2169181988384212,0.2494116142532503,-0.0305806551562306,7.998885786204738,execution_stress,,USD100K,UNLIMITED,,50,bimonth,0.5,3,100000.0,0.0025,0.0,True,0.2169181988384212,0.24720554909618309,-0.030287350257761886,False
A0_bimonth__USD100K_UNLIMITED,A0_bimonth,diagnostics,2024,2024-01-02,2024-12-31,252,0.585659856276056,-0.3374644992458351,1.0920115137710154,0.585659856276056,0.2643074461050603,0.3213524101709957,10.815623219043342,execution_stress,,USD100K,UNLIMITED,,50,bimonth,0.5,3,100000.0,0.0025,0.0,True,0.585659856276056,0.2643074461050603,0.3213524101709957,False
A0_bimonth__USD100K_UNLIMITED,A0_bimonth,diagnostics,2025,2025-01-02,2025-12-31,250,0.7820393866083881,-0.3095270437800852,1.4111201918526242,0.7738867568042522,0.1785790013706134,0.6034603852377747,6.6535845954957225,execution_stress,,USD100K,UNLIMITED,,50,bimonth,0.5,3,100000.0,0.0025,0.0,True,0.7738867568042522,0.1770430847937292,0.596843672010523,False
A0_bimonth__USD100K_UNLIMITED,A0_bimonth,diagnostics,2026,2026-01-02,2026-09-22,181,-0.0478227616565254,-0.3654320204846824,0.1716949978773029,-0.0345851559348929,0.193982242745804,-0.2418050044023294,12.78806091448373,execution_stress,,USD100K,UNLIMITED,,50,bimonth,0.5,3,100000.0,0.0025,0.0,True,-0.0345851559348929,0.13580564851123356,-0.17039080444612645,True
A0_bimonth__KRW50M_R1,A0_bimonth,diagnostics,2017,2017-01-04,2017-12-29,250,-0.0834765106218592,-0.2547159525839562,-0.3069611343201851,-0.0828422346065697,0.2120011745455907,-0.29547768516745,10.062615141671223,execution_stress,,KRW50M,R1,,50,bimonth,0.5,3,33333.333333333336,0.0025,0.01,True,-0.0828422346065697,0.21015310140377008,-0.2929953360103398,False
A0_bimonth__KRW50M_R1,A0_bimonth,diagnostics,2018,2018-01-02,2018-12-31,251,-0.3314717793367179,-0.4184346549572507,-1.377975252647868,-0.3304026685736222,-0.0642984107744514,-0.2671733685622665,8.998748284204822,execution_stress,,KRW50M,R1,,50,bimonth,0.5,3,33333.333333333336,0.0025,0.01,True,-0.3304026685736222,-0.06405161044839947,-0.26635105812522275,False
A0_bimonth__KRW50M_R1,A0_bimonth,diagnostics,2019,2019-01-02,2019-12-31,252,1.0852040246972638,-0.1282835043960571,3.0601936468994086,1.0852040246972638,0.3401954545671213,0.7450085701301425,5.519192679880603,execution_stress,,KRW50M,R1,,50,bimonth,0.5,3,33333.333333333336,0.0025,0.01,True,1.0852040246972638,0.3401954545671213,0.7450085701301425,False
A0_bimonth__KRW50M_R1,A0_bimonth,diagnostics,2020,2020-01-02,2020-12-31,253,0.4097801554177029,-0.3577521165915798,1.0307847374937695,0.4117027593382756,0.1813082709311855,0.2284718844865174,7.43726745693867,execution_stress,,KRW50M,R1,,50,bimonth,0.5,3,33333.333333333336,0.0025,0.01,True,0.4117027593382756,0.18208961084499786,0.22961314849327774,False
A0_bimonth__KRW50M_R1,A0_bimonth,diagnostics,2021,2021-01-04,2021-12-31,252,-0.1617748776729145,-0.3351269973840453,-0.2491428088786842,-0.1617748776729145,0.2861550585808201,-0.4479299362537347,11.035237721296555,execution_stress,,KRW50M,R1,,50,bimonth,0.5,3,33333.333333333336,0.0025,0.01,True,-0.1617748776729145,0.28615505858082013,-0.4479299362537347,False
A0_bimonth__KRW50M_R1,A0_bimonth,diagnostics,2022,2022-01-03,2022-12-30,251,-0.0380919836661536,-0.3113250965712946,0.1045983069884885,-0.0379437298116371,-0.180528833522089,0.1424368498559354,8.673493576896028,execution_stress,,KRW50M,R1,,50,bimonth,0.5,3,33333.333333333336,0.0025,0.01,True,-0.0379437298116371,-0.17988114323237925,0.14193741342074215,False
A0_bimonth__KRW50M_R1,A0_bimonth,diagnostics,2023,2023-01-03,2023-12-29,250,0.2806280551774578,-0.3014168159524552,0.987172977629234,0.2781165199853201,0.2494116142532503,0.0312164409242075,7.367690578292952,execution_stress,,KRW50M,R1,,50,bimonth,0.5,3,33333.333333333336,0.0025,0.01,True,0.2781165199853201,0.24720554909618309,0.030910970889137024,False
A0_bimonth__KRW50M_R1,A0_bimonth,diagnostics,2024,2024-01-02,2024-12-31,252,0.7042294828328266,-0.3498781578484343,1.226594396628714,0.7042294828328266,0.2643074461050603,0.4399220367277663,9.469253267115285,execution_stress,,KRW50M,R1,,50,bimonth,0.5,3,33333.333333333336,0.0025,0.01,True,0.7042294828328266,0.2643074461050603,0.4399220367277663,False
A0_bimonth__KRW50M_R1,A0_bimonth,diagnostics,2025,2025-01-02,2025-12-31,250,0.6464973348396863,-0.3370074856479842,1.2304592401849912,0.6399941304699177,0.1785790013706134,0.4679183334690728,7.391122248927366,execution_stress,,KRW50M,R1,,50,bimonth,0.5,3,33333.333333333336,0.0025,0.01,True,0.6399941304699177,0.1770430847937292,0.4629510456761885,False
A0_bimonth__KRW50M_R1,A0_bimonth,diagnostics,2026,2026-01-02,2026-09-22,181,0.0876274030391917,-0.3405630466172493,0.4266107372160408,0.0621895053505352,0.193982242745804,-0.1063548397066123,11.97640488171042,execution_stress,,KRW50M,R1,,50,bimonth,0.5,3,33333.333333333336,0.0025,0.01,True,0.0621895053505352,0.13580564851123356,-0.07361614316069837,True
A0_bimonth__KRW50M_C50,A0_bimonth,diagnostics,2017,2017-01-04,2017-12-29,250,-0.1076247610705064,-0.2632591023408485,-0.4333331709285818,-0.1068179403139629,0.2120011745455907,-0.3196259356160972,10.074687816857876,execution_stress,,KRW50M,C50,,50,bimonth,0.5,3,33333.333333333336,0.005,0.01,True,-0.1068179403139629,0.21015310140377008,-0.316971041717733,False
A0_bimonth__KRW50M_C50,A0_bimonth,diagnostics,2018,2018-01-02,2018-12-31,251,-0.3469525733840873,-0.4251844935693245,-1.4667078362697266,-0.3458474046995976,-0.0642984107744514,-0.2826541626096359,8.96857853339685,execution_stress,,KRW50M,C50,,50,bimonth,0.5,3,33333.333333333336,0.005,0.01,True,-0.3458474046995976,-0.06405161044839947,-0.28179579425119816,False
A0_bimonth__KRW50M_C50,A0_bimonth,diagnostics,2019,2019-01-02,2019-12-31,252,1.0406141322725428,-0.1332985276033894,2.972997487177765,1.0406141322725428,0.3401954545671213,0.7004186777054215,5.503084555688936,execution_stress,,KRW50M,C50,,50,bimonth,0.5,3,33333.333333333336,0.005,0.01,True,1.0406141322725428,0.3401954545671213,0.7004186777054215,False
A0_bimonth__KRW50M_C50,A0_bimonth,diagnostics,2020,2020-01-02,2020-12-31,253,0.3892724903603048,-0.360958267503731,0.9944673138268502,0.3910862340680479,0.1813082709311855,0.2079642194291193,7.450883808655435,execution_stress,,KRW50M,C50,,50,bimonth,0.5,3,33333.333333333336,0.005,0.01,True,0.3910862340680479,0.18208961084499786,0.20899662322305002,False
A0_bimonth__KRW50M_C50,A0_bimonth,diagnostics,2021,2021-01-04,2021-12-31,252,-0.1858053450219186,-0.352236687892288,-0.3225157572154752,-0.1858053450219186,0.2861550585808201,-0.4719604036027387,10.961624489218163,execution_stress,,KRW50M,C50,,50,bimonth,0.5,3,33333.333333333336,0.005,0.01,True,-0.1858053450219186,0.28615505858082013,-0.4719604036027387,False
A0_bimonth__KRW50M_C50,A0_bimonth,diagnostics,2022,2022-01-03,2022-12-30,251,-0.0559866458507755,-0.3147747706964132,0.057807526318827,-0.0557707906290666,-0.180528833522089,0.1245421876713135,8.675387939308397,execution_stress,,KRW50M,C50,,50,bimonth,0.5,3,33333.333333333336,0.005,0.01,True,-0.0557707906290666,-0.17988114323237925,0.12411035260331266,False
A0_bimonth__KRW50M_C50,A0_bimonth,diagnostics,2023,2023-01-03,2023-12-29,250,0.2677192259089622,-0.3051295000267513,0.9488618875808998,0.265334744291591,0.2494116142532503,0.0183076116557119,7.362848104392617,execution_stress,,KRW50M,C50,,50,bimonth,0.5,3,33333.333333333336,0.005,0.01,True,0.265334744291591,0.24720554909618309,0.0181291951954079,False
A0_bimonth__KRW50M_C50,A0_bimonth,diagnostics,2024,2024-01-02,2024-12-31,252,0.6494889259087491,-0.3560253986313769,1.1725392663570184,0.6494889259087491,0.2643074461050603,0.3851814798036888,9.454931321441656,execution_stress,,KRW50M,C50,,50,bimonth,0.5,3,33333.333333333336,0.005,0.01,True,0.6494889259087491,0.2643074461050603,0.3851814798036888,False
A0_bimonth__KRW50M_C50,A0_bimonth,diagnostics,2025,2025-01-02,2025-12-31,250,0.6202877834726648,-0.3446105777819619,1.1975238784023965,0.6140936454271502,0.1785790013706134,0.4417087821020513,7.454302331472312,execution_stress,,KRW50M,C50,,50,bimonth,0.5,3,33333.333333333336,0.005,0.01,True,0.6140936454271502,0.1770430847937292,0.43705056063342096,False
A0_bimonth__KRW50M_C50,A0_bimonth,diagnostics,2026,2026-01-02,2026-09-22,181,-0.1421400423747499,-0.4044417112453914,0.0052832032713838,-0.104272180534102,0.193982242745804,-0.336122285120554,12.945983945414472,execution_stress,,KRW50M,C50,,50,bimonth,0.5,3,33333.333333333336,0.005,0.01,True,-0.104272180534102,0.13580564851123356,-0.24007782904533556,True
A0_bimonth__KRW50M_R5,A0_bimonth,diagnostics,2017,2017-01-04,2017-12-29,250,-0.0696419733871073,-0.2337149656711183,-0.2369814668075724,-0.0691088156694507,0.2120011745455907,-0.281643147932698,9.786144728421345,execution_stress,,KRW50M,R5,,50,bimonth,0.5,3,33333.333333333336,0.0025,0.05,True,-0.0691088156694507,0.21015310140377008,-0.2792619170732208,False
A0_bimonth__KRW50M_R5,A0_bimonth,diagnostics,2018,2018-01-02,2018-12-31,251,-0.341315146176067,-0.4163796083425276,-1.453755193145139,-0.3402229417924484,-0.0642984107744514,-0.2770167354016156,8.778353560459108,execution_stress,,KRW50M,R5,,50,bimonth,0.5,3,33333.333333333336,0.0025,0.05,True,-0.3402229417924484,-0.06405161044839947,-0.2761713313440489,False
A0_bimonth__KRW50M_R5,A0_bimonth,diagnostics,2019,2019-01-02,2019-12-31,252,1.049492158328043,-0.1296353928824153,2.98657462641408,1.049492158328043,0.3401954545671213,0.7092967037609217,5.776514145908303,execution_stress,,KRW50M,R5,,50,bimonth,0.5,3,33333.333333333336,0.0025,0.05,True,1.049492158328043,0.3401954545671213,0.7092967037609217,False
A0_bimonth__KRW50M_R5,A0_bimonth,diagnostics,2020,2020-01-02,2020-12-31,253,0.3891912700900113,-0.3738958934302224,0.9858791746196894,0.3910045850478916,0.1813082709311855,0.2078829991588258,7.444351998174466,execution_stress,,KRW50M,R5,,50,bimonth,0.5,3,33333.333333333336,0.0025,0.05,True,0.3910045850478916,0.18208961084499786,0.20891497420289373,False
A0_bimonth__KRW50M_R5,A0_bimonth,diagnostics,2021,2021-01-04,2021-12-31,252,-0.1427566734338738,-0.3051622091504767,-0.1933614093405503,-0.1427566734338738,0.2861550585808201,-0.428911732014694,10.693264342085904,execution_stress,,KRW50M,R5,,50,bimonth,0.5,3,33333.333333333336,0.0025,0.05,True,-0.1427566734338738,0.28615505858082013,-0.4289117320146939,False
A0_bimonth__KRW50M_R5,A0_bimonth,diagnostics,2022,2022-01-03,2022-12-30,251,-0.1189737317772177,-0.3114445200661208,-0.1203282785306368,-0.118530772476268,-0.180528833522089,0.0615551017448713,9.840483746164317,execution_stress,,KRW50M,R5,,50,bimonth,0.5,3,33333.333333333336,0.0025,0.05,True,-0.118530772476268,-0.17988114323237925,0.061350370756111244,False
A0_bimonth__KRW50M_R5,A0_bimonth,diagnostics,2023,2023-01-03,2023-12-29,250,0.2221791477466892,-0.3210807951360908,0.807730503781972,0.2202345656989064,0.2494116142532503,-0.027232466506561,7.815970098571538,execution_stress,,KRW50M,R5,,50,bimonth,0.5,3,33333.333333333336,0.0025,0.05,True,0.2202345656989064,0.24720554909618309,-0.026970983397276688,False
A0_bimonth__KRW50M_R5,A0_bimonth,diagnostics,2024,2024-01-02,2024-12-31,252,0.585266201150245,-0.3393297005144385,1.0918245776863276,0.585266201150245,0.2643074461050603,0.3209587550451847,10.582307853196571,execution_stress,,KRW50M,R5,,50,bimonth,0.5,3,33333.333333333336,0.0025,0.05,True,0.585266201150245,0.2643074461050603,0.3209587550451847,False
A0_bimonth__KRW50M_R5,A0_bimonth,diagnostics,2025,2025-01-02,2025-12-31,250,0.7439166731051927,-0.3088072047638104,1.3676566988508845,0.7362364083082504,0.1785790013706134,0.5653376717345793,6.482796071970785,execution_stress,,KRW50M,R5,,50,bimonth,0.5,3,33333.333333333336,0.0025,0.05,True,0.7362364083082504,0.1770430847937292,0.5591933235145212,False
A0_bimonth__KRW50M_R5,A0_bimonth,diagnostics,2026,2026-01-02,2026-09-22,181,-0.091627192520412,-0.3728952237276095,0.0885550690809912,-0.066696182714294,0.193982242745804,-0.285609435266216,12.460540538126269,execution_stress,,KRW50M,R5,,50,bimonth,0.5,3,33333.333333333336,0.0025,0.05,True,-0.066696182714294,0.13580564851123356,-0.20250183122552756,True
A0_bimonth__KRW50M_UNLIMITED,A0_bimonth,diagnostics,2017,2017-01-04,2017-12-29,250,-0.0696419733871073,-0.2337149656711183,-0.2369814668075724,-0.0691088156694507,0.2120011745455907,-0.281643147932698,9.786144728421345,execution_stress,,KRW50M,UNLIMITED,,50,bimonth,0.5,3,33333.333333333336,0.0025,0.0,True,-0.0691088156694507,0.21015310140377008,-0.2792619170732208,False
A0_bimonth__KRW50M_UNLIMITED,A0_bimonth,diagnostics,2018,2018-01-02,2018-12-31,251,-0.341315146176067,-0.4163796083425276,-1.453755193145139,-0.3402229417924484,-0.0642984107744514,-0.2770167354016156,8.778353560459108,execution_stress,,KRW50M,UNLIMITED,,50,bimonth,0.5,3,33333.333333333336,0.0025,0.0,True,-0.3402229417924484,-0.06405161044839947,-0.2761713313440489,False
A0_bimonth__KRW50M_UNLIMITED,A0_bimonth,diagnostics,2019,2019-01-02,2019-12-31,252,1.049492158328043,-0.1296353928824153,2.98657462641408,1.049492158328043,0.3401954545671213,0.7092967037609217,5.776514145908303,execution_stress,,KRW50M,UNLIMITED,,50,bimonth,0.5,3,33333.333333333336,0.0025,0.0,True,1.049492158328043,0.3401954545671213,0.7092967037609217,False
A0_bimonth__KRW50M_UNLIMITED,A0_bimonth,diagnostics,2020,2020-01-02,2020-12-31,253,0.3891912700900113,-0.3738958934302224,0.9858791746196894,0.3910045850478916,0.1813082709311855,0.2078829991588258,7.444351998174466,execution_stress,,KRW50M,UNLIMITED,,50,bimonth,0.5,3,33333.333333333336,0.0025,0.0,True,0.3910045850478916,0.18208961084499786,0.20891497420289373,False
A0_bimonth__KRW50M_UNLIMITED,A0_bimonth,diagnostics,2021,2021-01-04,2021-12-31,252,-0.1427566734338738,-0.3051622091504767,-0.1933614093405503,-0.1427566734338738,0.2861550585808201,-0.428911732014694,10.693264342085904,execution_stress,,KRW50M,UNLIMITED,,50,bimonth,0.5,3,33333.333333333336,0.0025,0.0,True,-0.1427566734338738,0.28615505858082013,-0.4289117320146939,False
A0_bimonth__KRW50M_UNLIMITED,A0_bimonth,diagnostics,2022,2022-01-03,2022-12-30,251,-0.1189737317772177,-0.3114445200661208,-0.1203282785306368,-0.118530772476268,-0.180528833522089,0.0615551017448713,9.840483746164317,execution_stress,,KRW50M,UNLIMITED,,50,bimonth,0.5,3,33333.333333333336,0.0025,0.0,True,-0.118530772476268,-0.17988114323237925,0.061350370756111244,False
A0_bimonth__KRW50M_UNLIMITED,A0_bimonth,diagnostics,2023,2023-01-03,2023-12-29,250,0.2221791477466892,-0.3210807951360908,0.807730503781972,0.2202345656989064,0.2494116142532503,-0.027232466506561,7.815970098571538,execution_stress,,KRW50M,UNLIMITED,,50,bimonth,0.5,3,33333.333333333336,0.0025,0.0,True,0.2202345656989064,0.24720554909618309,-0.026970983397276688,False
A0_bimonth__KRW50M_UNLIMITED,A0_bimonth,diagnostics,2024,2024-01-02,2024-12-31,252,0.585266201150245,-0.3393297005144385,1.0918245776863276,0.585266201150245,0.2643074461050603,0.3209587550451847,10.582307853196571,execution_stress,,KRW50M,UNLIMITED,,50,bimonth,0.5,3,33333.333333333336,0.0025,0.0,True,0.585266201150245,0.2643074461050603,0.3209587550451847,False
A0_bimonth__KRW50M_UNLIMITED,A0_bimonth,diagnostics,2025,2025-01-02,2025-12-31,250,0.7815498061626971,-0.3088072047638104,1.4115577164789146,0.7734032833900131,0.1785790013706134,0.6029708047920836,6.475054158906886,execution_stress,,KRW50M,UNLIMITED,,50,bimonth,0.5,3,33333.333333333336,0.0025,0.0,True,0.7734032833900131,0.1770430847937292,0.5963601985962839,False
A0_bimonth__KRW50M_UNLIMITED,A0_bimonth,diagnostics,2026,2026-01-02,2026-09-22,181,-0.0449557020129282,-0.3638435169628116,0.175686137150774,-0.0324981344570813,0.193982242745804,-0.2389379447587322,12.615210547533271,execution_stress,,KRW50M,UNLIMITED,,50,bimonth,0.5,3,33333.333333333336,0.0025,0.0,True,-0.0324981344570813,0.13580564851123356,-0.16830378296831486,True
A0_bimonth__KRW100M_R1,A0_bimonth,diagnostics,2017,2017-01-04,2017-12-29,250,-0.0803366290869215,-0.2492448808176032,-0.291872775113447,-0.079725159398366,0.2120011745455907,-0.2923378036325122,10.29238914013375,execution_stress,,KRW100M,R1,,50,bimonth,0.5,3,66666.66666666667,0.0025,0.01,True,-0.079725159398366,0.21015310140377008,-0.2898782608021361,False
A0_bimonth__KRW100M_R1,A0_bimonth,diagnostics,2018,2018-01-02,2018-12-31,251,-0.3321667673970651,-0.4174556337859926,-1.383946300757858,-0.3310960071903935,-0.0642984107744514,-0.2678683566226136,9.163849173648908,execution_stress,,KRW100M,R1,,50,bimonth,0.5,3,66666.66666666667,0.0025,0.01,True,-0.3310960071903935,-0.06405161044839947,-0.26704439674199404,False
A0_bimonth__KRW100M_R1,A0_bimonth,diagnostics,2019,2019-01-02,2019-12-31,252,1.0489260714187196,-0.132416403292636,2.999716395394088,1.0489260714187196,0.3401954545671213,0.7087306168515983,5.824033695288337,execution_stress,,KRW100M,R1,,50,bimonth,0.5,3,66666.66666666667,0.0025,0.01,True,1.0489260714187196,0.3401954545671213,0.7087306168515983,False
A0_bimonth__KRW100M_R1,A0_bimonth,diagnostics,2020,2020-01-02,2020-12-31,253,0.3617952095631076,-0.3677879821868074,0.9504054373245716,0.3634649926983495,0.1813082709311855,0.1804869386319221,7.248083800451313,execution_stress,,KRW100M,R1,,50,bimonth,0.5,3,66666.66666666667,0.0025,0.01,True,0.3634649926983495,0.18208961084499786,0.1813753818533516,False
A0_bimonth__KRW100M_R1,A0_bimonth,diagnostics,2021,2021-01-04,2021-12-31,252,-0.127261623334509,-0.3138824788958273,-0.1564544570362187,-0.127261623334509,0.2861550585808201,-0.4134166819153292,11.257573932071686,execution_stress,,KRW100M,R1,,50,bimonth,0.5,3,66666.66666666667,0.0025,0.01,True,-0.127261623334509,0.28615505858082013,-0.4134166819153291,False
A0_bimonth__KRW100M_R1,A0_bimonth,diagnostics,2022,2022-01-03,2022-12-30,251,-0.0028346496193123,-0.3080830650348307,0.1994640737193255,-0.0028234169044651,-0.180528833522089,0.1776941839027767,8.295689494257765,execution_stress,,KRW100M,R1,,50,bimonth,0.5,3,66666.66666666667,0.0025,0.01,True,-0.0028234169044651,-0.17988114323237925,0.17705772632791414,False
A0_bimonth__KRW100M_R1,A0_bimonth,diagnostics,2023,2023-01-03,2023-12-29,250,0.1859710262843839,-0.3068737210155631,0.718288508709539,0.1843667041602326,0.2494116142532503,-0.0634405879688664,8.243438753052086,execution_stress,,KRW100M,R1,,50,bimonth,0.5,3,66666.66666666667,0.0025,0.01,True,0.1843667041602326,0.24720554909618309,-0.06283884493595049,False
A0_bimonth__KRW100M_R1,A0_bimonth,diagnostics,2024,2024-01-02,2024-12-31,252,0.7622681677264769,-0.284736510403062,1.2687362012208867,0.7622681677264769,0.2643074461050603,0.4979607216214166,9.370218799497763,execution_stress,,KRW100M,R1,,50,bimonth,0.5,3,66666.66666666667,0.0025,0.01,True,0.7622681677264769,0.2643074461050603,0.4979607216214166,False
A0_bimonth__KRW100M_R1,A0_bimonth,diagnostics,2025,2025-01-02,2025-12-31,250,0.8392094677624107,-0.3527698688646759,1.399170960251372,0.830336525141721,0.1785790013706134,0.6606304663917972,7.15550350707143,execution_stress,,KRW100M,R1,,50,bimonth,0.5,3,66666.66666666667,0.0025,0.01,True,0.830336525141721,0.1770430847937292,0.6532934403479917,False
A0_bimonth__KRW100M_R1,A0_bimonth,diagnostics,2026,2026-01-02,2026-09-22,181,0.1258087632793998,-0.3585344418680539,0.4896457741859515,0.0888415147309573,0.193982242745804,-0.0681734794664041,11.496981858069642,execution_stress,,KRW100M,R1,,50,bimonth,0.5,3,66666.66666666667,0.0025,0.01,True,0.0888415147309573,0.13580564851123356,-0.04696413378027625,True
A0_bimonth__KRW100M_C50,A0_bimonth,diagnostics,2017,2017-01-04,2017-12-29,250,-0.1049712499103808,-0.2584050002526248,-0.4206821988623285,-0.1041831397544269,0.2120011745455907,-0.3169724244559716,10.285550010781314,execution_stress,,KRW100M,C50,,50,bimonth,0.5,3,66666.66666666667,0.005,0.01,True,-0.1041831397544269,0.21015310140377008,-0.31433624115819697,False
A0_bimonth__KRW100M_C50,A0_bimonth,diagnostics,2018,2018-01-02,2018-12-31,251,-0.3475392525821076,-0.4244167723031734,-1.4729124321884834,-0.3464327457613976,-0.0642984107744514,-0.2832408418076562,9.18952316120062,execution_stress,,KRW100M,C50,,50,bimonth,0.5,3,66666.66666666667,0.005,0.01,True,-0.3464327457613976,-0.06405161044839947,-0.28238113531299813,False
A0_bimonth__KRW100M_C50,A0_bimonth,diagnostics,2019,2019-01-02,2019-12-31,252,1.015886587898149,-0.1366886891495378,2.932905197862076,1.015886587898149,0.3401954545671213,0.6756911333310276,5.815650918099264,execution_stress,,KRW100M,C50,,50,bimonth,0.5,3,66666.66666666667,0.005,0.01,True,1.015886587898149,0.3401954545671213,0.6756911333310276,False
A0_bimonth__KRW100M_C50,A0_bimonth,diagnostics,2020,2020-01-02,2020-12-31,253,0.3392961741266977,-0.3721736286460778,0.9098371481442552,0.3408497238874801,0.1813082709311855,0.1579879031955122,7.248321499640466,execution_stress,,KRW100M,C50,,50,bimonth,0.5,3,66666.66666666667,0.005,0.01,True,0.3408497238874801,0.18208961084499786,0.15876011304248222,False
A0_bimonth__KRW100M_C50,A0_bimonth,diagnostics,2021,2021-01-04,2021-12-31,252,-0.1218850700906831,-0.3105356730527889,-0.1426066832466833,-0.1218850700906831,0.2861550585808201,-0.4080401286715033,11.02786231659078,execution_stress,,KRW100M,C50,,50,bimonth,0.5,3,66666.66666666667,0.005,0.01,True,-0.1218850700906831,0.28615505858082013,-0.40804012867150324,False
A0_bimonth__KRW100M_C50,A0_bimonth,diagnostics,2022,2022-01-03,2022-12-30,251,-0.0144936502133685,-0.3114350395740796,0.1715559708408999,-0.0144365529002072,-0.180528833522089,0.1660351833087204,8.310284893259215,execution_stress,,KRW100M,C50,,50,bimonth,0.5,3,66666.66666666667,0.005,0.01,True,-0.0144365529002072,-0.17988114323237925,0.16544459033217204,False
A0_bimonth__KRW100M_C50,A0_bimonth,diagnostics,2023,2023-01-03,2023-12-29,250,0.1676685718576209,-0.3092750804345159,0.6659304420898906,0.166232953209553,0.2494116142532503,-0.0817430423956293,8.275779204617596,execution_stress,,KRW100M,C50,,50,bimonth,0.5,3,66666.66666666667,0.005,0.01,True,0.166232953209553,0.24720554909618309,-0.08097259588663008,False
A0_bimonth__KRW100M_C50,A0_bimonth,diagnostics,2024,2024-01-02,2024-12-31,252,0.6891986809426336,-0.2998671752566941,1.1951915732719591,0.6891986809426336,0.2643074461050603,0.4248912348375733,9.59139988680301,execution_stress,,KRW100M,C50,,50,bimonth,0.5,3,66666.66666666667,0.005,0.01,True,0.6891986809426336,0.2643074461050603,0.4248912348375733,False
A0_bimonth__KRW100M_C50,A0_bimonth,diagnostics,2025,2025-01-02,2025-12-31,250,0.7344994133135465,-0.3680511681142375,1.2989843000612484,0.7269348337488097,0.1785790013706134,0.5559204119429331,7.269335662377784,execution_stress,,KRW100M,C50,,50,bimonth,0.5,3,66666.66666666667,0.005,0.01,True,0.7269348337488097,0.1770430847937292,0.5498917489550805,False
A0_bimonth__KRW100M_C50,A0_bimonth,diagnostics,2026,2026-01-02,2026-09-22,181,0.3384709267626098,-0.2970439982171396,0.8098582698563977,0.2329270335414077,0.193982242745804,0.1444886840168058,10.246943443811167,execution_stress,,KRW100M,C50,,50,bimonth,0.5,3,66666.66666666667,0.005,0.01,True,0.2329270335414077,0.13580564851123356,0.09712138503017415,True
A0_bimonth__KRW100M_R5,A0_bimonth,diagnostics,2017,2017-01-04,2017-12-29,250,-0.0703956175877912,-0.2316616030631282,-0.2406130923747926,-0.0698569094334836,0.2120011745455907,-0.282396792133382,9.934206490067396,execution_stress,,KRW100M,R5,,50,bimonth,0.5,3,66666.66666666667,0.0025,0.05,True,-0.0698569094334836,0.21015310140377008,-0.2800100108372537,False
A0_bimonth__KRW100M_R5,A0_bimonth,diagnostics,2018,2018-01-02,2018-12-31,251,-0.3403732337102466,-0.4177052889368975,-1.4437143068762348,-0.3392832140964248,-0.0642984107744514,-0.2760748229357952,8.928374858506405,execution_stress,,KRW100M,R5,,50,bimonth,0.5,3,66666.66666666667,0.0025,0.05,True,-0.3392832140964248,-0.06405161044839947,-0.27523160364802535,False
A0_bimonth__KRW100M_R5,A0_bimonth,diagnostics,2019,2019-01-02,2019-12-31,252,1.0702953779495714,-0.1277765142157039,3.038058051247225,1.0702953779495714,0.3401954545671213,0.7300999233824501,5.641530325956916,execution_stress,,KRW100M,R5,,50,bimonth,0.5,3,66666.66666666667,0.0025,0.05,True,1.0702953779495714,0.3401954545671213,0.7300999233824501,False
A0_bimonth__KRW100M_R5,A0_bimonth,diagnostics,2020,2020-01-02,2020-12-31,253,0.41270442653524,-0.355432197502217,1.0354828475049396,0.4146426506312326,0.1813082709311855,0.2313961556040544,7.637460814294978,execution_stress,,KRW100M,R5,,50,bimonth,0.5,3,66666.66666666667,0.0025,0.05,True,0.4146426506312326,0.18208961084499786,0.23255303978623476,False
A0_bimonth__KRW100M_R5,A0_bimonth,diagnostics,2021,2021-01-04,2021-12-31,252,-0.1451081571433056,-0.3181230719267225,-0.1977405779696694,-0.1451081571433056,0.2861550585808201,-0.4312632157241257,10.948821473570291,execution_stress,,KRW100M,R5,,50,bimonth,0.5,3,66666.66666666667,0.0025,0.05,True,-0.1451081571433056,0.28615505858082013,-0.43126321572412574,False
A0_bimonth__KRW100M_R5,A0_bimonth,diagnostics,2022,2022-01-03,2022-12-30,251,-0.1257325547136831,-0.3146887672473019,-0.1426281555804939,-0.1252662621648347,-0.180528833522089,0.0547962788084058,10.087852447949343,execution_stress,,KRW100M,R5,,50,bimonth,0.5,3,66666.66666666667,0.0025,0.05,True,-0.1252662621648347,-0.17988114323237925,0.05461488106754456,False
A0_bimonth__KRW100M_R5,A0_bimonth,diagnostics,2023,2023-01-03,2023-12-29,250,0.234181696017814,-0.3112958078334693,0.8439934810178669,0.2321224484505444,0.2494116142532503,-0.0152299182354362,8.159493113187006,execution_stress,,KRW100M,R5,,50,bimonth,0.5,3,66666.66666666667,0.0025,0.05,True,0.2321224484505444,0.24720554909618309,-0.015083100645638697,False
A0_bimonth__KRW100M_R5,A0_bimonth,diagnostics,2024,2024-01-02,2024-12-31,252,0.5598718626431112,-0.3365079339461051,1.062560832073541,0.5598718626431112,0.2643074461050603,0.2955644165380509,10.49547450211941,execution_stress,,KRW100M,R5,,50,bimonth,0.5,3,66666.66666666667,0.0025,0.05,True,0.5598718626431112,0.2643074461050603,0.2955644165380509,False
A0_bimonth__KRW100M_R5,A0_bimonth,diagnostics,2025,2025-01-02,2025-12-31,250,0.7106169268635725,-0.3153257724192544,1.3134777572404222,0.703343926684054,0.1785790013706134,0.532037925492959,6.929822275957311,execution_stress,,KRW100M,R5,,50,bimonth,0.5,3,66666.66666666667,0.0025,0.05,True,0.703343926684054,0.1770430847937292,0.5263008418903248,False
A0_bimonth__KRW100M_R5,A0_bimonth,diagnostics,2026,2026-01-02,2026-09-22,181,-0.091613703479085,-0.3728694955961896,0.0928601931489035,-0.066686228267538,0.193982242745804,-0.285595946224889,12.8465194609988,execution_stress,,KRW100M,R5,,50,bimonth,0.5,3,66666.66666666667,0.0025,0.05,True,-0.066686228267538,0.13580564851123356,-0.20249187677877156,True
A0_bimonth__KRW100M_UNLIMITED,A0_bimonth,diagnostics,2017,2017-01-04,2017-12-29,250,-0.0703956175877912,-0.2316616030631282,-0.2406130923747926,-0.0698569094334836,0.2120011745455907,-0.282396792133382,9.934206490067396,execution_stress,,KRW100M,UNLIMITED,,50,bimonth,0.5,3,66666.66666666667,0.0025,0.0,True,-0.0698569094334836,0.21015310140377008,-0.2800100108372537,False
A0_bimonth__KRW100M_UNLIMITED,A0_bimonth,diagnostics,2018,2018-01-02,2018-12-31,251,-0.3403732337102466,-0.4177052889368975,-1.4437143068762348,-0.3392832140964248,-0.0642984107744514,-0.2760748229357952,8.928374858506405,execution_stress,,KRW100M,UNLIMITED,,50,bimonth,0.5,3,66666.66666666667,0.0025,0.0,True,-0.3392832140964248,-0.06405161044839947,-0.27523160364802535,False
A0_bimonth__KRW100M_UNLIMITED,A0_bimonth,diagnostics,2019,2019-01-02,2019-12-31,252,1.0311406256418074,-0.1302321832281988,2.959780249932156,1.0311406256418074,0.3401954545671213,0.6909451710746861,5.91755818462229,execution_stress,,KRW100M,UNLIMITED,,50,bimonth,0.5,3,66666.66666666667,0.0025,0.0,True,1.0311406256418074,0.3401954545671213,0.6909451710746861,False
A0_bimonth__KRW100M_UNLIMITED,A0_bimonth,diagnostics,2020,2020-01-02,2020-12-31,253,0.3844046186239267,-0.3728240100760212,0.978469414932135,0.3861926990456212,0.1813082709311855,0.2030963476927412,7.611089677093574,execution_stress,,KRW100M,UNLIMITED,,50,bimonth,0.5,3,66666.66666666667,0.0025,0.0,True,0.3861926990456212,0.18208961084499786,0.20410308820062334,False
A0_bimonth__KRW100M_UNLIMITED,A0_bimonth,diagnostics,2021,2021-01-04,2021-12-31,252,-0.1440587500620279,-0.3056137456589716,-0.1982911448199297,-0.1440587500620279,0.2861550585808201,-0.4302138086428481,10.908268443872965,execution_stress,,KRW100M,UNLIMITED,,50,bimonth,0.5,3,66666.66666666667,0.0025,0.0,True,-0.1440587500620279,0.28615505858082013,-0.43021380864284803,False
A0_bimonth__KRW100M_UNLIMITED,A0_bimonth,diagnostics,2022,2022-01-03,2022-12-30,251,-0.1242273855012956,-0.3143904014610454,-0.1380169010539375,-0.1237662713672985,-0.180528833522089,0.0563014480207934,10.05635870347998,execution_stress,,KRW100M,UNLIMITED,,50,bimonth,0.5,3,66666.66666666667,0.0025,0.0,True,-0.1237662713672985,-0.17988114323237925,0.056114871865080754,False
A0_bimonth__KRW100M_UNLIMITED,A0_bimonth,diagnostics,2023,2023-01-03,2023-12-29,250,0.2143069695756772,-0.3201318331826022,0.7890150792366976,0.2124370912428075,0.2494116142532503,-0.0351046446775731,7.947917938735266,execution_stress,,KRW100M,UNLIMITED,,50,bimonth,0.5,3,66666.66666666667,0.0025,0.0,True,0.2124370912428075,0.24720554909618309,-0.034768457853375595,False
A0_bimonth__KRW100M_UNLIMITED,A0_bimonth,diagnostics,2024,2024-01-02,2024-12-31,252,0.5812277406186444,-0.3375740401190092,1.087085920552818,0.5812277406186444,0.2643074461050603,0.316920294513584,10.717994120382826,execution_stress,,KRW100M,UNLIMITED,,50,bimonth,0.5,3,66666.66666666667,0.0025,0.0,True,0.5812277406186444,0.2643074461050603,0.31692029451358406,False
A0_bimonth__KRW100M_UNLIMITED,A0_bimonth,diagnostics,2025,2025-01-02,2025-12-31,250,0.782993846156137,-0.3096802126074851,1.4117971206074529,0.7748293073833066,0.1785790013706134,0.6044148447855235,6.596378112470513,execution_stress,,KRW100M,UNLIMITED,,50,bimonth,0.5,3,66666.66666666667,0.0025,0.0,True,0.7748293073833066,0.1770430847937292,0.5977862225895774,False
A0_bimonth__KRW100M_UNLIMITED,A0_bimonth,diagnostics,2026,2026-01-02,2026-09-22,181,-0.0435682136298734,-0.3655240259614217,0.1796672462757976,-0.0314887726955295,0.193982242745804,-0.2375504563756774,12.729145185759783,execution_stress,,KRW100M,UNLIMITED,,50,bimonth,0.5,3,66666.66666666667,0.0025,0.0,True,-0.0314887726955295,0.13580564851123356,-0.16729442120676305,True
A2_event__fresh2018,A2_event,diagnostics,2018,2018-01-02,2018-12-31,251,-0.0299818235915554,-0.3325759212076348,0.044492287945767,-0.0298646426716919,-0.0642984107744514,0.0343165871828959,17.710254288780444,fresh_cash,2018-01-01,,,,50,event,0.5,3,100000.0,0.0025,0.01,True,-0.0298646426716919,-0.06405161044839947,0.034186967776707565,False
A2_event__fresh2018,A2_event,diagnostics,2019,2019-01-02,2019-12-31,252,0.783230361213215,-0.1101004902129585,2.678558296831921,0.783230361213215,0.3401954545671213,0.4430349066460937,10.475541683521037,fresh_cash,2018-01-01,,,,50,event,0.5,3,100000.0,0.0025,0.01,True,0.783230361213215,0.3401954545671213,0.4430349066460937,False
A2_event__fresh2018,A2_event,diagnostics,2020,2020-01-02,2020-12-31,253,0.4610772580299607,-0.3885813386404001,1.0451697638776078,0.4632773355168742,0.1813082709311855,0.2797689870987752,12.652555776280671,fresh_cash,2018-01-01,,,,50,event,0.5,3,100000.0,0.0025,0.01,True,0.4632773355168742,0.18208961084499786,0.28118772467187636,False
A2_event__fresh2018,A2_event,diagnostics,2021,2021-01-04,2021-12-31,252,-0.0760087134358917,-0.404157282114805,0.01807782675857,-0.0760087134358917,0.2861550585808201,-0.3621637720167119,18.07458437807594,fresh_cash,2018-01-01,,,,50,event,0.5,3,100000.0,0.0025,0.01,True,-0.0760087134358917,0.28615505858082013,-0.36216377201671185,False
A2_event__fresh2018,A2_event,diagnostics,2022,2022-01-03,2022-12-30,251,-0.2416900967855881,-0.3346285236273022,-0.4459228170074944,-0.2408571142428847,-0.180528833522089,-0.0611612632634991,23.789843283962217,fresh_cash,2018-01-01,,,,50,event,0.5,3,100000.0,0.0025,0.01,True,-0.2408571142428847,-0.17988114323237925,-0.06097597101050545,False
A2_event__fresh2018,A2_event,diagnostics,2023,2023-01-03,2023-12-29,250,0.1290133667941524,-0.335771054668202,0.5214710390193122,0.1279265954337711,0.2494116142532503,-0.1203982474590978,12.305522118548902,fresh_cash,2018-01-01,,,,50,event,0.5,3,100000.0,0.0025,0.01,True,0.1279265954337711,0.24720554909618309,-0.11927895366241198,False
A2_event__fresh2018,A2_event,diagnostics,2024,2024-01-02,2024-12-31,252,0.952955918045214,-0.2525875137366773,1.8546151035723049,0.952955918045214,0.2643074461050603,0.6886484719401538,13.104407431201963,fresh_cash,2018-01-01,,,,50,event,0.5,3,100000.0,0.0025,0.01,True,0.952955918045214,0.2643074461050603,0.6886484719401537,False
A2_event__fresh2018,A2_event,diagnostics,2025,2025-01-02,2025-12-31,250,0.0992558450279892,-0.4547445521563991,0.4412736021547833,0.0984305488864003,0.1785790013706134,-0.0793231563426242,14.464534403785104,fresh_cash,2018-01-01,,,,50,event,0.5,3,100000.0,0.0025,0.01,True,0.0984305488864003,0.1770430847937292,-0.07861253590732892,False
A2_event__fresh2018,A2_event,diagnostics,2026,2026-01-02,2026-09-22,181,0.1600241328211973,-0.3435846086563816,0.5438116533789559,0.112509417461978,0.193982242745804,-0.0339581099246066,17.630090571818343,fresh_cash,2018-01-01,,,,50,event,0.5,3,100000.0,0.0025,0.01,True,0.112509417461978,0.13580564851123356,-0.02329623104925556,True
A2_event__fresh2019,A2_event,diagnostics,2019,2019-01-02,2019-12-31,252,1.1531819519559083,-0.1116470740260749,3.1534936817974355,1.1531819519559083,0.3401954545671213,0.812986497388787,15.180903189088976,fresh_cash,2019-01-01,,,,50,event,0.5,3,100000.0,0.0025,0.01,True,1.1531819519559083,0.3401954545671213,0.812986497388787,False
A2_event__fresh2019,A2_event,diagnostics,2020,2020-01-02,2020-12-31,253,0.5265721266383978,-0.4643808917089164,1.0855347022178374,0.52913688920982,0.1813082709311855,0.3452638557072123,11.8134401608294,fresh_cash,2019-01-01,,,,50,event,0.5,3,100000.0,0.0025,0.01,True,0.52913688920982,0.18208961084499786,0.3470472783648222,False
A2_event__fresh2019,A2_event,diagnostics,2021,2021-01-04,2021-12-31,252,-0.0451916336488543,-0.4167844593261063,0.1011266697150079,-0.0451916336488543,0.2861550585808201,-0.3313466922296745,18.980422633821654,fresh_cash,2019-01-01,,,,50,event,0.5,3,100000.0,0.0025,0.01,True,-0.0451916336488543,0.28615505858082013,-0.33134669222967444,False
A2_event__fresh2019,A2_event,diagnostics,2022,2022-01-03,2022-12-30,251,-0.4019614603394931,-0.4431540540682549,-0.9264386300473234,-0.4007401687239786,-0.180528833522089,-0.221432626817404,26.42841216965696,fresh_cash,2019-01-01,,,,50,event,0.5,3,100000.0,0.0025,0.01,True,-0.4007401687239786,-0.17988114323237925,-0.22085902549159936,False
A2_event__fresh2019,A2_event,diagnostics,2023,2023-01-03,2023-12-29,250,0.077375368325258,-0.3483591148425953,0.3873129932924554,0.0767382988958305,0.2494116142532503,-0.1720362459279922,13.096476005432288,fresh_cash,2019-01-01,,,,50,event,0.5,3,100000.0,0.0025,0.01,True,0.0767382988958305,0.24720554909618309,-0.17046725020035258,False
A2_event__fresh2019,A2_event,diagnostics,2024,2024-01-02,2024-12-31,252,0.8964161898223708,-0.2567077261868455,1.766714787457421,0.8964161898223708,0.2643074461050603,0.6321087437173105,13.209837889184538,fresh_cash,2019-01-01,,,,50,event,0.5,3,100000.0,0.0025,0.01,True,0.8964161898223708,0.2643074461050603,0.6321087437173105,False
A2_event__fresh2019,A2_event,diagnostics,2025,2025-01-02,2025-12-31,250,0.0817111480035974,-0.4551246469767799,0.4097415401541466,0.0810370555968817,0.1785790013706134,-0.0968678533670159,14.635112033417126,fresh_cash,2019-01-01,,,,50,event,0.5,3,100000.0,0.0025,0.01,True,0.0810370555968817,0.1770430847937292,-0.09600602919684752,False
A2_event__fresh2019,A2_event,diagnostics,2026,2026-01-02,2026-09-22,181,0.1625334001300236,-0.3441453372008953,0.5480078397927539,0.1142373603980531,0.193982242745804,-0.0314488426157804,17.68712952093303,fresh_cash,2019-01-01,,,,50,event,0.5,3,100000.0,0.0025,0.01,True,0.1142373603980531,0.13580564851123356,-0.021568288113180456,True
A2_event__fresh2020,A2_event,diagnostics,2020,2020-01-02,2020-12-31,253,0.9482664511810686,-0.4939475833131986,1.4854137864422208,0.9534295375245854,0.1813082709311855,0.766958180249883,18.27332657709186,fresh_cash,2020-01-01,,,,50,event,0.5,3,100000.0,0.0025,0.01,True,0.9534295375245854,0.18208961084499786,0.7713399266795875,False
A2_event__fresh2020,A2_event,diagnostics,2021,2021-01-04,2021-12-31,252,0.0330647040816565,-0.4102357948932367,0.2915876842589167,0.0330647040816565,0.2861550585808201,-0.2530903544991636,16.464010813717227,fresh_cash,2020-01-01,,,,50,event,0.5,3,100000.0,0.0025,0.01,True,0.0330647040816565,0.28615505858082013,-0.2530903544991636,False
A2_event__fresh2020,A2_event,diagnostics,2022,2022-01-03,2022-12-30,251,-0.2556856171106273,-0.3348548978606359,-0.4918789439419807,-0.2548129236968468,-0.180528833522089,-0.0751567835885382,22.82901496692755,fresh_cash,2020-01-01,,,,50,event,0.5,3,100000.0,0.0025,0.01,True,-0.2548129236968468,-0.17988114323237925,-0.07493178046446758,False
A2_event__fresh2020,A2_event,diagnostics,2023,2023-01-03,2023-12-29,250,0.0869129005932061,-0.3318853198920248,0.4116693570788988,0.086194210319384,0.2494116142532503,-0.1624987136600442,14.263745005021956,fresh_cash,2020-01-01,,,,50,event,0.5,3,100000.0,0.0025,0.01,True,0.086194210319384,0.24720554909618309,-0.16101133877679907,False
A2_event__fresh2020,A2_event,diagnostics,2024,2024-01-02,2024-12-31,252,0.7972223633058657,-0.2887879065714094,1.5811812603530917,0.7972223633058657,0.2643074461050603,0.5329149172008054,14.514371330730812,fresh_cash,2020-01-01,,,,50,event,0.5,3,100000.0,0.0025,0.01,True,0.7972223633058657,0.2643074461050603,0.5329149172008054,False
A2_event__fresh2020,A2_event,diagnostics,2025,2025-01-02,2025-12-31,250,0.1820931348815284,-0.4225670004478068,0.5824900764000737,0.1805247439515971,0.1785790013706134,0.003514133510915,14.5458537962116,fresh_cash,2020-01-01,,,,50,event,0.5,3,100000.0,0.0025,0.01,True,0.1805247439515971,0.1770430847937292,0.0034816591578678835,False
A2_event__fresh2020,A2_event,diagnostics,2026,2026-01-02,2026-09-22,181,0.0965481148934859,-0.3535260355958725,0.4312158681850392,0.0684397795725755,0.193982242745804,-0.097434127852318,17.966889560566774,fresh_cash,2020-01-01,,,,50,event,0.5,3,100000.0,0.0025,0.01,True,0.0684397795725755,0.13580564851123356,-0.06736586893865806,True
A2_event__fresh2021,A2_event,diagnostics,2021,2021-01-04,2021-12-31,252,-0.2930464437627444,-0.488678011717878,-0.5895673079140221,-0.2930464437627444,0.2861550585808201,-0.5792015023435646,27.97245010992093,fresh_cash,2021-01-01,,,,50,event,0.5,3,100000.0,0.0025,0.01,True,-0.2930464437627444,0.28615505858082013,-0.5792015023435646,False
A2_event__fresh2021,A2_event,diagnostics,2022,2022-01-03,2022-12-30,251,-0.2773089011268094,-0.3416115138692351,-0.5235385806020543,-0.2763769084519882,-0.180528833522089,-0.0967800676047203,23.318210868416383,fresh_cash,2021-01-01,,,,50,event,0.5,3,100000.0,0.0025,0.01,True,-0.2763769084519882,-0.17988114323237925,-0.09649576521960895,False
A2_event__fresh2021,A2_event,diagnostics,2023,2023-01-03,2023-12-29,250,0.0980630447991839,-0.329843821796591,0.4404531998052265,0.0972480986524446,0.2494116142532503,-0.1513485694540663,13.449555587511805,fresh_cash,2021-01-01,,,,50,event,0.5,3,100000.0,0.0025,0.01,True,0.0972480986524446,0.24720554909618309,-0.14995745044373848,False
A2_event__fresh2021,A2_event,diagnostics,2024,2024-01-02,2024-12-31,252,0.8862588880130644,-0.2870628062374396,1.724657847122517,0.8862588880130644,0.2643074461050603,0.6219514419080041,14.221396840410025,fresh_cash,2021-01-01,,,,50,event,0.5,3,100000.0,0.0025,0.01,True,0.8862588880130644,0.2643074461050603,0.6219514419080041,False
A2_event__fresh2021,A2_event,diagnostics,2025,2025-01-02,2025-12-31,250,0.5065242532679879,-0.4310422402598912,1.0119371983986485,0.5016323601277817,0.1785790013706134,0.3279452518973744,14.139298566330003,fresh_cash,2021-01-01,,,,50,event,0.5,3,100000.0,0.0025,0.01,True,0.5016323601277817,0.1770430847937292,0.32458927533405246,False
A2_event__fresh2021,A2_event,diagnostics,2026,2026-01-02,2026-09-22,181,0.3063130171361408,-0.3348216496394924,0.762290972788261,0.2115780622499847,0.193982242745804,0.1123307743903367,16.636972087729813,fresh_cash,2021-01-01,,,,50,event,0.5,3,100000.0,0.0025,0.01,True,0.2115780622499847,0.13580564851123356,0.07577241373875115,True
A2_event__fresh2022,A2_event,diagnostics,2022,2022-01-03,2022-12-30,251,-0.2968392336336233,-0.403979840014906,-0.5916931601750794,-0.2958558802663397,-0.180528833522089,-0.1163104001115342,29.17324705648245,fresh_cash,2022-01-01,,,,50,event,0.5,3,100000.0,0.0025,0.01,True,-0.2958558802663397,-0.17988114323237925,-0.11597473703396044,False
A2_event__fresh2022,A2_event,diagnostics,2023,2023-01-03,2023-12-29,250,0.0804789083539312,-0.3496200245364138,0.3955172036621189,0.079815351905385,0.2494116142532503,-0.168932705899319,12.864722595839456,fresh_cash,2022-01-01,,,,50,event,0.5,3,100000.0,0.0025,0.01,True,0.079815351905385,0.24720554909618309,-0.1673901971907981,False
A2_event__fresh2022,A2_event,diagnostics,2024,2024-01-02,2024-12-31,252,1.1248952587779528,-0.2841229688689233,1.963692912564702,1.1248952587779528,0.2643074461050603,0.8605878126728925,13.746102106577547,fresh_cash,2022-01-01,,,,50,event,0.5,3,100000.0,0.0025,0.01,True,1.1248952587779528,0.2643074461050603,0.8605878126728925,False
A2_event__fresh2022,A2_event,diagnostics,2025,2025-01-02,2025-12-31,250,0.4298645772746463,-0.4051078443048652,0.9146987573647324,0.4258124678859902,0.1785790013706134,0.2512855759040329,13.80617653714204,fresh_cash,2022-01-01,,,,50,event,0.5,3,100000.0,0.0025,0.01,True,0.4258124678859902,0.1770430847937292,0.248769383092261,False
A2_event__fresh2022,A2_event,diagnostics,2026,2026-01-02,2026-09-22,181,0.2234392400822782,-0.3271578849108789,0.6422381108799825,0.1558631293796308,0.193982242745804,0.0294569973364742,17.840405529999597,fresh_cash,2022-01-01,,,,50,event,0.5,3,100000.0,0.0025,0.01,True,0.1558631293796308,0.13580564851123356,0.02005748086839723,True
A2_event__fresh2023,A2_event,diagnostics,2023,2023-01-03,2023-12-29,250,0.1671289349635045,-0.3481544035007864,0.5977729611830784,0.1656982563713134,0.2494116142532503,-0.0822826792897457,22.6462591557802,fresh_cash,2023-01-01,,,,50,event,0.5,3,100000.0,0.0025,0.01,True,0.1656982563713134,0.24720554909618309,-0.08150729272486967,False
A2_event__fresh2023,A2_event,diagnostics,2024,2024-01-02,2024-12-31,252,0.9733383950254926,-0.3091118578220885,1.6835055475882332,0.9733383950254926,0.2643074461050603,0.7090309489204323,14.130775946597758,fresh_cash,2023-01-01,,,,50,event,0.5,3,100000.0,0.0025,0.01,True,0.9733383950254926,0.2643074461050603,0.7090309489204323,False
A2_event__fresh2023,A2_event,diagnostics,2025,2025-01-02,2025-12-31,250,0.5201416450730056,-0.3645011528570192,1.038192451473713,0.5150973292384902,0.1785790013706134,0.3415626437023922,13.822965894021836,fresh_cash,2023-01-01,,,,50,event,0.5,3,100000.0,0.0025,0.01,True,0.5150973292384902,0.1770430847937292,0.33805424444476095,False
A2_event__fresh2023,A2_event,diagnostics,2026,2026-01-02,2026-09-22,181,-0.0082444001082683,-0.3663825651804915,0.2305513255944592,-0.0059284748281589,0.193982242745804,-0.2022266428540723,18.285768555107047,fresh_cash,2023-01-01,,,,50,event,0.5,3,100000.0,0.0025,0.01,True,-0.0059284748281589,0.13580564851123356,-0.14173412333939245,True
A2_event__USD100K_C50,A2_event,diagnostics,2017,2017-01-04,2017-12-29,250,0.0603475663511485,-0.1876844729479764,0.3924688836289735,0.0598545625977939,0.2120011745455907,-0.1516536081944421,12.152379804492602,execution_stress,,USD100K,C50,,50,event,0.5,3,100000.0,0.005,0.01,True,0.0598545625977939,0.21015310140377008,-0.15029853880597618,False
A2_event__USD100K_C50,A2_event,diagnostics,2018,2018-01-02,2018-12-31,251,-0.1990311517523425,-0.3657395450841575,-0.6561590947902735,-0.1983254378721999,-0.0642984107744514,-0.1347327409778911,13.669405404314949,execution_stress,,USD100K,C50,,50,event,0.5,3,100000.0,0.005,0.01,True,-0.1983254378721999,-0.06405161044839947,-0.13427382742380042,False
A2_event__USD100K_C50,A2_event,diagnostics,2019,2019-01-02,2019-12-31,252,0.7412421527829978,-0.1175011573336259,2.585974763106192,0.7412421527829978,0.3401954545671213,0.4010466982158764,10.89466226761217,execution_stress,,USD100K,C50,,50,event,0.5,3,100000.0,0.005,0.01,True,0.7412421527829978,0.3401954545671213,0.40104669821587646,False
A2_event__USD100K_C50,A2_event,diagnostics,2020,2020-01-02,2020-12-31,253,0.4121145967786217,-0.3990775619077773,0.9616838918079588,0.4140496683165942,0.1813082709311855,0.2308063258474362,12.266046733614925,execution_stress,,USD100K,C50,,50,event,0.5,3,100000.0,0.005,0.01,True,0.4140496683165942,0.18208961084499786,0.23196005747159631,False
A2_event__USD100K_C50,A2_event,diagnostics,2021,2021-01-04,2021-12-31,252,-0.0126899456955371,-0.3963870538041876,0.1758036702052209,-0.0126899456955371,0.2861550585808201,-0.2988450042763573,17.425398145277292,execution_stress,,USD100K,C50,,50,event,0.5,3,100000.0,0.005,0.01,True,-0.0126899456955371,0.28615505858082013,-0.29884500427635724,False
A2_event__USD100K_C50,A2_event,diagnostics,2022,2022-01-03,2022-12-30,251,-0.2865925874420398,-0.3398057413100034,-0.576267007860872,-0.2856359166155172,-0.180528833522089,-0.1060637539199508,21.916822460275903,execution_stress,,USD100K,C50,,50,event,0.5,3,100000.0,0.005,0.01,True,-0.2856359166155172,-0.17988114323237925,-0.10575477338313793,False
A2_event__USD100K_C50,A2_event,diagnostics,2023,2023-01-03,2023-12-29,250,0.0496755143236407,-0.3357627753816672,0.3144157123249854,0.0492717078472868,0.2494116142532503,-0.1997360999296096,14.152573454224264,execution_stress,,USD100K,C50,,50,event,0.5,3,100000.0,0.005,0.01,True,0.0492717078472868,0.24720554909618309,-0.1979338412488963,False
A2_event__USD100K_C50,A2_event,diagnostics,2024,2024-01-02,2024-12-31,252,0.7372107014983964,-0.2908464623865011,1.503059794648426,0.7372107014983964,0.2643074461050603,0.4729032553933361,14.457930916637348,execution_stress,,USD100K,C50,,50,event,0.5,3,100000.0,0.005,0.01,True,0.7372107014983964,0.2643074461050603,0.4729032553933361,False
A2_event__USD100K_C50,A2_event,diagnostics,2025,2025-01-02,2025-12-31,250,0.1449237978288189,-0.4263950284759091,0.5207805100970752,0.1436946819270328,0.1785790013706134,-0.0336552035417945,14.770562632795444,execution_stress,,USD100K,C50,,50,event,0.5,3,100000.0,0.005,0.01,True,0.1436946819270328,0.1770430847937292,-0.03334840286669641,False
A2_event__USD100K_C50,A2_event,diagnostics,2026,2026-01-02,2026-09-22,181,0.015332314069044,-0.3538188138457462,0.273510686191063,0.010988863897015,0.193982242745804,-0.17864992867676,18.19307160365897,execution_stress,,USD100K,C50,,50,event,0.5,3,100000.0,0.005,0.01,True,0.010988863897015,0.13580564851123356,-0.12481678461421855,True
A2_event__USD100K_R5,A2_event,diagnostics,2017,2017-01-04,2017-12-29,250,0.1011443719388331,-0.1712615762458105,0.5811739711877497,0.1003026681226442,0.2120011745455907,-0.1108568026067575,12.145766878697016,execution_stress,,USD100K,R5,,50,event,0.5,3,100000.0,0.0025,0.05,True,0.1003026681226442,0.21015310140377008,-0.10985043328112588,False
A2_event__USD100K_R5,A2_event,diagnostics,2018,2018-01-02,2018-12-31,251,-0.1735205278708653,-0.3578185524034518,-0.5444402398763311,-0.1728952493084491,-0.0642984107744514,-0.1092221170964139,13.619722916275196,execution_stress,,USD100K,R5,,50,event,0.5,3,100000.0,0.0025,0.05,True,-0.1728952493084491,-0.06405161044839947,-0.10884363886004964,False
A2_event__USD100K_R5,A2_event,diagnostics,2019,2019-01-02,2019-12-31,252,0.7776362188052477,-0.1156406044934511,2.6618800050874003,0.7776362188052477,0.3401954545671213,0.4374407642381264,10.777513900991078,execution_stress,,USD100K,R5,,50,event,0.5,3,100000.0,0.0025,0.05,True,0.7776362188052477,0.3401954545671213,0.4374407642381264,False
A2_event__USD100K_R5,A2_event,diagnostics,2020,2020-01-02,2020-12-31,253,0.4755712351198853,-0.4260800146926682,1.0499204065062904,0.4778510258042157,0.1813082709311855,0.2942629641886998,12.75217813987346,execution_stress,,USD100K,R5,,50,event,0.5,3,100000.0,0.0025,0.05,True,0.4778510258042157,0.18208961084499786,0.2957614149592178,False
A2_event__USD100K_R5,A2_event,diagnostics,2021,2021-01-04,2021-12-31,252,-0.0960296660287418,-0.3627806489771404,-0.0663382121378292,-0.0960296660287418,0.2861550585808201,-0.382184724609562,18.95421854027979,execution_stress,,USD100K,R5,,50,event,0.5,3,100000.0,0.0025,0.05,True,-0.0960296660287418,0.28615505858082013,-0.38218472460956193,False
A2_event__USD100K_R5,A2_event,diagnostics,2022,2022-01-03,2022-12-30,251,-0.1883798429695846,-0.2942307663031156,-0.2895713690120081,-0.1877073277504822,-0.180528833522089,-0.0078510094474956,20.09674995792905,execution_stress,,USD100K,R5,,50,event,0.5,3,100000.0,0.0025,0.05,True,-0.1877073277504822,-0.17988114323237925,-0.007826184518102963,False
A2_event__USD100K_R5,A2_event,diagnostics,2023,2023-01-03,2023-12-29,250,0.1075232283479523,-0.3297015632385333,0.4636297933541916,0.1066259163716756,0.2494116142532503,-0.1418883859052979,14.023110885597342,execution_stress,,USD100K,R5,,50,event,0.5,3,100000.0,0.0025,0.05,True,0.1066259163716756,0.24720554909618309,-0.1405796327245075,False
A2_event__USD100K_R5,A2_event,diagnostics,2024,2024-01-02,2024-12-31,252,0.8175222446058812,-0.3007944804988017,1.6087810073786253,0.8175222446058812,0.2643074461050603,0.5532147985008209,15.744803439903816,execution_stress,,USD100K,R5,,50,event,0.5,3,100000.0,0.0025,0.05,True,0.8175222446058812,0.2643074461050603,0.5532147985008209,False
A2_event__USD100K_R5,A2_event,diagnostics,2025,2025-01-02,2025-12-31,250,0.2596215383182867,-0.4527374262133572,0.6940825953693113,0.2573162306208547,0.1785790013706134,0.0810425369476732,15.396076760456868,execution_stress,,USD100K,R5,,50,event,0.5,3,100000.0,0.0025,0.05,True,0.2573162306208547,0.1770430847937292,0.08027314582712547,False
A2_event__USD100K_R5,A2_event,diagnostics,2026,2026-01-02,2026-09-22,181,0.3414057331554219,-0.3419212390616103,0.8140989936318003,0.2348681512908346,0.193982242745804,0.1474234904096178,17.997705452681355,execution_stress,,USD100K,R5,,50,event,0.5,3,100000.0,0.0025,0.05,True,0.2348681512908346,0.13580564851123356,0.09906250277960105,True
A2_event__USD100K_UNLIMITED,A2_event,diagnostics,2017,2017-01-04,2017-12-29,250,0.1011443719388331,-0.1712615762458105,0.5811739711877497,0.1003026681226442,0.2120011745455907,-0.1108568026067575,12.145766878697016,execution_stress,,USD100K,UNLIMITED,,50,event,0.5,3,100000.0,0.0025,0.0,True,0.1003026681226442,0.21015310140377008,-0.10985043328112588,False
A2_event__USD100K_UNLIMITED,A2_event,diagnostics,2018,2018-01-02,2018-12-31,251,-0.1735205278708653,-0.3578185524034518,-0.5444402398763311,-0.1728952493084491,-0.0642984107744514,-0.1092221170964139,13.619722916275196,execution_stress,,USD100K,UNLIMITED,,50,event,0.5,3,100000.0,0.0025,0.0,True,-0.1728952493084491,-0.06405161044839947,-0.10884363886004964,False
A2_event__USD100K_UNLIMITED,A2_event,diagnostics,2019,2019-01-02,2019-12-31,252,0.7802183375757936,-0.115527723701192,2.6687665987020504,0.7802183375757936,0.3401954545671213,0.4400228830086723,10.788937535119512,execution_stress,,USD100K,UNLIMITED,,50,event,0.5,3,100000.0,0.0025,0.0,True,0.7802183375757936,0.3401954545671213,0.4400228830086723,False
A2_event__USD100K_UNLIMITED,A2_event,diagnostics,2020,2020-01-02,2020-12-31,253,0.4760599456276755,-0.4255701726315479,1.0505965665988397,0.4783424340273186,0.1813082709311855,0.29475167469649,12.722693242534731,execution_stress,,USD100K,UNLIMITED,,50,event,0.5,3,100000.0,0.0025,0.0,True,0.4783424340273186,0.18208961084499786,0.2962528231823207,False
A2_event__USD100K_UNLIMITED,A2_event,diagnostics,2021,2021-01-04,2021-12-31,252,-0.2020384427840212,-0.4143471782358093,-0.3724720598048436,-0.2020384427840212,0.2861550585808201,-0.4881935013648414,20.313342732369325,execution_stress,,USD100K,UNLIMITED,,50,event,0.5,3,100000.0,0.0025,0.0,True,-0.2020384427840212,0.28615505858082013,-0.4881935013648413,False
A2_event__USD100K_UNLIMITED,A2_event,diagnostics,2022,2022-01-03,2022-12-30,251,-0.3203381147272008,-0.3758756125069804,-0.6502998337565241,-0.319295815858069,-0.180528833522089,-0.1398092812051118,23.52937659745176,execution_stress,,USD100K,UNLIMITED,,50,event,0.5,3,100000.0,0.0025,0.0,True,-0.319295815858069,-0.17988114323237925,-0.13941467262568974,False
A2_event__USD100K_UNLIMITED,A2_event,diagnostics,2023,2023-01-03,2023-12-29,250,0.0887690500933024,-0.3359825498506349,0.4166234003737976,0.0880343984254841,0.2494116142532503,-0.1606425641599478,14.177330366471908,execution_stress,,USD100K,UNLIMITED,,50,event,0.5,3,100000.0,0.0025,0.0,True,0.0880343984254841,0.24720554909618309,-0.15917115067069898,False
A2_event__USD100K_UNLIMITED,A2_event,diagnostics,2024,2024-01-02,2024-12-31,252,0.8801237286304633,-0.2917742936351738,1.7086159520546975,0.8801237286304633,0.2643074461050603,0.615816282525403,14.859107144760191,execution_stress,,USD100K,UNLIMITED,,50,event,0.5,3,100000.0,0.0025,0.0,True,0.8801237286304633,0.2643074461050603,0.615816282525403,False
A2_event__USD100K_UNLIMITED,A2_event,diagnostics,2025,2025-01-02,2025-12-31,250,0.3912918662085534,-0.4341184122287844,0.871587120869036,0.3876502111942983,0.1785790013706134,0.2127128648379399,13.812808429744589,execution_stress,,USD100K,UNLIMITED,,50,event,0.5,3,100000.0,0.0025,0.0,True,0.3876502111942983,0.1770430847937292,0.2106071264005691,False
A2_event__USD100K_UNLIMITED,A2_event,diagnostics,2026,2026-01-02,2026-09-22,181,0.5055989456779311,-0.3610601306107635,0.9825156588558006,0.3416536340316645,0.193982242745804,0.311616702932127,19.337019086748093,execution_stress,,USD100K,UNLIMITED,,50,event,0.5,3,100000.0,0.0025,0.0,True,0.3416536340316645,0.13580564851123356,0.20584798552043093,True
A2_event__KRW50M_R1,A2_event,diagnostics,2017,2017-01-04,2017-12-29,250,0.1010359713756929,-0.1713471467742924,0.5826894184409294,0.1001952100421457,0.2120011745455907,-0.1109652031698977,11.755894690370196,execution_stress,,KRW50M,R1,,50,event,0.5,3,33333.333333333336,0.0025,0.01,True,0.1001952100421457,0.21015310140377008,-0.10995789136162439,False
A2_event__KRW50M_R1,A2_event,diagnostics,2018,2018-01-02,2018-12-31,251,-0.1698945706817869,-0.3567625387405162,-0.5317569047762825,-0.1692809798979034,-0.0642984107744514,-0.1055961599073355,13.007799234042867,execution_stress,,KRW50M,R1,,50,event,0.5,3,33333.333333333336,0.0025,0.01,True,-0.1692809798979034,-0.06405161044839947,-0.10522936944950392,False
A2_event__KRW50M_R1,A2_event,diagnostics,2019,2019-01-02,2019-12-31,252,0.7661831602062756,-0.1167291826272465,2.6390711482871865,0.7661831602062756,0.3401954545671213,0.4259877056391543,10.218264049268218,execution_stress,,KRW50M,R1,,50,event,0.5,3,33333.333333333336,0.0025,0.01,True,0.7661831602062756,0.3401954545671213,0.42598770563915433,False
A2_event__KRW50M_R1,A2_event,diagnostics,2020,2020-01-02,2020-12-31,253,0.4366420507588349,-0.3907912956600418,1.0035810123591755,0.4387090426403492,0.1813082709311855,0.2553337798276494,12.054928619235133,execution_stress,,KRW50M,R1,,50,event,0.5,3,33333.333333333336,0.0025,0.01,True,0.4387090426403492,0.18208961084499786,0.25661943179535135,False
A2_event__KRW50M_R1,A2_event,diagnostics,2021,2021-01-04,2021-12-31,252,0.0183472203262109,-0.3765511602782051,0.2499789968323736,0.0183472203262109,0.2861550585808201,-0.2678078382546092,18.44871312147269,execution_stress,,KRW50M,R1,,50,event,0.5,3,33333.333333333336,0.0025,0.01,True,0.0183472203262109,0.28615505858082013,-0.26780783825460924,False
A2_event__KRW50M_R1,A2_event,diagnostics,2022,2022-01-03,2022-12-30,251,-0.3190630202879227,-0.3718084449532662,-0.6473872615013052,-0.3180238383813758,-0.180528833522089,-0.1385341867658337,23.406008561564743,execution_stress,,KRW50M,R1,,50,event,0.5,3,33333.333333333336,0.0025,0.01,True,-0.3180238383813758,-0.17988114323237925,-0.13814269514899657,False
A2_event__KRW50M_R1,A2_event,diagnostics,2023,2023-01-03,2023-12-29,250,0.0980898838880954,-0.3323300781452822,0.440464132458449,0.0972747049691356,0.2494116142532503,-0.1513217303651548,13.52937613374718,execution_stress,,KRW50M,R1,,50,event,0.5,3,33333.333333333336,0.0025,0.01,True,0.0972747049691356,0.24720554909618309,-0.1499308441270475,False
A2_event__KRW50M_R1,A2_event,diagnostics,2024,2024-01-02,2024-12-31,252,0.8850190605005588,-0.2878925170582214,1.724052292156645,0.8850190605005588,0.2643074461050603,0.6207116143954985,14.255228853142013,execution_stress,,KRW50M,R1,,50,event,0.5,3,33333.333333333336,0.0025,0.01,True,0.8850190605005588,0.2643074461050603,0.6207116143954985,False
A2_event__KRW50M_R1,A2_event,diagnostics,2025,2025-01-02,2025-12-31,250,0.5110193872386006,-0.4303841352926538,1.017151057536332,0.5060772853749287,0.1785790013706134,0.3324403858679872,14.173787530158064,execution_stress,,KRW50M,R1,,50,event,0.5,3,33333.333333333336,0.0025,0.01,True,0.5060772853749287,0.1770430847937292,0.3290342005811995,False
A2_event__KRW50M_R1,A2_event,diagnostics,2026,2026-01-02,2026-09-22,181,0.3061413239466894,-0.3336837978659602,0.76206912705169,0.2114636840413326,0.193982242745804,0.1121590812008854,16.6449948829394,execution_stress,,KRW50M,R1,,50,event,0.5,3,33333.333333333336,0.0025,0.01,True,0.2114636840413326,0.13580564851123356,0.07565803553009903,True
A2_event__KRW50M_C50,A2_event,diagnostics,2017,2017-01-04,2017-12-29,250,0.0684856164159322,-0.1828426176448002,0.4322545479920636,0.0679240261052307,0.2120011745455907,-0.1435155581296585,11.754706732726016,execution_stress,,KRW50M,C50,,50,event,0.5,3,33333.333333333336,0.005,0.01,True,0.0679240261052307,0.21015310140377008,-0.1422290752985394,False
A2_event__KRW50M_C50,A2_event,diagnostics,2018,2018-01-02,2018-12-31,251,-0.1988386143749188,-0.3652765324868644,-0.657939018028902,-0.1981334956567707,-0.0642984107744514,-0.1345402036004673,12.940589521859604,execution_stress,,KRW50M,C50,,50,event,0.5,3,33333.333333333336,0.005,0.01,True,-0.1981334956567707,-0.06405161044839947,-0.13408188520837122,False
A2_event__KRW50M_C50,A2_event,diagnostics,2019,2019-01-02,2019-12-31,252,0.7067963959307346,-0.1155414047445213,2.482454519721505,0.7067963959307346,0.3401954545671213,0.3666009413636133,9.972678303151843,execution_stress,,KRW50M,C50,,50,event,0.5,3,33333.333333333336,0.005,0.01,True,0.7067963959307346,0.3401954545671213,0.3666009413636133,False
A2_event__KRW50M_C50,A2_event,diagnostics,2020,2020-01-02,2020-12-31,253,0.38997509151517,-0.4030680178438559,0.9336929245825883,0.391792544941637,0.1813082709311855,0.2086668205839845,11.897898603550258,execution_stress,,KRW50M,C50,,50,event,0.5,3,33333.333333333336,0.005,0.01,True,0.391792544941637,0.18208961084499786,0.20970293409663915,False
A2_event__KRW50M_C50,A2_event,diagnostics,2021,2021-01-04,2021-12-31,252,-0.0254120514629991,-0.4010731995831816,0.1427312623504576,-0.0254120514629991,0.2861550585808201,-0.3115671100438193,18.396527633957646,execution_stress,,KRW50M,C50,,50,event,0.5,3,33333.333333333336,0.005,0.01,True,-0.0254120514629991,0.28615505858082013,-0.3115671100438192,False
A2_event__KRW50M_C50,A2_event,diagnostics,2022,2022-01-03,2022-12-30,251,-0.3568509822765731,-0.3909424102393722,-0.7774559070500331,-0.3557235175686315,-0.180528833522089,-0.176322148754484,23.300692648838773,execution_stress,,KRW50M,C50,,50,event,0.5,3,33333.333333333336,0.005,0.01,True,-0.3557235175686315,-0.17988114323237925,-0.17584237433625227,False
A2_event__KRW50M_C50,A2_event,diagnostics,2023,2023-01-03,2023-12-29,250,0.0697944795320788,-0.3377214685669917,0.3673559422848652,0.0692218126412385,0.2494116142532503,-0.1796171347211714,13.374290372809789,execution_stress,,KRW50M,C50,,50,event,0.5,3,33333.333333333336,0.005,0.01,True,0.0692218126412385,0.24720554909618309,-0.17798373645494459,False
A2_event__KRW50M_C50,A2_event,diagnostics,2024,2024-01-02,2024-12-31,252,0.7509206856026678,-0.2996907219480775,1.5236726592367202,0.7509206856026678,0.2643074461050603,0.4866132394976075,14.916621008234154,execution_stress,,KRW50M,C50,,50,event,0.5,3,33333.333333333336,0.005,0.01,True,0.7509206856026678,0.2643074461050603,0.4866132394976075,False
A2_event__KRW50M_C50,A2_event,diagnostics,2025,2025-01-02,2025-12-31,250,0.2604765496479007,-0.4575111847740022,0.6957981101698478,0.2581629014786153,0.1785790013706134,0.0818975482772872,14.970555810744507,execution_stress,,KRW50M,C50,,50,event,0.5,3,33333.333333333336,0.005,0.01,True,0.2581629014786153,0.1770430847937292,0.0811198166848861,False
A2_event__KRW50M_C50,A2_event,diagnostics,2026,2026-01-02,2026-09-22,181,0.2511855766720472,-0.3412001954086358,0.6836076368933987,0.1746317033234845,0.193982242745804,0.0572033339262432,17.000607425440215,execution_stress,,KRW50M,C50,,50,event,0.5,3,33333.333333333336,0.005,0.01,True,0.1746317033234845,0.13580564851123356,0.03882605481225093,True
A2_event__KRW50M_R5,A2_event,diagnostics,2017,2017-01-04,2017-12-29,250,0.0972675709050867,-0.1729077534824347,0.5654154676957673,0.096459521464679,0.2120011745455907,-0.114733603640504,11.639506817207142,execution_stress,,KRW50M,R5,,50,event,0.5,3,33333.333333333336,0.0025,0.05,True,0.096459521464679,0.21015310140377008,-0.11369357993909109,False
A2_event__KRW50M_R5,A2_event,diagnostics,2018,2018-01-02,2018-12-31,251,-0.1716210984793136,-0.3566918696320281,-0.5383529467131094,-0.171001934638451,-0.0642984107744514,-0.1073226877048622,12.914263790156385,execution_stress,,KRW50M,R5,,50,event,0.5,3,33333.333333333336,0.0025,0.05,True,-0.171001934638451,-0.06405161044839947,-0.10695032419005154,False
A2_event__KRW50M_R5,A2_event,diagnostics,2019,2019-01-02,2019-12-31,252,0.7684912292991639,-0.112465645368096,2.636920473792566,0.7684912292991639,0.3401954545671213,0.4282957747320426,9.717168421858483,execution_stress,,KRW50M,R5,,50,event,0.5,3,33333.333333333336,0.0025,0.05,True,0.7684912292991639,0.3401954545671213,0.4282957747320426,False
A2_event__KRW50M_R5,A2_event,diagnostics,2020,2020-01-02,2020-12-31,253,0.4706659712073562,-0.4304876525718655,1.0442654672071892,0.472918720310453,0.1813082709311855,0.2893577002761707,12.135399379472272,execution_stress,,KRW50M,R5,,50,event,0.5,3,33333.333333333336,0.0025,0.05,True,0.472918720310453,0.18208961084499786,0.29082910946545515,False
A2_event__KRW50M_R5,A2_event,diagnostics,2021,2021-01-04,2021-12-31,252,-0.2039909938470394,-0.415127154142809,-0.3791326637834367,-0.2039909938470394,0.2861550585808201,-0.4901460524278596,19.80032405463913,execution_stress,,KRW50M,R5,,50,event,0.5,3,33333.333333333336,0.0025,0.05,True,-0.2039909938470394,0.28615505858082013,-0.4901460524278595,False
A2_event__KRW50M_R5,A2_event,diagnostics,2022,2022-01-03,2022-12-30,251,-0.3222627929139111,-0.3757202438390736,-0.6586303430831895,-0.3212158071180514,-0.180528833522089,-0.1417339593918221,22.976735526523616,execution_stress,,KRW50M,R5,,50,event,0.5,3,33333.333333333336,0.0025,0.05,True,-0.3212158071180514,-0.17988114323237925,-0.14133466388567217,False
A2_event__KRW50M_R5,A2_event,diagnostics,2023,2023-01-03,2023-12-29,250,0.0934519355638385,-0.3372367351170621,0.4287423006500085,0.0926769042942725,0.2494116142532503,-0.1559596786894117,13.62866352135687,execution_stress,,KRW50M,R5,,50,event,0.5,3,33333.333333333336,0.0025,0.05,True,0.0926769042942725,0.24720554909618309,-0.1545286448019106,False
A2_event__KRW50M_R5,A2_event,diagnostics,2024,2024-01-02,2024-12-31,252,0.8644736148864784,-0.2892412633328375,1.691792143135539,0.8644736148864784,0.2643074461050603,0.6001661687814182,14.20011516516203,execution_stress,,KRW50M,R5,,50,event,0.5,3,33333.333333333336,0.0025,0.05,True,0.8644736148864784,0.2643074461050603,0.6001661687814182,False
A2_event__KRW50M_R5,A2_event,diagnostics,2025,2025-01-02,2025-12-31,250,0.3897745455472485,-0.4336539385573045,0.8698340360567145,0.3861488662713583,0.1785790013706134,0.2111955441766351,13.318558726264136,execution_stress,,KRW50M,R5,,50,event,0.5,3,33333.333333333336,0.0025,0.05,True,0.3861488662713583,0.1770430847937292,0.2091057814776291,False
A2_event__KRW50M_R5,A2_event,diagnostics,2026,2026-01-02,2026-09-22,181,0.5075946657272279,-0.3603483784239272,0.9858804934754616,0.3429307422673935,0.193982242745804,0.3136124229814239,18.71067080631716,execution_stress,,KRW50M,R5,,50,event,0.5,3,33333.333333333336,0.0025,0.05,True,0.3429307422673935,0.13580564851123356,0.20712509375615995,True
A2_event__KRW50M_UNLIMITED,A2_event,diagnostics,2017,2017-01-04,2017-12-29,250,0.0972675709050867,-0.1729077534824347,0.5654154676957673,0.096459521464679,0.2120011745455907,-0.114733603640504,11.639506817207142,execution_stress,,KRW50M,UNLIMITED,,50,event,0.5,3,33333.333333333336,0.0025,0.0,True,0.096459521464679,0.21015310140377008,-0.11369357993909109,False
A2_event__KRW50M_UNLIMITED,A2_event,diagnostics,2018,2018-01-02,2018-12-31,251,-0.1716210984793136,-0.3566918696320281,-0.5383529467131094,-0.171001934638451,-0.0642984107744514,-0.1073226877048622,12.914263790156385,execution_stress,,KRW50M,UNLIMITED,,50,event,0.5,3,33333.333333333336,0.0025,0.0,True,-0.171001934638451,-0.06405161044839947,-0.10695032419005154,False
A2_event__KRW50M_UNLIMITED,A2_event,diagnostics,2019,2019-01-02,2019-12-31,252,0.7684912292991639,-0.112465645368096,2.636920473792566,0.7684912292991639,0.3401954545671213,0.4282957747320426,9.717168421858483,execution_stress,,KRW50M,UNLIMITED,,50,event,0.5,3,33333.333333333336,0.0025,0.0,True,0.7684912292991639,0.3401954545671213,0.4282957747320426,False
A2_event__KRW50M_UNLIMITED,A2_event,diagnostics,2020,2020-01-02,2020-12-31,253,0.4706659712073562,-0.4304876525718655,1.0442654672071892,0.472918720310453,0.1813082709311855,0.2893577002761707,12.135399379472272,execution_stress,,KRW50M,UNLIMITED,,50,event,0.5,3,33333.333333333336,0.0025,0.0,True,0.472918720310453,0.18208961084499786,0.29082910946545515,False
A2_event__KRW50M_UNLIMITED,A2_event,diagnostics,2021,2021-01-04,2021-12-31,252,-0.2039909938470394,-0.415127154142809,-0.3791326637834367,-0.2039909938470394,0.2861550585808201,-0.4901460524278596,19.80032405463913,execution_stress,,KRW50M,UNLIMITED,,50,event,0.5,3,33333.333333333336,0.0025,0.0,True,-0.2039909938470394,0.28615505858082013,-0.4901460524278595,False
A2_event__KRW50M_UNLIMITED,A2_event,diagnostics,2022,2022-01-03,2022-12-30,251,-0.3222627929139111,-0.3757202438390736,-0.6586303430831895,-0.3212158071180514,-0.180528833522089,-0.1417339593918221,22.976735526523616,execution_stress,,KRW50M,UNLIMITED,,50,event,0.5,3,33333.333333333336,0.0025,0.0,True,-0.3212158071180514,-0.17988114323237925,-0.14133466388567217,False
A2_event__KRW50M_UNLIMITED,A2_event,diagnostics,2023,2023-01-03,2023-12-29,250,0.0934519355638385,-0.3372367351170621,0.4287423006500085,0.0926769042942725,0.2494116142532503,-0.1559596786894117,13.62866352135687,execution_stress,,KRW50M,UNLIMITED,,50,event,0.5,3,33333.333333333336,0.0025,0.0,True,0.0926769042942725,0.24720554909618309,-0.1545286448019106,False
A2_event__KRW50M_UNLIMITED,A2_event,diagnostics,2024,2024-01-02,2024-12-31,252,0.8648303108878428,-0.2891771112457171,1.6925108049730355,0.8648303108878428,0.2643074461050603,0.6005228647827825,14.316134639313184,execution_stress,,KRW50M,UNLIMITED,,50,event,0.5,3,33333.333333333336,0.0025,0.0,True,0.8648303108878428,0.2643074461050603,0.6005228647827825,False
A2_event__KRW50M_UNLIMITED,A2_event,diagnostics,2025,2025-01-02,2025-12-31,250,0.3895073308930588,-0.4337619754887803,0.8694551915812465,0.3858844637503791,0.1785790013706134,0.2109283295224453,13.31033356933829,execution_stress,,KRW50M,UNLIMITED,,50,event,0.5,3,33333.333333333336,0.0025,0.0,True,0.3858844637503791,0.1770430847937292,0.2088413789566499,False
A2_event__KRW50M_UNLIMITED,A2_event,diagnostics,2026,2026-01-02,2026-09-22,181,0.5082605882536484,-0.3604620741125072,0.986604205272386,0.3433567757615623,0.193982242745804,0.3142783455078444,18.739953448536905,execution_stress,,KRW50M,UNLIMITED,,50,event,0.5,3,33333.333333333336,0.0025,0.0,True,0.3433567757615623,0.13580564851123356,0.20755112725032876,True
A2_event__KRW100M_R1,A2_event,diagnostics,2017,2017-01-04,2017-12-29,250,0.0946264538133625,-0.1756082167863497,0.5515979863780995,0.0938412701256508,0.2120011745455907,-0.1173747207322282,12.03694566320624,execution_stress,,KRW100M,R1,,50,event,0.5,3,66666.66666666667,0.0025,0.01,True,0.0938412701256508,0.21015310140377008,-0.11631183127811928,False
A2_event__KRW100M_R1,A2_event,diagnostics,2018,2018-01-02,2018-12-31,251,-0.1712764334462524,-0.3568657956304485,-0.5360166479863369,-0.1706583810130775,-0.0642984107744514,-0.106978022671801,13.486418674912404,execution_stress,,KRW100M,R1,,50,event,0.5,3,66666.66666666667,0.0025,0.01,True,-0.1706583810130775,-0.06405161044839947,-0.10660677056467804,False
A2_event__KRW100M_R1,A2_event,diagnostics,2019,2019-01-02,2019-12-31,252,0.7683994003111358,-0.1164206918221345,2.6479867065091915,0.7683994003111358,0.3401954545671213,0.4282039457440145,10.758056218683889,execution_stress,,KRW100M,R1,,50,event,0.5,3,66666.66666666667,0.0025,0.01,True,0.7683994003111358,0.3401954545671213,0.42820394574401455,False
A2_event__KRW100M_R1,A2_event,diagnostics,2020,2020-01-02,2020-12-31,253,0.4415365011773344,-0.3927226449162465,1.0098278142492565,0.4436300186211472,0.1813082709311855,0.2602282302461489,12.340146650966869,execution_stress,,KRW100M,R1,,50,event,0.5,3,66666.66666666667,0.0025,0.01,True,0.4436300186211472,0.18208961084499786,0.26154040777614934,False
A2_event__KRW100M_R1,A2_event,diagnostics,2021,2021-01-04,2021-12-31,252,0.0229145506518757,-0.3480355059979625,0.2622926704843821,0.0229145506518757,0.2861550585808201,-0.2632405079289444,18.1954032814528,execution_stress,,KRW100M,R1,,50,event,0.5,3,66666.66666666667,0.0025,0.01,True,0.0229145506518757,0.28615505858082013,-0.26324050792894443,False
A2_event__KRW100M_R1,A2_event,diagnostics,2022,2022-01-03,2022-12-30,251,-0.3143224662938244,-0.3735196674495208,-0.6093968479130577,-0.3132949554008329,-0.180528833522089,-0.1337936327717354,23.322310077283344,execution_stress,,KRW100M,R1,,50,event,0.5,3,66666.66666666667,0.0025,0.01,True,-0.3132949554008329,-0.17988114323237925,-0.13341381216845366,False
A2_event__KRW100M_R1,A2_event,diagnostics,2023,2023-01-03,2023-12-29,250,0.0888359508165541,-0.3330636081457039,0.4166588714155042,0.0881007233911541,0.2494116142532503,-0.1605756634366961,14.136893089627716,execution_stress,,KRW100M,R1,,50,event,0.5,3,66666.66666666667,0.0025,0.01,True,0.0881007233911541,0.24720554909618309,-0.15910482570502898,False
A2_event__KRW100M_R1,A2_event,diagnostics,2024,2024-01-02,2024-12-31,252,0.7833577865744887,-0.2879241613915447,1.570932622391349,0.7833577865744887,0.2643074461050603,0.5190503404694284,14.458668065017887,execution_stress,,KRW100M,R1,,50,event,0.5,3,66666.66666666667,0.0025,0.01,True,0.7833577865744887,0.2643074461050603,0.5190503404694284,False
A2_event__KRW100M_R1,A2_event,diagnostics,2025,2025-01-02,2025-12-31,250,0.3102060509933015,-0.3899100105508949,0.7690616725073185,0.3073995590439782,0.1785790013706134,0.1316270496226881,14.355564062298878,execution_stress,,KRW100M,R1,,50,event,0.5,3,66666.66666666667,0.0025,0.01,True,0.3073995590439782,0.1770430847937292,0.130356474250249,False
A2_event__KRW100M_R1,A2_event,diagnostics,2026,2026-01-02,2026-09-22,181,0.0096354659139068,-0.3545611259308678,0.2679300919807037,0.0069113560743585,0.193982242745804,-0.1843467768318971,19.20043641170523,execution_stress,,KRW100M,R1,,50,event,0.5,3,66666.66666666667,0.0025,0.01,True,0.0069113560743585,0.13580564851123356,-0.12889429243687506,True
A2_event__KRW100M_C50,A2_event,diagnostics,2017,2017-01-04,2017-12-29,250,0.0623162489047759,-0.1869550640326844,0.4021681870747911,0.0618066982475546,0.2120011745455907,-0.1496849256408148,12.010195425207083,execution_stress,,KRW100M,C50,,50,event,0.5,3,66666.66666666667,0.005,0.01,True,0.0618066982475546,0.21015310140377008,-0.14834640315621547,False
A2_event__KRW100M_C50,A2_event,diagnostics,2018,2018-01-02,2018-12-31,251,-0.1990056634355435,-0.3657242465455481,-0.6574728046805419,-0.1983000283331083,-0.0642984107744514,-0.134707252661092,13.483223554575586,execution_stress,,KRW100M,C50,,50,event,0.5,3,66666.66666666667,0.005,0.01,True,-0.1983000283331083,-0.06405161044839947,-0.13424841788470884,False
A2_event__KRW100M_C50,A2_event,diagnostics,2019,2019-01-02,2019-12-31,252,0.721222734052891,-0.1190388784476046,2.529556080564917,0.721222734052891,0.3401954545671213,0.3810272794857696,10.726418801338864,execution_stress,,KRW100M,C50,,50,event,0.5,3,66666.66666666667,0.005,0.01,True,0.721222734052891,0.3401954545671213,0.38102727948576964,False
A2_event__KRW100M_C50,A2_event,diagnostics,2020,2020-01-02,2020-12-31,253,0.3953440082077679,-0.399425396994109,0.9404784633107504,0.3971898561220182,0.1813082709311855,0.2140357372765824,12.279925404106503,execution_stress,,KRW100M,C50,,50,event,0.5,3,66666.66666666667,0.005,0.01,True,0.3971898561220182,0.18208961084499786,0.21510024527702032,False
A2_event__KRW100M_C50,A2_event,diagnostics,2021,2021-01-04,2021-12-31,252,-0.0187186629393452,-0.3654219576430442,0.1619020462561247,-0.0187186629393452,0.2861550585808201,-0.3048737215201653,17.997290817181007,execution_stress,,KRW100M,C50,,50,event,0.5,3,66666.66666666667,0.005,0.01,True,-0.0187186629393452,0.28615505858082013,-0.30487372152016534,False
A2_event__KRW100M_C50,A2_event,diagnostics,2022,2022-01-03,2022-12-30,251,-0.3529100422120176,-0.3930155112738031,-0.7387739692138531,-0.3517913826615922,-0.180528833522089,-0.1723812086899285,23.216092001632585,execution_stress,,KRW100M,C50,,50,event,0.5,3,66666.66666666667,0.005,0.01,True,-0.3517913826615922,-0.17988114323237925,-0.17191023942921296,False
A2_event__KRW100M_C50,A2_event,diagnostics,2023,2023-01-03,2023-12-29,250,0.0527341117124156,-0.3370374315699875,0.3225380180186531,0.0523048283225222,0.2494116142532503,-0.1966775025408347,14.0454437121075,execution_stress,,KRW100M,C50,,50,event,0.5,3,66666.66666666667,0.005,0.01,True,0.0523048283225222,0.24720554909618309,-0.19490072077366088,False
A2_event__KRW100M_C50,A2_event,diagnostics,2024,2024-01-02,2024-12-31,252,1.0556201616714942,-0.2817796001599207,1.810792177941588,1.0556201616714942,0.2643074461050603,0.7913127155664339,14.27444960730253,execution_stress,,KRW100M,C50,,50,event,0.5,3,66666.66666666667,0.005,0.01,True,1.0556201616714942,0.2643074461050603,0.7913127155664339,False
A2_event__KRW100M_C50,A2_event,diagnostics,2025,2025-01-02,2025-12-31,250,0.3107158091488589,-0.3811327799392481,0.7701679345682428,0.3079041874729973,0.1785790013706134,0.1321368077782454,14.538576031766608,execution_stress,,KRW100M,C50,,50,event,0.5,3,66666.66666666667,0.005,0.01,True,0.3079041874729973,0.1770430847937292,0.1308611026792681,False
A2_event__KRW100M_C50,A2_event,diagnostics,2026,2026-01-02,2026-09-22,181,0.0079178648652495,-0.3526360779232207,0.2676252098891275,0.0056807158233891,0.193982242745804,-0.1860643778805544,18.375777706897924,execution_stress,,KRW100M,C50,,50,event,0.5,3,66666.66666666667,0.005,0.01,True,0.0056807158233891,0.13580564851123356,-0.13012493268784445,True
A2_event__KRW100M_R5,A2_event,diagnostics,2017,2017-01-04,2017-12-29,250,0.1012597833417314,-0.171191287711784,0.5819139943584295,0.1004170759952689,0.2120011745455907,-0.1107413912038592,12.016355344714942,execution_stress,,KRW100M,R5,,50,event,0.5,3,66666.66666666667,0.0025,0.05,True,0.1004170759952689,0.21015310140377008,-0.10973602540850118,False
A2_event__KRW100M_R5,A2_event,diagnostics,2018,2018-01-02,2018-12-31,251,-0.1728463897138877,-0.3575521304588805,-0.5422256185770121,-0.1722232793902907,-0.0642984107744514,-0.1085479789394363,13.41535833882408,execution_stress,,KRW100M,R5,,50,event,0.5,3,66666.66666666667,0.0025,0.05,True,-0.1722232793902907,-0.06405161044839947,-0.10817166894189123,False
A2_event__KRW100M_R5,A2_event,diagnostics,2019,2019-01-02,2019-12-31,252,0.7771345461917087,-0.1153113467926807,2.6632446318452354,0.7771345461917087,0.3401954545671213,0.4369390916245874,10.58267886397626,execution_stress,,KRW100M,R5,,50,event,0.5,3,66666.66666666667,0.0025,0.05,True,0.7771345461917087,0.3401954545671213,0.43693909162458744,False
A2_event__KRW100M_R5,A2_event,diagnostics,2020,2020-01-02,2020-12-31,253,0.4828286798561816,-0.4246827768693254,1.060214058359626,0.4851485984334209,0.1813082709311855,0.3015204089249961,12.58121344580278,execution_stress,,KRW100M,R5,,50,event,0.5,3,66666.66666666667,0.0025,0.05,True,0.4851485984334209,0.18208961084499786,0.30305898758842303,False
A2_event__KRW100M_R5,A2_event,diagnostics,2021,2021-01-04,2021-12-31,252,-0.0953971494638852,-0.3624252684335576,-0.0645385223290896,-0.0953971494638852,0.2861550585808201,-0.3815522080447053,18.84220928832039,execution_stress,,KRW100M,R5,,50,event,0.5,3,66666.66666666667,0.0025,0.05,True,-0.0953971494638852,0.28615505858082013,-0.38155220804470535,False
A2_event__KRW100M_R5,A2_event,diagnostics,2022,2022-01-03,2022-12-30,251,-0.1878903462882256,-0.29402272394185,-0.2885584773363923,-0.1872193701085703,-0.180528833522089,-0.0073615127661366,19.96005936157882,execution_stress,,KRW100M,R5,,50,event,0.5,3,66666.66666666667,0.0025,0.05,True,-0.1872193701085703,-0.17988114323237925,-0.00733822687619104,False
A2_event__KRW100M_R5,A2_event,diagnostics,2023,2023-01-03,2023-12-29,250,0.0936916589066183,-0.3296871504923511,0.4291157658251338,0.0929145562983586,0.2494116142532503,-0.1557199553466319,14.031333944168669,execution_stress,,KRW100M,R5,,50,event,0.5,3,66666.66666666667,0.0025,0.05,True,0.0929145562983586,0.24720554909618309,-0.1542909927978245,False
A2_event__KRW100M_R5,A2_event,diagnostics,2024,2024-01-02,2024-12-31,252,0.7962542006160216,-0.2996175748173937,1.59741971682563,0.7962542006160216,0.2643074461050603,0.5319467545109613,15.1975494957219,execution_stress,,KRW100M,R5,,50,event,0.5,3,66666.66666666667,0.0025,0.05,True,0.7962542006160216,0.2643074461050603,0.5319467545109613,False
A2_event__KRW100M_R5,A2_event,diagnostics,2025,2025-01-02,2025-12-31,250,0.2638805675745455,-0.4523248577462159,0.7002837115780712,0.261533668695741,0.1785790013706134,0.085301566203932,15.248525789300198,execution_stress,,KRW100M,R5,,50,event,0.5,3,66666.66666666667,0.0025,0.05,True,0.261533668695741,0.1770430847937292,0.0844905839020118,False
A2_event__KRW100M_R5,A2_event,diagnostics,2026,2026-01-02,2026-09-22,181,0.3187165246705243,-0.3424075029440238,0.7826802682222664,0.2198298441907409,0.193982242745804,0.1247342819247203,18.052899714650312,execution_stress,,KRW100M,R5,,50,event,0.5,3,66666.66666666667,0.0025,0.05,True,0.2198298441907409,0.13580564851123356,0.08402419567950734,True
A2_event__KRW100M_UNLIMITED,A2_event,diagnostics,2017,2017-01-04,2017-12-29,250,0.1012597833417314,-0.171191287711784,0.5819139943584295,0.1004170759952689,0.2120011745455907,-0.1107413912038592,12.016355344714942,execution_stress,,KRW100M,UNLIMITED,,50,event,0.5,3,66666.66666666667,0.0025,0.0,True,0.1004170759952689,0.21015310140377008,-0.10973602540850118,False
A2_event__KRW100M_UNLIMITED,A2_event,diagnostics,2018,2018-01-02,2018-12-31,251,-0.1728463897138877,-0.3575521304588805,-0.5422256185770121,-0.1722232793902907,-0.0642984107744514,-0.1085479789394363,13.41535833882408,execution_stress,,KRW100M,UNLIMITED,,50,event,0.5,3,66666.66666666667,0.0025,0.0,True,-0.1722232793902907,-0.06405161044839947,-0.10817166894189123,False
A2_event__KRW100M_UNLIMITED,A2_event,diagnostics,2019,2019-01-02,2019-12-31,252,0.7790101468895609,-0.1155090915506193,2.667860268529956,0.7790101468895609,0.3401954545671213,0.4388146923224396,10.572743563365982,execution_stress,,KRW100M,UNLIMITED,,50,event,0.5,3,66666.66666666667,0.0025,0.0,True,0.7790101468895609,0.3401954545671213,0.43881469232243964,False
A2_event__KRW100M_UNLIMITED,A2_event,diagnostics,2020,2020-01-02,2020-12-31,253,0.4821379563711467,-0.4247438522770848,1.0592735598505076,0.4844540496835852,0.1813082709311855,0.3008296854399612,12.589667273410187,execution_stress,,KRW100M,UNLIMITED,,50,event,0.5,3,66666.66666666667,0.0025,0.0,True,0.4844540496835852,0.18208961084499786,0.3023644388385873,False
A2_event__KRW100M_UNLIMITED,A2_event,diagnostics,2021,2021-01-04,2021-12-31,252,-0.2008002181139812,-0.413884846821531,-0.3686844073720772,-0.2008002181139812,0.2861550585808201,-0.4869552766948013,20.193555834160463,execution_stress,,KRW100M,UNLIMITED,,50,event,0.5,3,66666.66666666667,0.0025,0.0,True,-0.2008002181139812,0.28615505858082013,-0.4869552766948013,False
A2_event__KRW100M_UNLIMITED,A2_event,diagnostics,2022,2022-01-03,2022-12-30,251,-0.3216474599051403,-0.376157491534097,-0.6551491249112912,-0.3206019702023468,-0.180528833522089,-0.1411186263830512,23.40225452135357,execution_stress,,KRW100M,UNLIMITED,,50,event,0.5,3,66666.66666666667,0.0025,0.0,True,-0.3206019702023468,-0.17988114323237925,-0.14072082696996757,False
A2_event__KRW100M_UNLIMITED,A2_event,diagnostics,2023,2023-01-03,2023-12-29,250,0.0884365339710218,-0.3364087219789282,0.4157876469614394,0.0877047435065052,0.2494116142532503,-0.1609750802822285,14.01476706872742,execution_stress,,KRW100M,UNLIMITED,,50,event,0.5,3,66666.66666666667,0.0025,0.0,True,0.0877047435065052,0.24720554909618309,-0.15950080558967789,False
A2_event__KRW100M_UNLIMITED,A2_event,diagnostics,2024,2024-01-02,2024-12-31,252,0.8853206919903831,-0.2912325391891687,1.7156357577144548,0.8853206919903831,0.2643074461050603,0.6210132458853228,14.68364491144018,execution_stress,,KRW100M,UNLIMITED,,50,event,0.5,3,66666.66666666667,0.0025,0.0,True,0.8853206919903831,0.2643074461050603,0.6210132458853228,False
A2_event__KRW100M_UNLIMITED,A2_event,diagnostics,2025,2025-01-02,2025-12-31,250,0.3905607679280463,-0.4341415709454869,0.8706758813549577,0.3869268122076035,0.1785790013706134,0.2119817665574328,13.635833867051632,execution_stress,,KRW100M,UNLIMITED,,50,event,0.5,3,66666.66666666667,0.0025,0.0,True,0.3869268122076035,0.1770430847937292,0.2098837274138743,False
A2_event__KRW100M_UNLIMITED,A2_event,diagnostics,2026,2026-01-02,2026-09-22,181,0.6158974086432312,-0.3612030716502743,1.0685519682498363,0.4115427240519902,0.193982242745804,0.4219151658974271,19.26874315411489,execution_stress,,KRW100M,UNLIMITED,,50,event,0.5,3,66666.66666666667,0.0025,0.0,True,0.4115427240519902,0.13580564851123356,0.27573707554075666,True
A2_quarter__fresh2018,A2_quarter,diagnostics,2018,2018-01-02,2018-12-31,251,-0.0112305849912601,-0.3096624821171857,0.0953953837194739,-0.011186269376935,-0.0642984107744514,0.0530678257831912,11.483491005562032,fresh_cash,2018-01-01,,,,50,quarter,0.5,3,100000.0,0.0025,0.01,True,-0.011186269376935,-0.06405161044839947,0.05286534107146447,False
A2_quarter__fresh2018,A2_quarter,diagnostics,2019,2019-01-02,2019-12-31,252,0.7562935121618506,-0.1190526333042494,2.6188523959113645,0.7562935121618506,0.3401954545671213,0.4160980575947293,7.256844004714328,fresh_cash,2018-01-01,,,,50,quarter,0.5,3,100000.0,0.0025,0.01,True,0.7562935121618506,0.3401954545671213,0.4160980575947293,False
A2_quarter__fresh2018,A2_quarter,diagnostics,2020,2020-01-02,2020-12-31,253,0.5794883527849051,-0.3932835472919499,1.241581446290868,0.582355975214133,0.1813082709311855,0.3981800818537195,8.269937604852897,fresh_cash,2018-01-01,,,,50,quarter,0.5,3,100000.0,0.0025,0.01,True,0.582355975214133,0.18208961084499786,0.4002663643691351,False
A2_quarter__fresh2018,A2_quarter,diagnostics,2021,2021-01-04,2021-12-31,252,-0.0359986110153466,-0.4219151065331538,0.1038023521048951,-0.0359986110153466,0.2861550585808201,-0.3221536695961667,10.887257430739648,fresh_cash,2018-01-01,,,,50,quarter,0.5,3,100000.0,0.0025,0.01,True,-0.0359986110153466,0.28615505858082013,-0.32215366959616676,False
A2_quarter__fresh2018,A2_quarter,diagnostics,2022,2022-01-03,2022-12-30,251,-0.1945800934173073,-0.29522370733942,-0.4067944414473401,-0.1938881851466678,-0.180528833522089,-0.0140512598952182,13.812501075858597,fresh_cash,2018-01-01,,,,50,quarter,0.5,3,100000.0,0.0025,0.01,True,-0.1938881851466678,-0.17988114323237925,-0.01400704191428856,False
A2_quarter__fresh2018,A2_quarter,diagnostics,2023,2023-01-03,2023-12-29,250,0.1401572758766462,-0.3341714874711705,0.5551721864361077,0.1389709877854086,0.2494116142532503,-0.109254338376604,7.817454230519621,fresh_cash,2018-01-01,,,,50,quarter,0.5,3,100000.0,0.0025,0.01,True,0.1389709877854086,0.24720554909618309,-0.1082345613107745,False
A2_quarter__fresh2018,A2_quarter,diagnostics,2024,2024-01-02,2024-12-31,252,1.5838772631875837,-0.2245431949275825,2.074536698116634,1.5838772631875837,0.2643074461050603,1.3195698170825232,6.76303066958406,fresh_cash,2018-01-01,,,,50,quarter,0.5,3,100000.0,0.0025,0.01,True,1.5838772631875837,0.2643074461050603,1.3195698170825234,False
A2_quarter__fresh2018,A2_quarter,diagnostics,2025,2025-01-02,2025-12-31,250,0.3175216225719031,-0.3906857323688087,0.797096712460255,0.3146413646126325,0.1785790013706134,0.1389426212012896,7.834897659140524,fresh_cash,2018-01-01,,,,50,quarter,0.5,3,100000.0,0.0025,0.01,True,0.3146413646126325,0.1770430847937292,0.13759827981890327,False
A2_quarter__fresh2018,A2_quarter,diagnostics,2026,2026-01-02,2026-09-22,181,0.3796689713716454,-0.2659927499934998,0.9121864893601046,0.260067686495985,0.193982242745804,0.1856867286258414,9.507641285178249,fresh_cash,2018-01-01,,,,50,quarter,0.5,3,100000.0,0.0025,0.01,True,0.260067686495985,0.13580564851123356,0.12426203798475144,True
A2_quarter__fresh2019,A2_quarter,diagnostics,2019,2019-01-02,2019-12-31,252,1.132396789909667,-0.121507114991179,3.138119873314719,1.132396789909667,0.3401954545671213,0.7922013353425457,11.703435181997603,fresh_cash,2019-01-01,,,,50,quarter,0.5,3,100000.0,0.0025,0.01,True,1.132396789909667,0.3401954545671213,0.7922013353425457,False
A2_quarter__fresh2019,A2_quarter,diagnostics,2020,2020-01-02,2020-12-31,253,0.7053377291977827,-0.4112792097741956,1.3707262209181017,0.708953646491588,0.1813082709311855,0.5240294582665972,7.555728561083206,fresh_cash,2019-01-01,,,,50,quarter,0.5,3,100000.0,0.0025,0.01,True,0.708953646491588,0.18208961084499786,0.5268640356465901,False
A2_quarter__fresh2019,A2_quarter,diagnostics,2021,2021-01-04,2021-12-31,252,-0.0335778314134874,-0.434509151145741,0.1237961971818322,-0.0335778314134874,0.2861550585808201,-0.3197328899943076,11.330628509212888,fresh_cash,2019-01-01,,,,50,quarter,0.5,3,100000.0,0.0025,0.01,True,-0.0335778314134874,0.28615505858082013,-0.31973288999430755,False
A2_quarter__fresh2019,A2_quarter,diagnostics,2022,2022-01-03,2022-12-30,251,-0.3029138124251156,-0.3667388100519853,-0.7752266974811688,-0.3019149191839294,-0.180528833522089,-0.1223849789030265,15.515490546983555,fresh_cash,2019-01-01,,,,50,quarter,0.5,3,100000.0,0.0025,0.01,True,-0.3019149191839294,-0.17988114323237925,-0.12203377595155013,False
A2_quarter__fresh2019,A2_quarter,diagnostics,2023,2023-01-03,2023-12-29,250,0.1302173066176331,-0.3255652283057976,0.5324760457129333,0.1291198254349252,0.2494116142532503,-0.1191943076356172,8.316641254135016,fresh_cash,2019-01-01,,,,50,quarter,0.5,3,100000.0,0.0025,0.01,True,0.1291198254349252,0.24720554909618309,-0.11808572366125789,False
A2_quarter__fresh2019,A2_quarter,diagnostics,2024,2024-01-02,2024-12-31,252,1.6114138854617894,-0.2385891321312471,2.046750613618869,1.6114138854617894,0.2643074461050603,1.3471064393567291,6.714970854997247,fresh_cash,2019-01-01,,,,50,quarter,0.5,3,100000.0,0.0025,0.01,True,1.6114138854617894,0.2643074461050603,1.3471064393567291,False
A2_quarter__fresh2019,A2_quarter,diagnostics,2025,2025-01-02,2025-12-31,250,0.4664985352426591,-0.404969229364464,0.9943236165798084,0.4620490335246936,0.1785790013706134,0.2879195338720457,7.110470677905027,fresh_cash,2019-01-01,,,,50,quarter,0.5,3,100000.0,0.0025,0.01,True,0.4620490335246936,0.1770430847937292,0.2850059487309644,False
A2_quarter__fresh2019,A2_quarter,diagnostics,2026,2026-01-02,2026-09-22,181,0.1643850566856235,-0.3255763315104087,0.5563994311379823,0.1155117826823433,0.193982242745804,-0.0295971860601804,10.355045341600606,fresh_cash,2019-01-01,,,,50,quarter,0.5,3,100000.0,0.0025,0.01,True,0.1155117826823433,0.13580564851123356,-0.020293865828890256,True
A2_quarter__fresh2020,A2_quarter,diagnostics,2020,2020-01-02,2020-12-31,253,0.997087344532954,-0.4590494588686473,1.57440608470299,1.0025764812397404,0.1813082709311855,0.8157790736017685,12.13492668391295,fresh_cash,2020-01-01,,,,50,quarter,0.5,3,100000.0,0.0025,0.01,True,1.0025764812397404,0.18208961084499786,0.8204868703947426,False
A2_quarter__fresh2020,A2_quarter,diagnostics,2021,2021-01-04,2021-12-31,252,-0.0076167013192133,-0.4637625536179812,0.2057402629585807,-0.0076167013192133,0.2861550585808201,-0.2937717599000334,10.028596099220415,fresh_cash,2020-01-01,,,,50,quarter,0.5,3,100000.0,0.0025,0.01,True,-0.0076167013192133,0.28615505858082013,-0.29377175990003346,False
A2_quarter__fresh2020,A2_quarter,diagnostics,2022,2022-01-03,2022-12-30,251,-0.2114026621296285,-0.2963585702124096,-0.4664185946315495,-0.2106590918687438,-0.180528833522089,-0.0308738286075395,13.794899434194226,fresh_cash,2020-01-01,,,,50,quarter,0.5,3,100000.0,0.0025,0.01,True,-0.2106590918687438,-0.17988114323237925,-0.030777948636364544,False
A2_quarter__fresh2020,A2_quarter,diagnostics,2023,2023-01-03,2023-12-29,250,0.0969395324352013,-0.3215575546805995,0.4403121503435088,0.0961343257456135,0.2494116142532503,-0.1524720818180489,8.85642045816694,fresh_cash,2020-01-01,,,,50,quarter,0.5,3,100000.0,0.0025,0.01,True,0.0961343257456135,0.24720554909618309,-0.1510712233505696,False
A2_quarter__fresh2020,A2_quarter,diagnostics,2024,2024-01-02,2024-12-31,252,0.8843829481327752,-0.2333189026379267,1.6951224017625974,0.8843829481327752,0.2643074461050603,0.6200755020277149,7.61066172778492,fresh_cash,2020-01-01,,,,50,quarter,0.5,3,100000.0,0.0025,0.01,True,0.8843829481327752,0.2643074461050603,0.6200755020277149,False
A2_quarter__fresh2020,A2_quarter,diagnostics,2025,2025-01-02,2025-12-31,250,0.2754082132953299,-0.417284547152596,0.7241279702022162,0.2729481774854643,0.1785790013706134,0.0968292119247165,8.503761984673407,fresh_cash,2020-01-01,,,,50,quarter,0.5,3,100000.0,0.0025,0.01,True,0.2729481774854643,0.1770430847937292,0.09590509269173508,False
A2_quarter__fresh2020,A2_quarter,diagnostics,2026,2026-01-02,2026-09-22,181,-0.018363911452726,-0.2971733708884652,0.174206627880971,-0.0132243449704692,0.193982242745804,-0.2123461541985301,9.894928519666744,fresh_cash,2020-01-01,,,,50,quarter,0.5,3,100000.0,0.0025,0.01,True,-0.0132243449704692,0.13580564851123356,-0.14902999348170276,True
A2_quarter__fresh2021,A2_quarter,diagnostics,2021,2021-01-04,2021-12-31,252,-0.2821433555264063,-0.4708105591894833,-0.635277347312742,-0.2821433555264063,0.2861550585808201,-0.5682984141072265,18.89252930401235,fresh_cash,2021-01-01,,,,50,quarter,0.5,3,100000.0,0.0025,0.01,True,-0.2821433555264063,0.28615505858082013,-0.5682984141072265,False
A2_quarter__fresh2021,A2_quarter,diagnostics,2022,2022-01-03,2022-12-30,251,-0.2202827375760275,-0.2981651424930328,-0.480210767666746,-0.2195124672892113,-0.180528833522089,-0.0397539040539385,14.523539551563305,fresh_cash,2021-01-01,,,,50,quarter,0.5,3,100000.0,0.0025,0.01,True,-0.2195124672892113,-0.17988114323237925,-0.03963132405683206,False
A2_quarter__fresh2021,A2_quarter,diagnostics,2023,2023-01-03,2023-12-29,250,0.1119485526611399,-0.318862027392404,0.480681364121597,0.1110124926732016,0.2494116142532503,-0.1374630615921104,8.706436918575372,fresh_cash,2021-01-01,,,,50,quarter,0.5,3,100000.0,0.0025,0.01,True,0.1110124926732016,0.24720554909618309,-0.1361930564229815,False
A2_quarter__fresh2021,A2_quarter,diagnostics,2024,2024-01-02,2024-12-31,252,1.3016968632217658,-0.2511623758010978,1.838730163078171,1.3016968632217658,0.2643074461050603,1.0373894171167055,8.356770204883968,fresh_cash,2021-01-01,,,,50,quarter,0.5,3,100000.0,0.0025,0.01,True,1.3016968632217658,0.2643074461050603,1.0373894171167055,False
A2_quarter__fresh2021,A2_quarter,diagnostics,2025,2025-01-02,2025-12-31,250,0.2782446304302433,-0.4473084316344216,0.7332119407886242,0.2757566310821897,0.1785790013706134,0.0996656290596298,9.095513070303271,fresh_cash,2021-01-01,,,,50,quarter,0.5,3,100000.0,0.0025,0.01,True,0.2757566310821897,0.1770430847937292,0.09871354628846046,False
A2_quarter__fresh2021,A2_quarter,diagnostics,2026,2026-01-02,2026-09-22,181,0.3905413883846433,-0.3000524990773112,0.9052503317919846,0.2671919887074474,0.193982242745804,0.1965591456388393,9.981693646963908,fresh_cash,2021-01-01,,,,50,quarter,0.5,3,100000.0,0.0025,0.01,True,0.2671919887074474,0.13580564851123356,0.13138634019621387,True
A2_quarter__fresh2022,A2_quarter,diagnostics,2022,2022-01-03,2022-12-30,251,-0.2182191747186613,-0.3326642168540281,-0.4269440414066466,-0.2174550734960065,-0.180528833522089,-0.0376903411965723,18.737338343379378,fresh_cash,2022-01-01,,,,50,quarter,0.5,3,100000.0,0.0025,0.01,True,-0.2174550734960065,-0.17988114323237925,-0.037573930263627264,False
A2_quarter__fresh2022,A2_quarter,diagnostics,2023,2023-01-03,2023-12-29,250,0.0955871121382851,-0.3374479065350189,0.4385750798663156,0.0947936172440775,0.2494116142532503,-0.1538245021149651,8.386139646568846,fresh_cash,2022-01-01,,,,50,quarter,0.5,3,100000.0,0.0025,0.01,True,0.0947936172440775,0.24720554909618309,-0.15241193185210558,False
A2_quarter__fresh2022,A2_quarter,diagnostics,2024,2024-01-02,2024-12-31,252,1.4738703953509122,-0.247632183843982,1.93712476750494,1.4738703953509122,0.2643074461050603,1.209562949245852,7.857874134056308,fresh_cash,2022-01-01,,,,50,quarter,0.5,3,100000.0,0.0025,0.01,True,1.4738703953509122,0.2643074461050603,1.209562949245852,False
A2_quarter__fresh2022,A2_quarter,diagnostics,2025,2025-01-02,2025-12-31,250,0.290089481389163,-0.4235602412561271,0.7416020678745258,0.2874841733012905,0.1785790013706134,0.1115104800185495,8.777865335140916,fresh_cash,2022-01-01,,,,50,quarter,0.5,3,100000.0,0.0025,0.01,True,0.2874841733012905,0.1770430847937292,0.11044108850756129,False
A2_quarter__fresh2022,A2_quarter,diagnostics,2026,2026-01-02,2026-09-22,181,0.1572021405964931,-0.3143987745843491,0.5423777311943792,0.1105648658187739,0.193982242745804,-0.0367801021493108,10.962397784114618,fresh_cash,2022-01-01,,,,50,quarter,0.5,3,100000.0,0.0025,0.01,True,0.1105648658187739,0.13580564851123356,-0.025240782692459662,True
A2_quarter__fresh2023,A2_quarter,diagnostics,2023,2023-01-03,2023-12-29,250,0.115437300150341,-0.3436343562888373,0.4805520467156832,0.1144705950931757,0.2494116142532503,-0.1339743141029092,14.922010107026445,fresh_cash,2023-01-01,,,,50,quarter,0.5,3,100000.0,0.0025,0.01,True,0.1144705950931757,0.24720554909618309,-0.1327349540030074,False
A2_quarter__fresh2023,A2_quarter,diagnostics,2024,2024-01-02,2024-12-31,252,1.8588077394610925,-0.2557366601889306,2.137715953602876,1.8588077394610925,0.2643074461050603,1.5945002933560322,6.984660964656738,fresh_cash,2023-01-01,,,,50,quarter,0.5,3,100000.0,0.0025,0.01,True,1.8588077394610925,0.2643074461050603,1.5945002933560322,False
A2_quarter__fresh2023,A2_quarter,diagnostics,2025,2025-01-02,2025-12-31,250,0.4669135228143324,-0.4148301219787506,0.9653004875271196,0.4624594779629465,0.1785790013706134,0.2883345214437189,8.677434291911974,fresh_cash,2023-01-01,,,,50,quarter,0.5,3,100000.0,0.0025,0.01,True,0.4624594779629465,0.1770430847937292,0.2854163931692173,False
A2_quarter__fresh2023,A2_quarter,diagnostics,2026,2026-01-02,2026-09-22,181,0.2418970172235734,-0.2979036278726858,0.6902800399555858,0.168361786389386,0.193982242745804,0.0479147744777694,10.160072694035202,fresh_cash,2023-01-01,,,,50,quarter,0.5,3,100000.0,0.0025,0.01,True,0.168361786389386,0.13580564851123356,0.03255613787815245,True
A2_quarter__USD100K_C50,A2_quarter,diagnostics,2017,2017-01-04,2017-12-29,250,0.058346908604385,-0.1800882966617438,0.3878624389416423,0.0578706910381621,0.2120011745455907,-0.1536542659412056,8.187069827989406,execution_stress,,USD100K,C50,,50,quarter,0.5,3,100000.0,0.005,0.01,True,0.0578706910381621,0.21015310140377008,-0.15228241036560797,False
A2_quarter__USD100K_C50,A2_quarter,diagnostics,2018,2018-01-02,2018-12-31,251,-0.1756383815975836,-0.3344972791844547,-0.6295566736086359,-0.1750063055143075,-0.0642984107744514,-0.1113399708231321,8.234084569611715,execution_stress,,USD100K,C50,,50,quarter,0.5,3,100000.0,0.005,0.01,True,-0.1750063055143075,-0.06405161044839947,-0.11095469506590802,False
A2_quarter__USD100K_C50,A2_quarter,diagnostics,2019,2019-01-02,2019-12-31,252,0.744491948962579,-0.1244722760166109,2.6008998832915373,0.744491948962579,0.3401954545671213,0.4042964943954577,7.444315668511532,execution_stress,,USD100K,C50,,50,quarter,0.5,3,100000.0,0.005,0.01,True,0.744491948962579,0.3401954545671213,0.4042964943954577,False
A2_quarter__USD100K_C50,A2_quarter,diagnostics,2020,2020-01-02,2020-12-31,253,0.5359176530899714,-0.3729829887535443,1.1832880382774538,0.5385353785451994,0.1813082709311855,0.3546093821587859,7.740338730717548,execution_stress,,USD100K,C50,,50,quarter,0.5,3,100000.0,0.005,0.01,True,0.5385353785451994,0.18208961084499786,0.35644576770020153,False
A2_quarter__USD100K_C50,A2_quarter,diagnostics,2021,2021-01-04,2021-12-31,252,0.0007818661665919,-0.4154997607975467,0.2041459129363538,0.0007818661665919,0.2861550585808201,-0.2853731924142282,10.543057181892442,execution_stress,,USD100K,C50,,50,quarter,0.5,3,100000.0,0.005,0.01,True,0.0007818661665919,0.28615505858082013,-0.2853731924142282,False
A2_quarter__USD100K_C50,A2_quarter,diagnostics,2022,2022-01-03,2022-12-30,251,-0.2069532782514631,-0.2948341666997219,-0.4422762986594082,-0.2062232351548915,-0.180528833522089,-0.0264244447293741,13.567806669809956,execution_stress,,USD100K,C50,,50,quarter,0.5,3,100000.0,0.005,0.01,True,-0.2062232351548915,-0.17988114323237925,-0.026342091922512245,False
A2_quarter__USD100K_C50,A2_quarter,diagnostics,2023,2023-01-03,2023-12-29,250,0.1145656267747849,-0.3312962726645935,0.4891950098708222,0.1136065865292437,0.2494116142532503,-0.1348459874784653,7.817346832598639,execution_stress,,USD100K,C50,,50,quarter,0.5,3,100000.0,0.005,0.01,True,0.1136065865292437,0.24720554909618309,-0.13359896256693937,False
A2_quarter__USD100K_C50,A2_quarter,diagnostics,2024,2024-01-02,2024-12-31,252,1.482003110950171,-0.2271113383015801,2.0218596916447,1.482003110950171,0.2643074461050603,1.2176956648451107,7.007577729192622,execution_stress,,USD100K,C50,,50,quarter,0.5,3,100000.0,0.005,0.01,True,1.482003110950171,0.2643074461050603,1.2176956648451107,False
A2_quarter__USD100K_C50,A2_quarter,diagnostics,2025,2025-01-02,2025-12-31,250,0.1682719203138212,-0.4385930915886281,0.5633112496641585,0.1668307760461658,0.1785790013706134,-0.0103070810567922,9.276190145120024,execution_stress,,USD100K,C50,,50,quarter,0.5,3,100000.0,0.005,0.01,True,0.1668307760461658,0.1770430847937292,-0.010212308747563403,False
A2_quarter__USD100K_C50,A2_quarter,diagnostics,2026,2026-01-02,2026-09-22,181,0.3009671123547652,-0.2741696250615628,0.7835245347156875,0.2080147478881253,0.193982242745804,0.1069848696089612,10.034659425556772,execution_stress,,USD100K,C50,,50,quarter,0.5,3,100000.0,0.005,0.01,True,0.2080147478881253,0.13580564851123356,0.07220909937689174,True
A2_quarter__USD100K_R5,A2_quarter,diagnostics,2017,2017-01-04,2017-12-29,250,0.0941400775543725,-0.169685268628854,0.5577696240407513,0.0933590992578077,0.2120011745455907,-0.1178610969912181,8.239126118248512,execution_stress,,USD100K,R5,,50,quarter,0.5,3,100000.0,0.0025,0.05,True,0.0933590992578077,0.21015310140377008,-0.11679400214596238,False
A2_quarter__USD100K_R5,A2_quarter,diagnostics,2018,2018-01-02,2018-12-31,251,-0.157740916731812,-0.3280653661798803,-0.5470596891909212,-0.1571669569490349,-0.0642984107744514,-0.0934425059573605,8.272357997192984,execution_stress,,USD100K,R5,,50,quarter,0.5,3,100000.0,0.0025,0.05,True,-0.1571669569490349,-0.06405161044839947,-0.09311534650063544,False
A2_quarter__USD100K_R5,A2_quarter,diagnostics,2019,2019-01-02,2019-12-31,252,0.7584222918008567,-0.1244086889466555,2.606082042265051,0.7584222918008567,0.3401954545671213,0.4182268372337354,7.629736414306436,execution_stress,,USD100K,R5,,50,quarter,0.5,3,100000.0,0.0025,0.05,True,0.7584222918008567,0.3401954545671213,0.41822683723373544,False
A2_quarter__USD100K_R5,A2_quarter,diagnostics,2020,2020-01-02,2020-12-31,253,0.6284372684367974,-0.3896168736168235,1.31033709718384,0.6315913504708364,0.1813082709311855,0.4471289975056118,8.223655728577166,execution_stress,,USD100K,R5,,50,quarter,0.5,3,100000.0,0.0025,0.05,True,0.6315913504708364,0.18208961084499786,0.4495017396258385,False
A2_quarter__USD100K_R5,A2_quarter,diagnostics,2021,2021-01-04,2021-12-31,252,-0.1385383177691678,-0.3882520757376951,-0.2122167909672466,-0.1385383177691678,0.2861550585808201,-0.4246933763499879,12.319488330990763,execution_stress,,USD100K,R5,,50,quarter,0.5,3,100000.0,0.0025,0.05,True,-0.1385383177691678,0.28615505858082013,-0.42469337634998794,False
A2_quarter__USD100K_R5,A2_quarter,diagnostics,2022,2022-01-03,2022-12-30,251,-0.2009149562077937,-0.3105168061344686,-0.4234657690073006,-0.2002034288708232,-0.180528833522089,-0.0203861226857047,12.750850454841546,execution_stress,,USD100K,R5,,50,quarter,0.5,3,100000.0,0.0025,0.05,True,-0.2002034288708232,-0.17988114323237925,-0.02032228563844396,False
A2_quarter__USD100K_R5,A2_quarter,diagnostics,2023,2023-01-03,2023-12-29,250,0.1129385126841158,-0.3175047520735322,0.482155314724542,0.1119937656512404,0.2494116142532503,-0.1364731015691345,8.899420771363886,execution_stress,,USD100K,R5,,50,quarter,0.5,3,100000.0,0.0025,0.05,True,0.1119937656512404,0.24720554909618309,-0.13521178344494267,False
A2_quarter__USD100K_R5,A2_quarter,diagnostics,2024,2024-01-02,2024-12-31,252,1.1809493093680108,-0.2634362283191406,1.7384979059034689,1.1809493093680108,0.2643074461050603,0.9166418632629504,8.893870146623224,execution_stress,,USD100K,R5,,50,quarter,0.5,3,100000.0,0.0025,0.05,True,1.1809493093680108,0.2643074461050603,0.9166418632629505,False
A2_quarter__USD100K_R5,A2_quarter,diagnostics,2025,2025-01-02,2025-12-31,250,0.2732464811410771,-0.4630893948594577,0.7200526712631452,0.2708077240361242,0.1785790013706134,0.0946674797704636,9.447880420269934,execution_stress,,USD100K,R5,,50,quarter,0.5,3,100000.0,0.0025,0.05,True,0.2708077240361242,0.1770430847937292,0.09376463924239498,False
A2_quarter__USD100K_R5,A2_quarter,diagnostics,2026,2026-01-02,2026-09-22,181,0.3137242693230799,-0.296801542635111,0.7887077282078907,0.2165112468966685,0.193982242745804,0.1197420265772759,10.903152705250944,execution_stress,,USD100K,R5,,50,quarter,0.5,3,100000.0,0.0025,0.05,True,0.2165112468966685,0.13580564851123356,0.08070559838543495,True
A2_quarter__USD100K_UNLIMITED,A2_quarter,diagnostics,2017,2017-01-04,2017-12-29,250,0.0941400775543725,-0.169685268628854,0.5577696240407513,0.0933590992578077,0.2120011745455907,-0.1178610969912181,8.239126118248512,execution_stress,,USD100K,UNLIMITED,,50,quarter,0.5,3,100000.0,0.0025,0.0,True,0.0933590992578077,0.21015310140377008,-0.11679400214596238,False
A2_quarter__USD100K_UNLIMITED,A2_quarter,diagnostics,2018,2018-01-02,2018-12-31,251,-0.157740916731812,-0.3280653661798803,-0.5470596891909212,-0.1571669569490349,-0.0642984107744514,-0.0934425059573605,8.272357997192984,execution_stress,,USD100K,UNLIMITED,,50,quarter,0.5,3,100000.0,0.0025,0.0,True,-0.1571669569490349,-0.06405161044839947,-0.09311534650063544,False
A2_quarter__USD100K_UNLIMITED,A2_quarter,diagnostics,2019,2019-01-02,2019-12-31,252,0.7625576004290886,-0.1232647805696313,2.618773695809707,0.7625576004290886,0.3401954545671213,0.4223621458619673,7.639602785946551,execution_stress,,USD100K,UNLIMITED,,50,quarter,0.5,3,100000.0,0.0025,0.0,True,0.7625576004290886,0.3401954545671213,0.4223621458619673,False
A2_quarter__USD100K_UNLIMITED,A2_quarter,diagnostics,2020,2020-01-02,2020-12-31,253,0.6287318413554546,-0.3893196226025106,1.311018899187642,0.6318876652514773,0.1813082709311855,0.447423570424269,8.231280292661781,execution_stress,,USD100K,UNLIMITED,,50,quarter,0.5,3,100000.0,0.0025,0.0,True,0.6318876652514773,0.18208961084499786,0.44979805440647946,False
A2_quarter__USD100K_UNLIMITED,A2_quarter,diagnostics,2021,2021-01-04,2021-12-31,252,-0.1865535873901673,-0.401589574912061,-0.3742034851368548,-0.1865535873901673,0.2861550585808201,-0.4727086459709875,12.837745008051735,execution_stress,,USD100K,UNLIMITED,,50,quarter,0.5,3,100000.0,0.0025,0.0,True,-0.1865535873901673,0.28615505858082013,-0.47270864597098744,False
A2_quarter__USD100K_UNLIMITED,A2_quarter,diagnostics,2022,2022-01-03,2022-12-30,251,-0.2506660174848345,-0.3218255697274068,-0.5808759219856542,-0.2498074479213287,-0.180528833522089,-0.0701371839627454,14.415206424939642,execution_stress,,USD100K,UNLIMITED,,50,quarter,0.5,3,100000.0,0.0025,0.0,True,-0.2498074479213287,-0.17988114323237925,-0.06992630468894945,False
A2_quarter__USD100K_UNLIMITED,A2_quarter,diagnostics,2023,2023-01-03,2023-12-29,250,0.0763191620239316,-0.3326152457975924,0.3852688105863789,0.0756910907039927,0.2494116142532503,-0.1730924522293186,9.089947304726463,execution_stress,,USD100K,UNLIMITED,,50,quarter,0.5,3,100000.0,0.0025,0.0,True,0.0756910907039927,0.24720554909618309,-0.17151445839219037,False
A2_quarter__USD100K_UNLIMITED,A2_quarter,diagnostics,2024,2024-01-02,2024-12-31,252,1.1597115079740117,-0.2534286182859667,1.7578769231538889,1.1597115079740117,0.2643074461050603,0.8954040618689512,8.432043962740778,execution_stress,,USD100K,UNLIMITED,,50,quarter,0.5,3,100000.0,0.0025,0.0,True,1.1597115079740117,0.2643074461050603,0.8954040618689514,False
A2_quarter__USD100K_UNLIMITED,A2_quarter,diagnostics,2025,2025-01-02,2025-12-31,250,0.3405239425709319,-0.4412030910995468,0.8221611902810608,0.3374096714765744,0.1785790013706134,0.1619449412003184,8.957622581905825,execution_stress,,USD100K,UNLIMITED,,50,quarter,0.5,3,100000.0,0.0025,0.0,True,0.3374096714765744,0.1770430847937292,0.1603665866828452,False
A2_quarter__USD100K_UNLIMITED,A2_quarter,diagnostics,2026,2026-01-02,2026-09-22,181,0.3471010647690364,-0.3329968188040051,0.7729654144392435,0.2386317049750337,0.193982242745804,0.1531188220232324,11.529599434923885,execution_stress,,USD100K,UNLIMITED,,50,quarter,0.5,3,100000.0,0.0025,0.0,True,0.2386317049750337,0.13580564851123356,0.10282605646380014,True
A2_quarter__KRW50M_R1,A2_quarter,diagnostics,2017,2017-01-04,2017-12-29,250,0.0879037099320205,-0.1747975503149789,0.5305317106465964,0.0871765025947979,0.2120011745455907,-0.1240974646135701,8.04912712646683,execution_stress,,KRW50M,R1,,50,quarter,0.5,3,33333.333333333336,0.0025,0.01,True,0.0871765025947979,0.21015310140377008,-0.12297659880897219,False
A2_quarter__KRW50M_R1,A2_quarter,diagnostics,2018,2018-01-02,2018-12-31,251,-0.1591152023423188,-0.3311694242428051,-0.5498820191673347,-0.1585367262765789,-0.0642984107744514,-0.0948167915678673,8.120797440594037,execution_stress,,KRW50M,R1,,50,quarter,0.5,3,33333.333333333336,0.0025,0.01,True,-0.1585367262765789,-0.06405161044839947,-0.09448511582817942,False
A2_quarter__KRW50M_R1,A2_quarter,diagnostics,2019,2019-01-02,2019-12-31,252,0.7512138805581932,-0.1256930228616767,2.5889771103051724,0.7512138805581932,0.3401954545671213,0.4110184259910718,7.234545078195997,execution_stress,,KRW50M,R1,,50,quarter,0.5,3,33333.333333333336,0.0025,0.01,True,0.7512138805581932,0.3401954545671213,0.41101842599107186,False
A2_quarter__KRW50M_R1,A2_quarter,diagnostics,2020,2020-01-02,2020-12-31,253,0.5693211620459488,-0.3662020282700833,1.2310296250330304,0.5721300371868285,0.1813082709311855,0.3880128911147633,7.706610444036515,execution_stress,,KRW50M,R1,,50,quarter,0.5,3,33333.333333333336,0.0025,0.01,True,0.5721300371868285,0.18208961084499786,0.39004042634183067,False
A2_quarter__KRW50M_R1,A2_quarter,diagnostics,2021,2021-01-04,2021-12-31,252,-0.0037725992389953,-0.4062043963331168,0.1991005944762966,-0.0037725992389953,0.2861550585808201,-0.2899276578198154,11.07976518375606,execution_stress,,KRW50M,R1,,50,quarter,0.5,3,33333.333333333336,0.0025,0.01,True,-0.0037725992389953,0.28615505858082013,-0.28992765781981544,False
A2_quarter__KRW50M_R1,A2_quarter,diagnostics,2022,2022-01-03,2022-12-30,251,-0.2057331784152135,-0.3099347333640119,-0.4403372680278897,-0.2050068619838863,-0.180528833522089,-0.0252043448931245,12.743133117389291,execution_stress,,KRW50M,R1,,50,quarter,0.5,3,33333.333333333336,0.0025,0.01,True,-0.2050068619838863,-0.17988114323237925,-0.025125718751507042,False
A2_quarter__KRW50M_R1,A2_quarter,diagnostics,2023,2023-01-03,2023-12-29,250,0.1021437621486571,-0.3176353155464306,0.4546306386448564,0.1012933652361014,0.2494116142532503,-0.1472678521045931,8.71688727768104,execution_stress,,KRW50M,R1,,50,quarter,0.5,3,33333.333333333336,0.0025,0.01,True,0.1012933652361014,0.24720554909618309,-0.1459121838600817,False
A2_quarter__KRW50M_R1,A2_quarter,diagnostics,2024,2024-01-02,2024-12-31,252,1.316793226516186,-0.2514540864979195,1.8518152813989288,1.316793226516186,0.2643074461050603,1.0524857804111256,8.293425993274623,execution_stress,,KRW50M,R1,,50,quarter,0.5,3,33333.333333333336,0.0025,0.01,True,1.316793226516186,0.2643074461050603,1.0524857804111256,False
A2_quarter__KRW50M_R1,A2_quarter,diagnostics,2025,2025-01-02,2025-12-31,250,0.2764675844370856,-0.4405306495811897,0.7319440325456218,0.2739971103416132,0.1785790013706134,0.0978885830664721,9.111961846857575,execution_stress,,KRW50M,R1,,50,quarter,0.5,3,33333.333333333336,0.0025,0.01,True,0.2739971103416132,0.1770430847937292,0.09695402554788402,False
A2_quarter__KRW50M_R1,A2_quarter,diagnostics,2026,2026-01-02,2026-09-22,181,0.3663187768694698,-0.3001959646339764,0.8697264514531042,0.2512981091388078,0.193982242745804,0.1723365341236657,9.561612406786084,execution_stress,,KRW50M,R1,,50,quarter,0.5,3,33333.333333333336,0.0025,0.01,True,0.2512981091388078,0.13580564851123356,0.11549246062757423,True
A2_quarter__KRW50M_C50,A2_quarter,diagnostics,2017,2017-01-04,2017-12-29,250,0.0658998618246859,-0.1793542720990284,0.4253685392189168,0.065360117006729,0.2120011745455907,-0.1461013127209047,8.05939819788445,execution_stress,,KRW50M,C50,,50,quarter,0.5,3,33333.333333333336,0.005,0.01,True,0.065360117006729,0.21015310140377008,-0.14479298439704108,False
A2_quarter__KRW50M_C50,A2_quarter,diagnostics,2018,2018-01-02,2018-12-31,251,-0.1746431325216988,-0.3353540504076712,-0.6227365769224894,-0.1740142481397751,-0.0642984107744514,-0.1103447217472474,8.136359936963327,execution_stress,,KRW50M,C50,,50,quarter,0.5,3,33333.333333333336,0.005,0.01,True,-0.1740142481397751,-0.06405161044839947,-0.10996263769137563,False
A2_quarter__KRW50M_C50,A2_quarter,diagnostics,2019,2019-01-02,2019-12-31,252,0.7062014261813008,-0.1279010041492096,2.472866745820667,0.7062014261813008,0.3401954545671213,0.3660059716141794,7.267493792465381,execution_stress,,KRW50M,C50,,50,quarter,0.5,3,33333.333333333336,0.005,0.01,True,0.7062014261813008,0.3401954545671213,0.36600597161417947,False
A2_quarter__KRW50M_C50,A2_quarter,diagnostics,2020,2020-01-02,2020-12-31,253,0.5527204234935328,-0.3693311636936576,1.2070121884189893,0.5554339433489008,0.1813082709311855,0.3714121525623473,7.666546285245644,execution_stress,,KRW50M,C50,,50,quarter,0.5,3,33333.333333333336,0.005,0.01,True,0.5554339433489008,0.18208961084499786,0.373344332503903,False
A2_quarter__KRW50M_C50,A2_quarter,diagnostics,2021,2021-01-04,2021-12-31,252,-0.0304766426795322,-0.4228843115712913,0.1338075301472568,-0.0304766426795322,0.2861550585808201,-0.3166317012603523,11.095198375474173,execution_stress,,KRW50M,C50,,50,quarter,0.5,3,33333.333333333336,0.005,0.01,True,-0.0304766426795322,0.28615505858082013,-0.31663170126035234,False
A2_quarter__KRW50M_C50,A2_quarter,diagnostics,2022,2022-01-03,2022-12-30,251,-0.2268160905924062,-0.3192313957491409,-0.512601954241722,-0.2260264314847349,-0.180528833522089,-0.0462872570703172,12.757905646374857,execution_stress,,KRW50M,C50,,50,quarter,0.5,3,33333.333333333336,0.005,0.01,True,-0.2260264314847349,-0.17988114323237925,-0.04614528825235564,False
A2_quarter__KRW50M_C50,A2_quarter,diagnostics,2023,2023-01-03,2023-12-29,250,0.0799926723155803,-0.3210695251898929,0.3954063123106995,0.0793332702652516,0.2494116142532503,-0.1694189419376699,8.680762603427459,execution_stress,,KRW50M,C50,,50,quarter,0.5,3,33333.333333333336,0.005,0.01,True,0.0793332702652516,0.24720554909618309,-0.16787227883093148,False
A2_quarter__KRW50M_C50,A2_quarter,diagnostics,2024,2024-01-02,2024-12-31,252,1.2563124736410711,-0.2526385222727797,1.8027267379710243,1.2563124736410711,0.2643074461050603,0.9920050275360108,8.368297010662202,execution_stress,,KRW50M,C50,,50,quarter,0.5,3,33333.333333333336,0.005,0.01,True,1.2563124736410711,0.2643074461050603,0.9920050275360108,False
A2_quarter__KRW50M_C50,A2_quarter,diagnostics,2025,2025-01-02,2025-12-31,250,0.2696341707636092,-0.449798074138108,0.7193655938897285,0.2672309065342311,0.1785790013706134,0.0910551693929957,9.33217494184678,execution_stress,,KRW50M,C50,,50,quarter,0.5,3,33333.333333333336,0.005,0.01,True,0.2672309065342311,0.1770430847937292,0.09018782174050188,False
A2_quarter__KRW50M_C50,A2_quarter,diagnostics,2026,2026-01-02,2026-09-22,181,0.3075352653546852,-0.3036891295338567,0.7820694534280614,0.2123921746495267,0.193982242745804,0.1135530226088812,10.491789696890637,execution_stress,,KRW50M,C50,,50,quarter,0.5,3,33333.333333333336,0.005,0.01,True,0.2123921746495267,0.13580564851123356,0.07658652613829314,True
A2_quarter__KRW50M_R5,A2_quarter,diagnostics,2017,2017-01-04,2017-12-29,250,0.0910490013450244,-0.172879556576887,0.5451742653271812,0.0902947098588913,0.2120011745455907,-0.1209521732005662,8.05028687968794,execution_stress,,KRW50M,R5,,50,quarter,0.5,3,33333.333333333336,0.0025,0.05,True,0.0902947098588913,0.21015310140377008,-0.11985839154487878,False
A2_quarter__KRW50M_R5,A2_quarter,diagnostics,2018,2018-01-02,2018-12-31,251,-0.1567279867907284,-0.3296704366334432,-0.5405911978041821,-0.1561573614545541,-0.0642984107744514,-0.0924295760162769,8.124487910536033,execution_stress,,KRW50M,R5,,50,quarter,0.5,3,33333.333333333336,0.0025,0.05,True,-0.1561573614545541,-0.06405161044839947,-0.09210575100615465,False
A2_quarter__KRW50M_R5,A2_quarter,diagnostics,2019,2019-01-02,2019-12-31,252,0.754914958845454,-0.1273589965851796,2.5932664569712647,0.754914958845454,0.3401954545671213,0.4147195042783327,7.238893145035192,execution_stress,,KRW50M,R5,,50,quarter,0.5,3,33333.333333333336,0.0025,0.05,True,0.754914958845454,0.3401954545671213,0.4147195042783327,False
A2_quarter__KRW50M_R5,A2_quarter,diagnostics,2020,2020-01-02,2020-12-31,253,0.6528345422899504,-0.3885312671194018,1.340283469775179,0.6561336068544985,0.1813082709311855,0.4715262713587649,8.066027651944733,execution_stress,,KRW50M,R5,,50,quarter,0.5,3,33333.333333333336,0.0025,0.05,True,0.6561336068544985,0.18208961084499786,0.47404399600950065,False
A2_quarter__KRW50M_R5,A2_quarter,diagnostics,2021,2021-01-04,2021-12-31,252,-0.1868021214262878,-0.4014726170369429,-0.3755252275696417,-0.1868021214262878,0.2861550585808201,-0.4729571800071079,12.7515610196383,execution_stress,,KRW50M,R5,,50,quarter,0.5,3,33333.333333333336,0.0025,0.05,True,-0.1868021214262878,0.28615505858082013,-0.47295718000710796,False
A2_quarter__KRW50M_R5,A2_quarter,diagnostics,2022,2022-01-03,2022-12-30,251,-0.2524294270258579,-0.3225796433607667,-0.5874279815734669,-0.2515658804785959,-0.180528833522089,-0.0719005935037688,14.229366756989362,execution_stress,,KRW50M,R5,,50,quarter,0.5,3,33333.333333333336,0.0025,0.05,True,-0.2515658804785959,-0.17988114323237925,-0.07168473724621666,False
A2_quarter__KRW50M_R5,A2_quarter,diagnostics,2023,2023-01-03,2023-12-29,250,0.0847134931132291,-0.3324638963929636,0.4080889503484098,0.0840136836868066,0.2494116142532503,-0.1646981211400211,8.90468338375529,execution_stress,,KRW50M,R5,,50,quarter,0.5,3,33333.333333333336,0.0025,0.05,True,0.0840136836868066,0.24720554909618309,-0.16319186540937647,False
A2_quarter__KRW50M_R5,A2_quarter,diagnostics,2024,2024-01-02,2024-12-31,252,1.1384871554509175,-0.2546938826437431,1.7407194832669406,1.1384871554509175,0.2643074461050603,0.8741797093458572,8.113071427156312,execution_stress,,KRW50M,R5,,50,quarter,0.5,3,33333.333333333336,0.0025,0.05,True,1.1384871554509175,0.2643074461050603,0.8741797093458572,False
A2_quarter__KRW50M_R5,A2_quarter,diagnostics,2025,2025-01-02,2025-12-31,250,0.3469450992547966,-0.4411017756687756,0.8311044743280587,0.3437649469144292,0.1785790013706134,0.1683660978841832,8.794214120943629,execution_stress,,KRW50M,R5,,50,quarter,0.5,3,33333.333333333336,0.0025,0.05,True,0.3437649469144292,0.1770430847937292,0.1667218621207,False
A2_quarter__KRW50M_R5,A2_quarter,diagnostics,2026,2026-01-02,2026-09-22,181,0.3690025081611396,-0.3320779709129696,0.7975373481571514,0.2530629507254482,0.193982242745804,0.1750202654153356,11.359924625959968,execution_stress,,KRW50M,R5,,50,quarter,0.5,3,33333.333333333336,0.0025,0.05,True,0.2530629507254482,0.13580564851123356,0.11725730221421465,True
A2_quarter__KRW50M_UNLIMITED,A2_quarter,diagnostics,2017,2017-01-04,2017-12-29,250,0.0910490013450244,-0.172879556576887,0.5451742653271812,0.0902947098588913,0.2120011745455907,-0.1209521732005662,8.05028687968794,execution_stress,,KRW50M,UNLIMITED,,50,quarter,0.5,3,33333.333333333336,0.0025,0.0,True,0.0902947098588913,0.21015310140377008,-0.11985839154487878,False
A2_quarter__KRW50M_UNLIMITED,A2_quarter,diagnostics,2018,2018-01-02,2018-12-31,251,-0.1567279867907284,-0.3296704366334432,-0.5405911978041821,-0.1561573614545541,-0.0642984107744514,-0.0924295760162769,8.124487910536033,execution_stress,,KRW50M,UNLIMITED,,50,quarter,0.5,3,33333.333333333336,0.0025,0.0,True,-0.1561573614545541,-0.06405161044839947,-0.09210575100615465,False
A2_quarter__KRW50M_UNLIMITED,A2_quarter,diagnostics,2019,2019-01-02,2019-12-31,252,0.754914958845454,-0.1273589965851796,2.5932664569712647,0.754914958845454,0.3401954545671213,0.4147195042783327,7.238893145035192,execution_stress,,KRW50M,UNLIMITED,,50,quarter,0.5,3,33333.333333333336,0.0025,0.0,True,0.754914958845454,0.3401954545671213,0.4147195042783327,False
A2_quarter__KRW50M_UNLIMITED,A2_quarter,diagnostics,2020,2020-01-02,2020-12-31,253,0.6528345422899504,-0.3885312671194018,1.340283469775179,0.6561336068544985,0.1813082709311855,0.4715262713587649,8.066027651944733,execution_stress,,KRW50M,UNLIMITED,,50,quarter,0.5,3,33333.333333333336,0.0025,0.0,True,0.6561336068544985,0.18208961084499786,0.47404399600950065,False
A2_quarter__KRW50M_UNLIMITED,A2_quarter,diagnostics,2021,2021-01-04,2021-12-31,252,-0.1868021214262878,-0.4014726170369429,-0.3755252275696417,-0.1868021214262878,0.2861550585808201,-0.4729571800071079,12.7515610196383,execution_stress,,KRW50M,UNLIMITED,,50,quarter,0.5,3,33333.333333333336,0.0025,0.0,True,-0.1868021214262878,0.28615505858082013,-0.47295718000710796,False
A2_quarter__KRW50M_UNLIMITED,A2_quarter,diagnostics,2022,2022-01-03,2022-12-30,251,-0.2524294270258579,-0.3225796433607667,-0.5874279815734669,-0.2515658804785959,-0.180528833522089,-0.0719005935037688,14.229366756989362,execution_stress,,KRW50M,UNLIMITED,,50,quarter,0.5,3,33333.333333333336,0.0025,0.0,True,-0.2515658804785959,-0.17988114323237925,-0.07168473724621666,False
A2_quarter__KRW50M_UNLIMITED,A2_quarter,diagnostics,2023,2023-01-03,2023-12-29,250,0.0847134931132291,-0.3324638963929636,0.4080889503484098,0.0840136836868066,0.2494116142532503,-0.1646981211400211,8.90468338375529,execution_stress,,KRW50M,UNLIMITED,,50,quarter,0.5,3,33333.333333333336,0.0025,0.0,True,0.0840136836868066,0.24720554909618309,-0.16319186540937647,False
A2_quarter__KRW50M_UNLIMITED,A2_quarter,diagnostics,2024,2024-01-02,2024-12-31,252,1.1387219979162555,-0.2546848625228384,1.7408902743723855,1.1387219979162555,0.2643074461050603,0.8744145518111954,8.23921348408744,execution_stress,,KRW50M,UNLIMITED,,50,quarter,0.5,3,33333.333333333336,0.0025,0.0,True,1.1387219979162555,0.2643074461050603,0.8744145518111952,False
A2_quarter__KRW50M_UNLIMITED,A2_quarter,diagnostics,2025,2025-01-02,2025-12-31,250,0.3469729429107346,-0.4410701646692716,0.8311160168932985,0.3437925043692691,0.1785790013706134,0.1683939415401212,8.794097345152334,execution_stress,,KRW50M,UNLIMITED,,50,quarter,0.5,3,33333.333333333336,0.0025,0.0,True,0.3437925043692691,0.1770430847937292,0.1667494195755399,False
A2_quarter__KRW50M_UNLIMITED,A2_quarter,diagnostics,2026,2026-01-02,2026-09-22,181,0.3686752096096801,-0.3320850747272134,0.7972010852723103,0.2528477689973032,0.193982242745804,0.1746929668638761,11.364257719654294,execution_stress,,KRW50M,UNLIMITED,,50,quarter,0.5,3,33333.333333333336,0.0025,0.0,True,0.2528477689973032,0.13580564851123356,0.11704212048606966,True
A2_quarter__KRW100M_R1,A2_quarter,diagnostics,2017,2017-01-04,2017-12-29,250,0.0853120264236502,-0.1754235950307047,0.5171343329288584,0.0846070823510685,0.2120011745455907,-0.1266891481219405,8.107036668303905,execution_stress,,KRW100M,R1,,50,quarter,0.5,3,66666.66666666667,0.0025,0.01,True,0.0846070823510685,0.21015310140377008,-0.12554601905270157,False
A2_quarter__KRW100M_R1,A2_quarter,diagnostics,2018,2018-01-02,2018-12-31,251,-0.1594227424472994,-0.3301441450790346,-0.5532358237251821,-0.1588432569355529,-0.0642984107744514,-0.095124331672848,8.22901606714545,execution_stress,,KRW100M,R1,,50,quarter,0.5,3,66666.66666666667,0.0025,0.01,True,-0.1588432569355529,-0.06405161044839947,-0.09479164648715344,False
A2_quarter__KRW100M_R1,A2_quarter,diagnostics,2019,2019-01-02,2019-12-31,252,0.7504136836398514,-0.1239628683684486,2.6015789556112523,0.7504136836398514,0.3401954545671213,0.4102182290727301,7.422666214074477,execution_stress,,KRW100M,R1,,50,quarter,0.5,3,66666.66666666667,0.0025,0.01,True,0.7504136836398514,0.3401954545671213,0.4102182290727301,False
A2_quarter__KRW100M_R1,A2_quarter,diagnostics,2020,2020-01-02,2020-12-31,253,0.5646126043901565,-0.3671326604635114,1.2264254297238983,0.5673943618667121,0.1813082709311855,0.3833043334589709,7.72878454455562,execution_stress,,KRW100M,R1,,50,quarter,0.5,3,66666.66666666667,0.0025,0.01,True,0.5673943618667121,0.18208961084499786,0.38530475102171424,False
A2_quarter__KRW100M_R1,A2_quarter,diagnostics,2021,2021-01-04,2021-12-31,252,0.0042196005265133,-0.4253829620304089,0.2170527719638685,0.0042196005265133,0.2861550585808201,-0.2819354580543067,11.036534938555937,execution_stress,,KRW100M,R1,,50,quarter,0.5,3,66666.66666666667,0.0025,0.01,True,0.0042196005265133,0.28615505858082013,-0.2819354580543068,False
A2_quarter__KRW100M_R1,A2_quarter,diagnostics,2022,2022-01-03,2022-12-30,251,-0.1791780910816086,-0.3023757577425411,-0.3372048972286098,-0.1785347019241785,-0.180528833522089,0.0013507424404803,13.239674898335233,execution_stress,,KRW100M,R1,,50,quarter,0.5,3,66666.66666666667,0.0025,0.01,True,-0.1785347019241785,-0.17988114323237925,0.0013464413082007465,False
A2_quarter__KRW100M_R1,A2_quarter,diagnostics,2023,2023-01-03,2023-12-29,250,0.1299770097850412,-0.3112827777760983,0.5267008903723441,0.1288816670039927,0.2494116142532503,-0.119434604468209,8.447872013709265,execution_stress,,KRW100M,R1,,50,quarter,0.5,3,66666.66666666667,0.0025,0.01,True,0.1288816670039927,0.24720554909618309,-0.11832388209219039,False
A2_quarter__KRW100M_R1,A2_quarter,diagnostics,2024,2024-01-02,2024-12-31,252,1.3076523471819677,-0.259127475410175,1.900548702201236,1.3076523471819677,0.2643074461050603,1.0433449010769074,7.347006068100845,execution_stress,,KRW100M,R1,,50,quarter,0.5,3,66666.66666666667,0.0025,0.01,True,1.3076523471819677,0.2643074461050603,1.0433449010769074,False
A2_quarter__KRW100M_R1,A2_quarter,diagnostics,2025,2025-01-02,2025-12-31,250,0.2908455725355339,-0.4259874279189778,0.7557191502669068,0.2882327471921071,0.1785790013706134,0.1122665711649204,8.480974951278682,execution_stress,,KRW100M,R1,,50,quarter,0.5,3,66666.66666666667,0.0025,0.01,True,0.2882327471921071,0.1770430847937292,0.11118966239837791,False
A2_quarter__KRW100M_R1,A2_quarter,diagnostics,2026,2026-01-02,2026-09-22,181,-0.0891899503390776,-0.3361752335217829,-0.0125101106893124,-0.0648982574221775,0.193982242745804,-0.2831721930848816,9.78353770149345,execution_stress,,KRW100M,R1,,50,quarter,0.5,3,66666.66666666667,0.0025,0.01,True,-0.0648982574221775,0.13580564851123356,-0.20070390593341106,True
A2_quarter__KRW100M_C50,A2_quarter,diagnostics,2017,2017-01-04,2017-12-29,250,0.0634624949144455,-0.1796367458292006,0.4129370819538583,0.0629432967569079,0.2120011745455907,-0.1485386796311452,8.110653979406026,execution_stress,,KRW100M,C50,,50,quarter,0.5,3,66666.66666666667,0.005,0.01,True,0.0629432967569079,0.21015310140377008,-0.14720980464686217,False
A2_quarter__KRW100M_C50,A2_quarter,diagnostics,2018,2018-01-02,2018-12-31,251,-0.1769628636275265,-0.3356557511895134,-0.6352536387569999,-0.176326547385711,-0.0642984107744514,-0.1126644528530751,8.238928990410471,execution_stress,,KRW100M,C50,,50,quarter,0.5,3,66666.66666666667,0.005,0.01,True,-0.176326547385711,-0.06405161044839947,-0.11227493693731153,False
A2_quarter__KRW100M_C50,A2_quarter,diagnostics,2019,2019-01-02,2019-12-31,252,0.7159876332198185,-0.1258035822609079,2.5131165084939697,0.7159876332198185,0.3401954545671213,0.3757921786526972,7.428518863148263,execution_stress,,KRW100M,C50,,50,quarter,0.5,3,66666.66666666667,0.005,0.01,True,0.7159876332198185,0.3401954545671213,0.3757921786526972,False
A2_quarter__KRW100M_C50,A2_quarter,diagnostics,2020,2020-01-02,2020-12-31,253,0.5351803308024845,-0.3707793784540222,1.1823516538610832,0.5377938694476556,0.1813082709311855,0.353872059871299,7.716184715446468,execution_stress,,KRW100M,C50,,50,quarter,0.5,3,66666.66666666667,0.005,0.01,True,0.5377938694476556,0.18208961084499786,0.35570425860265775,False
A2_quarter__KRW100M_C50,A2_quarter,diagnostics,2021,2021-01-04,2021-12-31,252,0.0288118580430254,-0.3772627240782351,0.273005319199429,0.0288118580430254,0.2861550585808201,-0.2573432005377947,11.018518373225112,execution_stress,,KRW100M,C50,,50,quarter,0.5,3,66666.66666666667,0.005,0.01,True,0.0288118580430254,0.28615505858082013,-0.25734320053779475,False
A2_quarter__KRW100M_C50,A2_quarter,diagnostics,2022,2022-01-03,2022-12-30,251,-0.2726975957830395,-0.3319099064699309,-0.6370847352222738,-0.2717780368321569,-0.180528833522089,-0.0921687622609505,14.17786222052689,execution_stress,,KRW100M,C50,,50,quarter,0.5,3,66666.66666666667,0.005,0.01,True,-0.2717780368321569,-0.17988114323237925,-0.09189689359977765,False
A2_quarter__KRW100M_C50,A2_quarter,diagnostics,2023,2023-01-03,2023-12-29,250,0.0757965373954179,-0.3235920170258142,0.383923579037825,0.0751729154414337,0.2494116142532503,-0.1736150768578324,8.950421905688973,execution_stress,,KRW100M,C50,,50,quarter,0.5,3,66666.66666666667,0.005,0.01,True,0.0751729154414337,0.24720554909618309,-0.17203263365474938,False
A2_quarter__KRW100M_C50,A2_quarter,diagnostics,2024,2024-01-02,2024-12-31,252,1.5378213272134005,-0.2382741882252743,1.9875012853341636,1.5378213272134005,0.2643074461050603,1.2735138811083402,7.63602044633779,execution_stress,,KRW100M,C50,,50,quarter,0.5,3,66666.66666666667,0.005,0.01,True,1.5378213272134005,0.2643074461050603,1.2735138811083402,False
A2_quarter__KRW100M_C50,A2_quarter,diagnostics,2025,2025-01-02,2025-12-31,250,0.2513829110994929,-0.4346354727687928,0.6835334965512161,0.2491577354517284,0.1785790013706134,0.0728039097288795,9.12740860125684,execution_stress,,KRW100M,C50,,50,quarter,0.5,3,66666.66666666667,0.005,0.01,True,0.2491577354517284,0.1770430847937292,0.07211465065799919,False
A2_quarter__KRW100M_C50,A2_quarter,diagnostics,2026,2026-01-02,2026-09-22,181,0.0058462289334693,-0.3629232740431782,0.2474502256219939,0.0041956274813723,0.193982242745804,-0.1881360138123347,10.263041991500604,execution_stress,,KRW100M,C50,,50,quarter,0.5,3,66666.66666666667,0.005,0.01,True,0.0041956274813723,0.13580564851123356,-0.13161002102986125,True
A2_quarter__KRW100M_R5,A2_quarter,diagnostics,2017,2017-01-04,2017-12-29,250,0.0939684989253237,-0.1707948944616536,0.5576613700077776,0.0931890037559366,0.2120011745455907,-0.1180326756202669,8.193071087661496,execution_stress,,KRW100M,R5,,50,quarter,0.5,3,66666.66666666667,0.0025,0.05,True,0.0931890037559366,0.21015310140377008,-0.11696409764783348,False
A2_quarter__KRW100M_R5,A2_quarter,diagnostics,2018,2018-01-02,2018-12-31,251,-0.1567624747566146,-0.3284205996781781,-0.5418714813992097,-0.1561917358109319,-0.0642984107744514,-0.0924640639821632,8.238304233606913,execution_stress,,KRW100M,R5,,50,quarter,0.5,3,66666.66666666667,0.0025,0.05,True,-0.1561917358109319,-0.06405161044839947,-0.09214012536253244,False
A2_quarter__KRW100M_R5,A2_quarter,diagnostics,2019,2019-01-02,2019-12-31,252,0.7568679003218195,-0.1243019046348985,2.604113769827732,0.7568679003218195,0.3401954545671213,0.4166724457546982,7.49655594896016,execution_stress,,KRW100M,R5,,50,quarter,0.5,3,66666.66666666667,0.0025,0.05,True,0.7568679003218195,0.3401954545671213,0.4166724457546982,False
A2_quarter__KRW100M_R5,A2_quarter,diagnostics,2020,2020-01-02,2020-12-31,253,0.6342466540260445,-0.3887683802235582,1.317947734757808,0.6374351272063077,0.1813082709311855,0.452938383094859,8.164321902680681,execution_stress,,KRW100M,R5,,50,quarter,0.5,3,66666.66666666667,0.0025,0.05,True,0.6374351272063077,0.18208961084499786,0.4553455163613098,False
A2_quarter__KRW100M_R5,A2_quarter,diagnostics,2021,2021-01-04,2021-12-31,252,-0.1086804319894669,-0.365503057198453,-0.1363692835488955,-0.1086804319894669,0.2861550585808201,-0.3948354905702871,11.879813425749486,execution_stress,,KRW100M,R5,,50,quarter,0.5,3,66666.66666666667,0.0025,0.05,True,-0.1086804319894669,0.28615505858082013,-0.39483549057028705,False
A2_quarter__KRW100M_R5,A2_quarter,diagnostics,2022,2022-01-03,2022-12-30,251,-0.155812747117096,-0.2699091976466462,-0.2876821170963636,-0.1552451387813351,-0.180528833522089,0.024716086404993,12.119038579588713,execution_stress,,KRW100M,R5,,50,quarter,0.5,3,66666.66666666667,0.0025,0.05,True,-0.1552451387813351,-0.17988114323237925,0.024636004451044136,False
A2_quarter__KRW100M_R5,A2_quarter,diagnostics,2023,2023-01-03,2023-12-29,250,0.1059109426023405,-0.3177972167021827,0.464469176237823,0.1050277132095158,0.2494116142532503,-0.1435006716509097,8.931291530821614,execution_stress,,KRW100M,R5,,50,quarter,0.5,3,66666.66666666667,0.0025,0.05,True,0.1050277132095158,0.24720554909618309,-0.14217783588666727,False
A2_quarter__KRW100M_R5,A2_quarter,diagnostics,2024,2024-01-02,2024-12-31,252,1.1408815611182797,-0.2651593064304849,1.704827709900726,1.1408815611182797,0.2643074461050603,0.8765741150132194,8.667450232934483,execution_stress,,KRW100M,R5,,50,quarter,0.5,3,66666.66666666667,0.0025,0.05,True,1.1408815611182797,0.2643074461050603,0.8765741150132194,False
A2_quarter__KRW100M_R5,A2_quarter,diagnostics,2025,2025-01-02,2025-12-31,250,0.2320369779648476,-0.4631385956375696,0.6609165675426698,0.2299982874011203,0.1785790013706134,0.0534579765942342,9.78210014685862,execution_stress,,KRW100M,R5,,50,quarter,0.5,3,66666.66666666667,0.0025,0.05,True,0.2299982874011203,0.1770430847937292,0.05295520260739109,False
A2_quarter__KRW100M_R5,A2_quarter,diagnostics,2026,2026-01-02,2026-09-22,181,0.2676078165861331,-0.2919877952479217,0.7267644340207099,0.1856849824367228,0.193982242745804,0.073625573840329,11.146407164153755,execution_stress,,KRW100M,R5,,50,quarter,0.5,3,66666.66666666667,0.0025,0.05,True,0.1856849824367228,0.13580564851123356,0.04987933392548924,True
A2_quarter__KRW100M_UNLIMITED,A2_quarter,diagnostics,2017,2017-01-04,2017-12-29,250,0.0939684989253237,-0.1707948944616536,0.5576613700077776,0.0931890037559366,0.2120011745455907,-0.1180326756202669,8.193071087661496,execution_stress,,KRW100M,UNLIMITED,,50,quarter,0.5,3,66666.66666666667,0.0025,0.0,True,0.0931890037559366,0.21015310140377008,-0.11696409764783348,False
A2_quarter__KRW100M_UNLIMITED,A2_quarter,diagnostics,2018,2018-01-02,2018-12-31,251,-0.1567624747566146,-0.3284205996781781,-0.5418714813992097,-0.1561917358109319,-0.0642984107744514,-0.0924640639821632,8.238304233606913,execution_stress,,KRW100M,UNLIMITED,,50,quarter,0.5,3,66666.66666666667,0.0025,0.0,True,-0.1561917358109319,-0.06405161044839947,-0.09214012536253244,False
A2_quarter__KRW100M_UNLIMITED,A2_quarter,diagnostics,2019,2019-01-02,2019-12-31,252,0.7589314253055164,-0.1240975595016967,2.610037932639323,0.7589314253055164,0.3401954545671213,0.4187359707383951,7.498011432693707,execution_stress,,KRW100M,UNLIMITED,,50,quarter,0.5,3,66666.66666666667,0.0025,0.0,True,0.7589314253055164,0.3401954545671213,0.4187359707383951,False
A2_quarter__KRW100M_UNLIMITED,A2_quarter,diagnostics,2020,2020-01-02,2020-12-31,253,0.6332304808440319,-0.3885887972444787,1.3166554915252942,0.6364129323950691,0.1813082709311855,0.4519222099128464,8.166166672979466,execution_stress,,KRW100M,UNLIMITED,,50,quarter,0.5,3,66666.66666666667,0.0025,0.0,True,0.6364129323950691,0.18208961084499786,0.45432332155007127,False
A2_quarter__KRW100M_UNLIMITED,A2_quarter,diagnostics,2021,2021-01-04,2021-12-31,252,-0.1860723072202189,-0.401162210690661,-0.3728838967726697,-0.1860723072202189,0.2861550585808201,-0.4722273658010391,12.822129527536411,execution_stress,,KRW100M,UNLIMITED,,50,quarter,0.5,3,66666.66666666667,0.0025,0.0,True,-0.1860723072202189,0.28615505858082013,-0.472227365801039,False
A2_quarter__KRW100M_UNLIMITED,A2_quarter,diagnostics,2022,2022-01-03,2022-12-30,251,-0.2518534522820045,-0.3220879203392229,-0.5851907959289478,-0.2509915295369564,-0.180528833522089,-0.0713246187599154,14.361953021122616,execution_stress,,KRW100M,UNLIMITED,,50,quarter,0.5,3,66666.66666666667,0.0025,0.0,True,-0.2509915295369564,-0.17988114323237925,-0.07111038630457717,False
A2_quarter__KRW100M_UNLIMITED,A2_quarter,diagnostics,2023,2023-01-03,2023-12-29,250,0.0805643488071792,-0.3327006126857379,0.3967839636632257,0.0799000621779599,0.2494116142532503,-0.1688472654460711,9.01780603773792,execution_stress,,KRW100M,UNLIMITED,,50,quarter,0.5,3,66666.66666666667,0.0025,0.0,True,0.0799000621779599,0.24720554909618309,-0.16730548691822317,False
A2_quarter__KRW100M_UNLIMITED,A2_quarter,diagnostics,2024,2024-01-02,2024-12-31,252,1.213430832112698,-0.2541273799251239,1.767239301733845,1.213430832112698,0.2643074461050603,0.9491233860076378,8.373766926575282,execution_stress,,KRW100M,UNLIMITED,,50,quarter,0.5,3,66666.66666666667,0.0025,0.0,True,1.213430832112698,0.2643074461050603,0.9491233860076378,False
A2_quarter__KRW100M_UNLIMITED,A2_quarter,diagnostics,2025,2025-01-02,2025-12-31,250,0.3379780137659713,-0.4414507016283674,0.8182536910569249,0.3348897971481166,0.1785790013706134,0.1593990123953579,8.927872998264663,execution_stress,,KRW100M,UNLIMITED,,50,quarter,0.5,3,66666.66666666667,0.0025,0.0,True,0.3348897971481166,0.1770430847937292,0.1578467123543874,False
A2_quarter__KRW100M_UNLIMITED,A2_quarter,diagnostics,2026,2026-01-02,2026-09-22,181,0.3529705152394857,-0.3326778289524633,0.7797427260007128,0.2425056310934856,0.193982242745804,0.1589882724936817,11.446857532221928,execution_stress,,KRW100M,UNLIMITED,,50,quarter,0.5,3,66666.66666666667,0.0025,0.0,True,0.2425056310934856,0.13580564851123356,0.10669998258225205,True
A2_week__fresh2018,A2_week,diagnostics,2018,2018-01-02,2018-12-31,251,-0.0469849073695235,-0.3215806069847036,-0.0253546184377275,-0.0468028923256425,-0.0642984107744514,0.0173135034049278,15.403662360657842,fresh_cash,2018-01-01,,,,50,week,0.5,3,100000.0,0.0025,0.01,True,-0.0468028923256425,-0.06405161044839947,0.017248718122756967,False
A2_week__fresh2018,A2_week,diagnostics,2019,2019-01-02,2019-12-31,252,0.7834272575575432,-0.1081301897296663,2.7107612692475365,0.7834272575575432,0.3401954545671213,0.4432318029904218,9.64258782216329,fresh_cash,2018-01-01,,,,50,week,0.5,3,100000.0,0.0025,0.01,True,0.7834272575575432,0.3401954545671213,0.44323180299042186,False
A2_week__fresh2018,A2_week,diagnostics,2020,2020-01-02,2020-12-31,253,0.432556750099119,-0.3837869416147292,1.0402647126290738,0.4346016525499745,0.1813082709311855,0.2512484791679334,12.47067976273252,fresh_cash,2018-01-01,,,,50,week,0.5,3,100000.0,0.0025,0.01,True,0.4346016525499745,0.18208961084499786,0.25251204170497665,False
A2_week__fresh2018,A2_week,diagnostics,2021,2021-01-04,2021-12-31,252,-0.048775525104422,-0.4007637990497324,0.0891315837075147,-0.048775525104422,0.2861550585808201,-0.3349305836852422,16.483573908660283,fresh_cash,2018-01-01,,,,50,week,0.5,3,100000.0,0.0025,0.01,True,-0.048775525104422,0.28615505858082013,-0.33493058368524214,False
A2_week__fresh2018,A2_week,diagnostics,2022,2022-01-03,2022-12-30,251,-0.2556986453204636,-0.337457931972017,-0.5237614999695391,-0.2548259154225826,-0.180528833522089,-0.0751698117983745,20.63450788916348,fresh_cash,2018-01-01,,,,50,week,0.5,3,100000.0,0.0025,0.01,True,-0.2548259154225826,-0.17988114323237925,-0.07494477219020335,False
A2_week__fresh2018,A2_week,diagnostics,2023,2023-01-03,2023-12-29,250,0.172532038263141,-0.3329034510654812,0.6334966508902222,0.1710518090870412,0.2494116142532503,-0.0768795759901093,11.103415894783604,fresh_cash,2018-01-01,,,,50,week,0.5,3,100000.0,0.0025,0.01,True,0.1710518090870412,0.24720554909618309,-0.07615374000914188,False
A2_week__fresh2018,A2_week,diagnostics,2024,2024-01-02,2024-12-31,252,0.9952882813478804,-0.2286918948111467,1.9143067784436183,0.9952882813478804,0.2643074461050603,0.7309808352428202,11.72715673711344,fresh_cash,2018-01-01,,,,50,week,0.5,3,100000.0,0.0025,0.01,True,0.9952882813478804,0.2643074461050603,0.7309808352428201,False
A2_week__fresh2018,A2_week,diagnostics,2025,2025-01-02,2025-12-31,250,0.1024993413951611,-0.4522366244876378,0.4451935037700654,0.1016458497919332,0.1785790013706134,-0.0760796599754523,12.860966640283864,fresh_cash,2018-01-01,,,,50,week,0.5,3,100000.0,0.0025,0.01,True,0.1016458497919332,0.1770430847937292,-0.07539723500179601,False
A2_week__fresh2018,A2_week,diagnostics,2026,2026-01-02,2026-09-22,181,0.2092046281917834,-0.3181911014019531,0.6279237204050508,0.1461878732360637,0.193982242745804,0.0152223854459794,16.155960288577525,fresh_cash,2018-01-01,,,,50,week,0.5,3,100000.0,0.0025,0.01,True,0.1461878732360637,0.13580564851123356,0.010382224724830136,True
A2_week__fresh2019,A2_week,diagnostics,2019,2019-01-02,2019-12-31,252,1.1422501283876323,-0.1109513498430663,3.158961301936993,1.1422501283876323,0.3401954545671213,0.802054673820511,14.742148665917668,fresh_cash,2019-01-01,,,,50,week,0.5,3,100000.0,0.0025,0.01,True,1.1422501283876323,0.3401954545671213,0.802054673820511,False
A2_week__fresh2019,A2_week,diagnostics,2020,2020-01-02,2020-12-31,253,0.6002225188112584,-0.4291189061955155,1.234692196569004,0.6032107535559899,0.1813082709311855,0.4189142478800729,11.452004326375626,fresh_cash,2019-01-01,,,,50,week,0.5,3,100000.0,0.0025,0.01,True,0.6032107535559899,0.18208961084499786,0.421121142710992,False
A2_week__fresh2019,A2_week,diagnostics,2021,2021-01-04,2021-12-31,252,-0.0438199648864422,-0.4135106230872378,0.0967915415277238,-0.0438199648864422,0.2861550585808201,-0.3299750234672624,16.071148715118646,fresh_cash,2019-01-01,,,,50,week,0.5,3,100000.0,0.0025,0.01,True,-0.0438199648864422,0.28615505858082013,-0.3299750234672623,False
A2_week__fresh2019,A2_week,diagnostics,2022,2022-01-03,2022-12-30,251,-0.3782762798819377,-0.4202691612220387,-0.8862428380963495,-0.377102633500645,-0.180528833522089,-0.1977474463598486,22.54082300415036,fresh_cash,2019-01-01,,,,50,week,0.5,3,100000.0,0.0025,0.01,True,-0.377102633500645,-0.17988114323237925,-0.19722149026826574,False
A2_week__fresh2019,A2_week,diagnostics,2023,2023-01-03,2023-12-29,250,0.1197375711911108,-0.3422860334447445,0.4981321671993213,0.1187329745786207,0.2494116142532503,-0.1296740430621394,12.28592798233449,fresh_cash,2019-01-01,,,,50,week,0.5,3,100000.0,0.0025,0.01,True,0.1187329745786207,0.24720554909618309,-0.1284725745175624,False
A2_week__fresh2019,A2_week,diagnostics,2024,2024-01-02,2024-12-31,252,0.8318513268214509,-0.2558198155511098,1.5863387586394035,0.8318513268214509,0.2643074461050603,0.5675438807163906,12.152895503719655,fresh_cash,2019-01-01,,,,50,week,0.5,3,100000.0,0.0025,0.01,True,0.8318513268214509,0.2643074461050603,0.5675438807163906,False
A2_week__fresh2019,A2_week,diagnostics,2025,2025-01-02,2025-12-31,250,0.1577028117247747,-0.4630074722212094,0.5416549350490726,0.1563581064214547,0.1785790013706134,-0.0208761896458387,12.38302226681817,fresh_cash,2019-01-01,,,,50,week,0.5,3,100000.0,0.0025,0.01,True,0.1563581064214547,0.1770430847937292,-0.02068497837227451,False
A2_week__fresh2019,A2_week,diagnostics,2026,2026-01-02,2026-09-22,181,0.2362778273370582,-0.3058760120912597,0.672116089785294,0.1645623360524704,0.193982242745804,0.0422955845912542,16.448259321726464,fresh_cash,2019-01-01,,,,50,week,0.5,3,100000.0,0.0025,0.01,True,0.1645623360524704,0.13580564851123356,0.028756687541236836,True
A2_week__fresh2020,A2_week,diagnostics,2020,2020-01-02,2020-12-31,253,0.9494705937668392,-0.485576496170832,1.542749095561809,0.9546416636923902,0.1813082709311855,0.7681623228356536,17.011933971671002,fresh_cash,2020-01-01,,,,50,week,0.5,3,100000.0,0.0025,0.01,True,0.9546416636923902,0.18208961084499786,0.7725520528473924,False
A2_week__fresh2020,A2_week,diagnostics,2021,2021-01-04,2021-12-31,252,0.1001545632436078,-0.3743786943693072,0.4367120694077225,0.1001545632436078,0.2861550585808201,-0.1860004953372123,14.572136363354298,fresh_cash,2020-01-01,,,,50,week,0.5,3,100000.0,0.0025,0.01,True,0.1001545632436078,0.28615505858082013,-0.18600049533721233,False
A2_week__fresh2020,A2_week,diagnostics,2022,2022-01-03,2022-12-30,251,-0.242903067937599,-0.3260034411431729,-0.4907073362899578,-0.242066602986011,-0.180528833522089,-0.06237423441551,20.340840854233203,fresh_cash,2020-01-01,,,,50,week,0.5,3,100000.0,0.0025,0.01,True,-0.242066602986011,-0.17988114323237925,-0.06218545975363174,False
A2_week__fresh2020,A2_week,diagnostics,2023,2023-01-03,2023-12-29,250,0.1717192222769312,-0.3331223927007196,0.631572018304535,0.170246459777718,0.2494116142532503,-0.077692391976319,11.0919675045076,fresh_cash,2020-01-01,,,,50,week,0.5,3,100000.0,0.0025,0.01,True,0.170246459777718,0.24720554909618309,-0.0769590893184651,False
A2_week__fresh2020,A2_week,diagnostics,2024,2024-01-02,2024-12-31,252,1.10660219049221,-0.2291337952768102,2.0153945095709664,1.10660219049221,0.2643074461050603,0.8422947443871498,11.759391522245602,fresh_cash,2020-01-01,,,,50,week,0.5,3,100000.0,0.0025,0.01,True,1.10660219049221,0.2643074461050603,0.8422947443871498,False
A2_week__fresh2020,A2_week,diagnostics,2025,2025-01-02,2025-12-31,250,0.1797960680545027,-0.4259881450465168,0.579826700841201,0.1782489137930274,0.1785790013706134,0.0012170666838893,12.470429137808262,fresh_cash,2020-01-01,,,,50,week,0.5,3,100000.0,0.0025,0.01,True,0.1782489137930274,0.1770430847937292,0.0012058289992981919,False
A2_week__fresh2020,A2_week,diagnostics,2026,2026-01-02,2026-09-22,181,0.1054699316372129,-0.3255927477353421,0.4472677544556293,0.0746765153821935,0.193982242745804,-0.088512311108591,17.057911744970802,fresh_cash,2020-01-01,,,,50,week,0.5,3,100000.0,0.0025,0.01,True,0.0746765153821935,0.13580564851123356,-0.06112913312904006,True
A2_week__fresh2021,A2_week,diagnostics,2021,2021-01-04,2021-12-31,252,-0.276066231646024,-0.4743141245686296,-0.5599617351225655,-0.276066231646024,0.2861550585808201,-0.5622212902268442,24.50140944394653,fresh_cash,2021-01-01,,,,50,week,0.5,3,100000.0,0.0025,0.01,True,-0.276066231646024,0.28615505858082013,-0.5622212902268442,False
A2_week__fresh2021,A2_week,diagnostics,2022,2022-01-03,2022-12-30,251,-0.2626123314291099,-0.3288483240395462,-0.5181631907392404,-0.2617203681969637,-0.180528833522089,-0.0820834979070208,20.412620701221083,fresh_cash,2021-01-01,,,,50,week,0.5,3,100000.0,0.0025,0.01,True,-0.2617203681969637,-0.17988114323237925,-0.08183922496458446,False
A2_week__fresh2021,A2_week,diagnostics,2023,2023-01-03,2023-12-29,250,0.1573610118682118,-0.3166119117580201,0.592130976394974,0.1560194127248622,0.2494116142532503,-0.0920506023850384,12.2531015824468,fresh_cash,2021-01-01,,,,50,week,0.5,3,100000.0,0.0025,0.01,True,0.1560194127248622,0.24720554909618309,-0.09118613637132089,False
A2_week__fresh2021,A2_week,diagnostics,2024,2024-01-02,2024-12-31,252,1.0038126291872702,-0.2561719498555521,1.874898727724013,1.0038126291872702,0.2643074461050603,0.7395051830822099,13.107916517064194,fresh_cash,2021-01-01,,,,50,week,0.5,3,100000.0,0.0025,0.01,True,1.0038126291872702,0.2643074461050603,0.7395051830822099,False
A2_week__fresh2021,A2_week,diagnostics,2025,2025-01-02,2025-12-31,250,0.4221169584822499,-0.4406574241915151,0.9279313753306944,0.4181479548442868,0.1785790013706134,0.2435379571116365,12.67218878855063,fresh_cash,2021-01-01,,,,50,week,0.5,3,100000.0,0.0025,0.01,True,0.4181479548442868,0.1770430847937292,0.24110487005055758,False
A2_week__fresh2021,A2_week,diagnostics,2026,2026-01-02,2026-09-22,181,0.2841576443339628,-0.331101680283886,0.7392432259305384,0.1967833946212873,0.193982242745804,0.0901754015881588,15.42734454984462,fresh_cash,2021-01-01,,,,50,week,0.5,3,100000.0,0.0025,0.01,True,0.1967833946212873,0.13580564851123356,0.06097774611005374,True
A2_week__fresh2022,A2_week,diagnostics,2022,2022-01-03,2022-12-30,251,-0.3091418994048629,-0.406697816867933,-0.6489998959774329,-0.3081272911432723,-0.180528833522089,-0.1286130658827738,25.40177754577708,fresh_cash,2022-01-01,,,,50,week,0.5,3,100000.0,0.0025,0.01,True,-0.3081272911432723,-0.17988114323237925,-0.12824614791089306,False
A2_week__fresh2022,A2_week,diagnostics,2023,2023-01-03,2023-12-29,250,0.1240906245617321,-0.3433815858382204,0.5103593402359047,0.1230475389924212,0.2494116142532503,-0.1253209896915181,11.756620619126558,fresh_cash,2022-01-01,,,,50,week,0.5,3,100000.0,0.0025,0.01,True,0.1230475389924212,0.24720554909618309,-0.12415801010376189,False
A2_week__fresh2022,A2_week,diagnostics,2024,2024-01-02,2024-12-31,252,1.191435208016394,-0.2577312752626506,2.0369825027489323,1.191435208016394,0.2643074461050603,0.9271277619113338,12.78669949983577,fresh_cash,2022-01-01,,,,50,week,0.5,3,100000.0,0.0025,0.01,True,1.191435208016394,0.2643074461050603,0.9271277619113336,False
A2_week__fresh2022,A2_week,diagnostics,2025,2025-01-02,2025-12-31,250,0.3982799248534143,-0.4049662437397018,0.8809425214200155,0.394564525654993,0.1785790013706134,0.2197009234828009,12.48159430369587,fresh_cash,2022-01-01,,,,50,week,0.5,3,100000.0,0.0025,0.01,True,0.394564525654993,0.1770430847937292,0.2175214408612638,False
A2_week__fresh2022,A2_week,diagnostics,2026,2026-01-02,2026-09-22,181,0.2125807808851116,-0.3284028469335323,0.6291217848425588,0.1484855317060223,0.193982242745804,0.0185985381393076,16.13279168916647,fresh_cash,2022-01-01,,,,50,week,0.5,3,100000.0,0.0025,0.01,True,0.1484855317060223,0.13580564851123356,0.012679883194788744,True
A2_week__fresh2023,A2_week,diagnostics,2023,2023-01-03,2023-12-29,250,0.2135232334839858,-0.3472445550566801,0.7032344896416443,0.2116607705658242,0.2494116142532503,-0.0358883807692644,19.901574373444305,fresh_cash,2023-01-01,,,,50,week,0.5,3,100000.0,0.0025,0.01,True,0.2116607705658242,0.24720554909618309,-0.035544778530358895,False
A2_week__fresh2023,A2_week,diagnostics,2024,2024-01-02,2024-12-31,252,1.4600564844185602,-0.2663216841207891,2.1267116147715988,1.4600564844185602,0.2643074461050603,1.1957490383135,12.01951688000964,fresh_cash,2023-01-01,,,,50,week,0.5,3,100000.0,0.0025,0.01,True,1.4600564844185602,0.2643074461050603,1.1957490383134999,False
A2_week__fresh2023,A2_week,diagnostics,2025,2025-01-02,2025-12-31,250,0.3700234456564761,-0.3897243053626027,0.8671043653608544,0.366604531913427,0.1785790013706134,0.1914444442858627,12.41564019860997,fresh_cash,2023-01-01,,,,50,week,0.5,3,100000.0,0.0025,0.01,True,0.366604531913427,0.1770430847937292,0.1895614471196978,False
A2_week__fresh2023,A2_week,diagnostics,2026,2026-01-02,2026-09-22,181,0.11593137343355,-0.3446118112429402,0.4667000446622484,0.0819714831196791,0.193982242745804,-0.0780508693122539,15.81186163558983,fresh_cash,2023-01-01,,,,50,week,0.5,3,100000.0,0.0025,0.01,True,0.0819714831196791,0.13580564851123356,-0.05383416539155446,True
A2_week__USD100K_C50,A2_week,diagnostics,2017,2017-01-04,2017-12-29,250,0.0534442825199068,-0.1905171593550286,0.3609744259322744,0.0530090736742028,0.2120011745455907,-0.1585568920256839,11.28056247261712,execution_stress,,USD100K,C50,,50,week,0.5,3,100000.0,0.005,0.01,True,0.0530090736742028,0.21015310140377008,-0.1571440277295673,False
A2_week__USD100K_C50,A2_week,diagnostics,2018,2018-01-02,2018-12-31,251,-0.1836656017024923,-0.3569510244499496,-0.6110176529159003,-0.1830079570858153,-0.0642984107744514,-0.1193671909280409,11.920155190489524,execution_stress,,USD100K,C50,,50,week,0.5,3,100000.0,0.005,0.01,True,-0.1830079570858153,-0.06405161044839947,-0.11895634663741583,False
A2_week__USD100K_C50,A2_week,diagnostics,2019,2019-01-02,2019-12-31,252,0.7419192110859909,-0.1145596108656866,2.629365849863526,0.7419192110859909,0.3401954545671213,0.4017237565188696,10.092020506855748,execution_stress,,USD100K,C50,,50,week,0.5,3,100000.0,0.005,0.01,True,0.7419192110859909,0.3401954545671213,0.4017237565188696,False
A2_week__USD100K_C50,A2_week,diagnostics,2020,2020-01-02,2020-12-31,253,0.497515085981002,-0.3778919135991071,1.1379895760786345,0.4999166415950999,0.1813082709311855,0.3162068150498165,11.67389546076158,execution_stress,,USD100K,C50,,50,week,0.5,3,100000.0,0.005,0.01,True,0.4999166415950999,0.18208961084499786,0.31782703075010205,False
A2_week__USD100K_C50,A2_week,diagnostics,2021,2021-01-04,2021-12-31,252,0.0614293178716931,-0.3375949279909302,0.3505152716680049,0.0614293178716931,0.2861550585808201,-0.224725740709127,15.258558671008316,execution_stress,,USD100K,C50,,50,week,0.5,3,100000.0,0.005,0.01,True,0.0614293178716931,0.28615505858082013,-0.22472574070912704,False
A2_week__USD100K_C50,A2_week,diagnostics,2022,2022-01-03,2022-12-30,251,-0.3354895818425671,-0.3797570857868457,-0.7905675506850242,-0.3344109750866835,-0.180528833522089,-0.1549607483204781,20.818361542768557,execution_stress,,USD100K,C50,,50,week,0.5,3,100000.0,0.005,0.01,True,-0.3344109750866835,-0.17988114323237925,-0.15452983185430424,False
A2_week__USD100K_C50,A2_week,diagnostics,2023,2023-01-03,2023-12-29,250,0.0835510720786387,-0.3484685890168735,0.4042536880132605,0.0828612273043629,0.2494116142532503,-0.1658605421746115,11.859402516562392,execution_stress,,USD100K,C50,,50,week,0.5,3,100000.0,0.005,0.01,True,0.0828612273043629,0.24720554909618309,-0.16434432179182018,False
A2_week__USD100K_C50,A2_week,diagnostics,2024,2024-01-02,2024-12-31,252,0.8250932632257155,-0.2663957133289196,1.632173354004629,0.8250932632257155,0.2643074461050603,0.5607858171206552,13.17546929902484,execution_stress,,USD100K,C50,,50,week,0.5,3,100000.0,0.005,0.01,True,0.8250932632257155,0.2643074461050603,0.5607858171206552,False
A2_week__USD100K_C50,A2_week,diagnostics,2025,2025-01-02,2025-12-31,250,0.0797243677230827,-0.4206620261121008,0.4057636927122687,0.0790672573283632,0.1785790013706134,-0.0988546336475306,13.597226233251977,execution_stress,,USD100K,C50,,50,week,0.5,3,100000.0,0.005,0.01,True,0.0790672573283632,0.1770430847937292,-0.09797582746536601,False
A2_week__USD100K_C50,A2_week,diagnostics,2026,2026-01-02,2026-09-22,181,0.0913346951833271,-0.3371378797459822,0.4201411040985739,0.064788757569578,0.193982242745804,-0.1026475475624768,15.973565794470764,execution_stress,,USD100K,C50,,50,week,0.5,3,100000.0,0.005,0.01,True,0.064788757569578,0.13580564851123356,-0.07101689094165556,True
A2_week__USD100K_R5,A2_week,diagnostics,2017,2017-01-04,2017-12-29,250,0.093633903020964,-0.1736906414005902,0.5501255921472007,0.0928572994924452,0.2120011745455907,-0.1183672715246266,11.238319895551886,execution_stress,,USD100K,R5,,50,week,0.5,3,100000.0,0.0025,0.05,True,0.0928572994924452,0.21015310140377008,-0.11729580191132488,False
A2_week__USD100K_R5,A2_week,diagnostics,2018,2018-01-02,2018-12-31,251,-0.159885871446388,-0.349884561307226,-0.5052859450069458,-0.1593048666353768,-0.0642984107744514,-0.0955874606719365,11.912203847755803,execution_stress,,USD100K,R5,,50,week,0.5,3,100000.0,0.0025,0.05,True,-0.1593048666353768,-0.06405161044839947,-0.09525325618697733,False
A2_week__USD100K_R5,A2_week,diagnostics,2019,2019-01-02,2019-12-31,252,0.7669492795639088,-0.1132801587465704,2.6680796604021486,0.7669492795639088,0.3401954545671213,0.4267538249967875,10.25591864808505,execution_stress,,USD100K,R5,,50,week,0.5,3,100000.0,0.0025,0.05,True,0.7669492795639088,0.3401954545671213,0.4267538249967875,False
A2_week__USD100K_R5,A2_week,diagnostics,2020,2020-01-02,2020-12-31,253,0.5624169307568598,-0.4000494036175095,1.2264416878080475,0.5651860621693758,0.1813082709311855,0.3811086598256743,12.099191376106411,execution_stress,,USD100K,R5,,50,week,0.5,3,100000.0,0.0025,0.05,True,0.5651860621693758,0.18208961084499786,0.383096451324378,False
A2_week__USD100K_R5,A2_week,diagnostics,2021,2021-01-04,2021-12-31,252,-0.0934978452703987,-0.3543941510485051,-0.0670956363047244,-0.0934978452703987,0.2861550585808201,-0.3796529038512188,16.580779578785133,execution_stress,,USD100K,R5,,50,week,0.5,3,100000.0,0.0025,0.05,True,-0.0934978452703987,0.28615505858082013,-0.37965290385121886,False
A2_week__USD100K_R5,A2_week,diagnostics,2022,2022-01-03,2022-12-30,251,-0.1778829487174307,-0.28431517395689,-0.2827436798322278,-0.1772436919036686,-0.180528833522089,0.0026458848046583,17.967483807273634,execution_stress,,USD100K,R5,,50,week,0.5,3,100000.0,0.0025,0.05,True,-0.1772436919036686,-0.17988114323237925,0.002637451328710655,False
A2_week__USD100K_R5,A2_week,diagnostics,2023,2023-01-03,2023-12-29,250,0.1674726242356981,-0.3172309454214032,0.6150882241866985,0.1660387995987748,0.2494116142532503,-0.0819389900175522,12.691337364851895,execution_stress,,USD100K,R5,,50,week,0.5,3,100000.0,0.0025,0.05,True,0.1660387995987748,0.24720554909618309,-0.08116674949740829,False
A2_week__USD100K_R5,A2_week,diagnostics,2024,2024-01-02,2024-12-31,252,0.8826575028253281,-0.2702553641703787,1.7021714795501912,0.8826575028253281,0.2643074461050603,0.6183500567202678,13.992793054978788,execution_stress,,USD100K,R5,,50,week,0.5,3,100000.0,0.0025,0.05,True,0.8826575028253281,0.2643074461050603,0.6183500567202678,False
A2_week__USD100K_R5,A2_week,diagnostics,2025,2025-01-02,2025-12-31,250,0.3764841905189873,-0.4546315288824359,0.8597313746000137,0.3729978866433396,0.1785790013706134,0.1979051891483738,13.652126213595224,execution_stress,,USD100K,R5,,50,week,0.5,3,100000.0,0.0025,0.05,True,0.3729978866433396,0.1770430847937292,0.1959548018496104,False
A2_week__USD100K_R5,A2_week,diagnostics,2026,2026-01-02,2026-09-22,181,0.2634075770182431,-0.3364566812029588,0.7056546571969747,0.1828617965850905,0.193982242745804,0.0694253342724391,15.925753885583877,execution_stress,,USD100K,R5,,50,week,0.5,3,100000.0,0.0025,0.05,True,0.1828617965850905,0.13580564851123356,0.04705614807385694,True
A2_week__USD100K_UNLIMITED,A2_week,diagnostics,2017,2017-01-04,2017-12-29,250,0.093633903020964,-0.1736906414005902,0.5501255921472007,0.0928572994924452,0.2120011745455907,-0.1183672715246266,11.238319895551886,execution_stress,,USD100K,UNLIMITED,,50,week,0.5,3,100000.0,0.0025,0.0,True,0.0928572994924452,0.21015310140377008,-0.11729580191132488,False
A2_week__USD100K_UNLIMITED,A2_week,diagnostics,2018,2018-01-02,2018-12-31,251,-0.159885871446388,-0.349884561307226,-0.5052859450069458,-0.1593048666353768,-0.0642984107744514,-0.0955874606719365,11.912203847755803,execution_stress,,USD100K,UNLIMITED,,50,week,0.5,3,100000.0,0.0025,0.0,True,-0.1593048666353768,-0.06405161044839947,-0.09525325618697733,False
A2_week__USD100K_UNLIMITED,A2_week,diagnostics,2019,2019-01-02,2019-12-31,252,0.7691589708189284,-0.1132499496736946,2.674595478482799,0.7691589708189284,0.3401954545671213,0.428963516251807,10.290069655942276,execution_stress,,USD100K,UNLIMITED,,50,week,0.5,3,100000.0,0.0025,0.0,True,0.7691589708189284,0.3401954545671213,0.42896351625180706,False
A2_week__USD100K_UNLIMITED,A2_week,diagnostics,2020,2020-01-02,2020-12-31,253,0.5630665139601836,-0.3996853236590542,1.2274190685557973,0.5658393794724634,0.1813082709311855,0.3817582430289981,12.110680815512282,execution_stress,,USD100K,UNLIMITED,,50,week,0.5,3,100000.0,0.0025,0.0,True,0.5658393794724634,0.18208961084499786,0.38374976862746557,False
A2_week__USD100K_UNLIMITED,A2_week,diagnostics,2021,2021-01-04,2021-12-31,252,-0.1827075642896801,-0.3977602016027236,-0.3274283419520644,-0.1827075642896801,0.2861550585808201,-0.4688626228705003,17.84316295368493,execution_stress,,USD100K,UNLIMITED,,50,week,0.5,3,100000.0,0.0025,0.0,True,-0.1827075642896801,0.28615505858082013,-0.46886262287050023,False
A2_week__USD100K_UNLIMITED,A2_week,diagnostics,2022,2022-01-03,2022-12-30,251,-0.3035537134426899,-0.3616243119570029,-0.6383268962221891,-0.3025531953854065,-0.180528833522089,-0.1230248799206008,20.59123032346689,execution_stress,,USD100K,UNLIMITED,,50,week,0.5,3,100000.0,0.0025,0.0,True,-0.3025531953854065,-0.17988114323237925,-0.12267205215302723,False
A2_week__USD100K_UNLIMITED,A2_week,diagnostics,2023,2023-01-03,2023-12-29,250,0.1342711445287161,-0.3291180971713662,0.5345198390999434,0.1331375277330075,0.2494116142532503,-0.1151404697245341,12.893240092638244,execution_stress,,USD100K,UNLIMITED,,50,week,0.5,3,100000.0,0.0025,0.0,True,0.1331375277330075,0.24720554909618309,-0.11406802136317559,False
A2_week__USD100K_UNLIMITED,A2_week,diagnostics,2024,2024-01-02,2024-12-31,252,0.9311010875930056,-0.2596829225197177,1.7893941608146673,0.9311010875930056,0.2643074461050603,0.6667936414879452,13.582824346707726,execution_stress,,USD100K,UNLIMITED,,50,week,0.5,3,100000.0,0.0025,0.0,True,0.9311010875930056,0.2643074461050603,0.6667936414879453,False
A2_week__USD100K_UNLIMITED,A2_week,diagnostics,2025,2025-01-02,2025-12-31,250,0.4298169399396072,-0.4327108623154456,0.9387053460000084,0.4257653425473622,0.1785790013706134,0.2512379385689938,12.762370676478414,execution_stress,,USD100K,UNLIMITED,,50,week,0.5,3,100000.0,0.0025,0.0,True,0.4257653425473622,0.1770430847937292,0.248722257753633,False
A2_week__USD100K_UNLIMITED,A2_week,diagnostics,2026,2026-01-02,2026-09-22,181,0.4387560582471672,-0.3595986331072218,0.910922481084798,0.2985985345591448,0.193982242745804,0.2447738155013632,17.594062495539827,execution_stress,,USD100K,UNLIMITED,,50,week,0.5,3,100000.0,0.0025,0.0,True,0.2985985345591448,0.13580564851123356,0.16279288604791126,True
A2_week__KRW50M_R1,A2_week,diagnostics,2017,2017-01-04,2017-12-29,250,0.0891313508218574,-0.1791480657709789,0.5313862419539831,0.0883935807533824,0.2120011745455907,-0.1228698237237333,10.870571000709614,execution_stress,,KRW50M,R1,,50,week,0.5,3,33333.333333333336,0.0025,0.01,True,0.0883935807533824,0.21015310140377008,-0.12175952065038768,False
A2_week__KRW50M_R1,A2_week,diagnostics,2018,2018-01-02,2018-12-31,251,-0.1588419067913407,-0.3486029531688251,-0.5025562529668208,-0.1582643281432483,-0.0642984107744514,-0.0945434960168892,11.44467224187982,execution_stress,,KRW50M,R1,,50,week,0.5,3,33333.333333333336,0.0025,0.01,True,-0.1582643281432483,-0.06405161044839947,-0.09421271769484885,False
A2_week__KRW50M_R1,A2_week,diagnostics,2019,2019-01-02,2019-12-31,252,0.7552246904940778,-0.1142169759760522,2.647663532143804,0.7552246904940778,0.3401954545671213,0.4150292359269565,9.80001398661476,execution_stress,,KRW50M,R1,,50,week,0.5,3,33333.333333333336,0.0025,0.01,True,0.7552246904940778,0.3401954545671213,0.4150292359269565,False
A2_week__KRW50M_R1,A2_week,diagnostics,2020,2020-01-02,2020-12-31,253,0.512831643970971,-0.3709991422192058,1.1663542741657662,0.5153189516244445,0.1813082709311855,0.3315233730397855,11.31743845159675,execution_stress,,KRW50M,R1,,50,week,0.5,3,33333.333333333336,0.0025,0.01,True,0.5153189516244445,0.18208961084499786,0.33322934077944666,False
A2_week__KRW50M_R1,A2_week,diagnostics,2021,2021-01-04,2021-12-31,252,0.0323977668093424,-0.362045705118081,0.2800286507479251,0.0323977668093424,0.2861550585808201,-0.2537572917714776,16.051000410576698,execution_stress,,KRW50M,R1,,50,week,0.5,3,33333.333333333336,0.0025,0.01,True,0.0323977668093424,0.28615505858082013,-0.2537572917714777,False
A2_week__KRW50M_R1,A2_week,diagnostics,2022,2022-01-03,2022-12-30,251,-0.308163611274745,-0.3645438797488689,-0.6524448361623294,-0.3071514568168149,-0.180528833522089,-0.1276347777526559,20.3954734748306,execution_stress,,KRW50M,R1,,50,week,0.5,3,33333.333333333336,0.0025,0.01,True,-0.3071514568168149,-0.17988114323237925,-0.12727031358443563,False
A2_week__KRW50M_R1,A2_week,diagnostics,2023,2023-01-03,2023-12-29,250,0.1495857961469502,-0.3200721725661866,0.572447404302207,0.1483146406105471,0.2494116142532503,-0.0998258181063,12.372293521804844,execution_stress,,KRW50M,R1,,50,week,0.5,3,33333.333333333336,0.0025,0.01,True,0.1483146406105471,0.24720554909618309,-0.09889090848563598,False
A2_week__KRW50M_R1,A2_week,diagnostics,2024,2024-01-02,2024-12-31,252,0.9971950017485818,-0.25492427346805,1.8700096856347548,0.9971950017485818,0.2643074461050603,0.7328875556435215,13.109072800043483,execution_stress,,KRW50M,R1,,50,week,0.5,3,33333.333333333336,0.0025,0.01,True,0.9971950017485818,0.2643074461050603,0.7328875556435215,False
A2_week__KRW50M_R1,A2_week,diagnostics,2025,2025-01-02,2025-12-31,250,0.3825805369512034,-0.4403057698754937,0.8780582284256113,0.3790304254696739,0.1785790013706134,0.2040015355805899,13.073805139809012,execution_stress,,KRW50M,R1,,50,week,0.5,3,33333.333333333336,0.0025,0.01,True,0.3790304254696739,0.1770430847937292,0.2019873406759447,False
A2_week__KRW50M_R1,A2_week,diagnostics,2026,2026-01-02,2026-09-22,181,0.364890815369894,-0.3307971336599208,0.8534882267627497,0.2503586730315013,0.193982242745804,0.1709085726240899,16.0286469795377,execution_stress,,KRW50M,R1,,50,week,0.5,3,33333.333333333336,0.0025,0.01,True,0.2503586730315013,0.13580564851123356,0.11455302452026772,True
A2_week__KRW50M_C50,A2_week,diagnostics,2017,2017-01-04,2017-12-29,250,0.0610854244748197,-0.18875271845803,0.399113841409447,0.0605862223436635,0.2120011745455907,-0.1509157500707709,10.880596718611129,execution_stress,,KRW50M,C50,,50,week,0.5,3,33333.333333333336,0.005,0.01,True,0.0605862223436635,0.21015310140377008,-0.14956687906010657,False
A2_week__KRW50M_C50,A2_week,diagnostics,2018,2018-01-02,2018-12-31,251,-0.1821758747250808,-0.3551820674264107,-0.6057739308985293,-0.1815229517252019,-0.0642984107744514,-0.1178774639506293,11.40173945711028,execution_stress,,KRW50M,C50,,50,week,0.5,3,33333.333333333336,0.005,0.01,True,-0.1815229517252019,-0.06405161044839947,-0.11747134127680242,False
A2_week__KRW50M_C50,A2_week,diagnostics,2019,2019-01-02,2019-12-31,252,0.6955015590027929,-0.1179376775987117,2.4868210534369286,0.6955015590027929,0.3401954545671213,0.3553061044356715,9.662802351864144,execution_stress,,KRW50M,C50,,50,week,0.5,3,33333.333333333336,0.005,0.01,True,0.6955015590027929,0.3401954545671213,0.35530610443567157,False
A2_week__KRW50M_C50,A2_week,diagnostics,2020,2020-01-02,2020-12-31,253,0.4651737860969187,-0.3759521429899651,1.0939016435367572,0.4673963355350665,0.1813082709311855,0.2838655151657332,11.30165570313732,execution_stress,,KRW50M,C50,,50,week,0.5,3,33333.333333333336,0.005,0.01,True,0.4673963355350665,0.18208961084499786,0.2853067246900686,False
A2_week__KRW50M_C50,A2_week,diagnostics,2021,2021-01-04,2021-12-31,252,-0.0101087616212912,-0.3868763438855533,0.1749853214200391,-0.0101087616212912,0.2861550585808201,-0.2962638202021114,16.020024395760867,execution_stress,,KRW50M,C50,,50,week,0.5,3,33333.333333333336,0.005,0.01,True,-0.0101087616212912,0.28615505858082013,-0.29626382020211134,False
A2_week__KRW50M_C50,A2_week,diagnostics,2022,2022-01-03,2022-12-30,251,-0.3428687480206331,-0.3806220091558232,-0.7739605701087253,-0.3417729517064098,-0.180528833522089,-0.1623399144985441,20.26808517373257,execution_stress,,KRW50M,C50,,50,week,0.5,3,33333.333333333336,0.005,0.01,True,-0.3417729517064098,-0.17988114323237925,-0.16189180847403056,False
A2_week__KRW50M_C50,A2_week,diagnostics,2023,2023-01-03,2023-12-29,250,0.1245997576028006,-0.3205659485815936,0.510102476746423,0.1235521616942629,0.2494116142532503,-0.1248118566504496,12.187805141130037,execution_stress,,KRW50M,C50,,50,week,0.5,3,33333.333333333336,0.005,0.01,True,0.1235521616942629,0.24720554909618309,-0.12365338740192018,False
A2_week__KRW50M_C50,A2_week,diagnostics,2024,2024-01-02,2024-12-31,252,0.7768947282004897,-0.2729073138511849,1.5863704100856817,0.7768947282004897,0.2643074461050603,0.5125872820954294,13.17811384212294,execution_stress,,KRW50M,C50,,50,week,0.5,3,33333.333333333336,0.005,0.01,True,0.7768947282004897,0.2643074461050603,0.5125872820954294,False
A2_week__KRW50M_C50,A2_week,diagnostics,2025,2025-01-02,2025-12-31,250,0.3319138949604134,-0.4596276101292202,0.7989235942987666,0.3288875837965213,0.1785790013706134,0.1533348935898,13.175724409755428,execution_stress,,KRW50M,C50,,50,week,0.5,3,33333.333333333336,0.005,0.01,True,0.3288875837965213,0.1770430847937292,0.15184449900279207,False
A2_week__KRW50M_C50,A2_week,diagnostics,2026,2026-01-02,2026-09-22,181,0.2133871242282319,-0.3386465903737787,0.6294261298046495,0.1490340261248832,0.193982242745804,0.0194048814824279,15.18171467962861,execution_stress,,KRW50M,C50,,50,week,0.5,3,33333.333333333336,0.005,0.01,True,0.1490340261248832,0.13580564851123356,0.013228377613649644,True
A2_week__KRW50M_R5,A2_week,diagnostics,2017,2017-01-04,2017-12-29,250,0.0894801378107073,-0.1787013838872199,0.5327508730545748,0.0887393647613739,0.2120011745455907,-0.1225210367348834,10.786322958277015,execution_stress,,KRW50M,R5,,50,week,0.5,3,33333.333333333336,0.0025,0.05,True,0.0887393647613739,0.21015310140377008,-0.12141373664239619,False
A2_week__KRW50M_R5,A2_week,diagnostics,2018,2018-01-02,2018-12-31,251,-0.1592562916865866,-0.3488755090949141,-0.5041637652697015,-0.1586773524647844,-0.0642984107744514,-0.0949578809121352,11.449297113188925,execution_stress,,KRW50M,R5,,50,week,0.5,3,33333.333333333336,0.0025,0.05,True,-0.1586773524647844,-0.06405161044839947,-0.09462574201638493,False
A2_week__KRW50M_R5,A2_week,diagnostics,2019,2019-01-02,2019-12-31,252,0.7618341499774766,-0.1136009681628992,2.658561007723146,0.7618341499774766,0.3401954545671213,0.4216386954103552,9.68140614823869,execution_stress,,KRW50M,R5,,50,week,0.5,3,33333.333333333336,0.0025,0.05,True,0.7618341499774766,0.3401954545671213,0.42163869541035526,False
A2_week__KRW50M_R5,A2_week,diagnostics,2020,2020-01-02,2020-12-31,253,0.5784962409450314,-0.398215700166144,1.251775435763138,0.5813581193011235,0.1813082709311855,0.3971879700138458,11.582847100987104,execution_stress,,KRW50M,R5,,50,week,0.5,3,33333.333333333336,0.0025,0.05,True,0.5813581193011235,0.18208961084499786,0.3992685084561256,False
A2_week__KRW50M_R5,A2_week,diagnostics,2021,2021-01-04,2021-12-31,252,-0.1831539203738544,-0.397151446407737,-0.3289237551622915,-0.1831539203738544,0.2861550585808201,-0.4693089789546746,17.477134514707345,execution_stress,,KRW50M,R5,,50,week,0.5,3,33333.333333333336,0.0025,0.05,True,-0.1831539203738544,0.28615505858082013,-0.4693089789546745,False
A2_week__KRW50M_R5,A2_week,diagnostics,2022,2022-01-03,2022-12-30,251,-0.3027281829064817,-0.3612602628776893,-0.637021460437536,-0.3017297614449671,-0.180528833522089,-0.1221993493843927,20.185661284687257,execution_stress,,KRW50M,R5,,50,week,0.5,3,33333.333333333336,0.0025,0.05,True,-0.3017297614449671,-0.17988114323237925,-0.12184861821258786,False
A2_week__KRW50M_R5,A2_week,diagnostics,2023,2023-01-03,2023-12-29,250,0.1348292537675628,-0.329939215050632,0.5363773218216276,0.1336906530932347,0.2494116142532503,-0.1145823604856874,12.395292323858838,execution_stress,,KRW50M,R5,,50,week,0.5,3,33333.333333333336,0.0025,0.05,True,0.1336906530932347,0.24720554909618309,-0.1135148960029484,False
A2_week__KRW50M_R5,A2_week,diagnostics,2024,2024-01-02,2024-12-31,252,0.9441764656817808,-0.2585204863907633,1.8057030081069805,0.9441764656817808,0.2643074461050603,0.6798690195767205,12.922501071924051,execution_stress,,KRW50M,R5,,50,week,0.5,3,33333.333333333336,0.0025,0.05,True,0.9441764656817808,0.2643074461050603,0.6798690195767205,False
A2_week__KRW50M_R5,A2_week,diagnostics,2025,2025-01-02,2025-12-31,250,0.4330896191661608,-0.4329450489499598,0.94291572845072,0.4290028187264512,0.1785790013706134,0.2545106177955474,12.43540884292099,execution_stress,,KRW50M,R5,,50,week,0.5,3,33333.333333333336,0.0025,0.05,True,0.4290028187264512,0.1770430847937292,0.251959733932722,False
A2_week__KRW50M_R5,A2_week,diagnostics,2026,2026-01-02,2026-09-22,181,0.4363888559272826,-0.3600824791249661,0.9087167714620428,0.2970635575504272,0.193982242745804,0.2424066131814786,17.141216170918636,execution_stress,,KRW50M,R5,,50,week,0.5,3,33333.333333333336,0.0025,0.05,True,0.2970635575504272,0.13580564851123356,0.16125790903919363,True
A2_week__KRW50M_UNLIMITED,A2_week,diagnostics,2017,2017-01-04,2017-12-29,250,0.0894801378107073,-0.1787013838872199,0.5327508730545748,0.0887393647613739,0.2120011745455907,-0.1225210367348834,10.786322958277015,execution_stress,,KRW50M,UNLIMITED,,50,week,0.5,3,33333.333333333336,0.0025,0.0,True,0.0887393647613739,0.21015310140377008,-0.12141373664239619,False
A2_week__KRW50M_UNLIMITED,A2_week,diagnostics,2018,2018-01-02,2018-12-31,251,-0.1592562916865866,-0.3488755090949141,-0.5041637652697015,-0.1586773524647844,-0.0642984107744514,-0.0949578809121352,11.449297113188925,execution_stress,,KRW50M,UNLIMITED,,50,week,0.5,3,33333.333333333336,0.0025,0.0,True,-0.1586773524647844,-0.06405161044839947,-0.09462574201638493,False
A2_week__KRW50M_UNLIMITED,A2_week,diagnostics,2019,2019-01-02,2019-12-31,252,0.7618341499774766,-0.1136009681628992,2.658561007723146,0.7618341499774766,0.3401954545671213,0.4216386954103552,9.68140614823869,execution_stress,,KRW50M,UNLIMITED,,50,week,0.5,3,33333.333333333336,0.0025,0.0,True,0.7618341499774766,0.3401954545671213,0.42163869541035526,False
A2_week__KRW50M_UNLIMITED,A2_week,diagnostics,2020,2020-01-02,2020-12-31,253,0.5784962409450314,-0.398215700166144,1.251775435763138,0.5813581193011235,0.1813082709311855,0.3971879700138458,11.582847100987104,execution_stress,,KRW50M,UNLIMITED,,50,week,0.5,3,33333.333333333336,0.0025,0.0,True,0.5813581193011235,0.18208961084499786,0.3992685084561256,False
A2_week__KRW50M_UNLIMITED,A2_week,diagnostics,2021,2021-01-04,2021-12-31,252,-0.1831539203738544,-0.397151446407737,-0.3289237551622915,-0.1831539203738544,0.2861550585808201,-0.4693089789546746,17.477134514707345,execution_stress,,KRW50M,UNLIMITED,,50,week,0.5,3,33333.333333333336,0.0025,0.0,True,-0.1831539203738544,0.28615505858082013,-0.4693089789546745,False
A2_week__KRW50M_UNLIMITED,A2_week,diagnostics,2022,2022-01-03,2022-12-30,251,-0.3027281829064817,-0.3612602628776893,-0.637021460437536,-0.3017297614449671,-0.180528833522089,-0.1221993493843927,20.185661284687257,execution_stress,,KRW50M,UNLIMITED,,50,week,0.5,3,33333.333333333336,0.0025,0.0,True,-0.3017297614449671,-0.17988114323237925,-0.12184861821258786,False
A2_week__KRW50M_UNLIMITED,A2_week,diagnostics,2023,2023-01-03,2023-12-29,250,0.1348292537675628,-0.329939215050632,0.5363773218216276,0.1336906530932347,0.2494116142532503,-0.1145823604856874,12.395292323858838,execution_stress,,KRW50M,UNLIMITED,,50,week,0.5,3,33333.333333333336,0.0025,0.0,True,0.1336906530932347,0.24720554909618309,-0.1135148960029484,False
A2_week__KRW50M_UNLIMITED,A2_week,diagnostics,2024,2024-01-02,2024-12-31,252,0.945076129790254,-0.2587278195279219,1.8065499095501731,0.945076129790254,0.2643074461050603,0.6807686836851938,13.055572771422346,execution_stress,,KRW50M,UNLIMITED,,50,week,0.5,3,33333.333333333336,0.0025,0.0,True,0.945076129790254,0.2643074461050603,0.6807686836851937,False
A2_week__KRW50M_UNLIMITED,A2_week,diagnostics,2025,2025-01-02,2025-12-31,250,0.4344819263204991,-0.4332812994452728,0.9446988453307972,0.4303801315282183,0.1785790013706134,0.2559029249498856,12.4286039823338,execution_stress,,KRW50M,UNLIMITED,,50,week,0.5,3,33333.333333333336,0.0025,0.0,True,0.4303801315282183,0.1770430847937292,0.2533370467344891,False
A2_week__KRW50M_UNLIMITED,A2_week,diagnostics,2026,2026-01-02,2026-09-22,181,0.4362961797263895,-0.360295246475974,0.908347691919603,0.2970034485599193,0.193982242745804,0.2423139369805855,17.12882062667892,execution_stress,,KRW50M,UNLIMITED,,50,week,0.5,3,33333.333333333336,0.0025,0.0,True,0.2970034485599193,0.13580564851123356,0.16119780004868572,True
A2_week__KRW100M_R1,A2_week,diagnostics,2017,2017-01-04,2017-12-29,250,0.0864280393640373,-0.1805892796567813,0.5168090610811612,0.0857135144004166,0.2120011745455907,-0.1255731351815534,11.105647902262808,execution_stress,,KRW100M,R1,,50,week,0.5,3,66666.66666666667,0.0025,0.01,True,0.0857135144004166,0.21015310140377008,-0.12443958700335349,False
A2_week__KRW100M_R1,A2_week,diagnostics,2018,2018-01-02,2018-12-31,251,-0.1597873854700657,-0.3499598218816809,-0.506046497501887,-0.1592067036587563,-0.0642984107744514,-0.0954889746956143,11.776902742466705,execution_stress,,KRW100M,R1,,50,week,0.5,3,66666.66666666667,0.0025,0.01,True,-0.1592067036587563,-0.06405161044839947,-0.09515509321035684,False
A2_week__KRW100M_R1,A2_week,diagnostics,2019,2019-01-02,2019-12-31,252,0.7574740518661742,-0.1139650269943539,2.655939807118445,0.7574740518661742,0.3401954545671213,0.4172785972990529,10.20324347610826,execution_stress,,KRW100M,R1,,50,week,0.5,3,66666.66666666667,0.0025,0.01,True,0.7574740518661742,0.3401954545671213,0.4172785972990529,False
A2_week__KRW100M_R1,A2_week,diagnostics,2020,2020-01-02,2020-12-31,253,0.5132991964821989,-0.3726136629606126,1.1666418279425776,0.5157891315635357,0.1813082709311855,0.3319909255510134,11.639413031447855,execution_stress,,KRW100M,R1,,50,week,0.5,3,66666.66666666667,0.0025,0.01,True,0.5157891315635357,0.18208961084499786,0.3336995207185378,False
A2_week__KRW100M_R1,A2_week,diagnostics,2021,2021-01-04,2021-12-31,252,-0.0055249354418321,-0.4030694297211186,0.1958510034443496,-0.0055249354418321,0.2861550585808201,-0.2916799940226523,15.769181134218933,execution_stress,,KRW100M,R1,,50,week,0.5,3,66666.66666666667,0.0025,0.01,True,-0.0055249354418321,0.28615505858082013,-0.2916799940226522,False
A2_week__KRW100M_R1,A2_week,diagnostics,2022,2022-01-03,2022-12-30,251,-0.2436078487064062,-0.3471766803890743,-0.4503196732096315,-0.2427693638785923,-0.180528833522089,-0.0630790151843172,19.206401980050888,execution_stress,,KRW100M,R1,,50,week,0.5,3,66666.66666666667,0.0025,0.01,True,-0.2427693638785923,-0.17988114323237925,-0.06288822064621305,False
A2_week__KRW100M_R1,A2_week,diagnostics,2023,2023-01-03,2023-12-29,250,0.1905316548304285,-0.3079254256705972,0.6719646923359235,0.188884947955634,0.2494116142532503,-0.0588799594228217,12.033298655878948,execution_stress,,KRW100M,R1,,50,week,0.5,3,66666.66666666667,0.0025,0.01,True,0.188884947955634,0.24720554909618309,-0.05832060114054907,False
A2_week__KRW100M_R1,A2_week,diagnostics,2024,2024-01-02,2024-12-31,252,0.9115458319774918,-0.2597047338680984,1.7995835818098926,0.9115458319774918,0.2643074461050603,0.6472383858724315,12.110164262472864,execution_stress,,KRW100M,R1,,50,week,0.5,3,66666.66666666667,0.0025,0.01,True,0.9115458319774918,0.2643074461050603,0.6472383858724315,False
A2_week__KRW100M_R1,A2_week,diagnostics,2025,2025-01-02,2025-12-31,250,0.2382101154193161,-0.4029863211998137,0.678542346735533,0.236112176525205,0.1785790013706134,0.0596311140487026,12.760397756568118,execution_stress,,KRW100M,R1,,50,week,0.5,3,66666.66666666667,0.0025,0.01,True,0.236112176525205,0.1770430847937292,0.05906909173147579,False
A2_week__KRW100M_R1,A2_week,diagnostics,2026,2026-01-02,2026-09-22,181,0.1375532459816604,-0.3297712509103484,0.5078999965787471,0.0969881092236515,0.193982242745804,-0.0564289967641435,15.996269684693171,execution_stress,,KRW100M,R1,,50,week,0.5,3,66666.66666666667,0.0025,0.01,True,0.0969881092236515,0.13580564851123356,-0.038817539287582054,True
A2_week__KRW100M_C50,A2_week,diagnostics,2017,2017-01-04,2017-12-29,250,0.054166058450801,-0.1916933067844484,0.3647789440214312,0.0537248234587737,0.2120011745455907,-0.1578351160947897,11.124570542522989,execution_stress,,KRW100M,C50,,50,week,0.5,3,66666.66666666667,0.005,0.01,True,0.0537248234587737,0.21015310140377008,-0.1564282779449964,False
A2_week__KRW100M_C50,A2_week,diagnostics,2018,2018-01-02,2018-12-31,251,-0.1849878041363469,-0.3569619140269743,-0.6172367286871893,-0.1843259778710694,-0.0642984107744514,-0.1206893933618955,11.77191531091736,execution_stress,,KRW100M,C50,,50,week,0.5,3,66666.66666666667,0.005,0.01,True,-0.1843259778710694,-0.06405161044839947,-0.12027436742266995,False
A2_week__KRW100M_C50,A2_week,diagnostics,2019,2019-01-02,2019-12-31,252,0.7119940524881325,-0.1165805269078794,2.538018261889449,0.7119940524881325,0.3401954545671213,0.3717985979210112,10.145655094026951,execution_stress,,KRW100M,C50,,50,week,0.5,3,66666.66666666667,0.005,0.01,True,0.7119940524881325,0.3401954545671213,0.3717985979210112,False
A2_week__KRW100M_C50,A2_week,diagnostics,2020,2020-01-02,2020-12-31,253,0.4736566559337798,-0.3772416338935038,1.1061347106464612,0.4759258842337777,0.1813082709311855,0.2923483850025943,11.5798275506467,execution_stress,,KRW100M,C50,,50,week,0.5,3,66666.66666666667,0.005,0.01,True,0.4759258842337777,0.18208961084499786,0.2938362733887798,False
A2_week__KRW100M_C50,A2_week,diagnostics,2021,2021-01-04,2021-12-31,252,0.0106073534105322,-0.3508613220016107,0.2282706449596563,0.0106073534105322,0.2861550585808201,-0.2755477051702879,15.651989648685449,execution_stress,,KRW100M,C50,,50,week,0.5,3,66666.66666666667,0.005,0.01,True,0.0106073534105322,0.28615505858082013,-0.2755477051702879,False
A2_week__KRW100M_C50,A2_week,diagnostics,2022,2022-01-03,2022-12-30,251,-0.3350824031451118,-0.3780550170745806,-0.7228721354003252,-0.3340047543779749,-0.180528833522089,-0.1545535696230228,20.25224423565372,execution_stress,,KRW100M,C50,,50,week,0.5,3,66666.66666666667,0.005,0.01,True,-0.3340047543779749,-0.17988114323237925,-0.15412361114559564,False
A2_week__KRW100M_C50,A2_week,diagnostics,2023,2023-01-03,2023-12-29,250,0.115713607813032,-0.3253312397317366,0.4869483724144642,0.1147444720043882,0.2494116142532503,-0.1336980064402182,12.746789080125168,execution_stress,,KRW100M,C50,,50,week,0.5,3,66666.66666666667,0.005,0.01,True,0.1147444720043882,0.24720554909618309,-0.1324610770917949,False
A2_week__KRW100M_C50,A2_week,diagnostics,2024,2024-01-02,2024-12-31,252,1.1229021834324158,-0.2467494663696983,1.9395446045609384,1.1229021834324158,0.2643074461050603,0.8585947373273555,13.044527241938727,execution_stress,,KRW100M,C50,,50,week,0.5,3,66666.66666666667,0.005,0.01,True,1.1229021834324158,0.2643074461050603,0.8585947373273555,False
A2_week__KRW100M_C50,A2_week,diagnostics,2025,2025-01-02,2025-12-31,250,0.383056068393603,-0.3745382781122325,0.8784709479424575,0.3795009708591375,0.1785790013706134,0.2044770670229896,12.784720836930616,execution_stress,,KRW100M,C50,,50,week,0.5,3,66666.66666666667,0.005,0.01,True,0.3795009708591375,0.1770430847937292,0.20245788606540827,False
A2_week__KRW100M_C50,A2_week,diagnostics,2026,2026-01-02,2026-09-22,181,-0.0137662122435622,-0.354635058372256,0.2152876333257578,-0.0099069252182505,0.193982242745804,-0.2077484549893662,16.893099308319155,execution_stress,,KRW100M,C50,,50,week,0.5,3,66666.66666666667,0.005,0.01,True,-0.0099069252182505,0.13580564851123356,-0.14571257372948407,True
A2_week__KRW100M_R5,A2_week,diagnostics,2017,2017-01-04,2017-12-29,250,0.0947136768496694,-0.1733727729155761,0.5553541289208973,0.0939277388191184,0.2120011745455907,-0.1172874976959212,11.117687938134956,execution_stress,,KRW100M,R5,,50,week,0.5,3,66666.66666666667,0.0025,0.05,True,0.0939277388191184,0.21015310140377008,-0.11622536258465169,False
A2_week__KRW100M_R5,A2_week,diagnostics,2018,2018-01-02,2018-12-31,251,-0.1594155121011765,-0.3494039236273704,-0.5041592903221598,-0.1588360503166546,-0.0642984107744514,-0.0951171013267251,11.767062513806952,execution_stress,,KRW100M,R5,,50,week,0.5,3,66666.66666666667,0.0025,0.05,True,-0.1588360503166546,-0.06405161044839947,-0.09478443986825513,False
A2_week__KRW100M_R5,A2_week,diagnostics,2019,2019-01-02,2019-12-31,252,0.7671522976575722,-0.1127727412192358,2.6703192060752885,0.7671522976575722,0.3401954545671213,0.4269568430904509,10.09032660582798,execution_stress,,KRW100M,R5,,50,week,0.5,3,66666.66666666667,0.0025,0.05,True,0.7671522976575722,0.3401954545671213,0.4269568430904509,False
A2_week__KRW100M_R5,A2_week,diagnostics,2020,2020-01-02,2020-12-31,253,0.5685282592580039,-0.399361369349135,1.2355466628362402,0.5713325639371125,0.1813082709311855,0.3872199883268183,11.96689736163859,execution_stress,,KRW100M,R5,,50,week,0.5,3,66666.66666666667,0.0025,0.05,True,0.5713325639371125,0.18208961084499786,0.38924295309211465,False
A2_week__KRW100M_R5,A2_week,diagnostics,2021,2021-01-04,2021-12-31,252,-0.092241539681742,-0.3536098752171369,-0.0636071009888923,-0.092241539681742,0.2861550585808201,-0.3783965982625622,16.509900349085413,execution_stress,,KRW100M,R5,,50,week,0.5,3,66666.66666666667,0.0025,0.05,True,-0.092241539681742,0.28615505858082013,-0.3783965982625621,False
A2_week__KRW100M_R5,A2_week,diagnostics,2022,2022-01-03,2022-12-30,251,-0.1782030510764397,-0.2846077971367754,-0.2840370014653465,-0.1775627721773062,-0.180528833522089,0.0023257824456492,17.838736015196833,execution_stress,,KRW100M,R5,,50,week,0.5,3,66666.66666666667,0.0025,0.05,True,-0.1775627721773062,-0.17988114323237925,0.002318371055073043,False
A2_week__KRW100M_R5,A2_week,diagnostics,2023,2023-01-03,2023-12-29,250,0.1702564943804012,-0.3171381525089271,0.6220359067855881,0.1687971575970335,0.2494116142532503,-0.079155119872849,12.585591008297191,execution_stress,,KRW100M,R5,,50,week,0.5,3,66666.66666666667,0.0025,0.05,True,0.1687971575970335,0.24720554909618309,-0.07840839149914958,False
A2_week__KRW100M_R5,A2_week,diagnostics,2024,2024-01-02,2024-12-31,252,0.8784676779057055,-0.2693672501793173,1.6945895151945456,0.8784676779057055,0.2643074461050603,0.6141602318006452,13.834238037658842,execution_stress,,KRW100M,R5,,50,week,0.5,3,66666.66666666667,0.0025,0.05,True,0.8784676779057055,0.2643074461050603,0.6141602318006452,False
A2_week__KRW100M_R5,A2_week,diagnostics,2025,2025-01-02,2025-12-31,250,0.3089211309207833,-0.4546217935811715,0.772028961020395,0.3061275622829231,0.1785790013706134,0.1303421295501698,13.74138341273156,execution_stress,,KRW100M,R5,,50,week,0.5,3,66666.66666666667,0.0025,0.05,True,0.3061275622829231,0.1770430847937292,0.12908447748919388,False
A2_week__KRW100M_R5,A2_week,diagnostics,2026,2026-01-02,2026-09-22,181,0.2702138665015015,-0.3376053922875239,0.7187738221308647,0.1874353106259065,0.193982242745804,0.0762316237556974,16.597477518368805,execution_stress,,KRW100M,R5,,50,week,0.5,3,66666.66666666667,0.0025,0.05,True,0.1874353106259065,0.13580564851123356,0.05162966211467293,True
A2_week__KRW100M_UNLIMITED,A2_week,diagnostics,2017,2017-01-04,2017-12-29,250,0.0947136768496694,-0.1733727729155761,0.5553541289208973,0.0939277388191184,0.2120011745455907,-0.1172874976959212,11.117687938134956,execution_stress,,KRW100M,UNLIMITED,,50,week,0.5,3,66666.66666666667,0.0025,0.0,True,0.0939277388191184,0.21015310140377008,-0.11622536258465169,False
A2_week__KRW100M_UNLIMITED,A2_week,diagnostics,2018,2018-01-02,2018-12-31,251,-0.1594155121011765,-0.3494039236273704,-0.5041592903221598,-0.1588360503166546,-0.0642984107744514,-0.0951171013267251,11.767062513806952,execution_stress,,KRW100M,UNLIMITED,,50,week,0.5,3,66666.66666666667,0.0025,0.0,True,-0.1588360503166546,-0.06405161044839947,-0.09478443986825513,False
A2_week__KRW100M_UNLIMITED,A2_week,diagnostics,2019,2019-01-02,2019-12-31,252,0.7690854203536974,-0.1126916577340376,2.675581263229676,0.7690854203536974,0.3401954545671213,0.4288899657865761,10.123818689604851,execution_stress,,KRW100M,UNLIMITED,,50,week,0.5,3,66666.66666666667,0.0025,0.0,True,0.7690854203536974,0.3401954545671213,0.4288899657865761,False
A2_week__KRW100M_UNLIMITED,A2_week,diagnostics,2020,2020-01-02,2020-12-31,253,0.5658925202430329,-0.3993427983487594,1.2317945589506762,0.5686816434588438,0.1813082709311855,0.3845842493118474,11.94353836389825,execution_stress,,KRW100M,UNLIMITED,,50,week,0.5,3,66666.66666666667,0.0025,0.0,True,0.5686816434588438,0.18208961084499786,0.3865920326138459,False
A2_week__KRW100M_UNLIMITED,A2_week,diagnostics,2021,2021-01-04,2021-12-31,252,-0.1837651360684751,-0.3980986747881171,-0.3306291558589536,-0.1837651360684751,0.2861550585808201,-0.4699201946492952,17.71993349847765,execution_stress,,KRW100M,UNLIMITED,,50,week,0.5,3,66666.66666666667,0.0025,0.0,True,-0.1837651360684751,0.28615505858082013,-0.46992019464929524,False
A2_week__KRW100M_UNLIMITED,A2_week,diagnostics,2022,2022-01-03,2022-12-30,251,-0.3033331850094412,-0.361728169993374,-0.6379981381750865,-0.3023332266481654,-0.180528833522089,-0.1228043514873521,20.494490005185742,execution_stress,,KRW100M,UNLIMITED,,50,week,0.5,3,66666.66666666667,0.0025,0.0,True,-0.3023332266481654,-0.17988114323237925,-0.12245208341578617,False
A2_week__KRW100M_UNLIMITED,A2_week,diagnostics,2023,2023-01-03,2023-12-29,250,0.1333014053558809,-0.3305696543756855,0.5321661300982531,0.1321764431291139,0.2494116142532503,-0.1161102088973693,12.754405526544996,execution_stress,,KRW100M,UNLIMITED,,50,week,0.5,3,66666.66666666667,0.0025,0.0,True,0.1321764431291139,0.24720554909618309,-0.1150291059670692,False
A2_week__KRW100M_UNLIMITED,A2_week,diagnostics,2024,2024-01-02,2024-12-31,252,0.935569323391968,-0.2598579024014331,1.7947113204126783,0.935569323391968,0.2643074461050603,0.6712618772869077,13.374880208294956,execution_stress,,KRW100M,UNLIMITED,,50,week,0.5,3,66666.66666666667,0.0025,0.0,True,0.935569323391968,0.2643074461050603,0.6712618772869077,False
A2_week__KRW100M_UNLIMITED,A2_week,diagnostics,2025,2025-01-02,2025-12-31,250,0.4311409334326848,-0.4322808512834417,0.940423779721607,0.4270751013888816,0.1785790013706134,0.2525619320620713,12.65037939212123,execution_stress,,KRW100M,UNLIMITED,,50,week,0.5,3,66666.66666666667,0.0025,0.0,True,0.4270751013888816,0.1770430847937292,0.2500320165951524,False
A2_week__KRW100M_UNLIMITED,A2_week,diagnostics,2026,2026-01-02,2026-09-22,181,0.4348524895022612,-0.3604005079845276,0.9061900442890166,0.2960669422828406,0.193982242745804,0.2408702467564571,17.495598457141597,execution_stress,,KRW100M,UNLIMITED,,50,week,0.5,3,66666.66666666667,0.0025,0.0,True,0.2960669422828406,0.13580564851123356,0.16026129377160703,True
B3_w50__fresh2018,B3_w50,diagnostics,2018,2018-01-02,2018-12-31,251,-0.3439979865860298,-0.4077779978201868,-1.1299181149923136,-0.342899588594294,-0.0642984107744514,-0.2796995758115784,10.960913710934724,fresh_cash,2018-01-01,,,,50,event,0.5,3,100000.0,0.0025,0.01,True,-0.342899588594294,-0.06405161044839947,-0.2788479781458945,False
B3_w50__fresh2018,B3_w50,diagnostics,2019,2019-01-02,2019-12-31,252,0.8347265487262763,-0.0963406083683259,2.86402804624958,0.8347265487262763,0.3401954545671213,0.4945310941591549,4.228620924034688,fresh_cash,2018-01-01,,,,50,event,0.5,3,100000.0,0.0025,0.01,True,0.8347265487262763,0.3401954545671213,0.49453109415915497,False
B3_w50__fresh2018,B3_w50,diagnostics,2020,2020-01-02,2020-12-31,253,2.0116350058975008,-0.4321903319615334,2.3436646335687072,2.024839570830092,0.1813082709311855,1.8303267349663157,5.304483580509253,fresh_cash,2018-01-01,,,,50,event,0.5,3,100000.0,0.0025,0.01,True,2.024839570830092,0.18208961084499786,1.8427499599850943,False
B3_w50__fresh2018,B3_w50,diagnostics,2021,2021-01-04,2021-12-31,252,-0.0765008765293617,-0.486025592816912,0.0938552587556006,-0.0765008765293617,0.2861550585808201,-0.3626559351101819,9.44079409607027,fresh_cash,2018-01-01,,,,50,event,0.5,3,100000.0,0.0025,0.01,True,-0.0765008765293617,0.28615505858082013,-0.36265593511018185,False
B3_w50__fresh2018,B3_w50,diagnostics,2022,2022-01-03,2022-12-30,251,-0.084834607772288,-0.2342759360186026,-0.0736554191065935,-0.0845126073069338,-0.180528833522089,0.095694225749801,7.27980684550688,fresh_cash,2018-01-01,,,,50,event,0.5,3,100000.0,0.0025,0.01,True,-0.0845126073069338,-0.17988114323237925,0.09536853592544545,False
B3_w50__fresh2018,B3_w50,diagnostics,2023,2023-01-03,2023-12-29,250,0.1143134695580985,-0.3484191648133125,0.5119930933284849,0.1133566455853558,0.2494116142532503,-0.1350981446951518,8.0072719763585,fresh_cash,2018-01-01,,,,50,event,0.5,3,100000.0,0.0025,0.01,True,0.1133566455853558,0.24720554909618309,-0.1338489035108273,False
B3_w50__fresh2018,B3_w50,diagnostics,2024,2024-01-02,2024-12-31,252,0.2300317942589096,-0.232463141779051,0.7306459021717637,0.2300317942589096,0.2643074461050603,-0.0342756518461506,6.714698909851821,fresh_cash,2018-01-01,,,,50,event,0.5,3,100000.0,0.0025,0.01,True,0.2300317942589096,0.2643074461050603,-0.034275651846150695,False
B3_w50__fresh2018,B3_w50,diagnostics,2025,2025-01-02,2025-12-31,250,0.0402982189628711,-0.452047338709604,0.3240947408845961,0.039972083589576,0.1785790013706134,-0.1382807824077423,7.588278812260004,fresh_cash,2018-01-01,,,,50,event,0.5,3,100000.0,0.0025,0.01,True,0.039972083589576,0.1770430847937292,-0.13707100120415322,False
B3_w50__fresh2018,B3_w50,diagnostics,2026,2026-01-02,2026-09-22,181,0.508614630409729,-0.3690761739581947,0.9855686262601904,0.3435832577338475,0.193982242745804,0.314632387663925,8.950122731977764,fresh_cash,2018-01-01,,,,50,event,0.5,3,100000.0,0.0025,0.01,True,0.3435832577338475,0.13580564851123356,0.20777760922261396,True
B3_w50__fresh2019,B3_w50,diagnostics,2019,2019-01-02,2019-12-31,252,0.2460307713971539,-0.2163695128834558,0.9828902453417668,0.2460307713971539,0.3401954545671213,-0.0941646831699674,12.928602532665884,fresh_cash,2019-01-01,,,,50,event,0.5,3,100000.0,0.0025,0.01,True,0.2460307713971539,0.3401954545671213,-0.0941646831699674,False
B3_w50__fresh2019,B3_w50,diagnostics,2020,2020-01-02,2020-12-31,253,1.399453523480243,-0.439535475510754,1.9219122591557327,1.4078017432008507,0.1813082709311855,1.2181452525490577,6.006939349886799,fresh_cash,2019-01-01,,,,50,event,0.5,3,100000.0,0.0025,0.01,True,1.4078017432008507,0.18208961084499786,1.2257121323558529,False
B3_w50__fresh2019,B3_w50,diagnostics,2021,2021-01-04,2021-12-31,252,-0.0566990957989316,-0.4884062970719889,0.1221214637388248,-0.0566990957989316,0.2861550585808201,-0.3428541543797517,8.693654162970354,fresh_cash,2019-01-01,,,,50,event,0.5,3,100000.0,0.0025,0.01,True,-0.0566990957989316,0.28615505858082013,-0.34285415437975175,False
B3_w50__fresh2019,B3_w50,diagnostics,2022,2022-01-03,2022-12-30,251,-0.2510936009673786,-0.2934158192499491,-0.6024117932095561,-0.2502338230980125,-0.180528833522089,-0.0705647674452896,10.046732196452744,fresh_cash,2019-01-01,,,,50,event,0.5,3,100000.0,0.0025,0.01,True,-0.2502338230980125,-0.17988114323237925,-0.07035267986563326,False
B3_w50__fresh2019,B3_w50,diagnostics,2023,2023-01-03,2023-12-29,250,0.045844981620035,-0.3814852975133087,0.2988061983727226,0.045472983017416,0.2494116142532503,-0.2035666326332152,8.77380398659443,fresh_cash,2019-01-01,,,,50,event,0.5,3,100000.0,0.0025,0.01,True,0.045472983017416,0.24720554909618309,-0.20173256607876708,False
B3_w50__fresh2019,B3_w50,diagnostics,2024,2024-01-02,2024-12-31,252,0.1586411124661111,-0.2485753877225388,0.5952539546399657,0.1586411124661111,0.2643074461050603,-0.1056663336389491,6.415929023936511,fresh_cash,2019-01-01,,,,50,event,0.5,3,100000.0,0.0025,0.01,True,0.1586411124661111,0.2643074461050603,-0.1056663336389492,False
B3_w50__fresh2019,B3_w50,diagnostics,2025,2025-01-02,2025-12-31,250,0.306003145552038,-0.4423886138488239,0.7730352215281575,0.3032388882469816,0.1785790013706134,0.1274241441814245,7.417730406496368,fresh_cash,2019-01-01,,,,50,event,0.5,3,100000.0,0.0025,0.01,True,0.3032388882469816,0.1770430847937292,0.12619580345325238,False
B3_w50__fresh2019,B3_w50,diagnostics,2026,2026-01-02,2026-09-22,181,0.0299198553976556,-0.3043666481109592,0.2872595326155817,0.0214006149329173,0.193982242745804,-0.1640623873481483,8.02552587181664,fresh_cash,2019-01-01,,,,50,event,0.5,3,100000.0,0.0025,0.01,True,0.0214006149329173,0.13580564851123356,-0.11440503357831626,True
B3_w50__fresh2020,B3_w50,diagnostics,2020,2020-01-02,2020-12-31,253,1.1617161388704207,-0.4982092230400091,1.672276935025255,1.1683392490933548,0.1813082709311855,0.9804078679392352,11.35848330663659,fresh_cash,2020-01-01,,,,50,event,0.5,3,100000.0,0.0025,0.01,True,1.1683392490933548,0.18208961084499786,0.986249638248357,False
B3_w50__fresh2020,B3_w50,diagnostics,2021,2021-01-04,2021-12-31,252,-0.2052680802399407,-0.474426391417861,-0.1952903745737266,-0.2052680802399407,0.2861550585808201,-0.4914231388207608,9.206122219840305,fresh_cash,2020-01-01,,,,50,event,0.5,3,100000.0,0.0025,0.01,True,-0.2052680802399407,0.28615505858082013,-0.49142313882076083,False
B3_w50__fresh2020,B3_w50,diagnostics,2022,2022-01-03,2022-12-30,251,-0.2667706128005517,-0.3029299776433918,-0.6397156073405614,-0.265867204942416,-0.180528833522089,-0.0862417792784626,9.317345408455658,fresh_cash,2020-01-01,,,,50,event,0.5,3,100000.0,0.0025,0.01,True,-0.265867204942416,-0.17988114323237925,-0.08598606171003675,False
B3_w50__fresh2020,B3_w50,diagnostics,2023,2023-01-03,2023-12-29,250,0.2346145498775746,-0.304342657662077,0.9288791709917802,0.2325511498754879,0.2494116142532503,-0.0147970643756756,5.685890879171045,fresh_cash,2020-01-01,,,,50,event,0.5,3,100000.0,0.0025,0.01,True,0.2325511498754879,0.24720554909618309,-0.014654399220695197,False
B3_w50__fresh2020,B3_w50,diagnostics,2024,2024-01-02,2024-12-31,252,0.1182015517802204,-0.2066390592662201,0.4916023021658412,0.1182015517802204,0.2643074461050603,-0.1461058943248399,6.485140649909143,fresh_cash,2020-01-01,,,,50,event,0.5,3,100000.0,0.0025,0.01,True,0.1182015517802204,0.2643074461050603,-0.1461058943248399,False
B3_w50__fresh2020,B3_w50,diagnostics,2025,2025-01-02,2025-12-31,250,0.4062885269630172,-0.3993452813593668,0.932030136236378,0.402488276741767,0.1785790013706134,0.2277095255924037,9.07965328001454,fresh_cash,2020-01-01,,,,50,event,0.5,3,100000.0,0.0025,0.01,True,0.402488276741767,0.1770430847937292,0.2254451919480378,False
B3_w50__fresh2020,B3_w50,diagnostics,2026,2026-01-02,2026-09-22,181,-0.2245273757530084,-0.3647649109962178,-0.291972396564317,-0.1669315646464695,0.193982242745804,-0.4185096184988124,11.756153564159202,fresh_cash,2020-01-01,,,,50,event,0.5,3,100000.0,0.0025,0.01,True,-0.1669315646464695,0.13580564851123356,-0.3027372131577031,True
B3_w50__fresh2021,B3_w50,diagnostics,2021,2021-01-04,2021-12-31,252,0.0605848245792874,-0.4272011743288362,0.3523291518084261,0.0605848245792874,0.2861550585808201,-0.2255702340015326,11.869266676938866,fresh_cash,2021-01-01,,,,50,event,0.5,3,100000.0,0.0025,0.01,True,0.0605848245792874,0.28615505858082013,-0.22557023400153273,False
B3_w50__fresh2021,B3_w50,diagnostics,2022,2022-01-03,2022-12-30,251,-0.0605095938114642,-0.2531829560799493,0.008889546196755,-0.0602768633877591,-0.180528833522089,0.1200192397106247,6.932462752416079,fresh_cash,2021-01-01,,,,50,event,0.5,3,100000.0,0.0025,0.01,True,-0.0602768633877591,-0.17988114323237925,0.11960427984462015,False
B3_w50__fresh2021,B3_w50,diagnostics,2023,2023-01-03,2023-12-29,250,0.1358328774405794,-0.2842146960164723,0.6069015160405521,0.1346853090420134,0.2494116142532503,-0.1135787368126708,6.878874042425751,fresh_cash,2021-01-01,,,,50,event,0.5,3,100000.0,0.0025,0.01,True,0.1346853090420134,0.24720554909618309,-0.11252024005416969,False
B3_w50__fresh2021,B3_w50,diagnostics,2024,2024-01-02,2024-12-31,252,0.3540171625272794,-0.1841132567193765,0.9817032188269954,0.3540171625272794,0.2643074461050603,0.0897097164222191,5.602284840599038,fresh_cash,2021-01-01,,,,50,event,0.5,3,100000.0,0.0025,0.01,True,0.3540171625272794,0.2643074461050603,0.08970971642221909,False
B3_w50__fresh2021,B3_w50,diagnostics,2025,2025-01-02,2025-12-31,250,0.2007014674247098,-0.3943437867719912,0.6138256609901618,0.1989597522689088,0.1785790013706134,0.0221224660540964,8.132702938757008,fresh_cash,2021-01-01,,,,50,event,0.5,3,100000.0,0.0025,0.01,True,0.1989597522689088,0.1770430847937292,0.02191666747517959,False
B3_w50__fresh2021,B3_w50,diagnostics,2026,2026-01-02,2026-09-22,181,0.1841368948058137,-0.2886349577073498,0.5720700410342641,0.1290709023447938,0.193982242745804,-0.0098453479399902,11.53488239043698,fresh_cash,2021-01-01,,,,50,event,0.5,3,100000.0,0.0025,0.01,True,0.1290709023447938,0.13580564851123356,-0.0067347461664397645,True
B3_w50__fresh2022,B3_w50,diagnostics,2022,2022-01-03,2022-12-30,251,-0.2481043519455604,-0.3098761690309544,-0.5738432001830355,-0.2472530415781741,-0.180528833522089,-0.0675755184234714,11.85810510012343,fresh_cash,2022-01-01,,,,50,event,0.5,3,100000.0,0.0025,0.01,True,-0.2472530415781741,-0.17988114323237925,-0.06737189834579485,False
B3_w50__fresh2022,B3_w50,diagnostics,2023,2023-01-03,2023-12-29,250,0.0675692791269113,-0.3569369306894617,0.3729518465103675,0.0670154360409607,0.2494116142532503,-0.1818423351263389,6.876030409888545,fresh_cash,2022-01-01,,,,50,event,0.5,3,100000.0,0.0025,0.01,True,0.0670154360409607,0.24720554909618309,-0.18019011305522237,False
B3_w50__fresh2022,B3_w50,diagnostics,2024,2024-01-02,2024-12-31,252,0.1235270612165702,-0.2204261239082731,0.4993248486376339,0.1235270612165702,0.2643074461050603,-0.1407803848884901,7.018361410805769,fresh_cash,2022-01-01,,,,50,event,0.5,3,100000.0,0.0025,0.01,True,0.1235270612165702,0.2643074461050603,-0.1407803848884901,False
B3_w50__fresh2022,B3_w50,diagnostics,2025,2025-01-02,2025-12-31,250,0.2804697198704176,-0.4600000500513668,0.7271381688931363,0.2779597492894914,0.1785790013706134,0.1018907184998041,8.44627326178711,fresh_cash,2022-01-01,,,,50,event,0.5,3,100000.0,0.0025,0.01,True,0.2779597492894914,0.1770430847937292,0.1009166644957622,False
B3_w50__fresh2022,B3_w50,diagnostics,2026,2026-01-02,2026-09-22,181,0.7060091966546125,-0.3173143763970359,1.281980817071909,0.4676467531616706,0.193982242745804,0.5120269539088085,8.432070282182206,fresh_cash,2022-01-01,,,,50,event,0.5,3,100000.0,0.0025,0.01,True,0.4676467531616706,0.13580564851123356,0.33184110465043704,True
B3_w50__fresh2023,B3_w50,diagnostics,2023,2023-01-03,2023-12-29,250,0.0294711258047593,-0.2900935582870613,0.2480595260611705,0.0292338420831672,0.2494116142532503,-0.219940488448491,10.26726415688169,fresh_cash,2023-01-01,,,,50,event,0.5,3,100000.0,0.0025,0.01,True,0.0292338420831672,0.24720554909618309,-0.21797170701301588,False
B3_w50__fresh2023,B3_w50,diagnostics,2024,2024-01-02,2024-12-31,252,0.1521885684537467,-0.2075825616751073,0.572595587937364,0.1521885684537467,0.2643074461050603,-0.1121188776513135,6.659766421404007,fresh_cash,2023-01-01,,,,50,event,0.5,3,100000.0,0.0025,0.01,True,0.1521885684537467,0.2643074461050603,-0.11211887765131359,False
B3_w50__fresh2023,B3_w50,diagnostics,2025,2025-01-02,2025-12-31,250,0.1064413228722263,-0.4588522863189744,0.450333844119347,0.1055534628884184,0.1785790013706134,-0.0721376784983871,7.861620975382332,fresh_cash,2023-01-01,,,,50,event,0.5,3,100000.0,0.0025,0.01,True,0.1055534628884184,0.1770430847937292,-0.07148962190531082,False
B3_w50__fresh2023,B3_w50,diagnostics,2026,2026-01-02,2026-09-22,181,0.4340074773328009,-0.2801036008910907,0.9280013709658624,0.2955186688358053,0.193982242745804,0.2400252345869968,9.773110167605005,fresh_cash,2023-01-01,,,,50,event,0.5,3,100000.0,0.0025,0.01,True,0.2955186688358053,0.13580564851123356,0.15971302032457174,True
B3_w50__USD100K_C50,B3_w50,diagnostics,2017,2017-01-04,2017-12-29,250,0.4452920190807246,-0.1107250027935473,1.890426031635005,0.4410734455856764,0.2120011745455907,0.2332908445351338,5.972779484193845,execution_stress,,USD100K,C50,,50,event,0.5,3,100000.0,0.005,0.01,True,0.4410734455856764,0.21015310140377008,0.23092034418190632,False
B3_w50__USD100K_C50,B3_w50,diagnostics,2018,2018-01-02,2018-12-31,251,-0.2015437266136626,-0.2941547397428971,-0.6670751373517345,-0.200830262787693,-0.0642984107744514,-0.1372453158392111,5.735574646985009,execution_stress,,USD100K,C50,,50,event,0.5,3,100000.0,0.005,0.01,True,-0.200830262787693,-0.06405161044839947,-0.13677865233929354,False
B3_w50__USD100K_C50,B3_w50,diagnostics,2019,2019-01-02,2019-12-31,252,0.497703591883712,-0.1819712558776464,1.8135045448695,0.497703591883712,0.3401954545671213,0.1575081373165907,6.773758667347028,execution_stress,,USD100K,C50,,50,event,0.5,3,100000.0,0.005,0.01,True,0.497703591883712,0.3401954545671213,0.1575081373165907,False
B3_w50__USD100K_C50,B3_w50,diagnostics,2020,2020-01-02,2020-12-31,253,1.3903258206459772,-0.4647117519861509,1.895310804876296,1.3986060055386282,0.1813082709311855,1.2090175497147917,6.29781828913656,execution_stress,,USD100K,C50,,50,event,0.5,3,100000.0,0.005,0.01,True,1.3986060055386282,0.18208961084499786,1.2165163946936304,False
B3_w50__USD100K_C50,B3_w50,diagnostics,2021,2021-01-04,2021-12-31,252,-0.0521158986860423,-0.4877864238921008,0.1368603559703949,-0.0521158986860423,0.2861550585808201,-0.3382709572668625,7.9555731655559905,execution_stress,,USD100K,C50,,50,event,0.5,3,100000.0,0.005,0.01,True,-0.0521158986860423,0.28615505858082013,-0.3382709572668624,False
B3_w50__USD100K_C50,B3_w50,diagnostics,2022,2022-01-03,2022-12-30,251,-0.1981758669737114,-0.2705575234834128,-0.4267798153988935,-0.1974727983066642,-0.180528833522089,-0.0176470334516224,8.621244719189823,execution_stress,,USD100K,C50,,50,event,0.5,3,100000.0,0.005,0.01,True,-0.1974727983066642,-0.17988114323237925,-0.01759165507428495,False
B3_w50__USD100K_C50,B3_w50,diagnostics,2023,2023-01-03,2023-12-29,250,0.1318899518348075,-0.3562490675298851,0.5810028728025532,0.1307775746517894,0.2494116142532503,-0.1175216624184427,7.745842925002355,execution_stress,,USD100K,C50,,50,event,0.5,3,100000.0,0.005,0.01,True,0.1307775746517894,0.24720554909618309,-0.11642797444439368,False
B3_w50__USD100K_C50,B3_w50,diagnostics,2024,2024-01-02,2024-12-31,252,0.1100688569864061,-0.1836103644814005,0.489074607200184,0.1100688569864061,0.2643074461050603,-0.1542385891186541,5.756991125434342,execution_stress,,USD100K,C50,,50,event,0.5,3,100000.0,0.005,0.01,True,0.1100688569864061,0.2643074461050603,-0.15423858911865418,False
B3_w50__USD100K_C50,B3_w50,diagnostics,2025,2025-01-02,2025-12-31,250,0.0178768711128134,-0.4642333473198248,0.2843958623597692,0.0177337405531878,0.1785790013706134,-0.1607021302578,8.41347400355094,execution_stress,,USD100K,C50,,50,event,0.5,3,100000.0,0.005,0.01,True,0.0177337405531878,0.1770430847937292,-0.1593093442405414,False
B3_w50__USD100K_C50,B3_w50,diagnostics,2026,2026-01-02,2026-09-22,181,0.5881311519308341,-0.3546796854582015,1.0497497462620948,0.3940791395270189,0.193982242745804,0.3941489091850301,11.152008581427053,execution_stress,,USD100K,C50,,50,event,0.5,3,100000.0,0.005,0.01,True,0.3940791395270189,0.13580564851123356,0.25827349101578534,True
B3_w50__USD100K_R5,B3_w50,diagnostics,2017,2017-01-04,2017-12-29,250,0.4489050739051954,-0.1251703124272011,1.8640626059852148,0.4446473277232929,0.2120011745455907,0.2369038993596046,5.982847994784885,execution_stress,,USD100K,R5,,50,event,0.5,3,100000.0,0.0025,0.05,True,0.4446473277232929,0.21015310140377008,0.23449422631952282,False
B3_w50__USD100K_R5,B3_w50,diagnostics,2018,2018-01-02,2018-12-31,251,-0.2217437897782639,-0.2910772441745692,-0.7820839620642155,-0.2209691647071482,-0.0642984107744514,-0.1574453790038125,6.132232182091069,execution_stress,,USD100K,R5,,50,event,0.5,3,100000.0,0.0025,0.05,True,-0.2209691647071482,-0.06405161044839947,-0.15691755425874873,False
B3_w50__USD100K_R5,B3_w50,diagnostics,2019,2019-01-02,2019-12-31,252,0.5735998355137599,-0.1578956948415435,2.0763186561031364,0.5735998355137599,0.3401954545671213,0.2334043809466386,6.761956946345776,execution_stress,,USD100K,R5,,50,event,0.5,3,100000.0,0.0025,0.05,True,0.5735998355137599,0.3401954545671213,0.23340438094663862,False
B3_w50__USD100K_R5,B3_w50,diagnostics,2020,2020-01-02,2020-12-31,253,1.808246155726328,-0.4777069261860577,2.1516508085228825,1.819776440836816,0.1813082709311855,1.6269378847951423,6.0066828964635945,execution_stress,,USD100K,R5,,50,event,0.5,3,100000.0,0.0025,0.05,True,1.819776440836816,0.18208961084499786,1.6376868299918181,False
B3_w50__USD100K_R5,B3_w50,diagnostics,2021,2021-01-04,2021-12-31,252,-0.0286929790641784,-0.4703577789399008,0.1679340641208159,-0.0286929790641784,0.2861550585808201,-0.3148480376449986,7.721862419743986,execution_stress,,USD100K,R5,,50,event,0.5,3,100000.0,0.0025,0.05,True,-0.0286929790641784,0.28615505858082013,-0.3148480376449985,False
B3_w50__USD100K_R5,B3_w50,diagnostics,2022,2022-01-03,2022-12-30,251,-0.2212372842827026,-0.3089719646698072,-0.4413278518497023,-0.2204641676642876,-0.180528833522089,-0.0407084507606135,9.614523008228009,execution_stress,,USD100K,R5,,50,event,0.5,3,100000.0,0.0025,0.05,True,-0.2204641676642876,-0.17988114323237925,-0.040583024431908366,False
B3_w50__USD100K_R5,B3_w50,diagnostics,2023,2023-01-03,2023-12-29,250,0.1567712578997515,-0.2899916999008727,0.6919677673313406,0.1554350163716655,0.2494116142532503,-0.0926403563534987,7.1869488456889945,execution_stress,,USD100K,R5,,50,event,0.5,3,100000.0,0.0025,0.05,True,0.1554350163716655,0.24720554909618309,-0.09177053272451757,False
B3_w50__USD100K_R5,B3_w50,diagnostics,2024,2024-01-02,2024-12-31,252,0.1738578165045277,-0.2343402120603719,0.6389475865634701,0.1738578165045277,0.2643074461050603,-0.0904496296005326,6.300081910180082,execution_stress,,USD100K,R5,,50,event,0.5,3,100000.0,0.0025,0.05,True,0.1738578165045277,0.2643074461050603,-0.0904496296005326,False
B3_w50__USD100K_R5,B3_w50,diagnostics,2025,2025-01-02,2025-12-31,250,0.3059644271746184,-0.4563362128701982,0.7905536254397794,0.3032005584538213,0.1785790013706134,0.127385425804005,7.342051411377819,execution_stress,,USD100K,R5,,50,event,0.5,3,100000.0,0.0025,0.05,True,0.3032005584538213,0.1770430847937292,0.1261574736600921,False
B3_w50__USD100K_R5,B3_w50,diagnostics,2026,2026-01-02,2026-09-22,181,0.0296383488459375,-0.3011581068766881,0.298454882887616,0.0212000865049413,0.193982242745804,-0.1643438938998664,7.869695363664414,execution_stress,,USD100K,R5,,50,event,0.5,3,100000.0,0.0025,0.05,True,0.0212000865049413,0.13580564851123356,-0.11460556200629225,True
B3_w50__USD100K_UNLIMITED,B3_w50,diagnostics,2017,2017-01-04,2017-12-29,250,0.4489733841733956,-0.1251363851334204,1.8643078453531243,0.4447148966907526,0.2120011745455907,0.2369722096278048,5.996970018488755,execution_stress,,USD100K,UNLIMITED,,50,event,0.5,3,100000.0,0.0025,0.0,True,0.4447148966907526,0.21015310140377008,0.2345617952869825,False
B3_w50__USD100K_UNLIMITED,B3_w50,diagnostics,2018,2018-01-02,2018-12-31,251,-0.221906838105483,-0.2912195515053788,-0.7828569725458185,-0.2211317277283636,-0.0642984107744514,-0.1576084273310316,6.126232078820794,execution_stress,,USD100K,UNLIMITED,,50,event,0.5,3,100000.0,0.0025,0.0,True,-0.2211317277283636,-0.06405161044839947,-0.15708011727996413,False
B3_w50__USD100K_UNLIMITED,B3_w50,diagnostics,2019,2019-01-02,2019-12-31,252,0.5736767563257124,-0.1579241420885657,2.07652411473869,0.5736767563257124,0.3401954545671213,0.233481301758591,6.76094672553071,execution_stress,,USD100K,UNLIMITED,,50,event,0.5,3,100000.0,0.0025,0.0,True,0.5736767563257124,0.3401954545671213,0.23348130175859105,False
B3_w50__USD100K_UNLIMITED,B3_w50,diagnostics,2020,2020-01-02,2020-12-31,253,1.8082996455285605,-0.4777254936630445,2.151608543031044,1.8198303633957336,0.1813082709311855,1.6269913745973748,6.00662238012986,execution_stress,,USD100K,UNLIMITED,,50,event,0.5,3,100000.0,0.0025,0.0,True,1.8198303633957336,0.18208961084499786,1.6377407525507357,False
B3_w50__USD100K_UNLIMITED,B3_w50,diagnostics,2021,2021-01-04,2021-12-31,252,-0.0401934824820797,-0.4604126221744528,0.1432185185029594,-0.0401934824820797,0.2861550585808201,-0.3263485410628999,8.73045085727373,execution_stress,,USD100K,UNLIMITED,,50,event,0.5,3,100000.0,0.0025,0.0,True,-0.0401934824820797,0.28615505858082013,-0.32634854106289984,False
B3_w50__USD100K_UNLIMITED,B3_w50,diagnostics,2022,2022-01-03,2022-12-30,251,-0.1266709868965826,-0.2520800434891541,-0.1629729541850177,-0.1262014709317588,-0.180528833522089,0.0538578466255064,8.148972178900598,execution_stress,,USD100K,UNLIMITED,,50,event,0.5,3,100000.0,0.0025,0.0,True,-0.1262014709317588,-0.17988114323237925,0.05367967230062046,False
B3_w50__USD100K_UNLIMITED,B3_w50,diagnostics,2023,2023-01-03,2023-12-29,250,0.0863771125997658,-0.3220843477926084,0.4458304913467861,0.085663025035253,0.2494116142532503,-0.1630345016534844,6.721838271347563,execution_stress,,USD100K,UNLIMITED,,50,event,0.5,3,100000.0,0.0025,0.0,True,0.085663025035253,0.24720554909618309,-0.1615425240609301,False
B3_w50__USD100K_UNLIMITED,B3_w50,diagnostics,2024,2024-01-02,2024-12-31,252,0.2664530128760121,-0.2311172301467581,0.7920218193613943,0.2664530128760121,0.2643074461050603,0.0021455667709517,8.893074001812632,execution_stress,,USD100K,UNLIMITED,,50,event,0.5,3,100000.0,0.0025,0.0,True,0.2664530128760121,0.2643074461050603,0.00214556677095179,False
B3_w50__USD100K_UNLIMITED,B3_w50,diagnostics,2025,2025-01-02,2025-12-31,250,0.1673941609020002,-0.4437585309560543,0.5574578265266623,0.1659610545686987,0.1785790013706134,-0.0111848404686132,8.292814103283034,execution_stress,,USD100K,UNLIMITED,,50,event,0.5,3,100000.0,0.0025,0.0,True,0.1659610545686987,0.1770430847937292,-0.011082030225030515,False
B3_w50__USD100K_UNLIMITED,B3_w50,diagnostics,2026,2026-01-02,2026-09-22,181,0.3771036724753833,-0.320502636880559,0.8975033454948571,0.2583844357424902,0.193982242745804,0.1831214297295793,10.055737704935602,execution_stress,,USD100K,UNLIMITED,,50,event,0.5,3,100000.0,0.0025,0.0,True,0.2583844357424902,0.13580564851123356,0.12257878723125665,True
B3_w50__KRW50M_R1,B3_w50,diagnostics,2017,2017-01-04,2017-12-29,250,0.4487225366002438,-0.1233617288146132,1.8659401261013813,0.4444667711830063,0.2120011745455907,0.2367213620546531,5.727024921023476,execution_stress,,KRW50M,R1,,50,event,0.5,3,33333.333333333336,0.0025,0.01,True,0.4444667711830063,0.21015310140377008,0.23431366977923623,False
B3_w50__KRW50M_R1,B3_w50,diagnostics,2018,2018-01-02,2018-12-31,251,-0.2217534635556174,-0.2909521331610613,-0.782600624623692,-0.2209788096871674,-0.0642984107744514,-0.157455052781166,5.809264093509867,execution_stress,,KRW50M,R1,,50,event,0.5,3,33333.333333333336,0.0025,0.01,True,-0.2209788096871674,-0.06405161044839947,-0.15692719923876794,False
B3_w50__KRW50M_R1,B3_w50,diagnostics,2019,2019-01-02,2019-12-31,252,0.5579345648029446,-0.1580999942490331,2.045030811643738,0.5579345648029446,0.3401954545671213,0.2177391102358232,6.304824111254057,execution_stress,,KRW50M,R1,,50,event,0.5,3,33333.333333333336,0.0025,0.01,True,0.5579345648029446,0.3401954545671213,0.21773911023582326,False
B3_w50__KRW50M_R1,B3_w50,diagnostics,2020,2020-01-02,2020-12-31,253,1.810821146604568,-0.4775307773106704,2.154978284425474,1.8223722691786488,0.1813082709311855,1.6295128756733823,5.706285175785012,execution_stress,,KRW50M,R1,,50,event,0.5,3,33333.333333333336,0.0025,0.01,True,1.8223722691786488,0.18208961084499786,1.640282658333651,False
B3_w50__KRW50M_R1,B3_w50,diagnostics,2021,2021-01-04,2021-12-31,252,-0.1308032634750111,-0.4966105030809056,-0.0574394394008215,-0.1308032634750111,0.2861550585808201,-0.4169583220558313,7.188474176088933,execution_stress,,KRW50M,R1,,50,event,0.5,3,33333.333333333336,0.0025,0.01,True,-0.1308032634750111,0.28615505858082013,-0.4169583220558312,False
B3_w50__KRW50M_R1,B3_w50,diagnostics,2022,2022-01-03,2022-12-30,251,-0.2373053683914936,-0.2714790828168677,-0.5097152551713895,-0.2364850382376596,-0.180528833522089,-0.0567765348694045,9.885067519346748,execution_stress,,KRW50M,R1,,50,event,0.5,3,33333.333333333336,0.0025,0.01,True,-0.2364850382376596,-0.17988114323237925,-0.05660389500528035,False
B3_w50__KRW50M_R1,B3_w50,diagnostics,2023,2023-01-03,2023-12-29,250,0.1238352241145055,-0.3503508929169284,0.5551609728830668,0.1227944004192937,0.2494116142532503,-0.1255763901387447,7.896660391611833,execution_stress,,KRW50M,R1,,50,event,0.5,3,33333.333333333336,0.0025,0.01,True,0.1227944004192937,0.24720554909618309,-0.12441114867688939,False
B3_w50__KRW50M_R1,B3_w50,diagnostics,2024,2024-01-02,2024-12-31,252,0.2027441183956664,-0.2359199471288727,0.6785856576856962,0.2027441183956664,0.2643074461050603,-0.0615633277093938,8.01763375478992,execution_stress,,KRW50M,R1,,50,event,0.5,3,33333.333333333336,0.0025,0.01,True,0.2027441183956664,0.2643074461050603,-0.061563327709393906,False
B3_w50__KRW50M_R1,B3_w50,diagnostics,2025,2025-01-02,2025-12-31,250,0.2737351865837425,-0.4167851292469999,0.7398625559066739,0.2712916214972318,0.1785790013706134,0.095156185213129,7.431869735630996,execution_stress,,KRW50M,R1,,50,event,0.5,3,33333.333333333336,0.0025,0.01,True,0.2712916214972318,0.1770430847937292,0.09424853670350258,False
B3_w50__KRW50M_R1,B3_w50,diagnostics,2026,2026-01-02,2026-09-22,181,0.1005831559940255,-0.2927782343342868,0.4382507669559772,0.0712622117767427,0.193982242745804,-0.0933990867517784,9.249907577264423,execution_stress,,KRW50M,R1,,50,event,0.5,3,33333.333333333336,0.0025,0.01,True,0.0712622117767427,0.13580564851123356,-0.06454343673449085,True
B3_w50__KRW50M_C50,B3_w50,diagnostics,2017,2017-01-04,2017-12-29,250,0.4299194574114775,-0.1289087218493005,1.8021933056509536,0.4258667581667998,0.2120011745455907,0.2179182828658867,5.705049711672548,execution_stress,,KRW50M,C50,,50,event,0.5,3,33333.333333333336,0.005,0.01,True,0.4258667581667998,0.21015310140377008,0.21571365676302973,False
B3_w50__KRW50M_C50,B3_w50,diagnostics,2018,2018-01-02,2018-12-31,251,-0.2326786897879567,-0.300810783198747,-0.8331170763890515,-0.2318718183221131,-0.0642984107744514,-0.1683802790135052,5.820905890821664,execution_stress,,KRW50M,C50,,50,event,0.5,3,33333.333333333336,0.005,0.01,True,-0.2318718183221131,-0.06405161044839947,-0.16782020787371363,False
B3_w50__KRW50M_C50,B3_w50,diagnostics,2019,2019-01-02,2019-12-31,252,0.5289238037944632,-0.1608498580865557,1.9631991979202716,0.5289238037944632,0.3401954545671213,0.1887283492273419,6.206914354612048,execution_stress,,KRW50M,C50,,50,event,0.5,3,33333.333333333336,0.005,0.01,True,0.5289238037944632,0.3401954545671213,0.18872834922734194,False
B3_w50__KRW50M_C50,B3_w50,diagnostics,2020,2020-01-02,2020-12-31,253,1.77213021367147,-0.4794192372698739,2.129530066879953,1.7833692388834883,0.1813082709311855,1.5908219427402843,5.66779950472438,execution_stress,,KRW50M,C50,,50,event,0.5,3,33333.333333333336,0.005,0.01,True,1.7833692388834883,0.18208961084499786,1.6012796280384904,False
B3_w50__KRW50M_C50,B3_w50,diagnostics,2021,2021-01-04,2021-12-31,252,-0.1473456011856341,-0.5028773236415867,-0.0978314029047731,-0.1473456011856341,0.2861550585808201,-0.4335006597664542,7.20527887757247,execution_stress,,KRW50M,C50,,50,event,0.5,3,33333.333333333336,0.005,0.01,True,-0.1473456011856341,0.28615505858082013,-0.43350065976645424,False
B3_w50__KRW50M_C50,B3_w50,diagnostics,2022,2022-01-03,2022-12-30,251,-0.2561829723978405,-0.2821133756288991,-0.5746560303868008,-0.2553088868345388,-0.180528833522089,-0.0756541388757514,9.856018587078928,execution_stress,,KRW50M,C50,,50,event,0.5,3,33333.333333333336,0.005,0.01,True,-0.2553088868345388,-0.17988114323237925,-0.07542774360215954,False
B3_w50__KRW50M_C50,B3_w50,diagnostics,2023,2023-01-03,2023-12-29,250,0.0669336859239537,-0.3354824096384295,0.3739682671349433,0.0663852128609903,0.2494116142532503,-0.1824779283292965,7.797711280206758,execution_stress,,KRW50M,C50,,50,event,0.5,3,33333.333333333336,0.005,0.01,True,0.0663852128609903,0.24720554909618309,-0.18082033623519278,False
B3_w50__KRW50M_C50,B3_w50,diagnostics,2024,2024-01-02,2024-12-31,252,0.2419920118630294,-0.2191945718909481,0.7590482776151937,0.2419920118630294,0.2643074461050603,-0.0223154342420308,7.150436765458382,execution_stress,,KRW50M,C50,,50,event,0.5,3,33333.333333333336,0.005,0.01,True,0.2419920118630294,0.2643074461050603,-0.02231543424203089,False
B3_w50__KRW50M_C50,B3_w50,diagnostics,2025,2025-01-02,2025-12-31,250,0.1589202951419621,-0.4235202962017516,0.543213565250713,0.1575645193201824,0.1785790013706134,-0.0196587062286512,6.720240823899949,execution_stress,,KRW50M,C50,,50,event,0.5,3,33333.333333333336,0.005,0.01,True,0.1575645193201824,0.1770430847937292,-0.019478565473546816,False
B3_w50__KRW50M_C50,B3_w50,diagnostics,2026,2026-01-02,2026-09-22,181,0.3028994553405428,-0.292753152984055,0.7504028258265724,0.2093032268849219,0.193982242745804,0.1089172125947388,11.281102299856489,execution_stress,,KRW50M,C50,,50,event,0.5,3,33333.333333333336,0.005,0.01,True,0.2093032268849219,0.13580564851123356,0.07349757837368834,True
B3_w50__KRW50M_R5,B3_w50,diagnostics,2017,2017-01-04,2017-12-29,250,0.448284429674165,-0.1240990934891083,1.8638258174293725,0.4440334175441152,0.2120011745455907,0.2362832551285743,5.772287311100292,execution_stress,,KRW50M,R5,,50,event,0.5,3,33333.333333333336,0.0025,0.05,True,0.4440334175441152,0.21015310140377008,0.2338803161403451,False
B3_w50__KRW50M_R5,B3_w50,diagnostics,2018,2018-01-02,2018-12-31,251,-0.2215630338525825,-0.2907915673173232,-0.7817223470609268,-0.2207889469513021,-0.0642984107744514,-0.1572646230781311,5.812892447346874,execution_stress,,KRW50M,R5,,50,event,0.5,3,33333.333333333336,0.0025,0.05,True,-0.2207889469513021,-0.06405161044839947,-0.15673733650290264,False
B3_w50__KRW50M_R5,B3_w50,diagnostics,2019,2019-01-02,2019-12-31,252,0.5594412135705218,-0.1577937298015866,2.0489927842151423,0.5594412135705218,0.3401954545671213,0.2192457590034005,6.299331789903176,execution_stress,,KRW50M,R5,,50,event,0.5,3,33333.333333333336,0.0025,0.05,True,0.5594412135705218,0.3401954545671213,0.2192457590034005,False
B3_w50__KRW50M_R5,B3_w50,diagnostics,2020,2020-01-02,2020-12-31,253,1.810077664619345,-0.4773447523634829,2.1557344524796176,1.8216227697837977,0.1813082709311855,1.6287693936881595,5.716871096123975,execution_stress,,KRW50M,R5,,50,event,0.5,3,33333.333333333336,0.0025,0.05,True,1.8216227697837977,0.18208961084499786,1.6395331589387998,False
B3_w50__KRW50M_R5,B3_w50,diagnostics,2021,2021-01-04,2021-12-31,252,-0.0345627432308708,-0.4658945794635758,0.1532604008692105,-0.0345627432308708,0.2861550585808201,-0.3207178018116909,7.505797769496647,execution_stress,,KRW50M,R5,,50,event,0.5,3,33333.333333333336,0.0025,0.05,True,-0.0345627432308708,0.28615505858082013,-0.32071780181169096,False
B3_w50__KRW50M_R5,B3_w50,diagnostics,2022,2022-01-03,2022-12-30,251,-0.213007280821747,-0.2672004942382434,-0.4762953705710308,-0.2122588564841286,-0.180528833522089,-0.0324784472996579,8.75121957737499,execution_stress,,KRW50M,R5,,50,event,0.5,3,33333.333333333336,0.0025,0.05,True,-0.2122588564841286,-0.17988114323237925,-0.032377713251749346,False
B3_w50__KRW50M_R5,B3_w50,diagnostics,2023,2023-01-03,2023-12-29,250,0.0855427736482536,-0.3335052060590934,0.4347687521543444,0.0848358493674703,0.2494116142532503,-0.1638688406049966,7.457494159636065,execution_stress,,KRW50M,R5,,50,event,0.5,3,33333.333333333336,0.0025,0.05,True,0.0848358493674703,0.24720554909618309,-0.1623696997287128,False
B3_w50__KRW50M_R5,B3_w50,diagnostics,2024,2024-01-02,2024-12-31,252,0.1142869044104879,-0.226584450083595,0.4817722931803848,0.1142869044104879,0.2643074461050603,-0.1500205416945723,7.857493494787964,execution_stress,,KRW50M,R5,,50,event,0.5,3,33333.333333333336,0.0025,0.05,True,0.1142869044104879,0.2643074461050603,-0.1500205416945724,False
B3_w50__KRW50M_R5,B3_w50,diagnostics,2025,2025-01-02,2025-12-31,250,0.1859914748463413,-0.4258966278469361,0.593355111960212,0.1843869629883785,0.1785790013706134,0.0074124734757279,7.0830681722826485,execution_stress,,KRW50M,R5,,50,event,0.5,3,33333.333333333336,0.0025,0.05,True,0.1843869629883785,0.1770430847937292,0.007343878194649295,False
B3_w50__KRW50M_R5,B3_w50,diagnostics,2026,2026-01-02,2026-09-22,181,0.3008976296642087,-0.2839896220565806,0.7819576421569451,0.2079684070539511,0.193982242745804,0.1069153869184047,9.755887149972434,execution_stress,,KRW50M,R5,,50,event,0.5,3,33333.333333333336,0.0025,0.05,True,0.2079684070539511,0.13580564851123356,0.07216275854271753,True
B3_w50__KRW50M_UNLIMITED,B3_w50,diagnostics,2017,2017-01-04,2017-12-29,250,0.448284429674165,-0.1240990934891083,1.8638258174293725,0.4440334175441152,0.2120011745455907,0.2362832551285743,5.772287311100292,execution_stress,,KRW50M,UNLIMITED,,50,event,0.5,3,33333.333333333336,0.0025,0.0,True,0.4440334175441152,0.21015310140377008,0.2338803161403451,False
B3_w50__KRW50M_UNLIMITED,B3_w50,diagnostics,2018,2018-01-02,2018-12-31,251,-0.2215630338525825,-0.2907915673173232,-0.7817223470609268,-0.2207889469513021,-0.0642984107744514,-0.1572646230781311,5.812892447346874,execution_stress,,KRW50M,UNLIMITED,,50,event,0.5,3,33333.333333333336,0.0025,0.0,True,-0.2207889469513021,-0.06405161044839947,-0.15673733650290264,False
B3_w50__KRW50M_UNLIMITED,B3_w50,diagnostics,2019,2019-01-02,2019-12-31,252,0.5594412135705218,-0.1577937298015866,2.0489927842151423,0.5594412135705218,0.3401954545671213,0.2192457590034005,6.299331789903176,execution_stress,,KRW50M,UNLIMITED,,50,event,0.5,3,33333.333333333336,0.0025,0.0,True,0.5594412135705218,0.3401954545671213,0.2192457590034005,False
B3_w50__KRW50M_UNLIMITED,B3_w50,diagnostics,2020,2020-01-02,2020-12-31,253,1.810077664619345,-0.4773447523634829,2.1557344524796176,1.8216227697837977,0.1813082709311855,1.6287693936881595,5.716871096123975,execution_stress,,KRW50M,UNLIMITED,,50,event,0.5,3,33333.333333333336,0.0025,0.0,True,1.8216227697837977,0.18208961084499786,1.6395331589387998,False
B3_w50__KRW50M_UNLIMITED,B3_w50,diagnostics,2021,2021-01-04,2021-12-31,252,-0.0405443533288756,-0.4618226285010899,0.1420226851114593,-0.0405443533288756,0.2861550585808201,-0.3266994119096957,8.554003492883094,execution_stress,,KRW50M,UNLIMITED,,50,event,0.5,3,33333.333333333336,0.0025,0.0,True,-0.0405443533288756,0.28615505858082013,-0.32669941190969576,False
B3_w50__KRW50M_UNLIMITED,B3_w50,diagnostics,2022,2022-01-03,2022-12-30,251,-0.1266411559343537,-0.2523487850286308,-0.1633608324179173,-0.1261717423744069,-0.180528833522089,0.0538876775877352,7.884697249113067,execution_stress,,KRW50M,UNLIMITED,,50,event,0.5,3,33333.333333333336,0.0025,0.0,True,-0.1261717423744069,-0.17988114323237925,0.05370940085797235,False
B3_w50__KRW50M_UNLIMITED,B3_w50,diagnostics,2023,2023-01-03,2023-12-29,250,0.0870708989498649,-0.3214840053208565,0.4484966109275111,0.0863508509876966,0.2494116142532503,-0.1623407153033853,6.578064250660663,execution_stress,,KRW50M,UNLIMITED,,50,event,0.5,3,33333.333333333336,0.0025,0.0,True,0.0863508509876966,0.24720554909618309,-0.1608546981084865,False
B3_w50__KRW50M_UNLIMITED,B3_w50,diagnostics,2024,2024-01-02,2024-12-31,252,0.2677991696589337,-0.2307699545653508,0.794935343930693,0.2677991696589337,0.2643074461050603,0.0034917235538733,8.715694645498047,execution_stress,,KRW50M,UNLIMITED,,50,event,0.5,3,33333.333333333336,0.0025,0.0,True,0.2677991696589337,0.2643074461050603,0.0034917235538733937,False
B3_w50__KRW50M_UNLIMITED,B3_w50,diagnostics,2025,2025-01-02,2025-12-31,250,0.1679099240347383,-0.4435011465066369,0.5583600514748542,0.1664720953157858,0.1785790013706134,-0.010669077335875,8.159821756357035,execution_stress,,KRW50M,UNLIMITED,,50,event,0.5,3,33333.333333333336,0.0025,0.0,True,0.1664720953157858,0.1770430847937292,-0.01057098947794341,False
B3_w50__KRW50M_UNLIMITED,B3_w50,diagnostics,2026,2026-01-02,2026-09-22,181,0.3791472453348041,-0.3199052447449828,0.9008849203725148,0.2597254213616313,0.193982242745804,0.1851650025890001,9.892867369909556,execution_stress,,KRW50M,UNLIMITED,,50,event,0.5,3,33333.333333333336,0.0025,0.0,True,0.2597254213616313,0.13580564851123356,0.12391977285039774,True
B3_w50__KRW100M_R1,B3_w50,diagnostics,2017,2017-01-04,2017-12-29,250,0.4671409149055805,-0.1115262787003675,1.965033869228601,0.4626843802572133,0.2120011745455907,0.2551397403599897,5.738505896454913,execution_stress,,KRW100M,R1,,50,event,0.5,3,66666.66666666667,0.0025,0.01,True,0.4626843802572133,0.21015310140377008,0.25253127885344323,False
B3_w50__KRW100M_R1,B3_w50,diagnostics,2018,2018-01-02,2018-12-31,251,-0.2340688699257836,-0.3259467814726232,-0.8195162815099589,-0.2332579428912745,-0.0642984107744514,-0.1697704591513322,5.663638929579863,execution_stress,,KRW100M,R1,,50,event,0.5,3,66666.66666666667,0.0025,0.01,True,-0.2332579428912745,-0.06405161044839947,-0.16920633244287503,False
B3_w50__KRW100M_R1,B3_w50,diagnostics,2019,2019-01-02,2019-12-31,252,0.535798722564107,-0.1633683587194221,1.932315588826423,0.535798722564107,0.3401954545671213,0.1956032679969856,6.767490423149485,execution_stress,,KRW100M,R1,,50,event,0.5,3,66666.66666666667,0.0025,0.01,True,0.535798722564107,0.3401954545671213,0.19560326799698569,False
B3_w50__KRW100M_R1,B3_w50,diagnostics,2020,2020-01-02,2020-12-31,253,1.5117560333637186,-0.4837915145497374,1.9448467256842807,1.5209525203701777,0.1813082709311855,1.330447762432533,6.519252905013891,execution_stress,,KRW100M,R1,,50,event,0.5,3,66666.66666666667,0.0025,0.01,True,1.5209525203701777,0.18208961084499786,1.3388629095251798,False
B3_w50__KRW100M_R1,B3_w50,diagnostics,2021,2021-01-04,2021-12-31,252,-0.0456298284589682,-0.505563152564728,0.1441625057278373,-0.0456298284589682,0.2861550585808201,-0.3317848870397883,8.33998051869376,execution_stress,,KRW100M,R1,,50,event,0.5,3,66666.66666666667,0.0025,0.01,True,-0.0456298284589682,0.28615505858082013,-0.3317848870397883,False
B3_w50__KRW100M_R1,B3_w50,diagnostics,2022,2022-01-03,2022-12-30,251,-0.2052067919154272,-0.2423639895227548,-0.4654369210863583,-0.2044820855658877,-0.180528833522089,-0.0246779583933381,8.704628554246899,execution_stress,,KRW100M,R1,,50,event,0.5,3,66666.66666666667,0.0025,0.01,True,-0.2044820855658877,-0.17988114323237925,-0.024600942333508458,False
B3_w50__KRW100M_R1,B3_w50,diagnostics,2023,2023-01-03,2023-12-29,250,-0.029678935867074,-0.3853199978752228,0.0403414011434889,-0.0294468915117963,0.2494116142532503,-0.2790905501203243,8.241623653029391,execution_stress,,KRW100M,R1,,50,event,0.5,3,66666.66666666667,0.0025,0.01,True,-0.0294468915117963,0.24720554909618309,-0.2766524406079794,False
B3_w50__KRW100M_R1,B3_w50,diagnostics,2024,2024-01-02,2024-12-31,252,-0.0095418246595164,-0.2761474062511626,0.141336951725303,-0.0095418246595164,0.2643074461050603,-0.2738492707645767,8.052964883439572,execution_stress,,KRW100M,R1,,50,event,0.5,3,66666.66666666667,0.0025,0.01,True,-0.0095418246595164,0.2643074461050603,-0.2738492707645767,False
B3_w50__KRW100M_R1,B3_w50,diagnostics,2025,2025-01-02,2025-12-31,250,0.0477204392678196,-0.4593084592136427,0.3419031176225072,0.0473328810626345,0.1785790013706134,-0.1308585621027937,8.560415224238099,execution_stress,,KRW100M,R1,,50,event,0.5,3,66666.66666666667,0.0025,0.01,True,0.0473328810626345,0.1770430847937292,-0.1297102037310947,False
B3_w50__KRW100M_R1,B3_w50,diagnostics,2026,2026-01-02,2026-09-22,181,0.0036862185407224,-0.2987344685766924,0.232728474929101,0.0026462683653785,0.193982242745804,-0.1902960242050815,8.566535066204187,execution_stress,,KRW100M,R1,,50,event,0.5,3,66666.66666666667,0.0025,0.01,True,0.0026462683653785,0.13580564851123356,-0.13315938014585504,True
B3_w50__KRW100M_C50,B3_w50,diagnostics,2017,2017-01-04,2017-12-29,250,0.4460425546984834,-0.1120362695478528,1.8970255799328983,0.4418158497363826,0.2120011745455907,0.2340413801528926,5.736567906376356,execution_stress,,KRW100M,C50,,50,event,0.5,3,66666.66666666667,0.005,0.01,True,0.4418158497363826,0.21015310140377008,0.23166274833261252,False
B3_w50__KRW100M_C50,B3_w50,diagnostics,2018,2018-01-02,2018-12-31,251,-0.2445120741678066,-0.3350014042382843,-0.8694649433263582,-0.2436710016683145,-0.0642984107744514,-0.1802136633933552,5.662751735725966,execution_stress,,KRW100M,C50,,50,event,0.5,3,66666.66666666667,0.005,0.01,True,-0.2436710016683145,-0.06405161044839947,-0.17961939121991505,False
B3_w50__KRW100M_C50,B3_w50,diagnostics,2019,2019-01-02,2019-12-31,252,0.5081070224958022,-0.1652442989531668,1.8568551522011696,0.5081070224958022,0.3401954545671213,0.1679115679286809,6.747248350158688,execution_stress,,KRW100M,C50,,50,event,0.5,3,66666.66666666667,0.005,0.01,True,0.5081070224958022,0.3401954545671213,0.1679115679286809,False
B3_w50__KRW100M_C50,B3_w50,diagnostics,2020,2020-01-02,2020-12-31,253,1.4619136451213572,-0.4859567646640034,1.9062585419936449,1.470731119469689,0.1813082709311855,1.2806053741901715,6.38782953341527,execution_stress,,KRW100M,C50,,50,event,0.5,3,66666.66666666667,0.005,0.01,True,1.470731119469689,0.18208961084499786,1.2886415086246912,False
B3_w50__KRW100M_C50,B3_w50,diagnostics,2021,2021-01-04,2021-12-31,252,-0.0826716303293569,-0.4960184264088492,0.0734980219447528,-0.0826716303293569,0.2861550585808201,-0.3688266889101771,9.938020000476753,execution_stress,,KRW100M,C50,,50,event,0.5,3,66666.66666666667,0.005,0.01,True,-0.0826716303293569,0.28615505858082013,-0.368826688910177,False
B3_w50__KRW100M_C50,B3_w50,diagnostics,2022,2022-01-03,2022-12-30,251,-0.1151030989966586,-0.2613815544237643,-0.1150518568584705,-0.1146735945825229,-0.180528833522089,0.0654257345254304,7.874702044675515,execution_stress,,KRW100M,C50,,50,event,0.5,3,66666.66666666667,0.005,0.01,True,-0.1146735945825229,-0.17988114323237925,0.06520754864985635,False
B3_w50__KRW100M_C50,B3_w50,diagnostics,2023,2023-01-03,2023-12-29,250,0.0822846137222801,-0.350986109666519,0.412731272346377,0.0816056142727497,0.2494116142532503,-0.1671270005309701,7.705377736791707,execution_stress,,KRW100M,C50,,50,event,0.5,3,66666.66666666667,0.005,0.01,True,0.0816056142727497,0.24720554909618309,-0.16559993482343338,False
B3_w50__KRW100M_C50,B3_w50,diagnostics,2024,2024-01-02,2024-12-31,252,0.2324102367593421,-0.2722370314304226,0.7313602010997037,0.2324102367593421,0.2643074461050603,-0.0318972093457181,6.734444886235169,execution_stress,,KRW100M,C50,,50,event,0.5,3,66666.66666666667,0.005,0.01,True,0.2324102367593421,0.2643074461050603,-0.031897209345718186,False
B3_w50__KRW100M_C50,B3_w50,diagnostics,2025,2025-01-02,2025-12-31,250,0.4135757926543051,-0.4588996294549936,0.929409905299238,0.4096980227121753,0.1785790013706134,0.2349967912836916,7.44666099904293,execution_stress,,KRW100M,C50,,50,event,0.5,3,66666.66666666667,0.005,0.01,True,0.4096980227121753,0.1770430847937292,0.2326549379184461,False
B3_w50__KRW100M_C50,B3_w50,diagnostics,2026,2026-01-02,2026-09-22,181,-0.0114156425965061,-0.3051546080164876,0.2265931150755435,-0.008212581131116,0.193982242745804,-0.2053978853423101,10.54379864298252,execution_stress,,KRW100M,C50,,50,event,0.5,3,66666.66666666667,0.005,0.01,True,-0.008212581131116,0.13580564851123356,-0.14401822964234956,True
B3_w50__KRW100M_R5,B3_w50,diagnostics,2017,2017-01-04,2017-12-29,250,0.4490389624178796,-0.1249026551563188,1.8640739068297352,0.4447797632585408,0.2120011745455907,0.2370377878722889,5.938656041582219,execution_stress,,KRW100M,R5,,50,event,0.5,3,66666.66666666667,0.0025,0.05,True,0.4447797632585408,0.21015310140377008,0.2346266618547707,False
B3_w50__KRW100M_R5,B3_w50,diagnostics,2018,2018-01-02,2018-12-31,251,-0.2217239136783174,-0.2909936130664414,-0.7820494874437373,-0.2209493477767605,-0.0642984107744514,-0.157425502903866,6.0576952157712975,execution_stress,,KRW100M,R5,,50,event,0.5,3,66666.66666666667,0.0025,0.05,True,-0.2209493477767605,-0.06405161044839947,-0.15689773732836104,False
B3_w50__KRW100M_R5,B3_w50,diagnostics,2019,2019-01-02,2019-12-31,252,0.5672850534648577,-0.1579563146607338,2.065314479327822,0.5672850534648577,0.3401954545671213,0.2270895988977364,6.631259135861384,execution_stress,,KRW100M,R5,,50,event,0.5,3,66666.66666666667,0.0025,0.05,True,0.5672850534648577,0.3401954545671213,0.2270895988977364,False
B3_w50__KRW100M_R5,B3_w50,diagnostics,2020,2020-01-02,2020-12-31,253,1.8086021800566905,-0.4773444825196865,2.152484572897243,1.8201353456417,0.1813082709311855,1.627293909125505,5.90084826776323,execution_stress,,KRW100M,R5,,50,event,0.5,3,66666.66666666667,0.0025,0.05,True,1.8201353456417,0.18208961084499786,1.6380457347967021,False
B3_w50__KRW100M_R5,B3_w50,diagnostics,2021,2021-01-04,2021-12-31,252,0.0110203255103273,-0.4634118401732993,0.2554458309045234,0.0110203255103273,0.2861550585808201,-0.2751347330704927,8.244949988128134,execution_stress,,KRW100M,R5,,50,event,0.5,3,66666.66666666667,0.0025,0.05,True,0.0110203255103273,0.28615505858082013,-0.27513473307049285,False
B3_w50__KRW100M_R5,B3_w50,diagnostics,2022,2022-01-03,2022-12-30,251,-0.2229054595454899,-0.2574585295655909,-0.4960764505050576,-0.2221273797670384,-0.180528833522089,-0.0423766260234008,9.116960758719934,execution_stress,,KRW100M,R5,,50,event,0.5,3,66666.66666666667,0.0025,0.05,True,-0.2221273797670384,-0.17988114323237925,-0.04224623653465914,False
B3_w50__KRW100M_R5,B3_w50,diagnostics,2023,2023-01-03,2023-12-29,250,0.1172850613897074,-0.3127172782946381,0.5480397875021485,0.1163020908563248,0.2494116142532503,-0.1321265528635429,7.2483536239177,execution_stress,,KRW100M,R5,,50,event,0.5,3,66666.66666666667,0.0025,0.05,True,0.1163020908563248,0.24720554909618309,-0.13090345823985827,False
B3_w50__KRW100M_R5,B3_w50,diagnostics,2024,2024-01-02,2024-12-31,252,0.1715031863802767,-0.2095794004675747,0.6182475770226278,0.1715031863802767,0.2643074461050603,-0.0928042597247835,7.565464297350912,execution_stress,,KRW100M,R5,,50,event,0.5,3,66666.66666666667,0.0025,0.05,True,0.1715031863802767,0.2643074461050603,-0.0928042597247836,False
B3_w50__KRW100M_R5,B3_w50,diagnostics,2025,2025-01-02,2025-12-31,250,0.1173222264674316,-0.4689187247886149,0.4737309309078115,0.1163389285304798,0.1785790013706134,-0.0612567749031818,8.434384933872673,execution_stress,,KRW100M,R5,,50,event,0.5,3,66666.66666666667,0.0025,0.05,True,0.1163389285304798,0.1770430847937292,-0.06070415626324942,False
B3_w50__KRW100M_R5,B3_w50,diagnostics,2026,2026-01-02,2026-09-22,181,0.6447649265856752,-0.2680240500178446,1.142710738693618,0.4296095414143115,0.193982242745804,0.4507826838398712,11.150366571864923,execution_stress,,KRW100M,R5,,50,event,0.5,3,66666.66666666667,0.0025,0.05,True,0.4296095414143115,0.13580564851123356,0.29380389290307796,True
B3_w50__KRW100M_UNLIMITED,B3_w50,diagnostics,2017,2017-01-04,2017-12-29,250,0.4490389624178796,-0.1249026551563188,1.8640739068297352,0.4447797632585408,0.2120011745455907,0.2370377878722889,5.938656041582219,execution_stress,,KRW100M,UNLIMITED,,50,event,0.5,3,66666.66666666667,0.0025,0.0,True,0.4447797632585408,0.21015310140377008,0.2346266618547707,False
B3_w50__KRW100M_UNLIMITED,B3_w50,diagnostics,2018,2018-01-02,2018-12-31,251,-0.2217930907395238,-0.2910591820612112,-0.7823526357819565,-0.2210183189120612,-0.0642984107744514,-0.1574946799650723,6.052969364233574,execution_stress,,KRW100M,UNLIMITED,,50,event,0.5,3,66666.66666666667,0.0025,0.0,True,-0.2210183189120612,-0.06405161044839947,-0.15696670846366173,False
B3_w50__KRW100M_UNLIMITED,B3_w50,diagnostics,2019,2019-01-02,2019-12-31,252,0.5673966698022932,-0.1579578538186233,2.0656185589160976,0.5673966698022932,0.3401954545671213,0.2272012152351719,6.630553135025194,execution_stress,,KRW100M,UNLIMITED,,50,event,0.5,3,66666.66666666667,0.0025,0.0,True,0.5673966698022932,0.3401954545671213,0.2272012152351719,False
B3_w50__KRW100M_UNLIMITED,B3_w50,diagnostics,2020,2020-01-02,2020-12-31,253,1.8086315786556544,-0.4773415143792827,2.152492427130455,1.820164982103027,0.1813082709311855,1.627323307724469,5.900163425130634,execution_stress,,KRW100M,UNLIMITED,,50,event,0.5,3,66666.66666666667,0.0025,0.0,True,1.820164982103027,0.18208961084499786,1.6380753712580292,False
B3_w50__KRW100M_UNLIMITED,B3_w50,diagnostics,2021,2021-01-04,2021-12-31,252,-0.0404404398134883,-0.4604181893634463,0.1425551710433014,-0.0404404398134883,0.2861550585808201,-0.3265954983943084,8.688857342683198,execution_stress,,KRW100M,UNLIMITED,,50,event,0.5,3,66666.66666666667,0.0025,0.0,True,-0.0404404398134883,0.28615505858082013,-0.32659549839430846,False
B3_w50__KRW100M_UNLIMITED,B3_w50,diagnostics,2022,2022-01-03,2022-12-30,251,-0.1268924507959958,-0.2521034594130288,-0.1639808834795268,-0.1264221747073748,-0.180528833522089,0.0536363827260931,8.079361141936293,execution_stress,,KRW100M,UNLIMITED,,50,event,0.5,3,66666.66666666667,0.0025,0.0,True,-0.1264221747073748,-0.17988114323237925,0.05345896852500445,False
B3_w50__KRW100M_UNLIMITED,B3_w50,diagnostics,2023,2023-01-03,2023-12-29,250,0.0856473643367738,-0.3223550310025338,0.4432811912899895,0.0849395423608121,0.2494116142532503,-0.1637642499164764,6.676536641004101,execution_stress,,KRW100M,UNLIMITED,,50,event,0.5,3,66666.66666666667,0.0025,0.0,True,0.0849395423608121,0.24720554909618309,-0.162266006735371,False
B3_w50__KRW100M_UNLIMITED,B3_w50,diagnostics,2024,2024-01-02,2024-12-31,252,0.2667368805769801,-0.2310323897636711,0.7926455469741227,0.2667368805769801,0.2643074461050603,0.0024294344719197,8.846999197988312,execution_stress,,KRW100M,UNLIMITED,,50,event,0.5,3,66666.66666666667,0.0025,0.0,True,0.2667368805769801,0.2643074461050603,0.002429434471919789,False
B3_w50__KRW100M_UNLIMITED,B3_w50,diagnostics,2025,2025-01-02,2025-12-31,250,0.1677812154466986,-0.4437546081295954,0.5581148956112599,0.166344565365901,0.1785790013706134,-0.0107977859239147,8.255975879961033,execution_stress,,KRW100M,UNLIMITED,,50,event,0.5,3,66666.66666666667,0.0025,0.0,True,0.166344565365901,0.1770430847937292,-0.010698519427828207,False
B3_w50__KRW100M_UNLIMITED,B3_w50,diagnostics,2026,2026-01-02,2026-09-22,181,0.3764474709151346,-0.3204295992799235,0.8965320701582321,0.2579537195963854,0.193982242745804,0.1824652281693306,10.013887461131246,execution_stress,,KRW100M,UNLIMITED,,50,event,0.5,3,66666.66666666667,0.0025,0.0,True,0.2579537195963854,0.13580564851123356,0.12214807108515185,True
B3_w55__fresh2018,B3_w55,diagnostics,2018,2018-01-02,2018-12-31,251,-0.405189928453362,-0.4699747174503195,-1.3992578769041537,-0.403962426924915,-0.0642984107744514,-0.3408915176789105,12.363532627535156,fresh_cash,2018-01-01,,,,55,event,0.5,3,100000.0,0.0025,0.01,True,-0.403962426924915,-0.06405161044839947,-0.33991081647651555,False
B3_w55__fresh2018,B3_w55,diagnostics,2019,2019-01-02,2019-12-31,252,0.6599556028280413,-0.1281626834526005,2.3069047408227266,0.6599556028280413,0.3401954545671213,0.31976014826092,5.387613744217942,fresh_cash,2018-01-01,,,,55,event,0.5,3,100000.0,0.0025,0.01,True,0.6599556028280413,0.3401954545671213,0.31976014826092003,False
B3_w55__fresh2018,B3_w55,diagnostics,2020,2020-01-02,2020-12-31,253,1.7634860990725545,-0.4686223582184433,2.146220431842023,1.774655691374265,0.1813082709311855,1.582177828141369,5.97456176242712,fresh_cash,2018-01-01,,,,55,event,0.5,3,100000.0,0.0025,0.01,True,1.774655691374265,0.18208961084499786,1.5925660805292672,False
B3_w55__fresh2018,B3_w55,diagnostics,2021,2021-01-04,2021-12-31,252,-0.0711331600297761,-0.4158858345817522,0.0656924973061989,-0.0711331600297761,0.2861550585808201,-0.3572882186105962,10.688430288934889,fresh_cash,2018-01-01,,,,55,event,0.5,3,100000.0,0.0025,0.01,True,-0.0711331600297761,0.28615505858082013,-0.35728821861059623,False
B3_w55__fresh2018,B3_w55,diagnostics,2022,2022-01-03,2022-12-30,251,-0.170792668166651,-0.2719460883369827,-0.2803444849592063,-0.170176176640514,-0.180528833522089,0.0097361653554379,9.425274306481944,fresh_cash,2018-01-01,,,,55,event,0.5,3,100000.0,0.0025,0.01,True,-0.170176176640514,-0.17988114323237925,0.00970496659186526,False
B3_w55__fresh2018,B3_w55,diagnostics,2023,2023-01-03,2023-12-29,250,0.216818191932524,-0.3318510797234413,0.7218211184724544,0.2149245265914965,0.2494116142532503,-0.0325934223207262,8.242226348458223,fresh_cash,2018-01-01,,,,55,event,0.5,3,100000.0,0.0025,0.01,True,0.2149245265914965,0.24720554909618309,-0.03228102250468659,False
B3_w55__fresh2018,B3_w55,diagnostics,2024,2024-01-02,2024-12-31,252,0.3494908969076646,-0.2140109464745265,1.0022326781309674,0.3494908969076646,0.2643074461050603,0.0851834508026043,6.620210422226462,fresh_cash,2018-01-01,,,,55,event,0.5,3,100000.0,0.0025,0.01,True,0.3494908969076646,0.2643074461050603,0.08518345080260431,False
B3_w55__fresh2018,B3_w55,diagnostics,2025,2025-01-02,2025-12-31,250,0.0287796415459538,-0.4400666820856799,0.2911178633986367,0.0285480020821009,0.1785790013706134,-0.1497993598246596,7.051722075928066,fresh_cash,2018-01-01,,,,55,event,0.5,3,100000.0,0.0025,0.01,True,0.0285480020821009,0.1770430847937292,-0.1484950827116283,False
B3_w55__fresh2018,B3_w55,diagnostics,2026,2026-01-02,2026-09-22,181,0.2472805369591708,-0.2286210061912817,0.732392316614996,0.1719973462606483,0.193982242745804,0.0532982942133668,9.774433927056474,fresh_cash,2018-01-01,,,,55,event,0.5,3,100000.0,0.0025,0.01,True,0.1719973462606483,0.13580564851123356,0.03619169774941475,True
B3_w55__fresh2019,B3_w55,diagnostics,2019,2019-01-02,2019-12-31,252,0.383789500621194,-0.1492604441762071,1.522789250108855,0.383789500621194,0.3401954545671213,0.0435940460540726,11.2285777960971,fresh_cash,2019-01-01,,,,55,event,0.5,3,100000.0,0.0025,0.01,True,0.383789500621194,0.3401954545671213,0.04359404605407269,False
B3_w55__fresh2019,B3_w55,diagnostics,2020,2020-01-02,2020-12-31,253,1.5859165525473575,-0.460576879935031,1.910925323041464,1.5956842698779057,0.1813082709311855,1.4046082816161722,4.814786046151344,fresh_cash,2019-01-01,,,,55,event,0.5,3,100000.0,0.0025,0.01,True,1.5956842698779057,0.18208961084499786,1.4135946590329078,False
B3_w55__fresh2019,B3_w55,diagnostics,2021,2021-01-04,2021-12-31,252,0.3086359355508585,-0.2792249199447454,0.7907729617014185,0.3086359355508585,0.2861550585808201,0.0224808769700384,7.366285846318422,fresh_cash,2019-01-01,,,,55,event,0.5,3,100000.0,0.0025,0.01,True,0.3086359355508585,0.28615505858082013,0.022480876970038366,False
B3_w55__fresh2019,B3_w55,diagnostics,2022,2022-01-03,2022-12-30,251,-0.1079147206086477,-0.2409107022046202,-0.1120190314846152,-0.107510381456469,-0.180528833522089,0.0726141129134413,9.040075266391412,fresh_cash,2019-01-01,,,,55,event,0.5,3,100000.0,0.0025,0.01,True,-0.107510381456469,-0.17988114323237925,0.07237076177591024,False
B3_w55__fresh2019,B3_w55,diagnostics,2023,2023-01-03,2023-12-29,250,0.1152796509258726,-0.308165574684128,0.5162805607832147,0.1143143325093334,0.2494116142532503,-0.1341319633273776,7.485096464711007,fresh_cash,2019-01-01,,,,55,event,0.5,3,100000.0,0.0025,0.01,True,0.1143143325093334,0.24720554909618309,-0.1328912165868497,False
B3_w55__fresh2019,B3_w55,diagnostics,2024,2024-01-02,2024-12-31,252,0.3767451358509497,-0.1721093627454817,1.146074820186254,0.3767451358509497,0.2643074461050603,0.1124376897458894,6.244226531662149,fresh_cash,2019-01-01,,,,55,event,0.5,3,100000.0,0.0025,0.01,True,0.3767451358509497,0.2643074461050603,0.11243768974588941,False
B3_w55__fresh2019,B3_w55,diagnostics,2025,2025-01-02,2025-12-31,250,0.2008418483657557,-0.4178468978239948,0.628881926708527,0.1990988169931529,0.1785790013706134,0.0222628469951422,7.730567981268693,fresh_cash,2019-01-01,,,,55,event,0.5,3,100000.0,0.0025,0.01,True,0.1990988169931529,0.1770430847937292,0.022055732199423694,False
B3_w55__fresh2019,B3_w55,diagnostics,2026,2026-01-02,2026-09-22,181,0.0490648785957379,-0.2643455592997488,0.3255050517082764,0.0350024283123631,0.193982242745804,-0.144917364150066,11.425243403156935,fresh_cash,2019-01-01,,,,55,event,0.5,3,100000.0,0.0025,0.01,True,0.0350024283123631,0.13580564851123356,-0.10080322019887045,True
B3_w55__fresh2020,B3_w55,diagnostics,2020,2020-01-02,2020-12-31,253,0.9486512327644808,-0.4914275254735334,1.5328621005050822,0.953816869924065,0.1813082709311855,0.7673429618332952,10.323300187146966,fresh_cash,2020-01-01,,,,55,event,0.5,3,100000.0,0.0025,0.01,True,0.953816869924065,0.18208961084499786,0.7717272590790671,False
B3_w55__fresh2020,B3_w55,diagnostics,2021,2021-01-04,2021-12-31,252,0.0946423153590219,-0.3428411923719254,0.4260213400011223,0.0946423153590219,0.2861550585808201,-0.1915127432217982,10.517231089816368,fresh_cash,2020-01-01,,,,55,event,0.5,3,100000.0,0.0025,0.01,True,0.0946423153590219,0.28615505858082013,-0.19151274322179823,False
B3_w55__fresh2020,B3_w55,diagnostics,2022,2022-01-03,2022-12-30,251,-0.111748489711319,-0.245722918724065,-0.0649412045421965,-0.111330700578481,-0.180528833522089,0.06878034381077,8.613594059605745,fresh_cash,2020-01-01,,,,55,event,0.5,3,100000.0,0.0025,0.01,True,-0.111330700578481,-0.17988114323237925,0.06855044265389824,False
B3_w55__fresh2020,B3_w55,diagnostics,2023,2023-01-03,2023-12-29,250,0.1568514867611208,-0.3452104489941201,0.5754212826539379,0.1555145165335096,0.2494116142532503,-0.0925601274921295,8.890685747205454,fresh_cash,2020-01-01,,,,55,event,0.5,3,100000.0,0.0025,0.01,True,0.1555145165335096,0.24720554909618309,-0.0916910325626735,False
B3_w55__fresh2020,B3_w55,diagnostics,2024,2024-01-02,2024-12-31,252,0.5038252525747688,-0.2249108458267675,1.299355089630995,0.5038252525747688,0.2643074461050603,0.2395178064697085,6.457152062537605,fresh_cash,2020-01-01,,,,55,event,0.5,3,100000.0,0.0025,0.01,True,0.5038252525747688,0.2643074461050603,0.23951780646970855,False
B3_w55__fresh2020,B3_w55,diagnostics,2025,2025-01-02,2025-12-31,250,0.011294444239438,-0.513410942172623,0.2704268256523678,0.0112043054973305,0.1785790013706134,-0.1672845571311754,8.519344082370328,fresh_cash,2020-01-01,,,,55,event,0.5,3,100000.0,0.0025,0.01,True,0.0112043054973305,0.1770430847937292,-0.1658387792963987,False
B3_w55__fresh2020,B3_w55,diagnostics,2026,2026-01-02,2026-09-22,181,0.35948210833184,-0.2075417733930845,0.9598379952178518,0.2467978451841797,0.193982242745804,0.165499865586036,9.10721697505373,fresh_cash,2020-01-01,,,,55,event,0.5,3,100000.0,0.0025,0.01,True,0.2467978451841797,0.13580564851123356,0.11099219667294613,True
B3_w55__fresh2021,B3_w55,diagnostics,2021,2021-01-04,2021-12-31,252,-0.1225333283801747,-0.4162430567411209,-0.0749820900322171,-0.1225333283801747,0.2861550585808201,-0.4086883869609948,11.4087404385553,fresh_cash,2021-01-01,,,,55,event,0.5,3,100000.0,0.0025,0.01,True,-0.1225333283801747,0.28615505858082013,-0.40868838696099485,False
B3_w55__fresh2021,B3_w55,diagnostics,2022,2022-01-03,2022-12-30,251,-0.0921268045550367,-0.2266113132996214,-0.0661866549667823,-0.0917785375540473,-0.180528833522089,0.0884020289670522,6.160188600546115,fresh_cash,2021-01-01,,,,55,event,0.5,3,100000.0,0.0025,0.01,True,-0.0917785375540473,-0.17988114323237925,0.08810260567833195,False
B3_w55__fresh2021,B3_w55,diagnostics,2023,2023-01-03,2023-12-29,250,0.0903806237480848,-0.326576056366302,0.4178853432045417,0.0896320936472783,0.2494116142532503,-0.1590309905051654,8.243227070024224,fresh_cash,2021-01-01,,,,55,event,0.5,3,100000.0,0.0025,0.01,True,0.0896320936472783,0.24720554909618309,-0.15757345544890478,False
B3_w55__fresh2021,B3_w55,diagnostics,2024,2024-01-02,2024-12-31,252,0.2905134207875346,-0.3266854449578887,0.8295248056971105,0.2905134207875346,0.2643074461050603,0.0262059746824743,5.829188366345683,fresh_cash,2021-01-01,,,,55,event,0.5,3,100000.0,0.0025,0.01,True,0.2905134207875346,0.2643074461050603,0.02620597468247432,False
B3_w55__fresh2021,B3_w55,diagnostics,2025,2025-01-02,2025-12-31,250,0.2716130310879063,-0.4521561891682853,0.7286473741451459,0.26919033348957,0.1785790013706134,0.0930340297172929,7.482408761158482,fresh_cash,2021-01-01,,,,55,event,0.5,3,100000.0,0.0025,0.01,True,0.26919033348957,0.1770430847937292,0.09214724869584079,False
B3_w55__fresh2021,B3_w55,diagnostics,2026,2026-01-02,2026-09-22,181,0.0896111434650246,-0.2796705283853979,0.4183622834370357,0.0635806530039204,0.193982242745804,-0.1043710992807793,9.310599660043192,fresh_cash,2021-01-01,,,,55,event,0.5,3,100000.0,0.0025,0.01,True,0.0635806530039204,0.13580564851123356,-0.07222499550731315,True
B3_w55__fresh2022,B3_w55,diagnostics,2022,2022-01-03,2022-12-30,251,-0.06252011171228,-0.2868527230465874,0.0252154093138132,-0.0622799076228488,-0.180528833522089,0.118008721809809,12.28631976279728,fresh_cash,2022-01-01,,,,55,event,0.5,3,100000.0,0.0025,0.01,True,-0.0622799076228488,-0.17988114323237925,0.11760123560953045,False
B3_w55__fresh2022,B3_w55,diagnostics,2023,2023-01-03,2023-12-29,250,0.2117418390054688,-0.3799995104464799,0.7130926172540416,0.2098962161634627,0.2494116142532503,-0.0376697752477814,9.294499889720168,fresh_cash,2022-01-01,,,,55,event,0.5,3,100000.0,0.0025,0.01,True,0.2098962161634627,0.24720554909618309,-0.037309332932720374,False
B3_w55__fresh2022,B3_w55,diagnostics,2024,2024-01-02,2024-12-31,252,0.4377840123141732,-0.262109896505424,1.12607039109849,0.4377840123141732,0.2643074461050603,0.1734765662091129,5.630460148431809,fresh_cash,2022-01-01,,,,55,event,0.5,3,100000.0,0.0025,0.01,True,0.4377840123141732,0.2643074461050603,0.1734765662091129,False
B3_w55__fresh2022,B3_w55,diagnostics,2025,2025-01-02,2025-12-31,250,0.5050335557895818,-0.4889630614990303,1.0410692446519754,0.5001582898765378,0.1785790013706134,0.3264545544189683,6.785338784604551,fresh_cash,2022-01-01,,,,55,event,0.5,3,100000.0,0.0025,0.01,True,0.5001582898765378,0.1770430847937292,0.32311520508280855,False
B3_w55__fresh2022,B3_w55,diagnostics,2026,2026-01-02,2026-09-22,181,0.0070560843181903,-0.2881320615583959,0.2513457626260052,0.0050630379758347,0.193982242745804,-0.1869261584276136,11.022497089229324,fresh_cash,2022-01-01,,,,55,event,0.5,3,100000.0,0.0025,0.01,True,0.0050630379758347,0.13580564851123356,-0.13074261053539885,True
B3_w55__fresh2023,B3_w55,diagnostics,2023,2023-01-03,2023-12-29,250,0.0514923301441483,-0.2828567359912464,0.3160431832154955,0.0510733987513478,0.2494116142532503,-0.1979192841091019,9.955501456410849,fresh_cash,2023-01-01,,,,55,event,0.5,3,100000.0,0.0025,0.01,True,0.0510733987513478,0.24720554909618309,-0.19613215034483528,False
B3_w55__fresh2023,B3_w55,diagnostics,2024,2024-01-02,2024-12-31,252,0.5400342979760446,-0.221638776266151,1.3602800052330195,0.5400342979760446,0.2643074461050603,0.2757268518709843,6.711068643687593,fresh_cash,2023-01-01,,,,55,event,0.5,3,100000.0,0.0025,0.01,True,0.5400342979760446,0.2643074461050603,0.27572685187098434,False
B3_w55__fresh2023,B3_w55,diagnostics,2025,2025-01-02,2025-12-31,250,0.0831203103255571,-0.4663772397485591,0.4106630275900382,0.0824341556902406,0.1785790013706134,-0.0954586910450563,8.301628855212734,fresh_cash,2023-01-01,,,,55,event,0.5,3,100000.0,0.0025,0.01,True,0.0824341556902406,0.1770430847937292,-0.09460892910348861,False
B3_w55__fresh2023,B3_w55,diagnostics,2026,2026-01-02,2026-09-22,181,0.4432550387076521,-0.1914010598168635,1.0484952112446044,0.3015138717078127,0.193982242745804,0.2492727959618481,9.427943732134189,fresh_cash,2023-01-01,,,,55,event,0.5,3,100000.0,0.0025,0.01,True,0.3015138717078127,0.13580564851123356,0.16570822319657913,True
B3_w55__USD100K_C50,B3_w55,diagnostics,2017,2017-01-04,2017-12-29,250,0.3456671515836627,-0.091401084800323,1.553751820445442,0.3425001302238482,0.2120011745455907,0.1336659770380719,6.691433547184913,execution_stress,,USD100K,C50,,55,event,0.5,3,100000.0,0.005,0.01,True,0.3425001302238482,0.21015310140377008,0.1323470288200781,False
B3_w55__USD100K_C50,B3_w55,diagnostics,2018,2018-01-02,2018-12-31,251,-0.20972300361989,-0.3910979160239517,-0.5732990375105728,-0.2089845282731698,-0.0642984107744514,-0.1454245928454386,7.976812825840171,execution_stress,,USD100K,C50,,55,event,0.5,3,100000.0,0.005,0.01,True,-0.2089845282731698,-0.06405161044839947,-0.14493291782477033,False
B3_w55__USD100K_C50,B3_w55,diagnostics,2019,2019-01-02,2019-12-31,252,0.6753260682479876,-0.1523306460242361,2.3932113551851804,0.6753260682479876,0.3401954545671213,0.3351306136808663,5.095124388050044,execution_stress,,USD100K,C50,,55,event,0.5,3,100000.0,0.005,0.01,True,0.6753260682479876,0.3401954545671213,0.3351306136808663,False
B3_w55__USD100K_C50,B3_w55,diagnostics,2020,2020-01-02,2020-12-31,253,1.101736267488536,-0.4604739697347306,1.6626443765576466,1.1079402219139545,0.1813082709311855,0.9204279965573504,6.144064167331429,execution_stress,,USD100K,C50,,55,event,0.5,3,100000.0,0.005,0.01,True,1.1079402219139545,0.18208961084499786,0.9258506110689566,False
B3_w55__USD100K_C50,B3_w55,diagnostics,2021,2021-01-04,2021-12-31,252,0.1875600285718741,-0.3649335013857997,0.5900877955880096,0.1875600285718741,0.2861550585808201,-0.0985950300089459,8.9504447295798,execution_stress,,USD100K,C50,,55,event,0.5,3,100000.0,0.005,0.01,True,0.1875600285718741,0.28615505858082013,-0.09859503000894604,False
B3_w55__USD100K_C50,B3_w55,diagnostics,2022,2022-01-03,2022-12-30,251,-0.2368540747555898,-0.2878086690295141,-0.5589076556170113,-0.2360350525067676,-0.180528833522089,-0.0563252412335008,9.963322691339512,execution_stress,,USD100K,C50,,55,event,0.5,3,100000.0,0.005,0.01,True,-0.2360350525067676,-0.17988114323237925,-0.05615390927438835,False
B3_w55__USD100K_C50,B3_w55,diagnostics,2023,2023-01-03,2023-12-29,250,0.0157079000333999,-0.2897072584801869,0.1947706116321443,0.0155822678976422,0.2494116142532503,-0.2337037142198503,6.926712423736356,execution_stress,,USD100K,C50,,55,event,0.5,3,100000.0,0.005,0.01,True,0.0155822678976422,0.24720554909618309,-0.2316232811985409,False
B3_w55__USD100K_C50,B3_w55,diagnostics,2024,2024-01-02,2024-12-31,252,0.3472235079146584,-0.1981724369281894,1.0678061001986912,0.3472235079146584,0.2643074461050603,0.0829160618095981,6.771193098376418,execution_stress,,USD100K,C50,,55,event,0.5,3,100000.0,0.005,0.01,True,0.3472235079146584,0.2643074461050603,0.0829160618095981,False
B3_w55__USD100K_C50,B3_w55,diagnostics,2025,2025-01-02,2025-12-31,250,0.0594556381439443,-0.4994194555426746,0.3562066419157402,0.0589701216395206,0.1785790013706134,-0.119123363226669,7.857259456640545,execution_stress,,USD100K,C50,,55,event,0.5,3,100000.0,0.005,0.01,True,0.0589701216395206,0.1770430847937292,-0.11807296315420862,False
B3_w55__USD100K_C50,B3_w55,diagnostics,2026,2026-01-02,2026-09-22,181,0.1676406343061647,-0.2931767979866373,0.557947640411809,0.1177510850511818,0.193982242745804,-0.0263416084396392,9.635911643236652,execution_stress,,USD100K,C50,,55,event,0.5,3,100000.0,0.005,0.01,True,0.1177510850511818,0.13580564851123356,-0.018054563460051756,True
B3_w55__USD100K_R5,B3_w55,diagnostics,2017,2017-01-04,2017-12-29,250,0.3672632369199236,-0.0910477051063015,1.7063810010506395,0.3638730412166613,0.2120011745455907,0.1552620623743328,6.407803124281891,execution_stress,,USD100K,R5,,55,event,0.5,3,100000.0,0.0025,0.05,True,0.3638730412166613,0.21015310140377008,0.15371993981289123,False
B3_w55__USD100K_R5,B3_w55,diagnostics,2018,2018-01-02,2018-12-31,251,-0.2452287904836492,-0.3788058611933962,-0.7756460859477156,-0.2443856699598271,-0.0642984107744514,-0.1809303797091977,8.019108716056076,execution_stress,,USD100K,R5,,55,event,0.5,3,100000.0,0.0025,0.05,True,-0.2443856699598271,-0.06405161044839947,-0.18033405951142764,False
B3_w55__USD100K_R5,B3_w55,diagnostics,2019,2019-01-02,2019-12-31,252,0.6872167407887455,-0.1161866788506115,2.3928438728145296,0.6872167407887455,0.3401954545671213,0.3470212862216242,5.455737091836934,execution_stress,,USD100K,R5,,55,event,0.5,3,100000.0,0.0025,0.05,True,0.6872167407887455,0.3401954545671213,0.3470212862216242,False
B3_w55__USD100K_R5,B3_w55,diagnostics,2020,2020-01-02,2020-12-31,253,1.7424327153367467,-0.4591265760047072,2.102969048438748,1.7534336518089528,0.1813082709311855,1.5611244444055612,5.526899975783119,execution_stress,,USD100K,R5,,55,event,0.5,3,100000.0,0.0025,0.05,True,1.7534336518089528,0.18208961084499786,1.571344040963955,False
B3_w55__USD100K_R5,B3_w55,diagnostics,2021,2021-01-04,2021-12-31,252,0.071338570731688,-0.328737100212554,0.3751239975639291,0.071338570731688,0.2861550585808201,-0.2148164878491321,8.596085957879971,execution_stress,,USD100K,R5,,55,event,0.5,3,100000.0,0.0025,0.05,True,0.071338570731688,0.28615505858082013,-0.21481648784913213,False
B3_w55__USD100K_R5,B3_w55,diagnostics,2022,2022-01-03,2022-12-30,251,-0.0539894768489245,-0.2692345679488959,0.0427548370978495,-0.0537811003927629,-0.180528833522089,0.1265393566731645,7.635296454270273,execution_stress,,USD100K,R5,,55,event,0.5,3,100000.0,0.0025,0.05,True,-0.0537811003927629,-0.17988114323237925,0.12610004283961634,False
B3_w55__USD100K_R5,B3_w55,diagnostics,2023,2023-01-03,2023-12-29,250,0.1344925936260037,-0.3181889160315879,0.5546250115387803,0.1333569995629271,0.2494116142532503,-0.1149190206272465,8.457961033110388,execution_stress,,USD100K,R5,,55,event,0.5,3,100000.0,0.0025,0.05,True,0.1333569995629271,0.24720554909618309,-0.11384854953325599,False
B3_w55__USD100K_R5,B3_w55,diagnostics,2024,2024-01-02,2024-12-31,252,0.2849749664133496,-0.2599689602514633,0.8991666404504001,0.2849749664133496,0.2643074461050603,0.0206675203082893,7.604609211678158,execution_stress,,USD100K,R5,,55,event,0.5,3,100000.0,0.0025,0.05,True,0.2849749664133496,0.2643074461050603,0.020667520308289278,False
B3_w55__USD100K_R5,B3_w55,diagnostics,2025,2025-01-02,2025-12-31,250,0.3331305494880181,-0.4286389542906608,0.8649330714285016,0.3300918354874413,0.1785790013706134,0.1545515481174046,5.911413335810803,execution_stress,,USD100K,R5,,55,event,0.5,3,100000.0,0.0025,0.05,True,0.3300918354874413,0.1770430847937292,0.1530487506937121,False
B3_w55__USD100K_R5,B3_w55,diagnostics,2026,2026-01-02,2026-09-22,181,0.4390693349425829,-0.2680716774765311,0.9343538575905064,0.2988016208209938,0.193982242745804,0.2450870921967789,10.500931815998443,execution_stress,,USD100K,R5,,55,event,0.5,3,100000.0,0.0025,0.05,True,0.2988016208209938,0.13580564851123356,0.16299597230976026,True
B3_w55__USD100K_UNLIMITED,B3_w55,diagnostics,2017,2017-01-04,2017-12-29,250,0.4328783568337164,-0.0910477051063015,1.9202656576749637,0.4287938306409087,0.2120011745455907,0.2208771822881257,6.483692440354671,execution_stress,,USD100K,UNLIMITED,,55,event,0.5,3,100000.0,0.0025,0.0,True,0.4287938306409087,0.21015310140377008,0.21864072923713862,False
B3_w55__USD100K_UNLIMITED,B3_w55,diagnostics,2018,2018-01-02,2018-12-31,251,-0.2194759439082275,-0.331684268086395,-0.6919426346216337,-0.2187080829785754,-0.0642984107744514,-0.1551775331337761,6.934896220782905,execution_stress,,USD100K,UNLIMITED,,55,event,0.5,3,100000.0,0.0025,0.0,True,-0.2187080829785754,-0.06405161044839947,-0.15465647253017595,False
B3_w55__USD100K_UNLIMITED,B3_w55,diagnostics,2019,2019-01-02,2019-12-31,252,0.6787521004609351,-0.1583964692103341,2.344788406073818,0.6787521004609351,0.3401954545671213,0.3385566458938138,5.537786610507716,execution_stress,,USD100K,UNLIMITED,,55,event,0.5,3,100000.0,0.0025,0.0,True,0.6787521004609351,0.3401954545671213,0.33855664589381385,False
B3_w55__USD100K_UNLIMITED,B3_w55,diagnostics,2020,2020-01-02,2020-12-31,253,1.6529916676371514,-0.4291655206427676,2.046510814399522,1.6632833718680229,0.1813082709311855,1.471683396705966,5.623184018832314,execution_stress,,USD100K,UNLIMITED,,55,event,0.5,3,100000.0,0.0025,0.0,True,1.6632833718680229,0.18208961084499786,1.481193761023025,False
B3_w55__USD100K_UNLIMITED,B3_w55,diagnostics,2021,2021-01-04,2021-12-31,252,0.1143961638087467,-0.3826311038418929,0.4651552594661977,0.1143961638087467,0.2861550585808201,-0.1717588947720734,8.309608962356034,execution_stress,,USD100K,UNLIMITED,,55,event,0.5,3,100000.0,0.0025,0.0,True,0.1143961638087467,0.28615505858082013,-0.17175889477207343,False
B3_w55__USD100K_UNLIMITED,B3_w55,diagnostics,2022,2022-01-03,2022-12-30,251,-0.2184636358280993,-0.3491312273333827,-0.388108412284805,-0.2176988026575016,-0.180528833522089,-0.0379348023060103,9.599564783977488,execution_stress,,USD100K,UNLIMITED,,55,event,0.5,3,100000.0,0.0025,0.0,True,-0.2176988026575016,-0.17988114323237925,-0.03781765942512236,False
B3_w55__USD100K_UNLIMITED,B3_w55,diagnostics,2023,2023-01-03,2023-12-29,250,0.1911872773736833,-0.347061394810099,0.6871396122890588,0.1895344660863573,0.2494116142532503,-0.0582243368795669,8.203078963500783,execution_stress,,USD100K,UNLIMITED,,55,event,0.5,3,100000.0,0.0025,0.0,True,0.1895344660863573,0.24720554909618309,-0.05767108300982579,False
B3_w55__USD100K_UNLIMITED,B3_w55,diagnostics,2024,2024-01-02,2024-12-31,252,0.2173243755832514,-0.3182510938560943,0.7199767782913601,0.2173243755832514,0.2643074461050603,-0.0469830705218088,7.973340599716046,execution_stress,,USD100K,UNLIMITED,,55,event,0.5,3,100000.0,0.0025,0.0,True,0.2173243755832514,0.2643074461050603,-0.04698307052180889,False
B3_w55__USD100K_UNLIMITED,B3_w55,diagnostics,2025,2025-01-02,2025-12-31,250,0.3845808971583113,-0.4296541605556417,0.9190252580195888,0.3810098027974624,0.1785790013706134,0.2060018957876979,6.727234282751948,execution_stress,,USD100K,UNLIMITED,,55,event,0.5,3,100000.0,0.0025,0.0,True,0.3810098027974624,0.1770430847937292,0.20396671800373317,False
B3_w55__USD100K_UNLIMITED,B3_w55,diagnostics,2026,2026-01-02,2026-09-22,181,0.2207327967960388,-0.2682196115382484,0.6454920394395179,0.1540260140657856,0.193982242745804,0.0267505540502348,12.31878961252875,execution_stress,,USD100K,UNLIMITED,,55,event,0.5,3,100000.0,0.0025,0.0,True,0.1540260140657856,0.13580564851123356,0.01822036555455203,True
B3_w55__KRW50M_R1,B3_w55,diagnostics,2017,2017-01-04,2017-12-29,250,0.3722211603205489,-0.0910481115641109,1.72465147756728,0.3687793496586791,0.2120011745455907,0.1602199857749582,6.054354794169013,execution_stress,,KRW50M,R1,,55,event,0.5,3,33333.333333333336,0.0025,0.01,True,0.3687793496586791,0.21015310140377008,0.158626248254909,False
B3_w55__KRW50M_R1,B3_w55,diagnostics,2018,2018-01-02,2018-12-31,251,-0.2294957005220155,-0.3722309617076197,-0.7011444300374787,-0.2286981522823082,-0.0642984107744514,-0.1651972897475641,7.419696196782484,execution_stress,,KRW50M,R1,,55,event,0.5,3,33333.333333333336,0.0025,0.01,True,-0.2286981522823082,-0.06405161044839947,-0.16464654183390873,False
B3_w55__KRW50M_R1,B3_w55,diagnostics,2019,2019-01-02,2019-12-31,252,0.7227909251746931,-0.1019566596787899,2.4818307238660324,0.7227909251746931,0.3401954545671213,0.3825954706075718,4.956692995900585,execution_stress,,KRW50M,R1,,55,event,0.5,3,33333.333333333336,0.0025,0.01,True,0.7227909251746931,0.3401954545671213,0.3825954706075718,False
B3_w55__KRW50M_R1,B3_w55,diagnostics,2020,2020-01-02,2020-12-31,253,2.073044877822309,-0.4394105137329153,2.2854199107283555,2.086765942345345,0.1813082709311855,1.8917366068911237,5.324626652832231,execution_stress,,KRW50M,R1,,55,event,0.5,3,33333.333333333336,0.0025,0.01,True,2.086765942345345,0.18208961084499786,1.9046763315003472,False
B3_w55__KRW50M_R1,B3_w55,diagnostics,2021,2021-01-04,2021-12-31,252,0.1396891654685745,-0.3597303094617762,0.5142009463807639,0.1396891654685745,0.2861550585808201,-0.1464658931122455,8.13417860979056,execution_stress,,KRW50M,R1,,55,event,0.5,3,33333.333333333336,0.0025,0.01,True,0.1396891654685745,0.28615505858082013,-0.14646589311224564,False
B3_w55__KRW50M_R1,B3_w55,diagnostics,2022,2022-01-03,2022-12-30,251,-0.0107604068272921,-0.2392718550016139,0.1657381392288062,-0.0107179364518565,-0.180528833522089,0.1697684266947968,8.029131229184271,execution_stress,,KRW50M,R1,,55,event,0.5,3,33333.333333333336,0.0025,0.01,True,-0.0107179364518565,-0.17988114323237925,0.16916320678052274,False
B3_w55__KRW50M_R1,B3_w55,diagnostics,2023,2023-01-03,2023-12-29,250,0.1501805435243797,-0.2796386712793776,0.6002403357440964,0.1489040141378474,0.2494116142532503,-0.0992310707288706,7.690752302163802,execution_stress,,KRW50M,R1,,55,event,0.5,3,33333.333333333336,0.0025,0.01,True,0.1489040141378474,0.24720554909618309,-0.09830153495833568,False
B3_w55__KRW50M_R1,B3_w55,diagnostics,2024,2024-01-02,2024-12-31,252,0.2848510424858601,-0.2424580501788332,0.953882823116486,0.2848510424858601,0.2643074461050603,0.0205435963807998,7.113299156448979,execution_stress,,KRW50M,R1,,55,event,0.5,3,33333.333333333336,0.0025,0.01,True,0.2848510424858601,0.2643074461050603,0.020543596380799778,False
B3_w55__KRW50M_R1,B3_w55,diagnostics,2025,2025-01-02,2025-12-31,250,0.1574332640831477,-0.475157239759931,0.5402304339254715,0.1560910084025886,0.1785790013706134,-0.0211457372874657,8.79782890371,execution_stress,,KRW50M,R1,,55,event,0.5,3,33333.333333333336,0.0025,0.01,True,0.1560910084025886,0.1770430847937292,-0.020952076391140606,False
B3_w55__KRW50M_R1,B3_w55,diagnostics,2026,2026-01-02,2026-09-22,181,0.014684129778995,-0.3151202167570216,0.2746719832451857,0.0105252528618926,0.193982242745804,-0.1792981129668089,11.536271287604317,execution_stress,,KRW50M,R1,,55,event,0.5,3,33333.333333333336,0.0025,0.01,True,0.0105252528618926,0.13580564851123356,-0.12528039564934096,True
B3_w55__KRW50M_C50,B3_w55,diagnostics,2017,2017-01-04,2017-12-29,250,0.3501713769556813,-0.0914514949406843,1.6430988993459568,0.3469580320877208,0.2120011745455907,0.1381702024100906,6.080956348287094,execution_stress,,KRW50M,C50,,55,event,0.5,3,33333.333333333336,0.005,0.01,True,0.3469580320877208,0.21015310140377008,0.13680493068395072,False
B3_w55__KRW50M_C50,B3_w55,diagnostics,2018,2018-01-02,2018-12-31,251,-0.2457955971083664,-0.3768173977330081,-0.7708811159689761,-0.2449508588355901,-0.0642984107744514,-0.1814971863339149,7.354048852383277,execution_stress,,KRW50M,C50,,55,event,0.5,3,33333.333333333336,0.005,0.01,True,-0.2449508588355901,-0.06405161044839947,-0.18089924838719063,False
B3_w55__KRW50M_C50,B3_w55,diagnostics,2019,2019-01-02,2019-12-31,252,0.7053747599979425,-0.1020491316122903,2.435178576995156,0.7053747599979425,0.3401954545671213,0.3651793054308212,4.944751154043519,execution_stress,,KRW50M,C50,,55,event,0.5,3,33333.333333333336,0.005,0.01,True,0.7053747599979425,0.3401954545671213,0.3651793054308212,False
B3_w55__KRW50M_C50,B3_w55,diagnostics,2020,2020-01-02,2020-12-31,253,2.019167559015192,-0.4401055535169365,2.2546700719834227,2.032435210359552,0.1813082709311855,1.8378592880840063,5.257364573554574,execution_stress,,KRW50M,C50,,55,event,0.5,3,33333.333333333336,0.005,0.01,True,2.032435210359552,0.18208961084499786,1.8503455995145541,False
B3_w55__KRW50M_C50,B3_w55,diagnostics,2021,2021-01-04,2021-12-31,252,0.1130331231299166,-0.3633806558538477,0.4626689847258689,0.1130331231299166,0.2861550585808201,-0.1731219354509034,8.107366084228097,execution_stress,,KRW50M,C50,,55,event,0.5,3,33333.333333333336,0.005,0.01,True,0.1130331231299166,0.28615505858082013,-0.17312193545090354,False
B3_w55__KRW50M_C50,B3_w55,diagnostics,2022,2022-01-03,2022-12-30,251,-0.026421726058014,-0.24199243788923,0.1242560286505462,-0.0263182699394231,-0.180528833522089,0.1541071074640749,7.999600038448389,execution_stress,,KRW50M,C50,,55,event,0.5,3,33333.333333333336,0.005,0.01,True,-0.0263182699394231,-0.17988114323237925,0.15356287329295615,False
B3_w55__KRW50M_C50,B3_w55,diagnostics,2023,2023-01-03,2023-12-29,250,0.0824730823045674,-0.2939294241664937,0.4065000571226332,0.0817924696412655,0.2494116142532503,-0.1669385319486829,7.301857336994881,execution_stress,,KRW50M,C50,,55,event,0.5,3,33333.333333333336,0.005,0.01,True,0.0817924696412655,0.24720554909618309,-0.16541307945491757,False
B3_w55__KRW50M_C50,B3_w55,diagnostics,2024,2024-01-02,2024-12-31,252,0.4934342280927808,-0.2590021127364849,1.2953272898978574,0.4934342280927808,0.2643074461050603,0.2291267819877205,7.029703079942663,execution_stress,,KRW50M,C50,,55,event,0.5,3,33333.333333333336,0.005,0.01,True,0.4934342280927808,0.2643074461050603,0.22912678198772052,False
B3_w55__KRW50M_C50,B3_w55,diagnostics,2025,2025-01-02,2025-12-31,250,0.0914358831176416,-0.480865163332164,0.4202846597240393,0.0906782552555294,0.1785790013706134,-0.0871431182529718,7.262065988192727,execution_stress,,KRW50M,C50,,55,event,0.5,3,33333.333333333336,0.005,0.01,True,0.0906782552555294,0.1770430847937292,-0.08636482953819981,False
B3_w55__KRW50M_C50,B3_w55,diagnostics,2026,2026-01-02,2026-09-22,181,0.0944394471237599,-0.2420275159032627,0.4246197717858698,0.0669636438797591,0.193982242745804,-0.099542795622044,9.955193971276223,execution_stress,,KRW50M,C50,,55,event,0.5,3,33333.333333333336,0.005,0.01,True,0.0669636438797591,0.13580564851123356,-0.06884200463147445,True
B3_w55__KRW50M_R5,B3_w55,diagnostics,2017,2017-01-04,2017-12-29,250,0.4377330986681251,-0.0910481115641109,1.936622273239925,0.4335962493124283,0.2120011745455907,0.2257319241225344,6.140662006578781,execution_stress,,KRW50M,R5,,55,event,0.5,3,33333.333333333336,0.0025,0.05,True,0.4335962493124283,0.21015310140377008,0.2234431479086582,False
B3_w55__KRW50M_R5,B3_w55,diagnostics,2018,2018-01-02,2018-12-31,251,-0.2175821327783681,-0.3318348034268679,-0.6845134491882191,-0.2168199403617537,-0.0642984107744514,-0.1532837220039167,6.512820433569285,execution_stress,,KRW50M,R5,,55,event,0.5,3,33333.333333333336,0.0025,0.05,True,-0.2168199403617537,-0.06405161044839947,-0.15276832991335423,False
B3_w55__KRW50M_R5,B3_w55,diagnostics,2019,2019-01-02,2019-12-31,252,0.6866166980010864,-0.1566678399713205,2.3683944066380977,0.6866166980010864,0.3401954545671213,0.3464212434339651,5.207771510109757,execution_stress,,KRW50M,R5,,55,event,0.5,3,33333.333333333336,0.0025,0.05,True,0.6866166980010864,0.3401954545671213,0.3464212434339651,False
B3_w55__KRW50M_R5,B3_w55,diagnostics,2020,2020-01-02,2020-12-31,253,1.6492674123878357,-0.4296808020587244,2.044373606492375,1.659529843518234,0.1813082709311855,1.46795914145665,5.42238889111944,execution_stress,,KRW50M,R5,,55,event,0.5,3,33333.333333333336,0.0025,0.05,True,1.659529843518234,0.18208961084499786,1.477440232673236,False
B3_w55__KRW50M_R5,B3_w55,diagnostics,2021,2021-01-04,2021-12-31,252,0.1117767183207116,-0.3823066180183296,0.460108516629355,0.1117767183207116,0.2861550585808201,-0.1743783402601084,8.093902305150921,execution_stress,,KRW50M,R5,,55,event,0.5,3,33333.333333333336,0.0025,0.05,True,0.1117767183207116,0.28615505858082013,-0.17437834026010854,False
B3_w55__KRW50M_R5,B3_w55,diagnostics,2022,2022-01-03,2022-12-30,251,-0.1979294785533588,-0.3557977573995023,-0.3136747611025405,-0.1972271725828297,-0.180528833522089,-0.0174006450312698,9.528404218728284,execution_stress,,KRW50M,R5,,55,event,0.5,3,33333.333333333336,0.0025,0.05,True,-0.1972271725828297,-0.17988114323237925,-0.01734602935045046,False
B3_w55__KRW50M_R5,B3_w55,diagnostics,2023,2023-01-03,2023-12-29,250,0.1565385185629599,-0.3413076496177636,0.6110990864618452,0.1552043907028899,0.2494116142532503,-0.0928730956902903,7.952081544283056,execution_stress,,KRW50M,R5,,55,event,0.5,3,33333.333333333336,0.0025,0.05,True,0.1552043907028899,0.24720554909618309,-0.09200115839329318,False
B3_w55__KRW50M_R5,B3_w55,diagnostics,2024,2024-01-02,2024-12-31,252,0.4110219969662358,-0.2847240930072938,1.1495830711298511,0.4110219969662358,0.2643074461050603,0.1467145508611755,7.37385558932016,execution_stress,,KRW50M,R5,,55,event,0.5,3,33333.333333333336,0.0025,0.05,True,0.4110219969662358,0.2643074461050603,0.14671455086117552,False
B3_w55__KRW50M_R5,B3_w55,diagnostics,2025,2025-01-02,2025-12-31,250,0.5669633500734617,-0.4023169684891607,1.166194582382185,0.5613876962239837,0.1785790013706134,0.3883843487028482,5.658106809070132,execution_stress,,KRW50M,R5,,55,event,0.5,3,33333.333333333336,0.0025,0.05,True,0.5613876962239837,0.1770430847937292,0.38434461143025445,False
B3_w55__KRW50M_R5,B3_w55,diagnostics,2026,2026-01-02,2026-09-22,181,0.3455952107513582,-0.1866159231750214,0.976407313407882,0.2376370525709119,0.193982242745804,0.1516129680055542,7.605482078857493,execution_stress,,KRW50M,R5,,55,event,0.5,3,33333.333333333336,0.0025,0.05,True,0.2376370525709119,0.13580564851123356,0.10183140405967833,True
B3_w55__KRW50M_UNLIMITED,B3_w55,diagnostics,2017,2017-01-04,2017-12-29,250,0.4377330986681251,-0.0910481115641109,1.936622273239925,0.4335962493124283,0.2120011745455907,0.2257319241225344,6.140662006578781,execution_stress,,KRW50M,UNLIMITED,,55,event,0.5,3,33333.333333333336,0.0025,0.0,True,0.4335962493124283,0.21015310140377008,0.2234431479086582,False
B3_w55__KRW50M_UNLIMITED,B3_w55,diagnostics,2018,2018-01-02,2018-12-31,251,-0.2175821327783681,-0.3318348034268679,-0.6845134491882191,-0.2168199403617537,-0.0642984107744514,-0.1532837220039167,6.512820433569285,execution_stress,,KRW50M,UNLIMITED,,55,event,0.5,3,33333.333333333336,0.0025,0.0,True,-0.2168199403617537,-0.06405161044839947,-0.15276832991335423,False
B3_w55__KRW50M_UNLIMITED,B3_w55,diagnostics,2019,2019-01-02,2019-12-31,252,0.6866166980010864,-0.1566678399713205,2.3683944066380977,0.6866166980010864,0.3401954545671213,0.3464212434339651,5.207771510109757,execution_stress,,KRW50M,UNLIMITED,,55,event,0.5,3,33333.333333333336,0.0025,0.0,True,0.6866166980010864,0.3401954545671213,0.3464212434339651,False
B3_w55__KRW50M_UNLIMITED,B3_w55,diagnostics,2020,2020-01-02,2020-12-31,253,1.6492674123878357,-0.4296808020587244,2.044373606492375,1.659529843518234,0.1813082709311855,1.46795914145665,5.42238889111944,execution_stress,,KRW50M,UNLIMITED,,55,event,0.5,3,33333.333333333336,0.0025,0.0,True,1.659529843518234,0.18208961084499786,1.477440232673236,False
B3_w55__KRW50M_UNLIMITED,B3_w55,diagnostics,2021,2021-01-04,2021-12-31,252,0.1110435960017024,-0.3823066180183296,0.458686436307134,0.1110435960017024,0.2861550585808201,-0.1751114625791177,8.137557289198238,execution_stress,,KRW50M,UNLIMITED,,55,event,0.5,3,33333.333333333336,0.0025,0.0,True,0.1110435960017024,0.28615505858082013,-0.17511146257911775,False
B3_w55__KRW50M_UNLIMITED,B3_w55,diagnostics,2022,2022-01-03,2022-12-30,251,-0.218898815099533,-0.3493311369512691,-0.3897468615959317,-0.2181326796950214,-0.180528833522089,-0.0383699815774439,9.403391409601916,execution_stress,,KRW50M,UNLIMITED,,55,event,0.5,3,33333.333333333336,0.0025,0.0,True,-0.2181326796950214,-0.17988114323237925,-0.03825153646264215,False
B3_w55__KRW50M_UNLIMITED,B3_w55,diagnostics,2023,2023-01-03,2023-12-29,250,0.1912372285790482,-0.346905883154209,0.6875016498745404,0.1895839520864903,0.2494116142532503,-0.058174385674202,8.018607696104715,execution_stress,,KRW50M,UNLIMITED,,55,event,0.5,3,33333.333333333336,0.0025,0.0,True,0.1895839520864903,0.24720554909618309,-0.0576215970096928,False
B3_w55__KRW50M_UNLIMITED,B3_w55,diagnostics,2024,2024-01-02,2024-12-31,252,0.2184041641759999,-0.3172712244174246,0.7224576763007243,0.2184041641759999,0.2643074461050603,-0.0459032819290603,7.798806752648549,execution_stress,,KRW50M,UNLIMITED,,55,event,0.5,3,33333.333333333336,0.0025,0.0,True,0.2184041641759999,0.2643074461050603,-0.0459032819290604,False
B3_w55__KRW50M_UNLIMITED,B3_w55,diagnostics,2025,2025-01-02,2025-12-31,250,0.3831098169883769,-0.4295677402178466,0.9170654027088536,0.3795541558071655,0.1785790013706134,0.2045308156177634,6.5834925270171984,execution_stress,,KRW50M,UNLIMITED,,55,event,0.5,3,33333.333333333336,0.0025,0.0,True,0.3795541558071655,0.1770430847937292,0.2025110710134363,False
B3_w55__KRW50M_UNLIMITED,B3_w55,diagnostics,2026,2026-01-02,2026-09-22,181,0.2192605649251542,-0.2677048658351361,0.6430909639693635,0.1530261912293806,0.193982242745804,0.0252783221793502,12.046847213693567,execution_stress,,KRW50M,UNLIMITED,,55,event,0.5,3,33333.333333333336,0.0025,0.0,True,0.1530261912293806,0.13580564851123356,0.017220542718147047,True
B3_w55__KRW100M_R1,B3_w55,diagnostics,2017,2017-01-04,2017-12-29,250,0.3251938660226652,-0.0909787576890773,1.5117687171533774,0.3222359027690997,0.2120011745455907,0.1131926914770744,6.629242338539051,execution_stress,,KRW100M,R1,,55,event,0.5,3,66666.66666666667,0.0025,0.01,True,0.3222359027690997,0.21015310140377008,0.11208280136532961,False
B3_w55__KRW100M_R1,B3_w55,diagnostics,2018,2018-01-02,2018-12-31,251,-0.1832140467275343,-0.3550315580765186,-0.507733189466681,-0.1825578321573635,-0.0642984107744514,-0.1189156359530829,7.348187304040163,execution_stress,,KRW100M,R1,,55,event,0.5,3,66666.66666666667,0.0025,0.01,True,-0.1825578321573635,-0.06405161044839947,-0.11850622170896402,False
B3_w55__KRW100M_R1,B3_w55,diagnostics,2019,2019-01-02,2019-12-31,252,0.6129819196462922,-0.1394629124994144,2.1249958099156903,0.6129819196462922,0.3401954545671213,0.2727864650791709,5.643484208469297,execution_stress,,KRW100M,R1,,55,event,0.5,3,66666.66666666667,0.0025,0.01,True,0.6129819196462922,0.3401954545671213,0.2727864650791709,False
B3_w55__KRW100M_R1,B3_w55,diagnostics,2020,2020-01-02,2020-12-31,253,1.8074504599023893,-0.4588882285731144,2.1343148063444093,1.8189743079551937,0.1813082709311855,1.6261421889712038,5.555377027301718,execution_stress,,KRW100M,R1,,55,event,0.5,3,66666.66666666667,0.0025,0.01,True,1.8189743079551937,0.18208961084499786,1.6368846971101958,False
B3_w55__KRW100M_R1,B3_w55,diagnostics,2021,2021-01-04,2021-12-31,252,0.2192442791478266,-0.3812098172142901,0.639913616837908,0.2192442791478266,0.2861550585808201,-0.0669107794329935,9.193664208117829,execution_stress,,KRW100M,R1,,55,event,0.5,3,66666.66666666667,0.0025,0.01,True,0.2192442791478266,0.28615505858082013,-0.06691077943299353,False
B3_w55__KRW100M_R1,B3_w55,diagnostics,2022,2022-01-03,2022-12-30,251,-0.1748198012891498,-0.2493677657544173,-0.354220158298634,-0.1741903499948675,-0.180528833522089,0.0057090322329391,9.570890204495582,execution_stress,,KRW100M,R1,,55,event,0.5,3,66666.66666666667,0.0025,0.01,True,-0.1741903499948675,-0.17988114323237925,0.00569079323751176,False
B3_w55__KRW100M_R1,B3_w55,diagnostics,2023,2023-01-03,2023-12-29,250,0.1036183682892502,-0.3366216376654742,0.489280987463527,0.1027551316428037,0.2494116142532503,-0.1457932459640001,7.641087928025202,execution_stress,,KRW100M,R1,,55,event,0.5,3,66666.66666666667,0.0025,0.01,True,0.1027551316428037,0.24720554909618309,-0.1444504174533794,False
B3_w55__KRW100M_R1,B3_w55,diagnostics,2024,2024-01-02,2024-12-31,252,0.23557726346569,-0.2030609506087648,0.7720322258625039,0.23557726346569,0.2643074461050603,-0.0287301826393702,7.387711045031584,execution_stress,,KRW100M,R1,,55,event,0.5,3,66666.66666666667,0.0025,0.01,True,0.23557726346569,0.2643074461050603,-0.0287301826393703,False
B3_w55__KRW100M_R1,B3_w55,diagnostics,2025,2025-01-02,2025-12-31,250,0.0922774415370784,-0.4402872663149676,0.4211704576786911,0.0915125525504343,0.1785790013706134,-0.086301559833535,6.352504141676224,execution_stress,,KRW100M,R1,,55,event,0.5,3,66666.66666666667,0.0025,0.01,True,0.0915125525504343,0.1770430847937292,-0.0855305322432949,False
B3_w55__KRW100M_R1,B3_w55,diagnostics,2026,2026-01-02,2026-09-22,181,0.284130554375311,-0.2265297034095674,0.7769011163203752,0.1967652609858541,0.193982242745804,0.0901483116295069,9.38047396117268,execution_stress,,KRW100M,R1,,55,event,0.5,3,66666.66666666667,0.0025,0.01,True,0.1967652609858541,0.13580564851123356,0.060959612474620534,True
B3_w55__KRW100M_C50,B3_w55,diagnostics,2017,2017-01-04,2017-12-29,250,0.3065301281188699,-0.0913071050958047,1.4442274115919345,0.3037605810300152,0.2120011745455907,0.0945289535732791,6.60609722361771,execution_stress,,KRW100M,C50,,55,event,0.5,3,66666.66666666667,0.005,0.01,True,0.3037605810300152,0.21015310140377008,0.0936074796262451,False
B3_w55__KRW100M_C50,B3_w55,diagnostics,2018,2018-01-02,2018-12-31,251,-0.1992616686549246,-0.3588349144981473,-0.5721213519642424,-0.1985552424531951,-0.0642984107744514,-0.1349632578804732,7.341224832890995,execution_stress,,KRW100M,C50,,55,event,0.5,3,66666.66666666667,0.005,0.01,True,-0.1985552424531951,-0.06405161044839947,-0.13450363200479565,False
B3_w55__KRW100M_C50,B3_w55,diagnostics,2019,2019-01-02,2019-12-31,252,0.5912168009327621,-0.1461903851098229,2.067756074147676,0.5912168009327621,0.3401954545671213,0.2510213463656408,5.605073941475652,execution_stress,,KRW100M,C50,,55,event,0.5,3,66666.66666666667,0.005,0.01,True,0.5912168009327621,0.3401954545671213,0.2510213463656408,False
B3_w55__KRW100M_C50,B3_w55,diagnostics,2020,2020-01-02,2020-12-31,253,1.7692815645610689,-0.4600007815070119,2.108291509404156,1.7804976963811971,0.1813082709311855,1.5879732936298834,5.55907250798593,execution_stress,,KRW100M,C50,,55,event,0.5,3,66666.66666666667,0.005,0.01,True,1.7804976963811971,0.18208961084499786,1.5984080855361993,False
B3_w55__KRW100M_C50,B3_w55,diagnostics,2021,2021-01-04,2021-12-31,252,0.2769980114093511,-0.3732022670682751,0.7315625986336006,0.2769980114093511,0.2861550585808201,-0.009157047171469,7.863387947498849,execution_stress,,KRW100M,C50,,55,event,0.5,3,66666.66666666667,0.005,0.01,True,0.2769980114093511,0.28615505858082013,-0.009157047171469035,False
B3_w55__KRW100M_C50,B3_w55,diagnostics,2022,2022-01-03,2022-12-30,251,-0.1319149264443427,-0.2413236779201784,-0.1892185771145977,-0.1314274716219983,-0.180528833522089,0.0486139070777462,9.2203646141502,execution_stress,,KRW100M,C50,,55,event,0.5,3,66666.66666666667,0.005,0.01,True,-0.1314274716219983,-0.17988114323237925,0.048453671610380944,False
B3_w55__KRW100M_C50,B3_w55,diagnostics,2023,2023-01-03,2023-12-29,250,-0.046703625631437,-0.3472697676077685,-0.031435567198636,-0.0463416869018604,0.2494116142532503,-0.2961152398846873,8.104320253544897,execution_stress,,KRW100M,C50,,55,event,0.5,3,66666.66666666667,0.005,0.01,True,-0.0463416869018604,0.24720554909618309,-0.2935472359980435,False
B3_w55__KRW100M_C50,B3_w55,diagnostics,2024,2024-01-02,2024-12-31,252,0.3085356566133026,-0.1969220194164266,0.9676227212682484,0.3085356566133026,0.2643074461050603,0.0442282105082423,6.347701756889223,execution_stress,,KRW100M,C50,,55,event,0.5,3,66666.66666666667,0.005,0.01,True,0.3085356566133026,0.2643074461050603,0.04422821050824233,False
B3_w55__KRW100M_C50,B3_w55,diagnostics,2025,2025-01-02,2025-12-31,250,0.3722502385480228,-0.4472454770797474,0.9314313237234834,0.3688081247488648,0.1785790013706134,0.1936712371774094,6.215164184796371,execution_stress,,KRW100M,C50,,55,event,0.5,3,66666.66666666667,0.005,0.01,True,0.3688081247488648,0.1770430847937292,0.1917650399551356,False
B3_w55__KRW100M_C50,B3_w55,diagnostics,2026,2026-01-02,2026-09-22,181,0.1408703964754301,-0.2791320942265044,0.511750016264735,0.099284761131283,0.193982242745804,-0.0531118462703739,9.22995671244562,execution_stress,,KRW100M,C50,,55,event,0.5,3,66666.66666666667,0.005,0.01,True,0.099284761131283,0.13580564851123356,-0.03652088737995056,True
B3_w55__KRW100M_R5,B3_w55,diagnostics,2017,2017-01-04,2017-12-29,250,0.3664182416643102,-0.0909805431432815,1.7000393959485762,0.3630368287996171,0.2120011745455907,0.1544170671187195,6.304878543802538,execution_stress,,KRW100M,R5,,55,event,0.5,3,66666.66666666667,0.0025,0.05,True,0.3630368287996171,0.21015310140377008,0.152883727395847,False
B3_w55__KRW100M_R5,B3_w55,diagnostics,2018,2018-01-02,2018-12-31,251,-0.2654177795229618,-0.4027556040531422,-0.847725722001231,-0.2645180847826409,-0.0642984107744514,-0.2011193687485104,8.036344015696187,execution_stress,,KRW100M,R5,,55,event,0.5,3,66666.66666666667,0.0025,0.05,True,-0.2645180847826409,-0.06405161044839947,-0.20046647433424142,False
B3_w55__KRW100M_R5,B3_w55,diagnostics,2019,2019-01-02,2019-12-31,252,0.5809865844121389,-0.176450877976548,2.1066017138475868,0.5809865844121389,0.3401954545671213,0.2407911298450176,5.793991505375274,execution_stress,,KRW100M,R5,,55,event,0.5,3,66666.66666666667,0.0025,0.05,True,0.5809865844121389,0.3401954545671213,0.2407911298450176,False
B3_w55__KRW100M_R5,B3_w55,diagnostics,2020,2020-01-02,2020-12-31,253,1.5824694732174254,-0.4697450294401646,2.042755866536873,1.5922104486190158,0.1813082709311855,1.40116120228624,5.7975202259018905,execution_stress,,KRW100M,R5,,55,event,0.5,3,66666.66666666667,0.0025,0.05,True,1.5922104486190158,0.18208961084499786,1.410120837774018,False
B3_w55__KRW100M_R5,B3_w55,diagnostics,2021,2021-01-04,2021-12-31,252,0.0463022737694827,-0.3629238941203418,0.3155596890341678,0.0463022737694827,0.2861550585808201,-0.2398527848113374,8.695114738706843,execution_stress,,KRW100M,R5,,55,event,0.5,3,66666.66666666667,0.0025,0.05,True,0.0463022737694827,0.28615505858082013,-0.23985278481133743,False
B3_w55__KRW100M_R5,B3_w55,diagnostics,2022,2022-01-03,2022-12-30,251,-0.2051509573860879,-0.2871992758666284,-0.420203528979976,-0.2044264219010264,-0.180528833522089,-0.0246221238639988,8.883717470350009,execution_stress,,KRW100M,R5,,55,event,0.5,3,66666.66666666667,0.0025,0.05,True,-0.2044264219010264,-0.17988114323237925,-0.02454527866864714,False
B3_w55__KRW100M_R5,B3_w55,diagnostics,2023,2023-01-03,2023-12-29,250,0.2325882615450156,-0.3481738355840763,0.779900475421847,0.2305442897589402,0.2494116142532503,-0.0168233527082346,8.236196538632269,execution_stress,,KRW100M,R5,,55,event,0.5,3,66666.66666666667,0.0025,0.05,True,0.2305442897589402,0.24720554909618309,-0.016661259337242884,False
B3_w55__KRW100M_R5,B3_w55,diagnostics,2024,2024-01-02,2024-12-31,252,0.1107778444229599,-0.3005750361706991,0.4767918144135269,0.1107778444229599,0.2643074461050603,-0.1535296016821004,7.381583617970451,execution_stress,,KRW100M,R5,,55,event,0.5,3,66666.66666666667,0.0025,0.05,True,0.1107778444229599,0.2643074461050603,-0.1535296016821004,False
B3_w55__KRW100M_R5,B3_w55,diagnostics,2025,2025-01-02,2025-12-31,250,0.0712097649153038,-0.4798920193949801,0.3820334108821679,0.0706251066397012,0.1785790013706134,-0.1073692364553096,7.566196254030519,execution_stress,,KRW100M,R5,,55,event,0.5,3,66666.66666666667,0.0025,0.05,True,0.0706251066397012,0.1770430847937292,-0.10641797815402801,False
B3_w55__KRW100M_R5,B3_w55,diagnostics,2026,2026-01-02,2026-09-22,181,0.1096893387569424,-0.2842892070844428,0.4549263647832249,0.0776211206918868,0.193982242745804,-0.0842929039888615,9.86332101643304,execution_stress,,KRW100M,R5,,55,event,0.5,3,66666.66666666667,0.0025,0.05,True,0.0776211206918868,0.13580564851123356,-0.05818452781934676,True
B3_w55__KRW100M_UNLIMITED,B3_w55,diagnostics,2017,2017-01-04,2017-12-29,250,0.4326110015366593,-0.0909805431432815,1.9152198624884935,0.4285293530830447,0.2120011745455907,0.2206098269910685,6.426917028369494,execution_stress,,KRW100M,UNLIMITED,,55,event,0.5,3,66666.66666666667,0.0025,0.0,True,0.4285293530830447,0.21015310140377008,0.2183762516792746,False
B3_w55__KRW100M_UNLIMITED,B3_w55,diagnostics,2018,2018-01-02,2018-12-31,251,-0.2196661075708655,-0.3323046844081234,-0.6921648768658325,-0.2188976784512591,-0.0642984107744514,-0.1553676967964141,6.779345899076704,execution_stress,,KRW100M,UNLIMITED,,55,event,0.5,3,66666.66666666667,0.0025,0.0,True,-0.2188976784512591,-0.06405161044839947,-0.15484606800285963,False
B3_w55__KRW100M_UNLIMITED,B3_w55,diagnostics,2019,2019-01-02,2019-12-31,252,0.6758879926213357,-0.1577201789874347,2.3401421091252224,0.6758879926213357,0.3401954545671213,0.3356925380542144,5.452806425527331,execution_stress,,KRW100M,UNLIMITED,,55,event,0.5,3,66666.66666666667,0.0025,0.0,True,0.6758879926213357,0.3401954545671213,0.3356925380542144,False
B3_w55__KRW100M_UNLIMITED,B3_w55,diagnostics,2020,2020-01-02,2020-12-31,253,1.6592051128075798,-0.4293945060937366,2.051558424858645,1.6695457020037194,0.1813082709311855,1.4778968418763945,5.580838578096167,execution_stress,,KRW100M,UNLIMITED,,55,event,0.5,3,66666.66666666667,0.0025,0.0,True,1.6695457020037194,0.18208961084499786,1.4874560911587216,False
B3_w55__KRW100M_UNLIMITED,B3_w55,diagnostics,2021,2021-01-04,2021-12-31,252,0.1134598094925261,-0.3812441942534226,0.4633577876818394,0.1134598094925261,0.2861550585808201,-0.172695249088294,8.261433113070652,execution_stress,,KRW100M,UNLIMITED,,55,event,0.5,3,66666.66666666667,0.0025,0.0,True,0.1134598094925261,0.28615505858082013,-0.17269524908829403,False
B3_w55__KRW100M_UNLIMITED,B3_w55,diagnostics,2022,2022-01-03,2022-12-30,251,-0.2180372592970846,-0.3489738020019185,-0.386749732135149,-0.2172737029488254,-0.180528833522089,-0.0375084257749955,9.534049459163104,execution_stress,,KRW100M,UNLIMITED,,55,event,0.5,3,66666.66666666667,0.0025,0.0,True,-0.2172737029488254,-0.17988114323237925,-0.037392559716446144,False
B3_w55__KRW100M_UNLIMITED,B3_w55,diagnostics,2023,2023-01-03,2023-12-29,250,0.1906391407695011,-0.3471692164475518,0.6858134291628182,0.1889914333022249,0.2494116142532503,-0.0587724734837491,8.153876749486228,execution_stress,,KRW100M,UNLIMITED,,55,event,0.5,3,66666.66666666667,0.0025,0.0,True,0.1889914333022249,0.24720554909618309,-0.05821411579395819,False
B3_w55__KRW100M_UNLIMITED,B3_w55,diagnostics,2024,2024-01-02,2024-12-31,252,0.2179957532601397,-0.3180936529146287,0.7215722552701362,0.2179957532601397,0.2643074461050603,-0.0463116928449205,7.932293535712825,execution_stress,,KRW100M,UNLIMITED,,55,event,0.5,3,66666.66666666667,0.0025,0.0,True,0.2179957532601397,0.2643074461050603,-0.04631169284492059,False
B3_w55__KRW100M_UNLIMITED,B3_w55,diagnostics,2025,2025-01-02,2025-12-31,250,0.3847139807299482,-0.4294793158993867,0.9192734779683112,0.3811414895766933,0.1785790013706134,0.2061349793593347,6.67797996260582,execution_stress,,KRW100M,UNLIMITED,,55,event,0.5,3,66666.66666666667,0.0025,0.0,True,0.3811414895766933,0.1770430847937292,0.2040984047829641,False
B3_w55__KRW100M_UNLIMITED,B3_w55,diagnostics,2026,2026-01-02,2026-09-22,181,0.2208916267707645,-0.2682240035133503,0.6457801713339059,0.154133858448054,0.193982242745804,0.0269093840249605,12.249563512774651,execution_stress,,KRW100M,UNLIMITED,,55,event,0.5,3,66666.66666666667,0.0025,0.0,True,0.154133858448054,0.13580564851123356,0.01832820993682044,True
B3_beta60d3__fresh2018,B3_beta60d3,diagnostics,2018,2018-01-02,2018-12-31,251,-0.3743628075369188,-0.447447315734147,-1.236086682524727,-0.3731973812169155,-0.0642984107744514,-0.3100643967624674,15.247180615963313,fresh_cash,2018-01-01,,,,50,event,0.6,3,100000.0,0.0025,0.01,True,-0.3731973812169155,-0.06405161044839947,-0.309145770768516,False
B3_beta60d3__fresh2018,B3_beta60d3,diagnostics,2019,2019-01-02,2019-12-31,252,0.7353804250064861,-0.1096841104746418,2.5555901521439,0.7353804250064861,0.3401954545671213,0.3951849704393648,9.045974987232446,fresh_cash,2018-01-01,,,,50,event,0.6,3,100000.0,0.0025,0.01,True,0.7353804250064861,0.3401954545671213,0.39518497043936485,False
B3_beta60d3__fresh2018,B3_beta60d3,diagnostics,2020,2020-01-02,2020-12-31,253,1.3859221152811685,-0.4339680397377573,1.9461288268410568,1.3941695262325815,0.1813082709311855,1.204613844349983,14.848556155313354,fresh_cash,2018-01-01,,,,50,event,0.6,3,100000.0,0.0025,0.01,True,1.3941695262325815,0.18208961084499786,1.2120799153875836,False
B3_beta60d3__fresh2018,B3_beta60d3,diagnostics,2021,2021-01-04,2021-12-31,252,-0.0652227006112308,-0.3541482874836551,0.0996042481827082,-0.0652227006112308,0.2861550585808201,-0.3513777591920509,13.55433226516909,fresh_cash,2018-01-01,,,,50,event,0.6,3,100000.0,0.0025,0.01,True,-0.0652227006112308,0.28615505858082013,-0.35137775919205094,False
B3_beta60d3__fresh2018,B3_beta60d3,diagnostics,2022,2022-01-03,2022-12-30,251,-0.1742943779416479,-0.3257202164385856,-0.2233878253257159,-0.1736666131172659,-0.180528833522089,0.0062344555804411,13.29016420619099,fresh_cash,2018-01-01,,,,50,event,0.6,3,100000.0,0.0025,0.01,True,-0.1736666131172659,-0.17988114323237925,0.006214530115113359,False
B3_beta60d3__fresh2018,B3_beta60d3,diagnostics,2023,2023-01-03,2023-12-29,250,0.2294206164596899,-0.3488696486414274,0.7971440665605011,0.2274069638333173,0.2494116142532503,-0.0199909977935603,12.966665379393566,fresh_cash,2018-01-01,,,,50,event,0.6,3,100000.0,0.0025,0.01,True,0.2274069638333173,0.24720554909618309,-0.019798585262865792,False
B3_beta60d3__fresh2018,B3_beta60d3,diagnostics,2024,2024-01-02,2024-12-31,252,0.103275389449557,-0.256460588207314,0.4455873913675772,0.103275389449557,0.2643074461050603,-0.1610320566555032,10.533547734468106,fresh_cash,2018-01-01,,,,50,event,0.6,3,100000.0,0.0025,0.01,True,0.103275389449557,0.2643074461050603,-0.1610320566555033,False
B3_beta60d3__fresh2018,B3_beta60d3,diagnostics,2025,2025-01-02,2025-12-31,250,-0.126760544699561,-0.5101460916683686,0.0318198952807698,-0.1258206451673402,0.1785790013706134,-0.3053395460701744,12.575957928230498,fresh_cash,2018-01-01,,,,50,event,0.6,3,100000.0,0.0025,0.01,True,-0.1258206451673402,0.1770430847937292,-0.3028637299610694,False
B3_beta60d3__fresh2018,B3_beta60d3,diagnostics,2026,2026-01-02,2026-09-22,181,0.7562485604197156,-0.2243903004247572,1.3126244251817203,0.4985624689443164,0.193982242745804,0.5622663176739116,15.443145166385603,fresh_cash,2018-01-01,,,,50,event,0.6,3,100000.0,0.0025,0.01,True,0.4985624689443164,0.13580564851123356,0.3627568204330828,True
B3_beta60d3__fresh2019,B3_beta60d3,diagnostics,2019,2019-01-02,2019-12-31,252,0.3279855354600558,-0.1783977138528661,1.2268503230810135,0.3279855354600558,0.3401954545671213,-0.0122099191070654,15.927439537635747,fresh_cash,2019-01-01,,,,50,event,0.6,3,100000.0,0.0025,0.01,True,0.3279855354600558,0.3401954545671213,-0.012209919107065481,False
B3_beta60d3__fresh2019,B3_beta60d3,diagnostics,2020,2020-01-02,2020-12-31,253,1.224739747282618,-0.4168103227382013,1.8635805938177576,1.2318104467771045,0.1813082709311855,1.0434314763514323,14.211647001717717,fresh_cash,2019-01-01,,,,50,event,0.6,3,100000.0,0.0025,0.01,True,1.2318104467771045,0.18208961084499786,1.0497208359321066,False
B3_beta60d3__fresh2019,B3_beta60d3,diagnostics,2021,2021-01-04,2021-12-31,252,-0.0118627047995323,-0.3870759169586601,0.1839013162259936,-0.0118627047995323,0.2861550585808201,-0.2980177633803524,13.235904750679053,fresh_cash,2019-01-01,,,,50,event,0.6,3,100000.0,0.0025,0.01,True,-0.0118627047995323,0.28615505858082013,-0.2980177633803524,False
B3_beta60d3__fresh2019,B3_beta60d3,diagnostics,2022,2022-01-03,2022-12-30,251,-0.1444660577680608,-0.3090906188287299,-0.1389734785056307,-0.1439361773038397,-0.180528833522089,0.0360627757540281,12.083459008188012,fresh_cash,2019-01-01,,,,50,event,0.6,3,100000.0,0.0025,0.01,True,-0.1439361773038397,-0.17988114323237925,0.035944965928539546,False
B3_beta60d3__fresh2019,B3_beta60d3,diagnostics,2023,2023-01-03,2023-12-29,250,0.3981321428147695,-0.3274100789522091,1.070934210554361,0.3944183059866621,0.2494116142532503,0.1487205285615191,12.066241040861764,fresh_cash,2019-01-01,,,,50,event,0.6,3,100000.0,0.0025,0.01,True,0.3944183059866621,0.24720554909618309,0.14721275689047902,False
B3_beta60d3__fresh2019,B3_beta60d3,diagnostics,2024,2024-01-02,2024-12-31,252,0.0620302996582127,-0.2523377933438965,0.3517175666817095,0.0620302996582127,0.2643074461050603,-0.2022771464468475,11.764159526681746,fresh_cash,2019-01-01,,,,50,event,0.6,3,100000.0,0.0025,0.01,True,0.0620302996582127,0.2643074461050603,-0.2022771464468476,False
B3_beta60d3__fresh2019,B3_beta60d3,diagnostics,2025,2025-01-02,2025-12-31,250,0.1265758087259982,-0.4637371274176839,0.4909154704811057,0.1255106900864047,0.1785790013706134,-0.0520031926446151,12.77146883243004,fresh_cash,2019-01-01,,,,50,event,0.6,3,100000.0,0.0025,0.01,True,0.1255106900864047,0.1770430847937292,-0.051532394707324514,False
B3_beta60d3__fresh2019,B3_beta60d3,diagnostics,2026,2026-01-02,2026-09-22,181,0.5992593453112789,-0.2854821436713015,1.14167732564208,0.4010884634873561,0.193982242745804,0.4052771025654749,14.33081580480414,fresh_cash,2019-01-01,,,,50,event,0.6,3,100000.0,0.0025,0.01,True,0.4010884634873561,0.13580564851123356,0.26528281497612255,True
B3_beta60d3__fresh2020,B3_beta60d3,diagnostics,2020,2020-01-02,2020-12-31,253,0.8961238858944933,-0.4981302587490133,1.4878861479666703,0.9009441386794654,0.1813082709311855,0.7148156149633078,17.76034140113835,fresh_cash,2020-01-01,,,,50,event,0.6,3,100000.0,0.0025,0.01,True,0.9009441386794654,0.18208961084499786,0.7188545278344676,False
B3_beta60d3__fresh2020,B3_beta60d3,diagnostics,2021,2021-01-04,2021-12-31,252,0.2059853193271472,-0.3758864937367803,0.6207584895946713,0.2059853193271472,0.2861550585808201,-0.0801697392536728,13.085000178207247,fresh_cash,2020-01-01,,,,50,event,0.6,3,100000.0,0.0025,0.01,True,0.2059853193271472,0.28615505858082013,-0.08016973925367293,False
B3_beta60d3__fresh2020,B3_beta60d3,diagnostics,2022,2022-01-03,2022-12-30,251,-0.1873598828727989,-0.3153237331988275,-0.2578720570986179,-0.1866905758548859,-0.180528833522089,-0.0068310493507098,12.60884566521068,fresh_cash,2020-01-01,,,,50,event,0.6,3,100000.0,0.0025,0.01,True,-0.1866905758548859,-0.17988114323237925,-0.0068094326225066615,False
B3_beta60d3__fresh2020,B3_beta60d3,diagnostics,2023,2023-01-03,2023-12-29,250,0.2547728169610634,-0.3492200127426031,0.8586288212578645,0.2525147212442988,0.2494116142532503,0.0053612027078131,12.327309129766208,fresh_cash,2020-01-01,,,,50,event,0.6,3,100000.0,0.0025,0.01,True,0.2525147212442988,0.24720554909618309,0.005309172148115715,False
B3_beta60d3__fresh2020,B3_beta60d3,diagnostics,2024,2024-01-02,2024-12-31,252,0.5035888925151448,-0.2619454605480779,1.1755420600416615,0.5035888925151448,0.2643074461050603,0.2392814464100845,10.561559699386804,fresh_cash,2020-01-01,,,,50,event,0.6,3,100000.0,0.0025,0.01,True,0.5035888925151448,0.2643074461050603,0.23928144641008453,False
B3_beta60d3__fresh2020,B3_beta60d3,diagnostics,2025,2025-01-02,2025-12-31,250,-0.1028190218335672,-0.4877268451503058,0.0688418291591295,-0.1020461331424883,0.1785790013706134,-0.2813980232041807,11.343391407677446,fresh_cash,2020-01-01,,,,50,event,0.6,3,100000.0,0.0025,0.01,True,-0.1020461331424883,0.1770430847937292,-0.2790892179362175,False
B3_beta60d3__fresh2020,B3_beta60d3,diagnostics,2026,2026-01-02,2026-09-22,181,-0.0221618635693212,-0.3052673293899478,0.1938267476593754,-0.0159680186915974,0.193982242745804,-0.2161441063151252,12.998603129839845,fresh_cash,2020-01-01,,,,50,event,0.6,3,100000.0,0.0025,0.01,True,-0.0159680186915974,0.13580564851123356,-0.15177366720283095,True
B3_beta60d3__fresh2021,B3_beta60d3,diagnostics,2021,2021-01-04,2021-12-31,252,0.0435998656240428,-0.3682777212449634,0.3296642959428068,0.0435998656240428,0.2861550585808201,-0.2425551929567773,17.836711166840992,fresh_cash,2021-01-01,,,,50,event,0.6,3,100000.0,0.0025,0.01,True,0.0435998656240428,0.28615505858082013,-0.24255519295677733,False
B3_beta60d3__fresh2021,B3_beta60d3,diagnostics,2022,2022-01-03,2022-12-30,251,-0.1712405373575811,-0.3165539525571563,-0.2176716597113613,-0.1706226007076241,-0.180528833522089,0.0092882961645078,12.830924915043529,fresh_cash,2021-01-01,,,,50,event,0.6,3,100000.0,0.0025,0.01,True,-0.1706226007076241,-0.17988114323237925,0.009258542524755137,False
B3_beta60d3__fresh2021,B3_beta60d3,diagnostics,2023,2023-01-03,2023-12-29,250,0.1581218694146915,-0.3233966359779464,0.6168937554707646,0.1567733547757455,0.2494116142532503,-0.0912897448385587,11.173042568761115,fresh_cash,2021-01-01,,,,50,event,0.6,3,100000.0,0.0025,0.01,True,0.1567733547757455,0.24720554909618309,-0.09043219432043759,False
B3_beta60d3__fresh2021,B3_beta60d3,diagnostics,2024,2024-01-02,2024-12-31,252,0.1443028103997499,-0.3017679138828416,0.5330598400796983,0.1443028103997499,0.2643074461050603,-0.1200046357053103,10.992262349149708,fresh_cash,2021-01-01,,,,50,event,0.6,3,100000.0,0.0025,0.01,True,0.1443028103997499,0.2643074461050603,-0.12000463570531039,False
B3_beta60d3__fresh2021,B3_beta60d3,diagnostics,2025,2025-01-02,2025-12-31,250,0.147494017165499,-0.4053579576931092,0.5245694638322438,0.1462417427024163,0.1785790013706134,-0.0310849842051144,11.752788137289404,fresh_cash,2021-01-01,,,,50,event,0.6,3,100000.0,0.0025,0.01,True,0.1462417427024163,0.1770430847937292,-0.03080134209131291,False
B3_beta60d3__fresh2021,B3_beta60d3,diagnostics,2026,2026-01-02,2026-09-22,181,0.4654488969658525,-0.3312540526574244,0.963061471773494,0.3158582216428651,0.193982242745804,0.2714666542200485,12.578490683597266,fresh_cash,2021-01-01,,,,50,event,0.6,3,100000.0,0.0025,0.01,True,0.3158582216428651,0.13580564851123356,0.18005257313163153,True
B3_beta60d3__fresh2022,B3_beta60d3,diagnostics,2022,2022-01-03,2022-12-30,251,-0.1653995506159467,-0.369079024760743,-0.1896715669151426,-0.1648005358563057,-0.180528833522089,0.0151292829061423,17.507174732976093,fresh_cash,2022-01-01,,,,50,event,0.6,3,100000.0,0.0025,0.01,True,-0.1648005358563057,-0.17988114323237925,0.015080607376073557,False
B3_beta60d3__fresh2022,B3_beta60d3,diagnostics,2023,2023-01-03,2023-12-29,250,0.1547269331906802,-0.3231994777269392,0.6081239521392805,0.1534092450015782,0.2494116142532503,-0.0946846810625701,11.308410383532628,fresh_cash,2022-01-01,,,,50,event,0.6,3,100000.0,0.0025,0.01,True,0.1534092450015782,0.24720554909618309,-0.09379630409460488,False
B3_beta60d3__fresh2022,B3_beta60d3,diagnostics,2024,2024-01-02,2024-12-31,252,0.1435894165790288,-0.3025852248100134,0.531386990997683,0.1435894165790288,0.2643074461050603,-0.1207180295260315,10.980165417155456,fresh_cash,2022-01-01,,,,50,event,0.6,3,100000.0,0.0025,0.01,True,0.1435894165790288,0.2643074461050603,-0.1207180295260315,False
B3_beta60d3__fresh2022,B3_beta60d3,diagnostics,2025,2025-01-02,2025-12-31,250,0.1504930319658546,-0.4053425853079601,0.5293430564155893,0.1492136781152999,0.1785790013706134,-0.0280859694047588,11.785046594721324,fresh_cash,2022-01-01,,,,50,event,0.6,3,100000.0,0.0025,0.01,True,0.1492136781152999,0.1770430847937292,-0.027829406678429314,False
B3_beta60d3__fresh2022,B3_beta60d3,diagnostics,2026,2026-01-02,2026-09-22,181,0.5832113053118728,-0.3487880950786919,1.1126142626808306,0.3909758635392926,0.193982242745804,0.3892290625660688,13.641043665893564,fresh_cash,2022-01-01,,,,50,event,0.6,3,100000.0,0.0025,0.01,True,0.3909758635392926,0.13580564851123356,0.25517021502805903,True
B3_beta60d3__fresh2023,B3_beta60d3,diagnostics,2023,2023-01-03,2023-12-29,250,-0.1507159412023789,-0.3848168326342334,-0.3292020899598644,-0.1496141129926578,0.2494116142532503,-0.4001275554556293,15.981975115745726,fresh_cash,2023-01-01,,,,50,event,0.6,3,100000.0,0.0025,0.01,True,-0.1496141129926578,0.24720554909618309,-0.3968196620888409,False
B3_beta60d3__fresh2023,B3_beta60d3,diagnostics,2024,2024-01-02,2024-12-31,252,0.3103504359364279,-0.243673960061763,0.8748015733513186,0.3103504359364279,0.2643074461050603,0.0460429898313676,9.99846616777302,fresh_cash,2023-01-01,,,,50,event,0.6,3,100000.0,0.0025,0.01,True,0.3103504359364279,0.2643074461050603,0.04604298983136762,False
B3_beta60d3__fresh2023,B3_beta60d3,diagnostics,2025,2025-01-02,2025-12-31,250,0.1949128729923044,-0.4276493195679066,0.5980099804381613,0.1932253193663753,0.1785790013706134,0.0163338716216909,11.663113975160488,fresh_cash,2023-01-01,,,,50,event,0.6,3,100000.0,0.0025,0.01,True,0.1932253193663753,0.1770430847937292,0.016182234572646087,False
B3_beta60d3__fresh2023,B3_beta60d3,diagnostics,2026,2026-01-02,2026-09-22,181,0.6341185161543794,-0.2777995698103472,1.1767598795488097,0.4229569358743679,0.193982242745804,0.4401362734085754,13.13085012810364,fresh_cash,2023-01-01,,,,50,event,0.6,3,100000.0,0.0025,0.01,True,0.4229569358743679,0.13580564851123356,0.28715128736313433,True
B3_beta60d3__USD100K_C50,B3_beta60d3,diagnostics,2017,2017-01-04,2017-12-29,250,0.1563562755455425,-0.1285502610976067,0.771882548431727,0.1550238025041133,0.2120011745455907,-0.0556448990000482,13.137796378976487,execution_stress,,USD100K,C50,,50,event,0.6,3,100000.0,0.005,0.01,True,0.1550238025041133,0.21015310140377008,-0.05512929889965679,False
B3_beta60d3__USD100K_C50,B3_beta60d3,diagnostics,2018,2018-01-02,2018-12-31,251,-0.2378638524927574,-0.3415849724595804,-0.7424785119767429,-0.2370419052455332,-0.0642984107744514,-0.173565441718306,10.062847923916546,execution_stress,,USD100K,C50,,50,event,0.6,3,100000.0,0.005,0.01,True,-0.2370419052455332,-0.06405161044839947,-0.17299029479713374,False
B3_beta60d3__USD100K_C50,B3_beta60d3,diagnostics,2019,2019-01-02,2019-12-31,252,0.6174872978901145,-0.1589101403958176,2.1324183351254176,0.6174872978901145,0.3401954545671213,0.2772918433229931,8.481372087597766,execution_stress,,USD100K,C50,,50,event,0.6,3,100000.0,0.005,0.01,True,0.6174872978901145,0.3401954545671213,0.27729184332299317,False
B3_beta60d3__USD100K_C50,B3_beta60d3,diagnostics,2020,2020-01-02,2020-12-31,253,1.1793898203162847,-0.4282409477277349,1.7855595348552475,1.1861377159973836,0.1813082709311855,0.9980815493850992,14.883244807660938,execution_stress,,USD100K,C50,,50,event,0.6,3,100000.0,0.005,0.01,True,1.1861377159973836,0.18208961084499786,1.0040481051523857,False
B3_beta60d3__USD100K_C50,B3_beta60d3,diagnostics,2021,2021-01-04,2021-12-31,252,-0.0553872365708375,-0.4030514137579172,0.1092673215779432,-0.0553872365708375,0.2861550585808201,-0.3415422951516577,13.76802799590708,execution_stress,,USD100K,C50,,50,event,0.6,3,100000.0,0.005,0.01,True,-0.0553872365708375,0.28615505858082013,-0.3415422951516576,False
B3_beta60d3__USD100K_C50,B3_beta60d3,diagnostics,2022,2022-01-03,2022-12-30,251,-0.2170431936721411,-0.3344955374865798,-0.331347069352278,-0.2162826177127573,-0.180528833522089,-0.036514360150052,12.618366508450103,execution_stress,,USD100K,C50,,50,event,0.6,3,100000.0,0.005,0.01,True,-0.2162826177127573,-0.17988114323237925,-0.03640147448037806,False
B3_beta60d3__USD100K_C50,B3_beta60d3,diagnostics,2023,2023-01-03,2023-12-29,250,0.2543414836814037,-0.3871471105673483,0.7870279626435511,0.252087580730977,0.2494116142532503,0.0049298694281534,13.318639915089546,execution_stress,,USD100K,C50,,50,event,0.6,3,100000.0,0.005,0.01,True,0.252087580730977,0.24720554909618309,0.004882031634793893,False
B3_beta60d3__USD100K_C50,B3_beta60d3,diagnostics,2024,2024-01-02,2024-12-31,252,0.2980288348666062,-0.2443564794443294,0.8261053597323283,0.2980288348666062,0.2643074461050603,0.0337213887615459,11.552017243110194,execution_stress,,USD100K,C50,,50,event,0.6,3,100000.0,0.005,0.01,True,0.2980288348666062,0.2643074461050603,0.0337213887615459,False
B3_beta60d3__USD100K_C50,B3_beta60d3,diagnostics,2025,2025-01-02,2025-12-31,250,0.0648321194890795,-0.4756313476156277,0.3881791908043394,0.0643013809933537,0.1785790013706134,-0.1137468818815339,12.340885455461962,execution_stress,,USD100K,C50,,50,event,0.6,3,100000.0,0.005,0.01,True,0.0643013809933537,0.1770430847937292,-0.11274170380037551,False
B3_beta60d3__USD100K_C50,B3_beta60d3,diagnostics,2026,2026-01-02,2026-09-22,181,0.548891685196776,-0.2687809996639924,1.0978944081691209,0.3692519624738921,0.193982242745804,0.354909442450972,13.078217878475566,execution_stress,,USD100K,C50,,50,event,0.6,3,100000.0,0.005,0.01,True,0.3692519624738921,0.13580564851123356,0.23344631396265852,True
B3_beta60d3__USD100K_R5,B3_beta60d3,diagnostics,2017,2017-01-04,2017-12-29,250,0.2836486160092268,-0.0983005709950209,1.2591905087591986,0.2811072033094655,0.2120011745455907,0.0716474414636361,12.426901963899445,execution_stress,,USD100K,R5,,50,event,0.6,3,100000.0,0.0025,0.05,True,0.2811072033094655,0.21015310140377008,0.0709541019056954,False
B3_beta60d3__USD100K_R5,B3_beta60d3,diagnostics,2018,2018-01-02,2018-12-31,251,-0.1090442891428504,-0.3349893009996384,-0.2477173332720211,-0.1086359803520893,-0.0642984107744514,-0.044745878368399,10.6892166691898,execution_stress,,USD100K,R5,,50,event,0.6,3,100000.0,0.0025,0.05,True,-0.1086359803520893,-0.06405161044839947,-0.04458436990368983,False
B3_beta60d3__USD100K_R5,B3_beta60d3,diagnostics,2019,2019-01-02,2019-12-31,252,0.5424775090261973,-0.1675568139697612,1.959225099547324,0.5424775090261973,0.3401954545671213,0.202282054459076,8.990558551656488,execution_stress,,USD100K,R5,,50,event,0.6,3,100000.0,0.0025,0.05,True,0.5424775090261973,0.3401954545671213,0.202282054459076,False
B3_beta60d3__USD100K_R5,B3_beta60d3,diagnostics,2020,2020-01-02,2020-12-31,253,1.2168143924568446,-0.4520611411133719,1.809981932113114,1.2238284101868384,0.1813082709311855,1.0355061215256591,14.397722247166708,execution_stress,,USD100K,R5,,50,event,0.6,3,100000.0,0.0025,0.05,True,1.2238284101868384,0.18208961084499786,1.0417387993418405,False
B3_beta60d3__USD100K_R5,B3_beta60d3,diagnostics,2021,2021-01-04,2021-12-31,252,0.3131888717975277,-0.3785051223808985,0.7811122249752994,0.3131888717975277,0.2861550585808201,0.0270338132167076,13.126507167275149,execution_stress,,USD100K,R5,,50,event,0.6,3,100000.0,0.0025,0.05,True,0.3131888717975277,0.28615505858082013,0.02703381321670756,False
B3_beta60d3__USD100K_R5,B3_beta60d3,diagnostics,2022,2022-01-03,2022-12-30,251,-0.1202683601513401,-0.3003457736641732,-0.0848482299189212,-0.1198209155253173,-0.180528833522089,0.0602604733707489,12.75480755681714,execution_stress,,USD100K,R5,,50,event,0.6,3,100000.0,0.0025,0.05,True,-0.1198209155253173,-0.17988114323237925,0.060060227707061944,False
B3_beta60d3__USD100K_R5,B3_beta60d3,diagnostics,2023,2023-01-03,2023-12-29,250,0.1529739724025052,-0.3247496191098402,0.602604193713056,0.1516721706032535,0.2494116142532503,-0.0964376418507451,11.702093198411797,execution_stress,,USD100K,R5,,50,event,0.6,3,100000.0,0.0025,0.05,True,0.1516721706032535,0.24720554909618309,-0.09553337849292959,False
B3_beta60d3__USD100K_R5,B3_beta60d3,diagnostics,2024,2024-01-02,2024-12-31,252,0.1300931193223722,-0.3087908454201722,0.502347401100187,0.1300931193223722,0.2643074461050603,-0.134214326782688,11.500829068969663,execution_stress,,USD100K,R5,,50,event,0.6,3,100000.0,0.0025,0.05,True,0.1300931193223722,0.2643074461050603,-0.1342143267826881,False
B3_beta60d3__USD100K_R5,B3_beta60d3,diagnostics,2025,2025-01-02,2025-12-31,250,0.151779418197594,-0.4051592956289666,0.531373804933848,0.1504884301637277,0.1785790013706134,-0.0267995831730194,12.098698220136477,execution_stress,,USD100K,R5,,50,event,0.6,3,100000.0,0.0025,0.05,True,0.1504884301637277,0.1770430847937292,-0.026554654630001506,False
B3_beta60d3__USD100K_R5,B3_beta60d3,diagnostics,2026,2026-01-02,2026-09-22,181,0.4687418880093221,-0.3307779952243599,0.9669582897974724,0.3179813176621475,0.193982242745804,0.2747596452635181,12.855623197943054,execution_stress,,USD100K,R5,,50,event,0.6,3,100000.0,0.0025,0.05,True,0.3179813176621475,0.13580564851123356,0.18217566915091393,True
B3_beta60d3__USD100K_UNLIMITED,B3_beta60d3,diagnostics,2017,2017-01-04,2017-12-29,250,0.288125894079273,-0.0929508635941579,1.261569401667654,0.2855400922205995,0.2120011745455907,0.0761247195336822,12.044019514945234,execution_stress,,USD100K,UNLIMITED,,50,event,0.6,3,100000.0,0.0025,0.0,True,0.2855400922205995,0.21015310140377008,0.07538699081682942,False
B3_beta60d3__USD100K_UNLIMITED,B3_beta60d3,diagnostics,2018,2018-01-02,2018-12-31,251,-0.1925523592471143,-0.3394600239850169,-0.5694661514278592,-0.1918667725861963,-0.0642984107744514,-0.1282539484726629,9.78503557184286,execution_stress,,USD100K,UNLIMITED,,50,event,0.6,3,100000.0,0.0025,0.0,True,-0.1918667725861963,-0.06405161044839947,-0.12781516213779684,False
B3_beta60d3__USD100K_UNLIMITED,B3_beta60d3,diagnostics,2019,2019-01-02,2019-12-31,252,0.5823186205787578,-0.1833610157113649,2.0719783024006646,0.5823186205787578,0.3401954545671213,0.2421231660116365,9.817365573296216,execution_stress,,USD100K,UNLIMITED,,50,event,0.6,3,100000.0,0.0025,0.0,True,0.5823186205787578,0.3401954545671213,0.24212316601163653,False
B3_beta60d3__USD100K_UNLIMITED,B3_beta60d3,diagnostics,2020,2020-01-02,2020-12-31,253,1.174022767110822,-0.4633227783898709,1.7686627645298632,1.1807327078105183,0.1813082709311855,0.9927144961796364,14.233573115397832,execution_stress,,USD100K,UNLIMITED,,50,event,0.6,3,100000.0,0.0025,0.0,True,1.1807327078105183,0.18208961084499786,0.9986430969655204,False
B3_beta60d3__USD100K_UNLIMITED,B3_beta60d3,diagnostics,2021,2021-01-04,2021-12-31,252,0.2248635314196243,-0.3765064875162174,0.646404330153037,0.2248635314196243,0.2861550585808201,-0.0612915271611957,13.101442475518509,execution_stress,,USD100K,UNLIMITED,,50,event,0.6,3,100000.0,0.0025,0.0,True,0.2248635314196243,0.28615505858082013,-0.06129152716119582,False
B3_beta60d3__USD100K_UNLIMITED,B3_beta60d3,diagnostics,2022,2022-01-03,2022-12-30,251,-0.1496304243354902,-0.3114350994806005,-0.1312903583913898,-0.1490832980155002,-0.180528833522089,0.0308984091865988,13.079662822269857,execution_stress,,USD100K,UNLIMITED,,50,event,0.6,3,100000.0,0.0025,0.0,True,-0.1490832980155002,-0.17988114323237925,0.03079784521687906,False
B3_beta60d3__USD100K_UNLIMITED,B3_beta60d3,diagnostics,2023,2023-01-03,2023-12-29,250,0.2087668011493453,-0.316700431302458,0.7488939212366595,0.2069492563474742,0.2494116142532503,-0.040644813103905,11.364063465333905,execution_stress,,USD100K,UNLIMITED,,50,event,0.6,3,100000.0,0.0025,0.0,True,0.2069492563474742,0.24720554909618309,-0.0402562927487089,False
B3_beta60d3__USD100K_UNLIMITED,B3_beta60d3,diagnostics,2024,2024-01-02,2024-12-31,252,0.384535939698037,-0.260731684122654,0.9814224316205704,0.384535939698037,0.2643074461050603,0.1202284935929767,9.907586582655656,execution_stress,,USD100K,UNLIMITED,,50,event,0.6,3,100000.0,0.0025,0.0,True,0.384535939698037,0.2643074461050603,0.12022849359297672,False
B3_beta60d3__USD100K_UNLIMITED,B3_beta60d3,diagnostics,2025,2025-01-02,2025-12-31,250,0.1981940531269295,-0.4356434713848249,0.6024295359643365,0.1964758258280254,0.1785790013706134,0.019615051756316,10.781981259675598,execution_stress,,USD100K,UNLIMITED,,50,event,0.6,3,100000.0,0.0025,0.0,True,0.1964758258280254,0.1770430847937292,0.01943274103429618,False
B3_beta60d3__USD100K_UNLIMITED,B3_beta60d3,diagnostics,2026,2026-01-02,2026-09-22,181,0.4054712165644658,-0.3875476216241034,0.8839210314760545,0.2769494529693241,0.193982242745804,0.2114889738186618,14.667901424280386,execution_stress,,USD100K,UNLIMITED,,50,event,0.6,3,100000.0,0.0025,0.0,True,0.2769494529693241,0.13580564851123356,0.14114380445809055,True
B3_beta60d3__KRW50M_R1,B3_beta60d3,diagnostics,2017,2017-01-04,2017-12-29,250,0.2809514830612105,-0.0979641254816384,1.2529864951577343,0.2784367513957684,0.2120011745455907,0.0689503085156197,11.92077361476526,execution_stress,,KRW50M,R1,,50,event,0.6,3,33333.333333333336,0.0025,0.01,True,0.2784367513957684,0.21015310140377008,0.06828364999199832,False
B3_beta60d3__KRW50M_R1,B3_beta60d3,diagnostics,2018,2018-01-02,2018-12-31,251,-0.109910898095482,-0.3351847703531256,-0.251246173036556,-0.1094995476225683,-0.0642984107744514,-0.0456124873210306,10.221066370425971,execution_stress,,KRW50M,R1,,50,event,0.6,3,33333.333333333336,0.0025,0.01,True,-0.1094995476225683,-0.06405161044839947,-0.04544793717416884,False
B3_beta60d3__KRW50M_R1,B3_beta60d3,diagnostics,2019,2019-01-02,2019-12-31,252,0.528796718859339,-0.1681438022132947,1.927669603376802,0.528796718859339,0.3401954545671213,0.1886012642922176,8.38269568950472,execution_stress,,KRW50M,R1,,50,event,0.6,3,33333.333333333336,0.0025,0.01,True,0.528796718859339,0.3401954545671213,0.18860126429221769,False
B3_beta60d3__KRW50M_R1,B3_beta60d3,diagnostics,2020,2020-01-02,2020-12-31,253,1.2227471226024251,-0.4515866064312245,1.81672983920364,1.2298035603046609,0.1813082709311855,1.0414388516712396,13.94345800585706,execution_stress,,KRW50M,R1,,50,event,0.6,3,33333.333333333336,0.0025,0.01,True,1.2298035603046609,0.18208961084499786,1.047713949459663,False
B3_beta60d3__KRW50M_R1,B3_beta60d3,diagnostics,2021,2021-01-04,2021-12-31,252,0.3633428528832609,-0.3709099320017182,0.8355175136911821,0.3633428528832609,0.2861550585808201,0.0771877943024408,13.180630789148736,execution_stress,,KRW50M,R1,,50,event,0.6,3,33333.333333333336,0.0025,0.01,True,0.3633428528832609,0.28615505858082013,0.07718779430244077,False
B3_beta60d3__KRW50M_R1,B3_beta60d3,diagnostics,2022,2022-01-03,2022-12-30,251,-0.1160277715852957,-0.2881477840559548,-0.0519945234417823,-0.1155950467760497,-0.180528833522089,0.0645010619367932,12.294310705911322,execution_stress,,KRW50M,R1,,50,event,0.6,3,33333.333333333336,0.0025,0.01,True,-0.1155950467760497,-0.17988114323237925,0.06428609645632954,False
B3_beta60d3__KRW50M_R1,B3_beta60d3,diagnostics,2023,2023-01-03,2023-12-29,250,0.1275983876048387,-0.3219259487893428,0.533659310192417,0.1265241904884015,0.2494116142532503,-0.1218132266484115,11.24905868638576,execution_stress,,KRW50M,R1,,50,event,0.6,3,33333.333333333336,0.0025,0.01,True,0.1265241904884015,0.24720554909618309,-0.12068135860778159,False
B3_beta60d3__KRW50M_R1,B3_beta60d3,diagnostics,2024,2024-01-02,2024-12-31,252,0.2783341009093194,-0.2643604718285973,0.8203066264423148,0.2783341009093194,0.2643074461050603,0.0140266548042591,10.814612354579362,execution_stress,,KRW50M,R1,,50,event,0.6,3,33333.333333333336,0.0025,0.01,True,0.2783341009093194,0.2643074461050603,0.014026654804259131,False
B3_beta60d3__KRW50M_R1,B3_beta60d3,diagnostics,2025,2025-01-02,2025-12-31,250,-0.089846686953888,-0.4887412478540023,0.1004450081083315,-0.0891664022778347,0.1785790013706134,-0.2684256883245015,12.10719949507606,execution_stress,,KRW50M,R1,,50,event,0.6,3,33333.333333333336,0.0025,0.01,True,-0.0891664022778347,0.1770430847937292,-0.2662094870715639,False
B3_beta60d3__KRW50M_R1,B3_beta60d3,diagnostics,2026,2026-01-02,2026-09-22,181,0.7632221309832654,-0.2699837861292118,1.2452215586970656,0.5028339601598419,0.193982242745804,0.5692398882374614,16.69354456013726,execution_stress,,KRW50M,R1,,50,event,0.6,3,33333.333333333336,0.0025,0.01,True,0.5028339601598419,0.13580564851123356,0.3670283116486084,True
B3_beta60d3__KRW50M_C50,B3_beta60d3,diagnostics,2017,2017-01-04,2017-12-29,250,0.2433897190306795,-0.101549110625944,1.116509854757889,0.241241880820511,0.2120011745455907,0.0313885444850887,11.93805477649938,execution_stress,,KRW50M,C50,,50,event,0.6,3,33333.333333333336,0.005,0.01,True,0.241241880820511,0.21015310140377008,0.03108877941674093,False
B3_beta60d3__KRW50M_C50,B3_beta60d3,diagnostics,2018,2018-01-02,2018-12-31,251,-0.1302419840507745,-0.3384864740008232,-0.3307885079793898,-0.1297602385820647,-0.0642984107744514,-0.0659435732763231,10.230943515225691,execution_stress,,KRW50M,C50,,50,event,0.6,3,33333.333333333336,0.005,0.01,True,-0.1297602385820647,-0.06405161044839947,-0.06570862813366524,False
B3_beta60d3__KRW50M_C50,B3_beta60d3,diagnostics,2019,2019-01-02,2019-12-31,252,0.5005423389365495,-0.1730220624355956,1.849272788026957,0.5005423389365495,0.3401954545671213,0.1603468843694282,8.345453440810342,execution_stress,,KRW50M,C50,,50,event,0.6,3,33333.333333333336,0.005,0.01,True,0.5005423389365495,0.3401954545671213,0.16034688436942823,False
B3_beta60d3__KRW50M_C50,B3_beta60d3,diagnostics,2020,2020-01-02,2020-12-31,253,1.156150942995772,-0.4545898757569037,1.7567335836713327,1.162734879336922,0.1813082709311855,0.9748426720645864,13.859367758539936,execution_stress,,KRW50M,C50,,50,event,0.6,3,33333.333333333336,0.005,0.01,True,1.162734879336922,0.18208961084499786,0.9806452684919242,False
B3_beta60d3__KRW50M_C50,B3_beta60d3,diagnostics,2021,2021-01-04,2021-12-31,252,0.2707213061091926,-0.3837940697319205,0.7186481269379867,0.2707213061091926,0.2861550585808201,-0.0154337524716274,12.976900098580394,execution_stress,,KRW50M,C50,,50,event,0.6,3,33333.333333333336,0.005,0.01,True,0.2707213061091926,0.28615505858082013,-0.015433752471627538,False
B3_beta60d3__KRW50M_C50,B3_beta60d3,diagnostics,2022,2022-01-03,2022-12-30,251,-0.1452571065922671,-0.3106730875139596,-0.1543751152470332,-0.1447245764892123,-0.180528833522089,0.0352717269298219,12.374811010754762,execution_stress,,KRW50M,C50,,50,event,0.6,3,33333.333333333336,0.005,0.01,True,-0.1447245764892123,-0.17988114323237925,0.035156566743166945,False
B3_beta60d3__KRW50M_C50,B3_beta60d3,diagnostics,2023,2023-01-03,2023-12-29,250,0.1754468223331646,-0.3238058777562761,0.6655783009249049,0.1739397810038077,0.2494116142532503,-0.0739647919200856,11.06683559554708,execution_stress,,KRW50M,C50,,50,event,0.6,3,33333.333333333336,0.005,0.01,True,0.1739397810038077,0.24720554909618309,-0.0732657680923754,False
B3_beta60d3__KRW50M_C50,B3_beta60d3,diagnostics,2024,2024-01-02,2024-12-31,252,0.3227972432250963,-0.2919726275600309,0.8600724376553862,0.3227972432250963,0.2643074461050603,0.0584897971200359,10.51240751581703,execution_stress,,KRW50M,C50,,50,event,0.6,3,33333.333333333336,0.005,0.01,True,0.3227972432250963,0.2643074461050603,0.05848979712003599,False
B3_beta60d3__KRW50M_C50,B3_beta60d3,diagnostics,2025,2025-01-02,2025-12-31,250,0.1261180756660302,-0.4509948492200691,0.4889619814167448,0.125057018425035,0.1785790013706134,-0.0524609257045831,10.598876219193428,execution_stress,,KRW50M,C50,,50,event,0.6,3,33333.333333333336,0.005,0.01,True,0.125057018425035,0.1770430847937292,-0.05198606636869421,False
B3_beta60d3__KRW50M_C50,B3_beta60d3,diagnostics,2026,2026-01-02,2026-09-22,181,-0.017420553918058,-0.2492748992867534,0.200008339188753,-0.0125433192846878,0.193982242745804,-0.211402796663862,14.644975922966603,execution_stress,,KRW50M,C50,,50,event,0.6,3,33333.333333333336,0.005,0.01,True,-0.0125433192846878,0.13580564851123356,-0.14834896779592135,True
B3_beta60d3__KRW50M_R5,B3_beta60d3,diagnostics,2017,2017-01-04,2017-12-29,250,0.2844479620547551,-0.0925498256250634,1.2507832844787106,0.2818986333701483,0.2120011745455907,0.0724467875091643,11.555627478404876,execution_stress,,KRW50M,R5,,50,event,0.6,3,33333.333333333336,0.0025,0.05,True,0.2818986333701483,0.21015310140377008,0.07174553196637823,False
B3_beta60d3__KRW50M_R5,B3_beta60d3,diagnostics,2018,2018-01-02,2018-12-31,251,-0.1951496820529592,-0.3383223740848501,-0.5818147569476566,-0.1944560016789775,-0.0642984107744514,-0.1308512712785078,9.298438828729749,execution_stress,,KRW50M,R5,,50,event,0.6,3,33333.333333333336,0.0025,0.05,True,-0.1944560016789775,-0.06405161044839947,-0.13040439123057804,False
B3_beta60d3__KRW50M_R5,B3_beta60d3,diagnostics,2019,2019-01-02,2019-12-31,252,0.5629472612508211,-0.1836739394451499,2.031116263863305,0.5629472612508211,0.3401954545671213,0.2227518066836997,9.075290506940604,execution_stress,,KRW50M,R5,,50,event,0.6,3,33333.333333333336,0.0025,0.05,True,0.5629472612508211,0.3401954545671213,0.22275180668369976,False
B3_beta60d3__KRW50M_R5,B3_beta60d3,diagnostics,2020,2020-01-02,2020-12-31,253,1.1898034611235309,-0.4629012710767879,1.7847261180721077,1.1966251510378343,0.1813082709311855,1.0084951901923451,13.753620242825802,execution_stress,,KRW50M,R5,,50,event,0.6,3,33333.333333333336,0.0025,0.05,True,1.1966251510378343,0.18208961084499786,1.0145355401928364,False
B3_beta60d3__KRW50M_R5,B3_beta60d3,diagnostics,2021,2021-01-04,2021-12-31,252,0.1178880325955848,-0.3767418105047038,0.4734061054958622,0.1178880325955848,0.2861550585808201,-0.1682670259852352,12.737335368808337,execution_stress,,KRW50M,R5,,50,event,0.6,3,33333.333333333336,0.0025,0.05,True,0.1178880325955848,0.28615505858082013,-0.16826702598523535,False
B3_beta60d3__KRW50M_R5,B3_beta60d3,diagnostics,2022,2022-01-03,2022-12-30,251,-0.1466509087356324,-0.3103168141432804,-0.1248060349925015,-0.1461137171026378,-0.180528833522089,0.0338779247864565,12.721055213302035,execution_stress,,KRW50M,R5,,50,event,0.6,3,33333.333333333336,0.0025,0.05,True,-0.1461137171026378,-0.17988114323237925,0.03376742612974146,False
B3_beta60d3__KRW50M_R5,B3_beta60d3,diagnostics,2023,2023-01-03,2023-12-29,250,0.2182344904587982,-0.3189482195846564,0.7717998781859161,0.2163273915638295,0.2494116142532503,-0.031177123794452,11.135645740367664,execution_stress,,KRW50M,R5,,50,event,0.6,3,33333.333333333336,0.0025,0.05,True,0.2163273915638295,0.24720554909618309,-0.030878157532353595,False
B3_beta60d3__KRW50M_R5,B3_beta60d3,diagnostics,2024,2024-01-02,2024-12-31,252,0.6827776643478616,-0.2805512237410552,1.3592482771737635,0.6827776643478616,0.2643074461050603,0.4184702182428013,10.42005877837184,execution_stress,,KRW50M,R5,,50,event,0.6,3,33333.333333333336,0.0025,0.05,True,0.6827776643478616,0.2643074461050603,0.4184702182428013,False
B3_beta60d3__KRW50M_R5,B3_beta60d3,diagnostics,2025,2025-01-02,2025-12-31,250,0.2656004993782206,-0.4015773166368428,0.6991853275953305,0.2632367726612326,0.1785790013706134,0.0870214980076071,10.76522395641064,execution_stress,,KRW50M,R5,,50,event,0.6,3,33333.333333333336,0.0025,0.05,True,0.2632367726612326,0.1770430847937292,0.08619368786750337,False
B3_beta60d3__KRW50M_R5,B3_beta60d3,diagnostics,2026,2026-01-02,2026-09-22,181,0.6890275278258722,-0.3592729297657767,1.2357041613793798,0.4571390030236262,0.193982242745804,0.4950452850800682,14.73030051606723,execution_stress,,KRW50M,R5,,50,event,0.6,3,33333.333333333336,0.0025,0.05,True,0.4571390030236262,0.13580564851123356,0.32133335451239264,True
B3_beta60d3__KRW50M_UNLIMITED,B3_beta60d3,diagnostics,2017,2017-01-04,2017-12-29,250,0.2844479620547551,-0.0925498256250634,1.2507832844787106,0.2818986333701483,0.2120011745455907,0.0724467875091643,11.555627478404876,execution_stress,,KRW50M,UNLIMITED,,50,event,0.6,3,33333.333333333336,0.0025,0.0,True,0.2818986333701483,0.21015310140377008,0.07174553196637823,False
B3_beta60d3__KRW50M_UNLIMITED,B3_beta60d3,diagnostics,2018,2018-01-02,2018-12-31,251,-0.1951496820529592,-0.3383223740848501,-0.5818147569476566,-0.1944560016789775,-0.0642984107744514,-0.1308512712785078,9.298438828729749,execution_stress,,KRW50M,UNLIMITED,,50,event,0.6,3,33333.333333333336,0.0025,0.0,True,-0.1944560016789775,-0.06405161044839947,-0.13040439123057804,False
B3_beta60d3__KRW50M_UNLIMITED,B3_beta60d3,diagnostics,2019,2019-01-02,2019-12-31,252,0.5629472612508211,-0.1836739394451499,2.031116263863305,0.5629472612508211,0.3401954545671213,0.2227518066836997,9.075290506940604,execution_stress,,KRW50M,UNLIMITED,,50,event,0.6,3,33333.333333333336,0.0025,0.0,True,0.5629472612508211,0.3401954545671213,0.22275180668369976,False
B3_beta60d3__KRW50M_UNLIMITED,B3_beta60d3,diagnostics,2020,2020-01-02,2020-12-31,253,1.1898034611235309,-0.4629012710767879,1.7847261180721077,1.1966251510378343,0.1813082709311855,1.0084951901923451,13.753620242825802,execution_stress,,KRW50M,UNLIMITED,,50,event,0.6,3,33333.333333333336,0.0025,0.0,True,1.1966251510378343,0.18208961084499786,1.0145355401928364,False
B3_beta60d3__KRW50M_UNLIMITED,B3_beta60d3,diagnostics,2021,2021-01-04,2021-12-31,252,0.1178880325955848,-0.3767418105047038,0.4734061054958622,0.1178880325955848,0.2861550585808201,-0.1682670259852352,12.737335368808337,execution_stress,,KRW50M,UNLIMITED,,50,event,0.6,3,33333.333333333336,0.0025,0.0,True,0.1178880325955848,0.28615505858082013,-0.16826702598523535,False
B3_beta60d3__KRW50M_UNLIMITED,B3_beta60d3,diagnostics,2022,2022-01-03,2022-12-30,251,-0.1466509087356324,-0.3103168141432804,-0.1248060349925015,-0.1461137171026378,-0.180528833522089,0.0338779247864565,12.721055213302035,execution_stress,,KRW50M,UNLIMITED,,50,event,0.6,3,33333.333333333336,0.0025,0.0,True,-0.1461137171026378,-0.17988114323237925,0.03376742612974146,False
B3_beta60d3__KRW50M_UNLIMITED,B3_beta60d3,diagnostics,2023,2023-01-03,2023-12-29,250,0.2125196675964673,-0.3158024318096116,0.7588317002247995,0.210666694229223,0.2494116142532503,-0.0368919466567829,11.050609696746426,execution_stress,,KRW50M,UNLIMITED,,50,event,0.6,3,33333.333333333336,0.0025,0.0,True,0.210666694229223,0.24720554909618309,-0.0365388548669601,False
B3_beta60d3__KRW50M_UNLIMITED,B3_beta60d3,diagnostics,2024,2024-01-02,2024-12-31,252,0.3900958049826624,-0.260085337546565,0.9910561046934762,0.3900958049826624,0.2643074461050603,0.1257883588776021,9.678586781617076,execution_stress,,KRW50M,UNLIMITED,,50,event,0.6,3,33333.333333333336,0.0025,0.0,True,0.3900958049826624,0.2643074461050603,0.1257883588776021,False
B3_beta60d3__KRW50M_UNLIMITED,B3_beta60d3,diagnostics,2025,2025-01-02,2025-12-31,250,0.1926658665451284,-0.4359504895724828,0.5941293786704938,0.1909992779025298,0.1785790013706134,0.0140868651745149,10.611612825414587,execution_stress,,KRW50M,UNLIMITED,,50,event,0.6,3,33333.333333333336,0.0025,0.0,True,0.1909992779025298,0.1770430847937292,0.013956193108800585,False
B3_beta60d3__KRW50M_UNLIMITED,B3_beta60d3,diagnostics,2026,2026-01-02,2026-09-22,181,0.4081220861390928,-0.3873286108565684,0.8873365783073558,0.2786788823388864,0.193982242745804,0.2141398433932888,14.480130142401425,execution_stress,,KRW50M,UNLIMITED,,50,event,0.6,3,33333.333333333336,0.0025,0.0,True,0.2786788823388864,0.13580564851123356,0.14287323382765282,True
B3_beta60d3__KRW100M_R1,B3_beta60d3,diagnostics,2017,2017-01-04,2017-12-29,250,0.3228466855310454,-0.1028250243674619,1.3988086073327854,0.3199125319121274,0.2120011745455907,0.1108455109854547,11.96172896070768,execution_stress,,KRW100M,R1,,50,event,0.6,3,66666.66666666667,0.0025,0.01,True,0.3199125319121274,0.21015310140377008,0.10975943050835729,False
B3_beta60d3__KRW100M_R1,B3_beta60d3,diagnostics,2018,2018-01-02,2018-12-31,251,-0.1403017727723094,-0.3040267576699447,-0.3452159069103524,-0.1397858883240126,-0.0642984107744514,-0.076003361997858,10.186741063201964,execution_stress,,KRW100M,R1,,50,event,0.6,3,66666.66666666667,0.0025,0.01,True,-0.1397858883240126,-0.06405161044839947,-0.07573427787561313,False
B3_beta60d3__KRW100M_R1,B3_beta60d3,diagnostics,2019,2019-01-02,2019-12-31,252,0.6077038321131105,-0.1781320886148383,2.1610247415244705,0.6077038321131105,0.3401954545671213,0.2675083775459892,8.943341768998113,execution_stress,,KRW100M,R1,,50,event,0.6,3,66666.66666666667,0.0025,0.01,True,0.6077038321131105,0.3401954545671213,0.2675083775459892,False
B3_beta60d3__KRW100M_R1,B3_beta60d3,diagnostics,2020,2020-01-02,2020-12-31,253,1.0422013086203463,-0.4681348229639955,1.6418900871002915,1.047995980562316,0.1813082709311855,0.860893037689161,14.492022011860954,execution_stress,,KRW100M,R1,,50,event,0.6,3,66666.66666666667,0.0025,0.01,True,1.047995980562316,0.18208961084499786,0.8659063697173182,False
B3_beta60d3__KRW100M_R1,B3_beta60d3,diagnostics,2021,2021-01-04,2021-12-31,252,0.1928526725326993,-0.3675736843990491,0.5981302052806048,0.1928526725326993,0.2861550585808201,-0.0933023860481208,13.50268747901441,execution_stress,,KRW100M,R1,,50,event,0.6,3,66666.66666666667,0.0025,0.01,True,0.1928526725326993,0.28615505858082013,-0.09330238604812083,False
B3_beta60d3__KRW100M_R1,B3_beta60d3,diagnostics,2022,2022-01-03,2022-12-30,251,-0.192904980221105,-0.3413923651918614,-0.2758144783132227,-0.1922182927901211,-0.180528833522089,-0.0123761466990159,12.502071598802363,execution_stress,,KRW100M,R1,,50,event,0.6,3,66666.66666666667,0.0025,0.01,True,-0.1922182927901211,-0.17988114323237925,-0.012337149557741844,False
B3_beta60d3__KRW100M_R1,B3_beta60d3,diagnostics,2023,2023-01-03,2023-12-29,250,0.2972873956089938,-0.3812244843378277,0.8772527562718048,0.2946103830634918,0.2494116142532503,0.0478757813557435,13.361440126098296,execution_stress,,KRW100M,R1,,50,event,0.6,3,66666.66666666667,0.0025,0.01,True,0.2946103830634918,0.24720554909618309,0.04740483396730871,False
B3_beta60d3__KRW100M_R1,B3_beta60d3,diagnostics,2024,2024-01-02,2024-12-31,252,0.3314035783407929,-0.2425778389929205,0.8855678287980251,0.3314035783407929,0.2643074461050603,0.0670961322357326,11.53738239585696,execution_stress,,KRW100M,R1,,50,event,0.6,3,66666.66666666667,0.0025,0.01,True,0.3314035783407929,0.2643074461050603,0.06709613223573263,False
B3_beta60d3__KRW100M_R1,B3_beta60d3,diagnostics,2025,2025-01-02,2025-12-31,250,0.0985779028219162,-0.4721130864721381,0.4454260759218649,0.0977584904728856,0.1785790013706134,-0.0800010985486971,12.349801808280224,execution_stress,,KRW100M,R1,,50,event,0.6,3,66666.66666666667,0.0025,0.01,True,0.0977584904728856,0.1770430847937292,-0.07928459432084362,False
B3_beta60d3__KRW100M_R1,B3_beta60d3,diagnostics,2026,2026-01-02,2026-09-22,181,0.6352114658998391,-0.2815326108858051,1.1827332240987076,0.4236404468986143,0.193982242745804,0.4412292231540351,13.376913502590345,execution_stress,,KRW100M,R1,,50,event,0.6,3,66666.66666666667,0.0025,0.01,True,0.4236404468986143,0.13580564851123356,0.28783479838738074,True
B3_beta60d3__KRW100M_C50,B3_beta60d3,diagnostics,2017,2017-01-04,2017-12-29,250,0.2818855003413458,-0.1083424477039033,1.2561097512230597,0.2793615340786561,0.2120011745455907,0.0698843257957551,11.943585729623072,execution_stress,,KRW100M,C50,,50,event,0.6,3,66666.66666666667,0.005,0.01,True,0.2793615340786561,0.21015310140377008,0.06920843267488602,False
B3_beta60d3__KRW100M_C50,B3_beta60d3,diagnostics,2018,2018-01-02,2018-12-31,251,-0.1622573800892309,-0.3077988111782995,-0.4310828193409507,-0.161668611357082,-0.0642984107744514,-0.0979589693147795,10.167636612505664,execution_stress,,KRW100M,C50,,50,event,0.6,3,66666.66666666667,0.005,0.01,True,-0.161668611357082,-0.06405161044839947,-0.09761700090868253,False
B3_beta60d3__KRW100M_C50,B3_beta60d3,diagnostics,2019,2019-01-02,2019-12-31,252,0.5697137563489987,-0.1825537736398824,2.059343930976195,0.5697137563489987,0.3401954545671213,0.2295183017818773,8.898813294603068,execution_stress,,KRW100M,C50,,50,event,0.6,3,66666.66666666667,0.005,0.01,True,0.5697137563489987,0.3401954545671213,0.22951830178187738,False
B3_beta60d3__KRW100M_C50,B3_beta60d3,diagnostics,2020,2020-01-02,2020-12-31,253,0.967990963960764,-0.4735833339406806,1.5694388502642265,0.97328519890191,0.1813082709311855,0.7866826930295785,14.463904386771224,execution_stress,,KRW100M,C50,,50,event,0.6,3,66666.66666666667,0.005,0.01,True,0.97328519890191,0.18208961084499786,0.7911955880569121,False
B3_beta60d3__KRW100M_C50,B3_beta60d3,diagnostics,2021,2021-01-04,2021-12-31,252,0.0458180423865723,-0.372729350015118,0.3353583172050131,0.0458180423865723,0.2861550585808201,-0.2403370161942477,13.237518158201045,execution_stress,,KRW100M,C50,,50,event,0.6,3,66666.66666666667,0.005,0.01,True,0.0458180423865723,0.28615505858082013,-0.24033701619424783,False
B3_beta60d3__KRW100M_C50,B3_beta60d3,diagnostics,2022,2022-01-03,2022-12-30,251,-0.1835272590706987,-0.3596674128264894,-0.2287242326247195,-0.18287005247157,-0.180528833522089,-0.0029984255486097,12.555233770445708,execution_stress,,KRW100M,C50,,50,event,0.6,3,66666.66666666667,0.005,0.01,True,-0.18287005247157,-0.17988114323237925,-0.0029889092391907623,False
B3_beta60d3__KRW100M_C50,B3_beta60d3,diagnostics,2023,2023-01-03,2023-12-29,250,0.2179997358229195,-0.3553554797432693,0.767649363659266,0.2160948644647862,0.2494116142532503,-0.0314118784303307,12.343370669597336,execution_stress,,KRW100M,C50,,50,event,0.6,3,66666.66666666667,0.005,0.01,True,0.2160948644647862,0.24720554909618309,-0.03111068463139688,False
B3_beta60d3__KRW100M_C50,B3_beta60d3,diagnostics,2024,2024-01-02,2024-12-31,252,0.4655675795784564,-0.264254859447849,1.114748291274921,0.4655675795784564,0.2643074461050603,0.2012601334733961,10.542406189888911,execution_stress,,KRW100M,C50,,50,event,0.6,3,66666.66666666667,0.005,0.01,True,0.4655675795784564,0.2643074461050603,0.2012601334733961,False
B3_beta60d3__KRW100M_C50,B3_beta60d3,diagnostics,2025,2025-01-02,2025-12-31,250,-0.1382973470994776,-0.4964943557591565,0.0030209221869944,-0.1372788079387797,0.1785790013706134,-0.316876348470091,12.744018404574785,execution_stress,,KRW100M,C50,,50,event,0.6,3,66666.66666666667,0.005,0.01,True,-0.1372788079387797,0.1770430847937292,-0.3143218927325089,False
B3_beta60d3__KRW100M_C50,B3_beta60d3,diagnostics,2026,2026-01-02,2026-09-22,181,0.2084504243229006,-0.2605333185815873,0.6224504201729729,0.1456743489749656,0.193982242745804,0.0144681815770966,13.204492694828511,execution_stress,,KRW100M,C50,,50,event,0.6,3,66666.66666666667,0.005,0.01,True,0.1456743489749656,0.13580564851123356,0.009868700463732033,True
B3_beta60d3__KRW100M_R5,B3_beta60d3,diagnostics,2017,2017-01-04,2017-12-29,250,0.2873565665458961,-0.0928345065724202,1.2593094809168468,0.2847784007577016,0.2120011745455907,0.0753553920003053,11.89166226645701,execution_stress,,KRW100M,R5,,50,event,0.6,3,66666.66666666667,0.0025,0.05,True,0.2847784007577016,0.21015310140377008,0.07462529935393153,False
B3_beta60d3__KRW100M_R5,B3_beta60d3,diagnostics,2018,2018-01-02,2018-12-31,251,-0.1930908580110939,-0.3396719200911465,-0.5721252306953208,-0.1924035905742969,-0.0642984107744514,-0.1287924472366425,9.684027480731752,execution_stress,,KRW100M,R5,,50,event,0.6,3,66666.66666666667,0.0025,0.05,True,-0.1924035905742969,-0.06405161044839947,-0.12835198012589744,False
B3_beta60d3__KRW100M_R5,B3_beta60d3,diagnostics,2019,2019-01-02,2019-12-31,252,0.5732552686736141,-0.1836066455992916,2.051325376599276,0.5732552686736141,0.3401954545671213,0.2330598141064928,9.582787362155578,execution_stress,,KRW100M,R5,,50,event,0.6,3,66666.66666666667,0.0025,0.05,True,0.5732552686736141,0.3401954545671213,0.2330598141064928,False
B3_beta60d3__KRW100M_R5,B3_beta60d3,diagnostics,2020,2020-01-02,2020-12-31,253,1.1768899916186055,-0.4632838145046155,1.771983929167704,1.1836202023131048,0.1813082709311855,0.99558172068742,14.052998152483342,execution_stress,,KRW100M,R5,,50,event,0.6,3,66666.66666666667,0.0025,0.05,True,1.1836202023131048,0.18208961084499786,1.001530591468107,False
B3_beta60d3__KRW100M_R5,B3_beta60d3,diagnostics,2021,2021-01-04,2021-12-31,252,0.4371710714720482,-0.378294539710546,0.9319673805761096,0.4371710714720482,0.2861550585808201,0.1510160128912281,13.238569127369225,execution_stress,,KRW100M,R5,,50,event,0.6,3,66666.66666666667,0.0025,0.05,True,0.4371710714720482,0.28615505858082013,0.15101601289122807,False
B3_beta60d3__KRW100M_R5,B3_beta60d3,diagnostics,2022,2022-01-03,2022-12-30,251,-0.1191079745718854,-0.3008104678489062,-0.0819132532194906,-0.1186645498281674,-0.180528833522089,0.0614208589502035,12.654029785733131,execution_stress,,KRW100M,R5,,50,event,0.6,3,66666.66666666667,0.0025,0.05,True,-0.1186645498281674,-0.17988114323237925,0.061216593404211844,False
B3_beta60d3__KRW100M_R5,B3_beta60d3,diagnostics,2023,2023-01-03,2023-12-29,250,0.2088301275708022,-0.3229238574109334,0.7475507557388545,0.2070119857010948,0.2494116142532503,-0.0405814866824481,11.4776752994795,execution_stress,,KRW100M,R5,,50,event,0.6,3,66666.66666666667,0.0025,0.05,True,0.2070119857010948,0.24720554909618309,-0.04019356339508828,False
B3_beta60d3__KRW100M_R5,B3_beta60d3,diagnostics,2024,2024-01-02,2024-12-31,252,0.688542141073627,-0.284598689222042,1.3677968203709807,0.688542141073627,0.2643074461050603,0.4242346949685667,10.74816132101584,execution_stress,,KRW100M,R5,,50,event,0.6,3,66666.66666666667,0.0025,0.05,True,0.688542141073627,0.2643074461050603,0.4242346949685667,False
B3_beta60d3__KRW100M_R5,B3_beta60d3,diagnostics,2025,2025-01-02,2025-12-31,250,0.2341007943598878,-0.4015395777225446,0.6557255767071761,0.232042322762539,0.1785790013706134,0.0555217929892744,11.668051784974727,execution_stress,,KRW100M,R5,,50,event,0.6,3,66666.66666666667,0.0025,0.05,True,0.232042322762539,0.1770430847937292,0.05499923796880979,False
B3_beta60d3__KRW100M_R5,B3_beta60d3,diagnostics,2026,2026-01-02,2026-09-22,181,0.5244602407404206,-0.3121559878700634,1.0420627690632145,0.3537044824186759,0.193982242745804,0.3304779979946166,15.255670701070576,execution_stress,,KRW100M,R5,,50,event,0.6,3,66666.66666666667,0.0025,0.05,True,0.3537044824186759,0.13580564851123356,0.21789883390744236,True
B3_beta60d3__KRW100M_UNLIMITED,B3_beta60d3,diagnostics,2017,2017-01-04,2017-12-29,250,0.2873565665458961,-0.0928345065724202,1.2593094809168468,0.2847784007577016,0.2120011745455907,0.0753553920003053,11.89166226645701,execution_stress,,KRW100M,UNLIMITED,,50,event,0.6,3,66666.66666666667,0.0025,0.0,True,0.2847784007577016,0.21015310140377008,0.07462529935393153,False
B3_beta60d3__KRW100M_UNLIMITED,B3_beta60d3,diagnostics,2018,2018-01-02,2018-12-31,251,-0.1927327400463208,-0.3396740251962021,-0.570604737490445,-0.1920465902180318,-0.0642984107744514,-0.1284343292718693,9.675733048396651,execution_stress,,KRW100M,UNLIMITED,,50,event,0.6,3,66666.66666666667,0.0025,0.0,True,-0.1920465902180318,-0.06405161044839947,-0.12799497976963234,False
B3_beta60d3__KRW100M_UNLIMITED,B3_beta60d3,diagnostics,2019,2019-01-02,2019-12-31,252,0.573026207252427,-0.1836692393595609,2.050799735108187,0.573026207252427,0.3401954545671213,0.2328307526853057,9.576590391283698,execution_stress,,KRW100M,UNLIMITED,,50,event,0.6,3,66666.66666666667,0.0025,0.0,True,0.573026207252427,0.3401954545671213,0.23283075268530573,False
B3_beta60d3__KRW100M_UNLIMITED,B3_beta60d3,diagnostics,2020,2020-01-02,2020-12-31,253,1.176974373898565,-0.4632741850852769,1.7721206615099951,1.1837051813667516,0.1813082709311855,0.9956661029673796,14.05035094377376,execution_stress,,KRW100M,UNLIMITED,,50,event,0.6,3,66666.66666666667,0.0025,0.0,True,1.1837051813667516,0.18208961084499786,1.0016155705217538,False
B3_beta60d3__KRW100M_UNLIMITED,B3_beta60d3,diagnostics,2021,2021-01-04,2021-12-31,252,0.2271764100571052,-0.3764804285998302,0.6499570423314167,0.2271764100571052,0.2861550585808201,-0.0589786485237149,13.064443336537394,execution_stress,,KRW100M,UNLIMITED,,50,event,0.6,3,66666.66666666667,0.0025,0.0,True,0.2271764100571052,0.28615505858082013,-0.05897864852371493,False
B3_beta60d3__KRW100M_UNLIMITED,B3_beta60d3,diagnostics,2022,2022-01-03,2022-12-30,251,-0.1483270928888443,-0.3110341850563991,-0.1281872314516674,-0.147784307233676,-0.180528833522089,0.0322017406332446,12.992642345672785,execution_stress,,KRW100M,UNLIMITED,,50,event,0.6,3,66666.66666666667,0.0025,0.0,True,-0.147784307233676,-0.17988114323237925,0.03209683599870325,False
B3_beta60d3__KRW100M_UNLIMITED,B3_beta60d3,diagnostics,2023,2023-01-03,2023-12-29,250,0.2082635375257753,-0.316661172011865,0.7477537496927364,0.206450736775247,0.2494116142532503,-0.041148076727475,11.274704138828438,execution_stress,,KRW100M,UNLIMITED,,50,event,0.6,3,66666.66666666667,0.0025,0.0,True,0.206450736775247,0.24720554909618309,-0.040754812320936085,False
B3_beta60d3__KRW100M_UNLIMITED,B3_beta60d3,diagnostics,2024,2024-01-02,2024-12-31,252,0.3858794474543559,-0.2609408855050257,0.9837621824982368,0.3858794474543559,0.2643074461050603,0.1215720013492955,9.84524455655698,execution_stress,,KRW100M,UNLIMITED,,50,event,0.6,3,66666.66666666667,0.0025,0.0,True,0.3858794474543559,0.2643074461050603,0.12157200134929558,False
B3_beta60d3__KRW100M_UNLIMITED,B3_beta60d3,diagnostics,2025,2025-01-02,2025-12-31,250,0.1938758144852992,-0.4357516985711415,0.595939114177344,0.1921979409379324,0.1785790013706134,0.0152968131146857,10.735930848590623,execution_stress,,KRW100M,UNLIMITED,,50,event,0.6,3,66666.66666666667,0.0025,0.0,True,0.1921979409379324,0.1770430847937292,0.0151548561442032,False
B3_beta60d3__KRW100M_UNLIMITED,B3_beta60d3,diagnostics,2026,2026-01-02,2026-09-22,181,0.4054785353455703,-0.3875623540375223,0.8839271527299373,0.2769542290122799,0.193982242745804,0.2114962925997663,14.619825707653453,execution_stress,,KRW100M,UNLIMITED,,50,event,0.6,3,66666.66666666667,0.0025,0.0,True,0.2769542290122799,0.13580564851123356,0.14114858050104634,True
A0_event__excludeTop1,A0_event,exclusion_replays,2017,2017-01-04,2017-12-29,250,-0.098577151613955,-0.241041440185712,-0.3885795947467607,-0.0978343822414642,0.2120011745455907,-0.3105783261595458,13.994117623260092,actual_stock_exclusion_replay,,,,,50,event,0.5,3,100000.0,0.0025,0.01,True,-0.0978343822414642,0.21015310140377008,-0.30798748364523426,False
A0_event__excludeTop1,A0_event,exclusion_replays,2018,2018-01-02,2018-12-31,251,-0.3444174393995783,-0.4310592515590944,-1.4602392392893209,-0.3433180769808438,-0.0642984107744514,-0.2801190286251269,12.965696609635332,actual_stock_exclusion_replay,,,,,50,event,0.5,3,100000.0,0.0025,0.01,True,-0.3433180769808438,-0.06405161044839947,-0.27926646653244436,False
A0_event__excludeTop1,A0_event,exclusion_replays,2019,2019-01-02,2019-12-31,252,0.946797428866651,-0.1384697888758663,2.862613775167316,0.946797428866651,0.3401954545671213,0.6066019742995297,8.021258622975353,actual_stock_exclusion_replay,,,,,50,event,0.5,3,100000.0,0.0025,0.01,True,0.946797428866651,0.3401954545671213,0.6066019742995297,False
A0_event__excludeTop1,A0_event,exclusion_replays,2020,2020-01-02,2020-12-31,253,0.4376952781033218,-0.4181290744305683,1.044473953991692,0.4397679723594503,0.1813082709311855,0.2563870071721363,10.916176431927124,actual_stock_exclusion_replay,,,,,50,event,0.5,3,100000.0,0.0025,0.01,True,0.4397679723594503,0.18208961084499786,0.25767836151445245,False
A0_event__excludeTop1,A0_event,exclusion_replays,2021,2021-01-04,2021-12-31,252,-0.1233024790234341,-0.3235622778916006,-0.1372383079396109,-0.1233024790234341,0.2861550585808201,-0.4094575376042543,16.561694454777037,actual_stock_exclusion_replay,,,,,50,event,0.5,3,100000.0,0.0025,0.01,True,-0.1233024790234341,0.28615505858082013,-0.40945753760425424,False
A0_event__excludeTop1,A0_event,exclusion_replays,2022,2022-01-03,2022-12-30,251,0.0706153722722569,-0.30598190820891,0.3730805312352858,0.0703255228709223,-0.180528833522089,0.2511442057943459,11.770745461654837,actual_stock_exclusion_replay,,,,,50,event,0.5,3,100000.0,0.0025,0.01,True,0.0703255228709223,-0.17988114323237925,0.25020666610330156,False
A0_event__excludeTop1,A0_event,exclusion_replays,2023,2023-01-03,2023-12-29,250,0.2099353095637692,-0.2800519735623636,0.7880189932155025,0.2081067433804657,0.2494116142532503,-0.039476304689481,11.551397745545586,actual_stock_exclusion_replay,,,,,50,event,0.5,3,100000.0,0.0025,0.01,True,0.2081067433804657,0.24720554909618309,-0.03909880571571739,False
A0_event__excludeTop1,A0_event,exclusion_replays,2024,2024-01-02,2024-12-31,252,0.3580103885304788,-0.3228064046961619,0.9457375952140868,0.3580103885304788,0.2643074461050603,0.0937029424254185,14.430772357698778,actual_stock_exclusion_replay,,,,,50,event,0.5,3,100000.0,0.0025,0.01,True,0.3580103885304788,0.2643074461050603,0.09370294242541849,False
A0_event__excludeTop1,A0_event,exclusion_replays,2025,2025-01-02,2025-12-31,250,0.5278635088091943,-0.362897132702796,1.111415553142994,0.522732334447948,0.1785790013706134,0.3492845074385808,11.467058625100748,actual_stock_exclusion_replay,,,,,50,event,0.5,3,100000.0,0.0025,0.01,True,0.522732334447948,0.1770430847937292,0.34568924965421877,False
A0_event__excludeTop1,A0_event,exclusion_replays,2026,2026-01-02,2026-09-22,181,0.2253787541404361,-0.3511785849184579,0.6465443627368342,0.1571789540854919,0.193982242745804,0.0313965113946321,16.6609336527617,actual_stock_exclusion_replay,,,,,50,event,0.5,3,100000.0,0.0025,0.01,True,0.1571789540854919,0.13580564851123356,0.021373305574258344,True
A0_event__excludeTop3,A0_event,exclusion_replays,2017,2017-01-04,2017-12-29,250,-0.098577151613955,-0.241041440185712,-0.3885795947467607,-0.0978343822414642,0.2120011745455907,-0.3105783261595458,13.994117623260092,actual_stock_exclusion_replay,,,,,50,event,0.5,3,100000.0,0.0025,0.01,True,-0.0978343822414642,0.21015310140377008,-0.30798748364523426,False
A0_event__excludeTop3,A0_event,exclusion_replays,2018,2018-01-02,2018-12-31,251,-0.3444174393995783,-0.4310592515590944,-1.4602392392893209,-0.3433180769808438,-0.0642984107744514,-0.2801190286251269,12.965696609635332,actual_stock_exclusion_replay,,,,,50,event,0.5,3,100000.0,0.0025,0.01,True,-0.3433180769808438,-0.06405161044839947,-0.27926646653244436,False
A0_event__excludeTop3,A0_event,exclusion_replays,2019,2019-01-02,2019-12-31,252,0.946797428866651,-0.1384697888758663,2.862613775167316,0.946797428866651,0.3401954545671213,0.6066019742995297,8.021258622975353,actual_stock_exclusion_replay,,,,,50,event,0.5,3,100000.0,0.0025,0.01,True,0.946797428866651,0.3401954545671213,0.6066019742995297,False
A0_event__excludeTop3,A0_event,exclusion_replays,2020,2020-01-02,2020-12-31,253,0.4376952781033218,-0.4181290744305683,1.044473953991692,0.4397679723594503,0.1813082709311855,0.2563870071721363,10.916176431927124,actual_stock_exclusion_replay,,,,,50,event,0.5,3,100000.0,0.0025,0.01,True,0.4397679723594503,0.18208961084499786,0.25767836151445245,False
A0_event__excludeTop3,A0_event,exclusion_replays,2021,2021-01-04,2021-12-31,252,-0.1233024790234341,-0.3235622778916006,-0.1372383079396109,-0.1233024790234341,0.2861550585808201,-0.4094575376042543,16.561694454777037,actual_stock_exclusion_replay,,,,,50,event,0.5,3,100000.0,0.0025,0.01,True,-0.1233024790234341,0.28615505858082013,-0.40945753760425424,False
A0_event__excludeTop3,A0_event,exclusion_replays,2022,2022-01-03,2022-12-30,251,0.0706153722722569,-0.30598190820891,0.3730805312352858,0.0703255228709223,-0.180528833522089,0.2511442057943459,11.770745461654837,actual_stock_exclusion_replay,,,,,50,event,0.5,3,100000.0,0.0025,0.01,True,0.0703255228709223,-0.17988114323237925,0.25020666610330156,False
A0_event__excludeTop3,A0_event,exclusion_replays,2023,2023-01-03,2023-12-29,250,0.2099353095637692,-0.2800519735623636,0.7880189932155025,0.2081067433804657,0.2494116142532503,-0.039476304689481,11.551397745545586,actual_stock_exclusion_replay,,,,,50,event,0.5,3,100000.0,0.0025,0.01,True,0.2081067433804657,0.24720554909618309,-0.03909880571571739,False
A0_event__excludeTop3,A0_event,exclusion_replays,2024,2024-01-02,2024-12-31,252,0.3154658295706773,-0.3228064046961619,0.8714513943042573,0.3154658295706773,0.2643074461050603,0.051158383465617,14.53279170319447,actual_stock_exclusion_replay,,,,,50,event,0.5,3,100000.0,0.0025,0.01,True,0.3154658295706773,0.2643074461050603,0.05115838346561702,False
A0_event__excludeTop3,A0_event,exclusion_replays,2025,2025-01-02,2025-12-31,250,0.5082572924106168,-0.3522994297807331,1.0958712294284156,0.503346054415293,0.1785790013706134,0.3296782910400033,11.82288551723005,actual_stock_exclusion_replay,,,,,50,event,0.5,3,100000.0,0.0025,0.01,True,0.503346054415293,0.1770430847937292,0.3263029696215638,False
A0_event__excludeTop3,A0_event,exclusion_replays,2026,2026-01-02,2026-09-22,181,0.0319490753569444,-0.4099437991256388,0.3323512032991808,0.0228456533275513,0.193982242745804,-0.1620331673888595,17.46243883929935,actual_stock_exclusion_replay,,,,,50,event,0.5,3,100000.0,0.0025,0.01,True,0.0228456533275513,0.13580564851123356,-0.11295999518368226,True
A0_event__excludeTop5,A0_event,exclusion_replays,2017,2017-01-04,2017-12-29,250,-0.098577151613955,-0.241041440185712,-0.3885795947467607,-0.0978343822414642,0.2120011745455907,-0.3105783261595458,13.994117623260092,actual_stock_exclusion_replay,,,,,50,event,0.5,3,100000.0,0.0025,0.01,True,-0.0978343822414642,0.21015310140377008,-0.30798748364523426,False
A0_event__excludeTop5,A0_event,exclusion_replays,2018,2018-01-02,2018-12-31,251,-0.3444174393995783,-0.4310592515590944,-1.4602392392893209,-0.3433180769808438,-0.0642984107744514,-0.2801190286251269,12.965696609635332,actual_stock_exclusion_replay,,,,,50,event,0.5,3,100000.0,0.0025,0.01,True,-0.3433180769808438,-0.06405161044839947,-0.27926646653244436,False
A0_event__excludeTop5,A0_event,exclusion_replays,2019,2019-01-02,2019-12-31,252,0.946797428866651,-0.1384697888758663,2.862613775167316,0.946797428866651,0.3401954545671213,0.6066019742995297,8.021258622975353,actual_stock_exclusion_replay,,,,,50,event,0.5,3,100000.0,0.0025,0.01,True,0.946797428866651,0.3401954545671213,0.6066019742995297,False
A0_event__excludeTop5,A0_event,exclusion_replays,2020,2020-01-02,2020-12-31,253,0.4376952781033218,-0.4181290744305683,1.044473953991692,0.4397679723594503,0.1813082709311855,0.2563870071721363,10.916176431927124,actual_stock_exclusion_replay,,,,,50,event,0.5,3,100000.0,0.0025,0.01,True,0.4397679723594503,0.18208961084499786,0.25767836151445245,False
A0_event__excludeTop5,A0_event,exclusion_replays,2021,2021-01-04,2021-12-31,252,-0.1233024790234341,-0.3235622778916006,-0.1372383079396109,-0.1233024790234341,0.2861550585808201,-0.4094575376042543,16.561694454777037,actual_stock_exclusion_replay,,,,,50,event,0.5,3,100000.0,0.0025,0.01,True,-0.1233024790234341,0.28615505858082013,-0.40945753760425424,False
A0_event__excludeTop5,A0_event,exclusion_replays,2022,2022-01-03,2022-12-30,251,0.0706153722722569,-0.30598190820891,0.3730805312352858,0.0703255228709223,-0.180528833522089,0.2511442057943459,11.770745461654837,actual_stock_exclusion_replay,,,,,50,event,0.5,3,100000.0,0.0025,0.01,True,0.0703255228709223,-0.17988114323237925,0.25020666610330156,False
A0_event__excludeTop5,A0_event,exclusion_replays,2023,2023-01-03,2023-12-29,250,0.2099353095637692,-0.2800519735623636,0.7880189932155025,0.2081067433804657,0.2494116142532503,-0.039476304689481,11.551397745545586,actual_stock_exclusion_replay,,,,,50,event,0.5,3,100000.0,0.0025,0.01,True,0.2081067433804657,0.24720554909618309,-0.03909880571571739,False
A0_event__excludeTop5,A0_event,exclusion_replays,2024,2024-01-02,2024-12-31,252,0.0879470504785153,-0.3228064046961619,0.4114326741525461,0.0879470504785153,0.2643074461050603,-0.1763603956265449,14.721436864705888,actual_stock_exclusion_replay,,,,,50,event,0.5,3,100000.0,0.0025,0.01,True,0.0879470504785153,0.2643074461050603,-0.17636039562654499,False
A0_event__excludeTop5,A0_event,exclusion_replays,2025,2025-01-02,2025-12-31,250,0.5504713709303175,-0.3716911419729097,1.1710565549206842,0.5450841394106984,0.1785790013706134,0.371892369559704,11.511976874550635,actual_stock_exclusion_replay,,,,,50,event,0.5,3,100000.0,0.0025,0.01,True,0.5450841394106984,0.1770430847937292,0.36804105461696923,False
A0_event__excludeTop5,A0_event,exclusion_replays,2026,2026-01-02,2026-09-22,181,-0.1985520523206244,-0.413680566089699,-0.1432382405235306,-0.1469822506394192,0.193982242745804,-0.3925342950664284,18.951096346107818,actual_stock_exclusion_replay,,,,,50,event,0.5,3,100000.0,0.0025,0.01,True,-0.1469822506394192,0.13580564851123356,-0.2827878991506527,True
A0_event__excludeTop10,A0_event,exclusion_replays,2017,2017-01-04,2017-12-29,250,-0.098577151613955,-0.241041440185712,-0.3885795947467607,-0.0978343822414642,0.2120011745455907,-0.3105783261595458,13.994117623260092,actual_stock_exclusion_replay,,,,,50,event,0.5,3,100000.0,0.0025,0.01,True,-0.0978343822414642,0.21015310140377008,-0.30798748364523426,False
A0_event__excludeTop10,A0_event,exclusion_replays,2018,2018-01-02,2018-12-31,251,-0.3444174393995783,-0.4310592515590944,-1.4602392392893209,-0.3433180769808438,-0.0642984107744514,-0.2801190286251269,12.965696609635332,actual_stock_exclusion_replay,,,,,50,event,0.5,3,100000.0,0.0025,0.01,True,-0.3433180769808438,-0.06405161044839947,-0.27926646653244436,False
A0_event__excludeTop10,A0_event,exclusion_replays,2019,2019-01-02,2019-12-31,252,0.946797428866651,-0.1384697888758663,2.862613775167316,0.946797428866651,0.3401954545671213,0.6066019742995297,8.021258622975353,actual_stock_exclusion_replay,,,,,50,event,0.5,3,100000.0,0.0025,0.01,True,0.946797428866651,0.3401954545671213,0.6066019742995297,False
A0_event__excludeTop10,A0_event,exclusion_replays,2020,2020-01-02,2020-12-31,253,0.4376952781033218,-0.4181290744305683,1.044473953991692,0.4397679723594503,0.1813082709311855,0.2563870071721363,10.916176431927124,actual_stock_exclusion_replay,,,,,50,event,0.5,3,100000.0,0.0025,0.01,True,0.4397679723594503,0.18208961084499786,0.25767836151445245,False
A0_event__excludeTop10,A0_event,exclusion_replays,2021,2021-01-04,2021-12-31,252,-0.1233024790234341,-0.3235622778916006,-0.1372383079396109,-0.1233024790234341,0.2861550585808201,-0.4094575376042543,16.561694454777037,actual_stock_exclusion_replay,,,,,50,event,0.5,3,100000.0,0.0025,0.01,True,-0.1233024790234341,0.28615505858082013,-0.40945753760425424,False
A0_event__excludeTop10,A0_event,exclusion_replays,2022,2022-01-03,2022-12-30,251,0.0706153722722569,-0.30598190820891,0.3730805312352858,0.0703255228709223,-0.180528833522089,0.2511442057943459,11.770745461654837,actual_stock_exclusion_replay,,,,,50,event,0.5,3,100000.0,0.0025,0.01,True,0.0703255228709223,-0.17988114323237925,0.25020666610330156,False
A0_event__excludeTop10,A0_event,exclusion_replays,2023,2023-01-03,2023-12-29,250,0.2099353095637692,-0.2800519735623636,0.7880189932155025,0.2081067433804657,0.2494116142532503,-0.039476304689481,11.551397745545586,actual_stock_exclusion_replay,,,,,50,event,0.5,3,100000.0,0.0025,0.01,True,0.2081067433804657,0.24720554909618309,-0.03909880571571739,False
A0_event__excludeTop10,A0_event,exclusion_replays,2024,2024-01-02,2024-12-31,252,0.0676716736368086,-0.3228064046961619,0.3631101686028116,0.0676716736368086,0.2643074461050603,-0.1966357724682517,15.142028832580309,actual_stock_exclusion_replay,,,,,50,event,0.5,3,100000.0,0.0025,0.01,True,0.0676716736368086,0.2643074461050603,-0.1966357724682517,False
A0_event__excludeTop10,A0_event,exclusion_replays,2025,2025-01-02,2025-12-31,250,0.3891173553300926,-0.3742479954476353,0.9357911114032684,0.3854985915166491,0.1785790013706134,0.2105383539594791,13.044030724597157,actual_stock_exclusion_replay,,,,,50,event,0.5,3,100000.0,0.0025,0.01,True,0.3854985915166491,0.1770430847937292,0.2084555067229199,False
A0_event__excludeTop10,A0_event,exclusion_replays,2026,2026-01-02,2026-09-22,181,-0.328702145765655,-0.4405945831493025,-0.4208753300417563,-0.248928646517982,0.193982242745804,-0.522684388511459,23.51844009736584,actual_stock_exclusion_replay,,,,,50,event,0.5,3,100000.0,0.0025,0.01,True,-0.248928646517982,0.13580564851123356,-0.3847342950292155,True
A0_event__excludeSector_IT_HW,A0_event,exclusion_replays,2017,2017-01-04,2017-12-29,250,-0.0276897793990982,-0.2415363721316298,-0.0213418721830849,-0.0274730661307001,0.2120011745455907,-0.2396909539446889,13.72054092681423,actual_sector_exclusion_replay,,,,IT_HW,50,event,0.5,3,100000.0,0.0025,0.01,True,-0.0274730661307001,0.21015310140377008,-0.2376261675344702,False
A0_event__excludeSector_IT_HW,A0_event,exclusion_replays,2018,2018-01-02,2018-12-31,251,-0.319239719628139,-0.3979056355084396,-1.3509307670781734,-0.3182001052163059,-0.0642984107744514,-0.2549413088536876,12.382427004137828,actual_sector_exclusion_replay,,,,IT_HW,50,event,0.5,3,100000.0,0.0025,0.01,True,-0.3182001052163059,-0.06405161044839947,-0.2541484947679064,False
A0_event__excludeSector_IT_HW,A0_event,exclusion_replays,2019,2019-01-02,2019-12-31,252,1.0912294038171098,-0.1048268850584406,3.072650894146858,1.0912294038171098,0.3401954545671213,0.7510339492499885,8.13161963764254,actual_sector_exclusion_replay,,,,IT_HW,50,event,0.5,3,100000.0,0.0025,0.01,True,1.0912294038171098,0.3401954545671213,0.7510339492499885,False
A0_event__excludeSector_IT_HW,A0_event,exclusion_replays,2020,2020-01-02,2020-12-31,253,0.5080782688903667,-0.4353449638692838,1.1152640570925254,0.5105388975466034,0.1813082709311855,0.3267699979591811,10.46539110587406,actual_sector_exclusion_replay,,,,IT_HW,50,event,0.5,3,100000.0,0.0025,0.01,True,0.5105388975466034,0.18208961084499786,0.32844928670160556,False
A0_event__excludeSector_IT_HW,A0_event,exclusion_replays,2021,2021-01-04,2021-12-31,252,-0.1006370351613974,-0.3748455236316764,-0.0308813537034169,-0.1006370351613974,0.2861550585808201,-0.3867920937422175,17.122581724574903,actual_sector_exclusion_replay,,,,IT_HW,50,event,0.5,3,100000.0,0.0025,0.01,True,-0.1006370351613974,0.28615505858082013,-0.3867920937422175,False
A0_event__excludeSector_IT_HW,A0_event,exclusion_replays,2022,2022-01-03,2022-12-30,251,-0.0760138574170746,-0.3384546163083145,0.0242890991004222,-0.0757239362056181,-0.180528833522089,0.1045149761050143,14.17986286959906,actual_sector_exclusion_replay,,,,IT_HW,50,event,0.5,3,100000.0,0.0025,0.01,True,-0.0757239362056181,-0.17988114323237925,0.10415720702676115,False
A0_event__excludeSector_IT_HW,A0_event,exclusion_replays,2023,2023-01-03,2023-12-29,250,0.1905081047869699,-0.2813453362660661,0.7390606521846169,0.1888616171306274,0.2494116142532503,-0.0589035094662804,12.236632207729349,actual_sector_exclusion_replay,,,,IT_HW,50,event,0.5,3,100000.0,0.0025,0.01,True,0.1888616171306274,0.24720554909618309,-0.05834393196555568,False
A0_event__excludeSector_IT_HW,A0_event,exclusion_replays,2024,2024-01-02,2024-12-31,252,0.3246210812250572,-0.267839731087986,0.8985380285021394,0.3246210812250572,0.2643074461050603,0.0603136351199968,15.118274347807544,actual_sector_exclusion_replay,,,,IT_HW,50,event,0.5,3,100000.0,0.0025,0.01,True,0.3246210812250572,0.2643074461050603,0.06031363511999688,False
A0_event__excludeSector_IT_HW,A0_event,exclusion_replays,2025,2025-01-02,2025-12-31,250,0.6194119898884967,-0.3831724947341711,1.2143054268402502,0.6132281221959706,0.1785790013706134,0.4408329885178832,12.175864502702682,actual_sector_exclusion_replay,,,,IT_HW,50,event,0.5,3,100000.0,0.0025,0.01,True,0.6132281221959706,0.1770430847937292,0.43618503740224135,False
A0_event__excludeSector_IT_HW,A0_event,exclusion_replays,2026,2026-01-02,2026-09-22,181,-0.278015842344586,-0.4005604144160395,-0.3505323305187983,-0.2086166002237316,0.193982242745804,-0.47199808509039,20.119812460626672,actual_sector_exclusion_replay,,,,IT_HW,50,event,0.5,3,100000.0,0.0025,0.01,True,-0.2086166002237316,0.13580564851123356,-0.3444222487349652,True
A0_event__excludeSector_ENERGY,A0_event,exclusion_replays,2017,2017-01-04,2017-12-29,250,0.0307296675727015,-0.187542336802064,0.2521098284226044,0.0304821015910499,0.2120011745455907,-0.1812715069728891,12.627315239980826,actual_sector_exclusion_replay,,,,ENERGY,50,event,0.5,3,100000.0,0.0025,0.01,True,0.0304821015910499,0.21015310140377008,-0.17967099981272017,False
A0_event__excludeSector_ENERGY,A0_event,exclusion_replays,2018,2018-01-02,2018-12-31,251,-0.3233707998278587,-0.4256219258942629,-1.3044862869235236,-0.3223211256516095,-0.0642984107744514,-0.2590723890534073,13.360637087601466,actual_sector_exclusion_replay,,,,ENERGY,50,event,0.5,3,100000.0,0.0025,0.01,True,-0.3223211256516095,-0.06405161044839947,-0.25826951520321,False
A0_event__excludeSector_ENERGY,A0_event,exclusion_replays,2019,2019-01-02,2019-12-31,252,0.8214347125215145,-0.146021289510043,2.562135888971128,0.8214347125215145,0.3401954545671213,0.4812392579543931,9.19646783345486,actual_sector_exclusion_replay,,,,ENERGY,50,event,0.5,3,100000.0,0.0025,0.01,True,0.8214347125215145,0.3401954545671213,0.48123925795439315,False
A0_event__excludeSector_ENERGY,A0_event,exclusion_replays,2020,2020-01-02,2020-12-31,253,0.4337293008731955,-0.4232951174110643,1.0712850119147783,0.4357805386162527,0.1813082709311855,0.25242102994201,10.87567683284954,actual_sector_exclusion_replay,,,,ENERGY,50,event,0.5,3,100000.0,0.0025,0.01,True,0.4357805386162527,0.18208961084499786,0.25369092777125485,False
A0_event__excludeSector_ENERGY,A0_event,exclusion_replays,2021,2021-01-04,2021-12-31,252,-0.1448745830816827,-0.3526760636345224,-0.2200388311935681,-0.1448745830816827,0.2861550585808201,-0.4310296416625029,17.641614091472384,actual_sector_exclusion_replay,,,,ENERGY,50,event,0.5,3,100000.0,0.0025,0.01,True,-0.1448745830816827,0.28615505858082013,-0.4310296416625028,False
A0_event__excludeSector_ENERGY,A0_event,exclusion_replays,2022,2022-01-03,2022-12-30,251,-0.3679582620853838,-0.4421014422105306,-0.9459544959002132,-0.3668064970589413,-0.180528833522089,-0.1874294285632948,21.49777482245297,actual_sector_exclusion_replay,,,,ENERGY,50,event,0.5,3,100000.0,0.0025,0.01,True,-0.3668064970589413,-0.17988114323237925,-0.18692535382656206,False
A0_event__excludeSector_ENERGY,A0_event,exclusion_replays,2023,2023-01-03,2023-12-29,250,0.2773138514110622,-0.318431547273169,0.928588184790111,0.2748350338417251,0.2494116142532503,0.0279022371578119,11.806176603013984,actual_sector_exclusion_replay,,,,ENERGY,50,event,0.5,3,100000.0,0.0025,0.01,True,0.2748350338417251,0.24720554909618309,0.027629484745542,False
A0_event__excludeSector_ENERGY,A0_event,exclusion_replays,2024,2024-01-02,2024-12-31,252,0.4495067064708911,-0.2592191396585882,1.0321318254219392,0.4495067064708911,0.2643074461050603,0.1851992603658308,16.070793470959206,actual_sector_exclusion_replay,,,,ENERGY,50,event,0.5,3,100000.0,0.0025,0.01,True,0.4495067064708911,0.2643074461050603,0.1851992603658308,False
A0_event__excludeSector_ENERGY,A0_event,exclusion_replays,2025,2025-01-02,2025-12-31,250,0.9691146041940916,-0.3329664602503732,1.5983466138530726,0.9585538150142384,0.1785790013706134,0.790535602823478,9.289953207262574,actual_sector_exclusion_replay,,,,ENERGY,50,event,0.5,3,100000.0,0.0025,0.01,True,0.9585538150142384,0.1770430847937292,0.7815107302205092,False
A0_event__excludeSector_ENERGY,A0_event,exclusion_replays,2026,2026-01-02,2026-09-22,181,0.1454414086377633,-0.2611253231429254,0.5201474061242597,0.102446452923177,0.193982242745804,-0.0485408341080406,17.53181499535768,actual_sector_exclusion_replay,,,,ENERGY,50,event,0.5,3,100000.0,0.0025,0.01,True,0.102446452923177,0.13580564851123356,-0.033359195588056556,True
A0_event__excludeSector_SHIP_DEF,A0_event,exclusion_replays,2017,2017-01-04,2017-12-29,250,-0.0700615456269673,-0.2567006047207786,-0.2393309298703927,-0.0695252972511782,0.2120011745455907,-0.282062720172558,14.409696005491911,actual_sector_exclusion_replay,,,,SHIP_DEF,50,event,0.5,3,100000.0,0.0025,0.01,True,-0.0695252972511782,0.21015310140377008,-0.27967839865494826,False
A0_event__excludeSector_SHIP_DEF,A0_event,exclusion_replays,2018,2018-01-02,2018-12-31,251,-0.3028343942984429,-0.4025185099665744,-1.1500051873284902,-0.3018357028754433,-0.0642984107744514,-0.2385359835239915,13.665315138991351,actual_sector_exclusion_replay,,,,SHIP_DEF,50,event,0.5,3,100000.0,0.0025,0.01,True,-0.3018357028754433,-0.06405161044839947,-0.23778409242704385,False
A0_event__excludeSector_SHIP_DEF,A0_event,exclusion_replays,2019,2019-01-02,2019-12-31,252,0.7778975810156719,-0.155166660861486,2.4525802469438824,0.7778975810156719,0.3401954545671213,0.4377021264485505,9.44983783238461,actual_sector_exclusion_replay,,,,SHIP_DEF,50,event,0.5,3,100000.0,0.0025,0.01,True,0.7778975810156719,0.3401954545671213,0.43770212644855055,False
A0_event__excludeSector_SHIP_DEF,A0_event,exclusion_replays,2020,2020-01-02,2020-12-31,253,0.4927331320986061,-0.417659466665401,1.1331479070264543,0.4951080429828964,0.1813082709311855,0.3114248611674206,9.89588788961805,actual_sector_exclusion_replay,,,,SHIP_DEF,50,event,0.5,3,100000.0,0.0025,0.01,True,0.4951080429828964,0.18208961084499786,0.31301843213789854,False
A0_event__excludeSector_SHIP_DEF,A0_event,exclusion_replays,2021,2021-01-04,2021-12-31,252,-0.0915496313121866,-0.3215582814344552,-0.0358738615588132,-0.0915496313121866,0.2861550585808201,-0.3777046898930067,16.80595228699949,actual_sector_exclusion_replay,,,,SHIP_DEF,50,event,0.5,3,100000.0,0.0025,0.01,True,-0.0915496313121866,0.28615505858082013,-0.37770468989300676,False
A0_event__excludeSector_SHIP_DEF,A0_event,exclusion_replays,2022,2022-01-03,2022-12-30,251,0.0984440655950591,-0.283891911942052,0.4335335158269853,0.0980348637863184,-0.180528833522089,0.2789728991171482,12.27847868590496,actual_sector_exclusion_replay,,,,SHIP_DEF,50,event,0.5,3,100000.0,0.0025,0.01,True,0.0980348637863184,-0.17988114323237925,0.2779160070186977,False
A0_event__excludeSector_SHIP_DEF,A0_event,exclusion_replays,2023,2023-01-03,2023-12-29,250,0.1353367289303793,-0.3005562974109254,0.5673024997382944,0.1341935946623322,0.2494116142532503,-0.114074885322871,11.550483936049831,actual_sector_exclusion_replay,,,,SHIP_DEF,50,event,0.5,3,100000.0,0.0025,0.01,True,0.1341935946623322,0.24720554909618309,-0.1130119544338509,False
A0_event__excludeSector_SHIP_DEF,A0_event,exclusion_replays,2024,2024-01-02,2024-12-31,252,0.557091966446889,-0.2505977869149518,1.2978507896264075,0.557091966446889,0.2643074461050603,0.2927845203418286,13.815222970440049,actual_sector_exclusion_replay,,,,SHIP_DEF,50,event,0.5,3,100000.0,0.0025,0.01,True,0.557091966446889,0.2643074461050603,0.29278452034182867,False
A0_event__excludeSector_SHIP_DEF,A0_event,exclusion_replays,2025,2025-01-02,2025-12-31,250,0.5969162703412696,-0.3494285746053135,1.2046958904577123,0.5909949289578948,0.1785790013706134,0.4183372689706561,10.717324807954306,actual_sector_exclusion_replay,,,,SHIP_DEF,50,event,0.5,3,100000.0,0.0025,0.01,True,0.5909949289578948,0.1770430847937292,0.41395184416416564,False
A0_event__excludeSector_SHIP_DEF,A0_event,exclusion_replays,2026,2026-01-02,2026-09-22,181,0.692634807305698,-0.2587927971208237,1.2253334012383716,0.45937356043029,0.193982242745804,0.498652564559894,13.565268390093529,actual_sector_exclusion_replay,,,,SHIP_DEF,50,event,0.5,3,100000.0,0.0025,0.01,True,0.45937356043029,0.13580564851123356,0.32356791191905643,True
A0_quarter__excludeTop1,A0_quarter,exclusion_replays,2017,2017-01-04,2017-12-29,250,-0.140541877929432,-0.2640127911031776,-0.6182083753470698,-0.1395081800922585,0.2120011745455907,-0.3525430524750228,9.972694174277096,actual_stock_exclusion_replay,,,,,50,quarter,0.5,3,100000.0,0.0025,0.01,True,-0.1395081800922585,0.21015310140377008,-0.3496612814960286,False
A0_quarter__excludeTop1,A0_quarter,exclusion_replays,2018,2018-01-02,2018-12-31,251,-0.332751874025173,-0.4136596309316606,-1.4387588449843485,-0.331679727380871,-0.0642984107744514,-0.2684534632507216,8.872390240945812,actual_stock_exclusion_replay,,,,,50,quarter,0.5,3,100000.0,0.0025,0.01,True,-0.331679727380871,-0.06405161044839947,-0.2676281169324715,False
A0_quarter__excludeTop1,A0_quarter,exclusion_replays,2019,2019-01-02,2019-12-31,252,1.0169423194705347,-0.1388554728976949,2.9114061411908563,1.0169423194705347,0.3401954545671213,0.6767468649034134,5.617135824857282,actual_stock_exclusion_replay,,,,,50,quarter,0.5,3,100000.0,0.0025,0.01,True,1.0169423194705347,0.3401954545671213,0.6767468649034134,False
A0_quarter__excludeTop1,A0_quarter,exclusion_replays,2020,2020-01-02,2020-12-31,253,0.3987667840409872,-0.3830483172704285,0.994518121407267,0.4006307769611237,0.1813082709311855,0.2174585131098017,7.559550513690914,actual_stock_exclusion_replay,,,,,50,quarter,0.5,3,100000.0,0.0025,0.01,True,0.4006307769611237,0.18208961084499786,0.21854116611612584,False
A0_quarter__excludeTop1,A0_quarter,exclusion_replays,2021,2021-01-04,2021-12-31,252,-0.0731535805163725,-0.2767782657286494,-0.0030331265414246,-0.0731535805163725,0.2861550585808201,-0.3593086390971927,10.62555736645982,actual_stock_exclusion_replay,,,,,50,quarter,0.5,3,100000.0,0.0025,0.01,True,-0.0731535805163725,0.28615505858082013,-0.35930863909719263,False
A0_quarter__excludeTop1,A0_quarter,exclusion_replays,2022,2022-01-03,2022-12-30,251,0.0430824433922825,-0.3079079659691505,0.3078791161207639,0.0429078649707699,-0.180528833522089,0.2236112769143715,7.850701794889324,actual_stock_exclusion_replay,,,,,50,quarter,0.5,3,100000.0,0.0025,0.01,True,0.0429078649707699,-0.17988114323237925,0.22278900820314915,False
A0_quarter__excludeTop1,A0_quarter,exclusion_replays,2023,2023-01-03,2023-12-29,250,0.254151264724459,-0.293234972712978,0.9094241646235444,0.251899210423141,0.2494116142532503,0.0047396504712087,7.008380462487493,actual_stock_exclusion_replay,,,,,50,quarter,0.5,3,100000.0,0.0025,0.01,True,0.251899210423141,0.24720554909618309,0.004693661326957921,False
A0_quarter__excludeTop1,A0_quarter,exclusion_replays,2024,2024-01-02,2024-12-31,252,0.3105204499650953,-0.2573034925902171,0.8838580982653601,0.3105204499650953,0.2643074461050603,0.046213003860035,9.011876800947288,actual_stock_exclusion_replay,,,,,50,quarter,0.5,3,100000.0,0.0025,0.01,True,0.3105204499650953,0.2643074461050603,0.04621300386003502,False
A0_quarter__excludeTop1,A0_quarter,exclusion_replays,2025,2025-01-02,2025-12-31,250,0.6059025422643145,-0.3577278048260296,1.2351494095121958,0.5998766267916349,0.1785790013706134,0.427323540893701,7.290201300099047,actual_stock_exclusion_replay,,,,,50,quarter,0.5,3,100000.0,0.0025,0.01,True,0.5998766267916349,0.1770430847937292,0.4228335419979057,False
A0_quarter__excludeTop1,A0_quarter,exclusion_replays,2026,2026-01-02,2026-09-22,181,0.1991488606183671,-0.3398685653991967,0.6052226949772737,0.1393336292019547,0.193982242745804,0.0051666178725631,10.503685932335792,actual_stock_exclusion_replay,,,,,50,quarter,0.5,3,100000.0,0.0025,0.01,True,0.1393336292019547,0.13580564851123356,0.003527980690721133,True
A0_quarter__excludeTop3,A0_quarter,exclusion_replays,2017,2017-01-04,2017-12-29,250,-0.140541877929432,-0.2640127911031776,-0.6182083753470698,-0.1395081800922585,0.2120011745455907,-0.3525430524750228,9.972694174277096,actual_stock_exclusion_replay,,,,,50,quarter,0.5,3,100000.0,0.0025,0.01,True,-0.1395081800922585,0.21015310140377008,-0.3496612814960286,False
A0_quarter__excludeTop3,A0_quarter,exclusion_replays,2018,2018-01-02,2018-12-31,251,-0.332751874025173,-0.4136596309316606,-1.4387588449843485,-0.331679727380871,-0.0642984107744514,-0.2684534632507216,8.872390240945812,actual_stock_exclusion_replay,,,,,50,quarter,0.5,3,100000.0,0.0025,0.01,True,-0.331679727380871,-0.06405161044839947,-0.2676281169324715,False
A0_quarter__excludeTop3,A0_quarter,exclusion_replays,2019,2019-01-02,2019-12-31,252,1.056412963552158,-0.1335518196015196,2.9795038329536325,1.056412963552158,0.3401954545671213,0.7162175089850367,5.3296154474723245,actual_stock_exclusion_replay,,,,,50,quarter,0.5,3,100000.0,0.0025,0.01,True,1.056412963552158,0.3401954545671213,0.7162175089850367,False
A0_quarter__excludeTop3,A0_quarter,exclusion_replays,2020,2020-01-02,2020-12-31,253,0.4259570270707138,-0.3856303769127156,1.039439011601632,0.4279663427344233,0.1813082709311855,0.2446487561395283,7.355354770303484,actual_stock_exclusion_replay,,,,,50,quarter,0.5,3,100000.0,0.0025,0.01,True,0.4279663427344233,0.18208961084499786,0.24587673188942544,False
A0_quarter__excludeTop3,A0_quarter,exclusion_replays,2021,2021-01-04,2021-12-31,252,-0.161606484410233,-0.3363378631567647,-0.2595064349870515,-0.161606484410233,0.2861550585808201,-0.4477615429910532,11.198168424716254,actual_stock_exclusion_replay,,,,,50,quarter,0.5,3,100000.0,0.0025,0.01,True,-0.161606484410233,0.28615505858082013,-0.44776154299105314,False
A0_quarter__excludeTop3,A0_quarter,exclusion_replays,2022,2022-01-03,2022-12-30,251,0.0210682685698584,-0.3040897155099326,0.2520405016270549,0.0209837932464074,-0.180528833522089,0.2015971020919474,7.736878939751684,actual_stock_exclusion_replay,,,,,50,quarter,0.5,3,100000.0,0.0025,0.01,True,0.0209837932464074,-0.17988114323237925,0.20086493647878664,False
A0_quarter__excludeTop3,A0_quarter,exclusion_replays,2023,2023-01-03,2023-12-29,250,0.2546036239264511,-0.2926737475886994,0.9110588225871972,0.2523471729860489,0.2494116142532503,0.0051920096732007,7.01644021138295,actual_stock_exclusion_replay,,,,,50,quarter,0.5,3,100000.0,0.0025,0.01,True,0.2523471729860489,0.24720554909618309,0.005141623889865832,False
A0_quarter__excludeTop3,A0_quarter,exclusion_replays,2024,2024-01-02,2024-12-31,252,0.2659952018867468,-0.3086192240174119,0.7866904324733045,0.2659952018867468,0.2643074461050603,0.0016877557816865,9.398087823401315,actual_stock_exclusion_replay,,,,,50,quarter,0.5,3,100000.0,0.0025,0.01,True,0.2659952018867468,0.2643074461050603,0.0016877557816865063,False
A0_quarter__excludeTop3,A0_quarter,exclusion_replays,2025,2025-01-02,2025-12-31,250,0.6227513634610555,-0.3619232293438986,1.2146594766259824,0.6165283153280223,0.1785790013706134,0.4441723620904421,6.867087073219182,actual_stock_exclusion_replay,,,,,50,quarter,0.5,3,100000.0,0.0025,0.01,True,0.6165283153280223,0.1770430847937292,0.4394852305342931,False
A0_quarter__excludeTop3,A0_quarter,exclusion_replays,2026,2026-01-02,2026-09-22,181,0.0100600738136089,-0.3709996536099993,0.2906704640765886,0.0072154915066335,0.193982242745804,-0.183922168932195,12.087503319767436,actual_stock_exclusion_replay,,,,,50,quarter,0.5,3,100000.0,0.0025,0.01,True,0.0072154915066335,0.13580564851123356,-0.12859015700460005,True
A0_quarter__excludeTop5,A0_quarter,exclusion_replays,2017,2017-01-04,2017-12-29,250,-0.140541877929432,-0.2640127911031776,-0.6182083753470698,-0.1395081800922585,0.2120011745455907,-0.3525430524750228,9.972694174277096,actual_stock_exclusion_replay,,,,,50,quarter,0.5,3,100000.0,0.0025,0.01,True,-0.1395081800922585,0.21015310140377008,-0.3496612814960286,False
A0_quarter__excludeTop5,A0_quarter,exclusion_replays,2018,2018-01-02,2018-12-31,251,-0.332751874025173,-0.4136596309316606,-1.4387588449843485,-0.331679727380871,-0.0642984107744514,-0.2684534632507216,8.872390240945812,actual_stock_exclusion_replay,,,,,50,quarter,0.5,3,100000.0,0.0025,0.01,True,-0.331679727380871,-0.06405161044839947,-0.2676281169324715,False
A0_quarter__excludeTop5,A0_quarter,exclusion_replays,2019,2019-01-02,2019-12-31,252,1.056412963552158,-0.1335518196015196,2.9795038329536325,1.056412963552158,0.3401954545671213,0.7162175089850367,5.3296154474723245,actual_stock_exclusion_replay,,,,,50,quarter,0.5,3,100000.0,0.0025,0.01,True,1.056412963552158,0.3401954545671213,0.7162175089850367,False
A0_quarter__excludeTop5,A0_quarter,exclusion_replays,2020,2020-01-02,2020-12-31,253,0.4259570270707138,-0.3856303769127156,1.039439011601632,0.4279663427344233,0.1813082709311855,0.2446487561395283,7.355354770303484,actual_stock_exclusion_replay,,,,,50,quarter,0.5,3,100000.0,0.0025,0.01,True,0.4279663427344233,0.18208961084499786,0.24587673188942544,False
A0_quarter__excludeTop5,A0_quarter,exclusion_replays,2021,2021-01-04,2021-12-31,252,-0.161606484410233,-0.3363378631567647,-0.2595064349870515,-0.161606484410233,0.2861550585808201,-0.4477615429910532,11.198168424716254,actual_stock_exclusion_replay,,,,,50,quarter,0.5,3,100000.0,0.0025,0.01,True,-0.161606484410233,0.28615505858082013,-0.44776154299105314,False
A0_quarter__excludeTop5,A0_quarter,exclusion_replays,2022,2022-01-03,2022-12-30,251,0.0210682685698584,-0.3040897155099326,0.2520405016270549,0.0209837932464074,-0.180528833522089,0.2015971020919474,7.736878939751684,actual_stock_exclusion_replay,,,,,50,quarter,0.5,3,100000.0,0.0025,0.01,True,0.0209837932464074,-0.17988114323237925,0.20086493647878664,False
A0_quarter__excludeTop5,A0_quarter,exclusion_replays,2023,2023-01-03,2023-12-29,250,0.2546036239264511,-0.2926737475886994,0.9110588225871972,0.2523471729860489,0.2494116142532503,0.0051920096732007,7.01644021138295,actual_stock_exclusion_replay,,,,,50,quarter,0.5,3,100000.0,0.0025,0.01,True,0.2523471729860489,0.24720554909618309,0.005141623889865832,False
A0_quarter__excludeTop5,A0_quarter,exclusion_replays,2024,2024-01-02,2024-12-31,252,0.1985668843617167,-0.3086192240174119,0.6546141646048549,0.1985668843617167,0.2643074461050603,-0.0657405617433435,9.502940466061425,actual_stock_exclusion_replay,,,,,50,quarter,0.5,3,100000.0,0.0025,0.01,True,0.1985668843617167,0.2643074461050603,-0.06574056174334358,False
A0_quarter__excludeTop5,A0_quarter,exclusion_replays,2025,2025-01-02,2025-12-31,250,0.6742394750086596,-0.355971583051083,1.2695201599151953,0.6674055682423201,0.1785790013706134,0.4956604736380461,6.537655986367975,actual_stock_exclusion_replay,,,,,50,quarter,0.5,3,100000.0,0.0025,0.01,True,0.6674055682423201,0.1770430847937292,0.4903624834485909,False
A0_quarter__excludeTop5,A0_quarter,exclusion_replays,2026,2026-01-02,2026-09-22,181,-0.1349387917886635,-0.3598365851076671,0.0009033455525519,-0.0988778993563852,0.193982242745804,-0.3289210345344675,12.26414013316078,actual_stock_exclusion_replay,,,,,50,quarter,0.5,3,100000.0,0.0025,0.01,True,-0.0988778993563852,0.13580564851123356,-0.23468354786761875,True
A0_quarter__excludeTop10,A0_quarter,exclusion_replays,2017,2017-01-04,2017-12-29,250,-0.140541877929432,-0.2640127911031776,-0.6182083753470698,-0.1395081800922585,0.2120011745455907,-0.3525430524750228,9.972694174277096,actual_stock_exclusion_replay,,,,,50,quarter,0.5,3,100000.0,0.0025,0.01,True,-0.1395081800922585,0.21015310140377008,-0.3496612814960286,False
A0_quarter__excludeTop10,A0_quarter,exclusion_replays,2018,2018-01-02,2018-12-31,251,-0.332751874025173,-0.4136596309316606,-1.4387588449843485,-0.331679727380871,-0.0642984107744514,-0.2684534632507216,8.872390240945812,actual_stock_exclusion_replay,,,,,50,quarter,0.5,3,100000.0,0.0025,0.01,True,-0.331679727380871,-0.06405161044839947,-0.2676281169324715,False
A0_quarter__excludeTop10,A0_quarter,exclusion_replays,2019,2019-01-02,2019-12-31,252,1.056412963552158,-0.1335518196015196,2.9795038329536325,1.056412963552158,0.3401954545671213,0.7162175089850367,5.3296154474723245,actual_stock_exclusion_replay,,,,,50,quarter,0.5,3,100000.0,0.0025,0.01,True,1.056412963552158,0.3401954545671213,0.7162175089850367,False
A0_quarter__excludeTop10,A0_quarter,exclusion_replays,2020,2020-01-02,2020-12-31,253,0.4259570270707138,-0.3856303769127156,1.039439011601632,0.4279663427344233,0.1813082709311855,0.2446487561395283,7.355354770303484,actual_stock_exclusion_replay,,,,,50,quarter,0.5,3,100000.0,0.0025,0.01,True,0.4279663427344233,0.18208961084499786,0.24587673188942544,False
A0_quarter__excludeTop10,A0_quarter,exclusion_replays,2021,2021-01-04,2021-12-31,252,-0.1314226987883112,-0.319153912304211,-0.1609827137640311,-0.1314226987883112,0.2861550585808201,-0.4175777573691314,11.016900693353463,actual_stock_exclusion_replay,,,,,50,quarter,0.5,3,100000.0,0.0025,0.01,True,-0.1314226987883112,0.28615505858082013,-0.41757775736913133,False
A0_quarter__excludeTop10,A0_quarter,exclusion_replays,2022,2022-01-03,2022-12-30,251,0.0497439888383266,-0.3006543373665605,0.3237040725932638,0.0495417813255085,-0.180528833522089,0.2302728223604156,7.291217676131385,actual_stock_exclusion_replay,,,,,50,quarter,0.5,3,100000.0,0.0025,0.01,True,0.0495417813255085,-0.17988114323237925,0.22942292455788776,False
A0_quarter__excludeTop10,A0_quarter,exclusion_replays,2023,2023-01-03,2023-12-29,250,0.2063503211954442,-0.2884566622139656,0.7765102890829396,0.2045555404717807,0.2494116142532503,-0.043061293057806,7.462712697873573,actual_stock_exclusion_replay,,,,,50,quarter,0.5,3,100000.0,0.0025,0.01,True,0.2045555404717807,0.24720554909618309,-0.04265000862440238,False
A0_quarter__excludeTop10,A0_quarter,exclusion_replays,2024,2024-01-02,2024-12-31,252,0.2527789422561244,-0.2668939880544404,0.7679039319789527,0.2527789422561244,0.2643074461050603,-0.0115285038489358,9.407202523399569,actual_stock_exclusion_replay,,,,,50,quarter,0.5,3,100000.0,0.0025,0.01,True,0.2527789422561244,0.2643074461050603,-0.01152850384893589,False
A0_quarter__excludeTop10,A0_quarter,exclusion_replays,2025,2025-01-02,2025-12-31,250,0.3395217640424381,-0.3687714433122497,0.8443632105232983,0.3364177535600789,0.1785790013706134,0.1609427626718247,7.223411593304757,actual_stock_exclusion_replay,,,,,50,quarter,0.5,3,100000.0,0.0025,0.01,True,0.3364177535600789,0.1770430847937292,0.1593746687663497,False
A0_quarter__excludeTop10,A0_quarter,exclusion_replays,2026,2026-01-02,2026-09-22,181,-0.2445863314866317,-0.3489369623529431,-0.2808800477917584,-0.1824660872316814,0.193982242745804,-0.4385685742324358,14.026708273841754,actual_stock_exclusion_replay,,,,,50,quarter,0.5,3,100000.0,0.0025,0.01,True,-0.1824660872316814,0.13580564851123356,-0.31827173574291495,True
A0_quarter__excludeSector_IT_HW,A0_quarter,exclusion_replays,2017,2017-01-04,2017-12-29,250,-0.0942722182194795,-0.2838524625894629,-0.3545999314527099,-0.0935601767606021,0.2120011745455907,-0.3062733927650702,9.365071691549064,actual_sector_exclusion_replay,,,,IT_HW,50,quarter,0.5,3,100000.0,0.0025,0.01,True,-0.0935601767606021,0.21015310140377008,-0.3037132781643722,False
A0_quarter__excludeSector_IT_HW,A0_quarter,exclusion_replays,2018,2018-01-02,2018-12-31,251,-0.2956540421976787,-0.3708726758454538,-1.2605598356175547,-0.2946737450377962,-0.0642984107744514,-0.2313556314232273,8.259759560244886,actual_sector_exclusion_replay,,,,IT_HW,50,quarter,0.5,3,100000.0,0.0025,0.01,True,-0.2946737450377962,-0.06405161044839947,-0.23062213458939673,False
A0_quarter__excludeSector_IT_HW,A0_quarter,exclusion_replays,2019,2019-01-02,2019-12-31,252,1.2141771808893416,-0.1076881960152159,3.194937704232987,1.2141771808893416,0.3401954545671213,0.8739817263222203,5.286845205550084,actual_sector_exclusion_replay,,,,IT_HW,50,quarter,0.5,3,100000.0,0.0025,0.01,True,1.2141771808893416,0.3401954545671213,0.8739817263222203,False
A0_quarter__excludeSector_IT_HW,A0_quarter,exclusion_replays,2020,2020-01-02,2020-12-31,253,0.4794426009907253,-0.4015637501331704,1.082797616881506,0.4817437795672326,0.1813082709311855,0.2981343300595398,6.926230890896473,actual_sector_exclusion_replay,,,,IT_HW,50,quarter,0.5,3,100000.0,0.0025,0.01,True,0.4817437795672326,0.18208961084499786,0.2996541687222347,False
A0_quarter__excludeSector_IT_HW,A0_quarter,exclusion_replays,2021,2021-01-04,2021-12-31,252,-0.1270767549981486,-0.3722830223191797,-0.1176388392449276,-0.1270767549981486,0.2861550585808201,-0.4132318135789687,11.24594875264101,actual_sector_exclusion_replay,,,,IT_HW,50,quarter,0.5,3,100000.0,0.0025,0.01,True,-0.1270767549981486,0.28615505858082013,-0.41323181357896877,False
A0_quarter__excludeSector_IT_HW,A0_quarter,exclusion_replays,2022,2022-01-03,2022-12-30,251,-0.0606451219807642,-0.3186496192379905,0.0574685355821689,-0.0604118872253042,-0.180528833522089,0.1198837115413248,8.774869710385765,actual_sector_exclusion_replay,,,,IT_HW,50,quarter,0.5,3,100000.0,0.0025,0.01,True,-0.0604118872253042,-0.17988114323237925,0.11946925600707504,False
A0_quarter__excludeSector_IT_HW,A0_quarter,exclusion_replays,2023,2023-01-03,2023-12-29,250,0.210908686767451,-0.2952192187165586,0.7971462136700994,0.2090709329083537,0.2494116142532503,-0.0385029274857993,7.717229830457679,actual_sector_exclusion_replay,,,,IT_HW,50,quarter,0.5,3,100000.0,0.0025,0.01,True,0.2090709329083537,0.24720554909618309,-0.03813461618782937,False
A0_quarter__excludeSector_IT_HW,A0_quarter,exclusion_replays,2024,2024-01-02,2024-12-31,252,0.2109080759386152,-0.2498436632908309,0.6896475078762713,0.2109080759386152,0.2643074461050603,-0.053399370166445,9.279497543529413,actual_sector_exclusion_replay,,,,IT_HW,50,quarter,0.5,3,100000.0,0.0025,0.01,True,0.2109080759386152,0.2643074461050603,-0.05339937016644508,False
A0_quarter__excludeSector_IT_HW,A0_quarter,exclusion_replays,2025,2025-01-02,2025-12-31,250,0.5543658597870769,-0.3392043853760577,1.163379166417595,0.5489342569763149,0.1785790013706134,0.3757868584164634,7.647702285777912,actual_sector_exclusion_replay,,,,IT_HW,50,quarter,0.5,3,100000.0,0.0025,0.01,True,0.5489342569763149,0.1770430847937292,0.3718911721825857,False
A0_quarter__excludeSector_IT_HW,A0_quarter,exclusion_replays,2026,2026-01-02,2026-09-22,181,-0.2085546524972115,-0.3604831400843035,-0.2150239214665662,-0.1546424608058053,0.193982242745804,-0.4025368952430155,12.491391094737184,actual_sector_exclusion_replay,,,,IT_HW,50,quarter,0.5,3,100000.0,0.0025,0.01,True,-0.1546424608058053,0.13580564851123356,-0.29044810931703885,True
A0_quarter__excludeSector_HEALTH_SVC,A0_quarter,exclusion_replays,2017,2017-01-04,2017-12-29,250,-0.0589993469283379,-0.2639171374327079,-0.18952260805233,-0.0585450816825665,0.2120011745455907,-0.2710005214739287,9.890787643250391,actual_sector_exclusion_replay,,,,HEALTH_SVC,50,quarter,0.5,3,100000.0,0.0025,0.01,True,-0.0585450816825665,0.21015310140377008,-0.2686981830863366,False
A0_quarter__excludeSector_HEALTH_SVC,A0_quarter,exclusion_replays,2018,2018-01-02,2018-12-31,251,-0.3816766375289865,-0.4454093583733484,-1.7393902391061278,-0.3804959280394089,-0.0642984107744514,-0.3173782267545351,8.945237404393506,actual_sector_exclusion_replay,,,,HEALTH_SVC,50,quarter,0.5,3,100000.0,0.0025,0.01,True,-0.3804959280394089,-0.06405161044839947,-0.31644431759100944,False
A0_quarter__excludeSector_HEALTH_SVC,A0_quarter,exclusion_replays,2019,2019-01-02,2019-12-31,252,1.166400042306428,-0.1298390903907992,3.1226423392865734,1.166400042306428,0.3401954545671213,0.8262045877393067,4.668037001361881,actual_sector_exclusion_replay,,,,HEALTH_SVC,50,quarter,0.5,3,100000.0,0.0025,0.01,True,1.166400042306428,0.3401954545671213,0.8262045877393067,False
A0_quarter__excludeSector_HEALTH_SVC,A0_quarter,exclusion_replays,2020,2020-01-02,2020-12-31,253,0.4585462413835128,-0.3954925356124545,1.0673207215068727,0.4607324575989251,0.1813082709311855,0.2772379704523273,7.676480153720083,actual_sector_exclusion_replay,,,,HEALTH_SVC,50,quarter,0.5,3,100000.0,0.0025,0.01,True,0.4607324575989251,0.18208961084499786,0.27864284675392725,False
A0_quarter__excludeSector_HEALTH_SVC,A0_quarter,exclusion_replays,2021,2021-01-04,2021-12-31,252,-0.0939538858478995,-0.4378130257648817,-0.0021745320531802,-0.0939538858478995,0.2861550585808201,-0.3801089444287197,11.272542174009187,actual_sector_exclusion_replay,,,,HEALTH_SVC,50,quarter,0.5,3,100000.0,0.0025,0.01,True,-0.0939538858478995,0.28615505858082013,-0.3801089444287196,False
A0_quarter__excludeSector_HEALTH_SVC,A0_quarter,exclusion_replays,2022,2022-01-03,2022-12-30,251,-0.05713688364801,-0.311382634229594,0.0668060896606901,-0.056916728728292,-0.180528833522089,0.1233919498740789,8.067442603264576,actual_sector_exclusion_replay,,,,HEALTH_SVC,50,quarter,0.5,3,100000.0,0.0025,0.01,True,-0.056916728728292,-0.17988114323237925,0.12296441450408724,False
A0_quarter__excludeSector_HEALTH_SVC,A0_quarter,exclusion_replays,2023,2023-01-03,2023-12-29,250,0.0690980825580533,-0.3175559384550537,0.3712183049751725,0.0685313106697751,0.2494116142532503,-0.1803135316951969,8.133207105073602,actual_sector_exclusion_replay,,,,HEALTH_SVC,50,quarter,0.5,3,100000.0,0.0025,0.01,True,0.0685313106697751,0.24720554909618309,-0.178674238426408,False
A0_quarter__excludeSector_HEALTH_SVC,A0_quarter,exclusion_replays,2024,2024-01-02,2024-12-31,252,0.9893546765423312,-0.3160386447367121,1.439399898768072,0.9893546765423312,0.2643074461050603,0.725047230437271,10.044327135495276,actual_sector_exclusion_replay,,,,HEALTH_SVC,50,quarter,0.5,3,100000.0,0.0025,0.01,True,0.9893546765423312,0.2643074461050603,0.7250472304372709,False
A0_quarter__excludeSector_HEALTH_SVC,A0_quarter,exclusion_replays,2025,2025-01-02,2025-12-31,250,0.6836122458066807,-0.3700830637210516,1.2529515983899358,0.6766657925133255,0.1785790013706134,0.5050332444360672,6.638877640660434,actual_sector_exclusion_replay,,,,HEALTH_SVC,50,quarter,0.5,3,100000.0,0.0025,0.01,True,0.6766657925133255,0.1770430847937292,0.49962270771959627,False
A0_quarter__excludeSector_HEALTH_SVC,A0_quarter,exclusion_replays,2026,2026-01-02,2026-09-22,181,0.0067007484795877,-0.3830839730340986,0.2762287124641776,0.0048083090407065,0.193982242745804,-0.1872814942662162,10.887457526052946,actual_sector_exclusion_replay,,,,HEALTH_SVC,50,quarter,0.5,3,100000.0,0.0025,0.01,True,0.0048083090407065,0.13580564851123356,-0.13099733947052705,True
A0_quarter__excludeSector_SEMI,A0_quarter,exclusion_replays,2017,2017-01-04,2017-12-29,250,-0.1604020933797858,-0.2712543663342046,-0.7369548748438626,-0.1592362947926829,0.2120011745455907,-0.3724032679253766,10.005344847480744,actual_sector_exclusion_replay,,,,SEMI,50,quarter,0.5,3,100000.0,0.0025,0.01,True,-0.1592362947926829,0.21015310140377008,-0.36938939619645295,False
A0_quarter__excludeSector_SEMI,A0_quarter,exclusion_replays,2018,2018-01-02,2018-12-31,251,-0.3920632526870189,-0.4718740738750463,-1.7664688908780075,-0.3908614287839544,-0.0642984107744514,-0.3277648419125675,9.63714583665378,actual_sector_exclusion_replay,,,,SEMI,50,quarter,0.5,3,100000.0,0.0025,0.01,True,-0.3908614287839544,-0.06405161044839947,-0.32680981833555495,False
A0_quarter__excludeSector_SEMI,A0_quarter,exclusion_replays,2019,2019-01-02,2019-12-31,252,0.9794519984992875,-0.1248385556608601,2.766706523470152,0.9794519984992875,0.3401954545671213,0.6392565439321662,6.458450753418193,actual_sector_exclusion_replay,,,,SEMI,50,quarter,0.5,3,100000.0,0.0025,0.01,True,0.9794519984992875,0.3401954545671213,0.6392565439321662,False
A0_quarter__excludeSector_SEMI,A0_quarter,exclusion_replays,2020,2020-01-02,2020-12-31,253,0.3960049277164108,-0.3952569041573194,0.9780776338275248,0.3978542767263839,0.1813082709311855,0.2146966567852253,7.860303483370412,actual_sector_exclusion_replay,,,,SEMI,50,quarter,0.5,3,100000.0,0.0025,0.01,True,0.3978542767263839,0.18208961084499786,0.21576466588138604,False
A0_quarter__excludeSector_SEMI,A0_quarter,exclusion_replays,2021,2021-01-04,2021-12-31,252,-0.0645636378572915,-0.3152194835489419,0.0409605473740727,-0.0645636378572915,0.2861550585808201,-0.3507186964381117,10.52702857827487,actual_sector_exclusion_replay,,,,SEMI,50,quarter,0.5,3,100000.0,0.0025,0.01,True,-0.0645636378572915,0.28615505858082013,-0.3507186964381116,False
A0_quarter__excludeSector_SEMI,A0_quarter,exclusion_replays,2022,2022-01-03,2022-12-30,251,0.1444647798755196,-0.2968518820410132,0.5311193769981305,0.1438521235090477,-0.180528833522089,0.3249936133976087,7.486456114808178,actual_sector_exclusion_replay,,,,SEMI,50,quarter,0.5,3,100000.0,0.0025,0.01,True,0.1438521235090477,-0.17988114323237925,0.32373326674142694,False
A0_quarter__excludeSector_SEMI,A0_quarter,exclusion_replays,2023,2023-01-03,2023-12-29,250,-0.0162817942469856,-0.3639071938729202,0.1033530552183639,-0.0161536230363578,0.2494116142532503,-0.2656934085002359,8.901005610717476,actual_sector_exclusion_replay,,,,SEMI,50,quarter,0.5,3,100000.0,0.0025,0.01,True,-0.0161536230363578,0.24720554909618309,-0.2633591721325409,False
A0_quarter__excludeSector_SEMI,A0_quarter,exclusion_replays,2024,2024-01-02,2024-12-31,252,0.90351509026548,-0.2980138948127059,1.400723369431322,0.90351509026548,0.2643074461050603,0.6392076441604198,9.576965885996817,actual_sector_exclusion_replay,,,,SEMI,50,quarter,0.5,3,100000.0,0.0025,0.01,True,0.90351509026548,0.2643074461050603,0.6392076441604198,False
A0_quarter__excludeSector_SEMI,A0_quarter,exclusion_replays,2025,2025-01-02,2025-12-31,250,0.4754743958687861,-0.4091311442290775,0.9783451582179984,0.4709264244738484,0.1785790013706134,0.2968953944981727,7.740632337778146,actual_sector_exclusion_replay,,,,SEMI,50,quarter,0.5,3,100000.0,0.0025,0.01,True,0.4709264244738484,0.1770430847937292,0.2938833396801192,False
A0_quarter__excludeSector_SEMI,A0_quarter,exclusion_replays,2026,2026-01-02,2026-09-22,181,0.0232684170324444,-0.3441315783270989,0.2963281006758612,0.0166583881533266,0.193982242745804,-0.1707138257133595,12.577210311260892,actual_sector_exclusion_replay,,,,SEMI,50,quarter,0.5,3,100000.0,0.0025,0.01,True,0.0166583881533266,0.13580564851123356,-0.11914726035790696,True
A0_bimonth__excludeTop1,A0_bimonth,exclusion_replays,2017,2017-01-04,2017-12-29,250,-0.1162826205306087,-0.2499834274925902,-0.4842742597777996,-0.1154151843514521,0.2120011745455907,-0.3282837950761995,10.387810215795849,actual_stock_exclusion_replay,,,,,50,bimonth,0.5,3,100000.0,0.0025,0.01,True,-0.1154151843514521,0.21015310140377008,-0.3255682857552222,False
A0_bimonth__excludeTop1,A0_bimonth,exclusion_replays,2018,2018-01-02,2018-12-31,251,-0.318096261527135,-0.4126310393933271,-1.3395070275687253,-0.3170594491587098,-0.0642984107744514,-0.2537978507526836,8.903116005202651,actual_stock_exclusion_replay,,,,,50,bimonth,0.5,3,100000.0,0.0025,0.01,True,-0.3170594491587098,-0.06405161044839947,-0.25300783871031035,False
A0_bimonth__excludeTop1,A0_bimonth,exclusion_replays,2019,2019-01-02,2019-12-31,252,1.0350881423344926,-0.1309484021436242,2.9589562541488115,1.0350881423344926,0.3401954545671213,0.6948926877673713,5.831333331865926,actual_stock_exclusion_replay,,,,,50,bimonth,0.5,3,100000.0,0.0025,0.01,True,1.0350881423344926,0.3401954545671213,0.6948926877673713,False
A0_bimonth__excludeTop1,A0_bimonth,exclusion_replays,2020,2020-01-02,2020-12-31,253,0.3763626480250863,-0.3750385542932503,0.9642184367888484,0.3781084810921578,0.1813082709311855,0.1950543770939008,7.588314089453048,actual_stock_exclusion_replay,,,,,50,bimonth,0.5,3,100000.0,0.0025,0.01,True,0.3781084810921578,0.18208961084499786,0.19601887024715992,False
A0_bimonth__excludeTop1,A0_bimonth,exclusion_replays,2021,2021-01-04,2021-12-31,252,-0.0649798254419987,-0.2849095169707988,0.0184151831687564,-0.0649798254419987,0.2861550585808201,-0.3511348840228189,10.825751949704372,actual_stock_exclusion_replay,,,,,50,bimonth,0.5,3,100000.0,0.0025,0.01,True,-0.0649798254419987,0.28615505858082013,-0.35113488402281884,False
A0_bimonth__excludeTop1,A0_bimonth,exclusion_replays,2022,2022-01-03,2022-12-30,251,-0.0395156863163035,-0.3111217544276178,0.1007434615831733,-0.0393620055722588,-0.180528833522089,0.1410131472057855,8.822369102003638,actual_stock_exclusion_replay,,,,,50,bimonth,0.5,3,100000.0,0.0025,0.01,True,-0.0393620055722588,-0.17988114323237925,0.14051913766012045,False
A0_bimonth__excludeTop1,A0_bimonth,exclusion_replays,2023,2023-01-03,2023-12-29,250,0.2607468398738291,-0.2904937834947063,0.9248060089911108,0.2584305541267688,0.2494116142532503,0.0113352256205787,7.327428913643704,actual_stock_exclusion_replay,,,,,50,bimonth,0.5,3,100000.0,0.0025,0.01,True,0.2584305541267688,0.24720554909618309,0.01122500503058571,False
A0_bimonth__excludeTop1,A0_bimonth,exclusion_replays,2024,2024-01-02,2024-12-31,252,0.269359971125817,-0.2696868545437247,0.8012574175091124,0.269359971125817,0.2643074461050603,0.0050525250207567,9.355976258571175,actual_stock_exclusion_replay,,,,,50,bimonth,0.5,3,100000.0,0.0025,0.01,True,0.269359971125817,0.2643074461050603,0.005052525020756704,False
A0_bimonth__excludeTop1,A0_bimonth,exclusion_replays,2025,2025-01-02,2025-12-31,250,0.546903135301992,-0.368489622541111,1.169122621853921,0.5415564905821708,0.1785790013706134,0.3683241339313785,7.635563712349326,actual_stock_exclusion_replay,,,,,50,bimonth,0.5,3,100000.0,0.0025,0.01,True,0.5415564905821708,0.1770430847937292,0.3645134057884416,False
A0_bimonth__excludeTop1,A0_bimonth,exclusion_replays,2026,2026-01-02,2026-09-22,181,0.5111703350211858,-0.2719306735296308,1.0493794036885622,0.3452177067481308,0.193982242745804,0.3171880922753818,9.555835738244044,actual_stock_exclusion_replay,,,,,50,bimonth,0.5,3,100000.0,0.0025,0.01,True,0.3452177067481308,0.13580564851123356,0.20941205823689724,True
A0_bimonth__excludeTop3,A0_bimonth,exclusion_replays,2017,2017-01-04,2017-12-29,250,-0.1162826205306087,-0.2499834274925902,-0.4842742597777996,-0.1154151843514521,0.2120011745455907,-0.3282837950761995,10.387810215795849,actual_stock_exclusion_replay,,,,,50,bimonth,0.5,3,100000.0,0.0025,0.01,True,-0.1154151843514521,0.21015310140377008,-0.3255682857552222,False
A0_bimonth__excludeTop3,A0_bimonth,exclusion_replays,2018,2018-01-02,2018-12-31,251,-0.318096261527135,-0.4126310393933271,-1.3395070275687253,-0.3170594491587098,-0.0642984107744514,-0.2537978507526836,8.903116005202651,actual_stock_exclusion_replay,,,,,50,bimonth,0.5,3,100000.0,0.0025,0.01,True,-0.3170594491587098,-0.06405161044839947,-0.25300783871031035,False
A0_bimonth__excludeTop3,A0_bimonth,exclusion_replays,2019,2019-01-02,2019-12-31,252,1.0834034313082994,-0.1232377462974337,3.0403469412432176,1.0834034313082994,0.3401954545671213,0.7432079767411781,5.56517593158672,actual_stock_exclusion_replay,,,,,50,bimonth,0.5,3,100000.0,0.0025,0.01,True,1.0834034313082994,0.3401954545671213,0.7432079767411781,False
A0_bimonth__excludeTop3,A0_bimonth,exclusion_replays,2020,2020-01-02,2020-12-31,253,0.4037368306552935,-0.3732117207535517,1.0131118674248347,0.4056272305185462,0.1813082709311855,0.222428559724108,7.393922085366093,actual_stock_exclusion_replay,,,,,50,bimonth,0.5,3,100000.0,0.0025,0.01,True,0.4056272305185462,0.18208961084499786,0.22353761967354835,False
A0_bimonth__excludeTop3,A0_bimonth,exclusion_replays,2021,2021-01-04,2021-12-31,252,-0.1801588025549947,-0.3306939981142638,-0.3008374057635177,-0.1801588025549947,0.2861550585808201,-0.4663138611358148,11.826919990794812,actual_stock_exclusion_replay,,,,,50,bimonth,0.5,3,100000.0,0.0025,0.01,True,-0.1801588025549947,0.28615505858082013,-0.46631386113581486,False
A0_bimonth__excludeTop3,A0_bimonth,exclusion_replays,2022,2022-01-03,2022-12-30,251,0.022041068866607,-0.3091247253572529,0.2589277069354584,0.0219526512310035,-0.180528833522089,0.2025699023886961,8.223528310012876,actual_stock_exclusion_replay,,,,,50,bimonth,0.5,3,100000.0,0.0025,0.01,True,0.0219526512310035,-0.17988114323237925,0.20183379446338276,False
A0_bimonth__excludeTop3,A0_bimonth,exclusion_replays,2023,2023-01-03,2023-12-29,250,0.2640018770553625,-0.2909021544094349,0.9327603394038012,0.2616537918854393,0.2494116142532503,0.0145902628021121,7.309517658853118,actual_stock_exclusion_replay,,,,,50,bimonth,0.5,3,100000.0,0.0025,0.01,True,0.2616537918854393,0.24720554909618309,0.014448242789256216,False
A0_bimonth__excludeTop3,A0_bimonth,exclusion_replays,2024,2024-01-02,2024-12-31,252,0.148416013095828,-0.305955562627869,0.5509992405446045,0.148416013095828,0.2643074461050603,-0.1158914330092322,9.590959099823229,actual_stock_exclusion_replay,,,,,50,bimonth,0.5,3,100000.0,0.0025,0.01,True,0.148416013095828,0.2643074461050603,-0.1158914330092323,False
A0_bimonth__excludeTop3,A0_bimonth,exclusion_replays,2025,2025-01-02,2025-12-31,250,0.5572415583558976,-0.346881340823859,1.188991248656231,0.5517771425446865,0.1785790013706134,0.3786625569852841,7.518173397093187,actual_stock_exclusion_replay,,,,,50,bimonth,0.5,3,100000.0,0.0025,0.01,True,0.5517771425446865,0.1770430847937292,0.37473405775095725,False
A0_bimonth__excludeTop3,A0_bimonth,exclusion_replays,2026,2026-01-02,2026-09-22,181,0.0841465268299097,-0.332669407797371,0.4143266935890715,0.0597467245085128,0.193982242745804,-0.1098357159158942,11.217983013732786,actual_stock_exclusion_replay,,,,,50,bimonth,0.5,3,100000.0,0.0025,0.01,True,0.0597467245085128,0.13580564851123356,-0.07605892400272075,True
A0_bimonth__excludeTop5,A0_bimonth,exclusion_replays,2017,2017-01-04,2017-12-29,250,-0.1162826205306087,-0.2499834274925902,-0.4842742597777996,-0.1154151843514521,0.2120011745455907,-0.3282837950761995,10.387810215795849,actual_stock_exclusion_replay,,,,,50,bimonth,0.5,3,100000.0,0.0025,0.01,True,-0.1154151843514521,0.21015310140377008,-0.3255682857552222,False
A0_bimonth__excludeTop5,A0_bimonth,exclusion_replays,2018,2018-01-02,2018-12-31,251,-0.318096261527135,-0.4126310393933271,-1.3395070275687253,-0.3170594491587098,-0.0642984107744514,-0.2537978507526836,8.903116005202651,actual_stock_exclusion_replay,,,,,50,bimonth,0.5,3,100000.0,0.0025,0.01,True,-0.3170594491587098,-0.06405161044839947,-0.25300783871031035,False
A0_bimonth__excludeTop5,A0_bimonth,exclusion_replays,2019,2019-01-02,2019-12-31,252,1.0834034313082994,-0.1232377462974337,3.0403469412432176,1.0834034313082994,0.3401954545671213,0.7432079767411781,5.56517593158672,actual_stock_exclusion_replay,,,,,50,bimonth,0.5,3,100000.0,0.0025,0.01,True,1.0834034313082994,0.3401954545671213,0.7432079767411781,False
A0_bimonth__excludeTop5,A0_bimonth,exclusion_replays,2020,2020-01-02,2020-12-31,253,0.4037368306552935,-0.3732117207535517,1.0131118674248347,0.4056272305185462,0.1813082709311855,0.222428559724108,7.393922085366093,actual_stock_exclusion_replay,,,,,50,bimonth,0.5,3,100000.0,0.0025,0.01,True,0.4056272305185462,0.18208961084499786,0.22353761967354835,False
A0_bimonth__excludeTop5,A0_bimonth,exclusion_replays,2021,2021-01-04,2021-12-31,252,-0.1801588025549947,-0.3306939981142638,-0.3008374057635177,-0.1801588025549947,0.2861550585808201,-0.4663138611358148,11.826919990794812,actual_stock_exclusion_replay,,,,,50,bimonth,0.5,3,100000.0,0.0025,0.01,True,-0.1801588025549947,0.28615505858082013,-0.46631386113581486,False
A0_bimonth__excludeTop5,A0_bimonth,exclusion_replays,2022,2022-01-03,2022-12-30,251,0.022041068866607,-0.3091247253572529,0.2589277069354584,0.0219526512310035,-0.180528833522089,0.2025699023886961,8.223528310012876,actual_stock_exclusion_replay,,,,,50,bimonth,0.5,3,100000.0,0.0025,0.01,True,0.0219526512310035,-0.17988114323237925,0.20183379446338276,False
A0_bimonth__excludeTop5,A0_bimonth,exclusion_replays,2023,2023-01-03,2023-12-29,250,0.2640018770553625,-0.2909021544094349,0.9327603394038012,0.2616537918854393,0.2494116142532503,0.0145902628021121,7.309517658853118,actual_stock_exclusion_replay,,,,,50,bimonth,0.5,3,100000.0,0.0025,0.01,True,0.2616537918854393,0.24720554909618309,0.014448242789256216,False
A0_bimonth__excludeTop5,A0_bimonth,exclusion_replays,2024,2024-01-02,2024-12-31,252,0.069706053631775,-0.305955562627869,0.3676187735152963,0.069706053631775,0.2643074461050603,-0.1946013924732852,9.755105160075356,actual_stock_exclusion_replay,,,,,50,bimonth,0.5,3,100000.0,0.0025,0.01,True,0.069706053631775,0.2643074461050603,-0.19460139247328528,False
A0_bimonth__excludeTop5,A0_bimonth,exclusion_replays,2025,2025-01-02,2025-12-31,250,0.7427798648155122,-0.3462107503861796,1.384504014576989,0.7351135862070677,0.1785790013706134,0.5642008634448987,6.888580881094451,actual_stock_exclusion_replay,,,,,50,bimonth,0.5,3,100000.0,0.0025,0.01,True,0.7351135862070677,0.1770430847937292,0.5580705014133385,False
A0_bimonth__excludeTop5,A0_bimonth,exclusion_replays,2026,2026-01-02,2026-09-22,181,-0.074854116593646,-0.3459998284532322,0.1120928346634992,-0.0543501523406999,0.193982242745804,-0.26883635933945,11.452022851656336,actual_stock_exclusion_replay,,,,,50,bimonth,0.5,3,100000.0,0.0025,0.01,True,-0.0543501523406999,0.13580564851123356,-0.19015580085193345,True
A0_bimonth__excludeTop10,A0_bimonth,exclusion_replays,2017,2017-01-04,2017-12-29,250,-0.1162826205306087,-0.2499834274925902,-0.4842742597777996,-0.1154151843514521,0.2120011745455907,-0.3282837950761995,10.387810215795849,actual_stock_exclusion_replay,,,,,50,bimonth,0.5,3,100000.0,0.0025,0.01,True,-0.1154151843514521,0.21015310140377008,-0.3255682857552222,False
A0_bimonth__excludeTop10,A0_bimonth,exclusion_replays,2018,2018-01-02,2018-12-31,251,-0.318096261527135,-0.4126310393933271,-1.3395070275687253,-0.3170594491587098,-0.0642984107744514,-0.2537978507526836,8.903116005202651,actual_stock_exclusion_replay,,,,,50,bimonth,0.5,3,100000.0,0.0025,0.01,True,-0.3170594491587098,-0.06405161044839947,-0.25300783871031035,False
A0_bimonth__excludeTop10,A0_bimonth,exclusion_replays,2019,2019-01-02,2019-12-31,252,1.0834034313082994,-0.1232377462974337,3.0403469412432176,1.0834034313082994,0.3401954545671213,0.7432079767411781,5.56517593158672,actual_stock_exclusion_replay,,,,,50,bimonth,0.5,3,100000.0,0.0025,0.01,True,1.0834034313082994,0.3401954545671213,0.7432079767411781,False
A0_bimonth__excludeTop10,A0_bimonth,exclusion_replays,2020,2020-01-02,2020-12-31,253,0.4037368306552935,-0.3732117207535517,1.0131118674248347,0.4056272305185462,0.1813082709311855,0.222428559724108,7.393922085366093,actual_stock_exclusion_replay,,,,,50,bimonth,0.5,3,100000.0,0.0025,0.01,True,0.4056272305185462,0.18208961084499786,0.22353761967354835,False
A0_bimonth__excludeTop10,A0_bimonth,exclusion_replays,2021,2021-01-04,2021-12-31,252,-0.1435925487378408,-0.3376953557054223,-0.190475285174103,-0.1435925487378408,0.2861550585808201,-0.429747607318661,11.675462968620224,actual_stock_exclusion_replay,,,,,50,bimonth,0.5,3,100000.0,0.0025,0.01,True,-0.1435925487378408,0.28615505858082013,-0.4297476073186609,False
A0_bimonth__excludeTop10,A0_bimonth,exclusion_replays,2022,2022-01-03,2022-12-30,251,0.0419399407365845,-0.3003661574610702,0.305537289444345,0.0417700840415569,-0.180528833522089,0.2224687742586736,7.612983169614651,actual_stock_exclusion_replay,,,,,50,bimonth,0.5,3,100000.0,0.0025,0.01,True,0.0417700840415569,-0.17988114323237925,0.22165122727393616,False
A0_bimonth__excludeTop10,A0_bimonth,exclusion_replays,2023,2023-01-03,2023-12-29,250,0.2082633985065805,-0.2867314212257015,0.7806169014388389,0.206450599066299,0.2494116142532503,-0.0411482157466698,7.769381977318328,actual_stock_exclusion_replay,,,,,50,bimonth,0.5,3,100000.0,0.0025,0.01,True,0.206450599066299,0.24720554909618309,-0.04075495002988408,False
A0_bimonth__excludeTop10,A0_bimonth,exclusion_replays,2024,2024-01-02,2024-12-31,252,0.0511502074027885,-0.3062956193170316,0.3215404385429883,0.0511502074027885,0.2643074461050603,-0.2131572387022717,9.857250329832612,actual_stock_exclusion_replay,,,,,50,bimonth,0.5,3,100000.0,0.0025,0.01,True,0.0511502074027885,0.2643074461050603,-0.2131572387022718,False
A0_bimonth__excludeTop10,A0_bimonth,exclusion_replays,2025,2025-01-02,2025-12-31,250,0.3794154283683317,-0.3654361494980319,0.9304817368886288,0.3758984710064263,0.1785790013706134,0.2008364269977183,8.493012838480743,actual_stock_exclusion_replay,,,,,50,bimonth,0.5,3,100000.0,0.0025,0.01,True,0.3758984710064263,0.1770430847937292,0.1988553862126971,False
A0_bimonth__excludeTop10,A0_bimonth,exclusion_replays,2026,2026-01-02,2026-09-22,181,-0.2818563170255189,-0.3701112441300184,-0.3719414100855092,-0.2116424562975517,0.193982242745804,-0.4758385597713229,14.8017227906491,actual_stock_exclusion_replay,,,,,50,bimonth,0.5,3,100000.0,0.0025,0.01,True,-0.2116424562975517,0.13580564851123356,-0.3474481048087853,True
A0_bimonth__excludeSector_IT_HW,A0_bimonth,exclusion_replays,2017,2017-01-04,2017-12-29,250,-0.0733952476963725,-0.267551932486765,-0.2468367974495877,-0.0728344956193361,0.2120011745455907,-0.2853964222419632,9.829974743429933,actual_sector_exclusion_replay,,,,IT_HW,50,bimonth,0.5,3,100000.0,0.0025,0.01,True,-0.0728344956193361,0.21015310140377008,-0.28298759702310616,False
A0_bimonth__excludeSector_IT_HW,A0_bimonth,exclusion_replays,2018,2018-01-02,2018-12-31,251,-0.3018928900495998,-0.3774434214143225,-1.294261168589126,-0.3008965939146861,-0.0642984107744514,-0.2375944792751484,8.429592147418399,actual_sector_exclusion_replay,,,,IT_HW,50,bimonth,0.5,3,100000.0,0.0025,0.01,True,-0.3008965939146861,-0.06405161044839947,-0.23684498346628663,False
A0_bimonth__excludeSector_IT_HW,A0_bimonth,exclusion_replays,2019,2019-01-02,2019-12-31,252,1.2414271913956507,-0.0932249990267883,3.281515805102736,1.2414271913956507,0.3401954545671213,0.9012317368285294,5.566686049465998,actual_sector_exclusion_replay,,,,IT_HW,50,bimonth,0.5,3,100000.0,0.0025,0.01,True,1.2414271913956507,0.3401954545671213,0.9012317368285294,False
A0_bimonth__excludeSector_IT_HW,A0_bimonth,exclusion_replays,2020,2020-01-02,2020-12-31,253,0.4573338962813571,-0.3916635445693421,1.0600917514475894,0.4595134792182462,0.1813082709311855,0.2760256253501716,6.971494123000616,actual_sector_exclusion_replay,,,,IT_HW,50,bimonth,0.5,3,100000.0,0.0025,0.01,True,0.4595134792182462,0.18208961084499786,0.27742386837324834,False
A0_bimonth__excludeSector_IT_HW,A0_bimonth,exclusion_replays,2021,2021-01-04,2021-12-31,252,-0.1008447133112941,-0.3598777771834064,-0.0505493045827487,-0.1008447133112941,0.2861550585808201,-0.3869997718921143,11.668242495820362,actual_sector_exclusion_replay,,,,IT_HW,50,bimonth,0.5,3,100000.0,0.0025,0.01,True,-0.1008447133112941,0.28615505858082013,-0.3869997718921142,False
A0_bimonth__excludeSector_IT_HW,A0_bimonth,exclusion_replays,2022,2022-01-03,2022-12-30,251,-0.0708101718259813,-0.3225699217464585,0.0308506838093207,-0.0705393316930232,-0.180528833522089,0.1097186616961076,9.159382222184226,actual_sector_exclusion_replay,,,,IT_HW,50,bimonth,0.5,3,100000.0,0.0025,0.01,True,-0.0705393316930232,-0.17988114323237925,0.10934181153935604,False
A0_bimonth__excludeSector_IT_HW,A0_bimonth,exclusion_replays,2023,2023-01-03,2023-12-29,250,0.1975882014392358,-0.2926111616512168,0.7597205274283609,0.1958756431872843,0.2494116142532503,-0.0518234128140144,8.041710957784943,actual_sector_exclusion_replay,,,,IT_HW,50,bimonth,0.5,3,100000.0,0.0025,0.01,True,0.1958756431872843,0.24720554909618309,-0.0513299059088988,False
A0_bimonth__excludeSector_IT_HW,A0_bimonth,exclusion_replays,2024,2024-01-02,2024-12-31,252,0.2593619927122919,-0.2557201767653057,0.7787167669827966,0.2593619927122919,0.2643074461050603,-0.0049454533927684,9.632120854919735,actual_sector_exclusion_replay,,,,IT_HW,50,bimonth,0.5,3,100000.0,0.0025,0.01,True,0.2593619927122919,0.2643074461050603,-0.0049454533927684174,False
A0_bimonth__excludeSector_IT_HW,A0_bimonth,exclusion_replays,2025,2025-01-02,2025-12-31,250,0.5440907401016211,-0.3694146104845082,1.1527561260926475,0.5387760393919463,0.1785790013706134,0.3655117387310076,8.126591955043793,actual_sector_exclusion_replay,,,,IT_HW,50,bimonth,0.5,3,100000.0,0.0025,0.01,True,0.5387760393919463,0.1770430847937292,0.3617329545982171,False
A0_bimonth__excludeSector_IT_HW,A0_bimonth,exclusion_replays,2026,2026-01-02,2026-09-22,181,-0.2391268549293072,-0.3584124726232882,-0.2987396365618135,-0.1782266427242947,0.193982242745804,-0.4331090976751112,12.504740722865469,actual_sector_exclusion_replay,,,,IT_HW,50,bimonth,0.5,3,100000.0,0.0025,0.01,True,-0.1782266427242947,0.13580564851123356,-0.3140322912355282,True
A0_bimonth__excludeSector_HEALTH_SVC,A0_bimonth,exclusion_replays,2017,2017-01-04,2017-12-29,250,-0.0363156825550261,-0.2498757618640618,-0.0737432392996591,-0.0360327192932974,0.2120011745455907,-0.2483168571006169,10.415409715238155,actual_sector_exclusion_replay,,,,HEALTH_SVC,50,bimonth,0.5,3,100000.0,0.0025,0.01,True,-0.0360327192932974,0.21015310140377008,-0.2461858206970675,False
A0_bimonth__excludeSector_HEALTH_SVC,A0_bimonth,exclusion_replays,2018,2018-01-02,2018-12-31,251,-0.3555097200261817,-0.426181814606303,-1.5176145998103296,-0.3543852413679098,-0.0642984107744514,-0.2912113092517303,9.029821831227348,actual_sector_exclusion_replay,,,,HEALTH_SVC,50,bimonth,0.5,3,100000.0,0.0025,0.01,True,-0.3543852413679098,-0.06405161044839947,-0.2903336309195103,False
A0_bimonth__excludeSector_HEALTH_SVC,A0_bimonth,exclusion_replays,2019,2019-01-02,2019-12-31,252,1.19078688372764,-0.1165510477234914,3.205443982704255,1.19078688372764,0.3401954545671213,0.8505914291605188,4.925675924703052,actual_sector_exclusion_replay,,,,HEALTH_SVC,50,bimonth,0.5,3,100000.0,0.0025,0.01,True,1.19078688372764,0.3401954545671213,0.8505914291605188,False
A0_bimonth__excludeSector_HEALTH_SVC,A0_bimonth,exclusion_replays,2020,2020-01-02,2020-12-31,253,0.4403602169866798,-0.3898015609208611,1.051982001464392,0.4424473534761288,0.1813082709311855,0.2590519460554943,7.677262984454031,actual_sector_exclusion_replay,,,,HEALTH_SVC,50,bimonth,0.5,3,100000.0,0.0025,0.01,True,0.4424473534761288,0.18208961084499786,0.26035774263113093,False
A0_bimonth__excludeSector_HEALTH_SVC,A0_bimonth,exclusion_replays,2021,2021-01-04,2021-12-31,252,-0.044582280700002,-0.4100095820352711,0.1119571014205725,-0.044582280700002,0.2861550585808201,-0.3307373392808221,11.888053075411554,actual_sector_exclusion_replay,,,,HEALTH_SVC,50,bimonth,0.5,3,100000.0,0.0025,0.01,True,-0.044582280700002,0.28615505858082013,-0.33073733928082216,False
A0_bimonth__excludeSector_HEALTH_SVC,A0_bimonth,exclusion_replays,2022,2022-01-03,2022-12-30,251,-0.0373499310859102,-0.3123634245186896,0.1169993488082263,-0.0372045091008327,-0.180528833522089,0.1431789024361788,8.365547160507154,actual_sector_exclusion_replay,,,,HEALTH_SVC,50,bimonth,0.5,3,100000.0,0.0025,0.01,True,-0.0372045091008327,-0.17988114323237925,0.14267663413154655,False
A0_bimonth__excludeSector_HEALTH_SVC,A0_bimonth,exclusion_replays,2023,2023-01-03,2023-12-29,250,0.1347623840701821,-0.2789672097325092,0.5723714454461077,0.1336243806516934,0.2494116142532503,-0.1146492301830681,8.314891040482703,actual_sector_exclusion_replay,,,,HEALTH_SVC,50,bimonth,0.5,3,100000.0,0.0025,0.01,True,0.1336243806516934,0.24720554909618309,-0.11358116844448968,False
A0_bimonth__excludeSector_HEALTH_SVC,A0_bimonth,exclusion_replays,2024,2024-01-02,2024-12-31,252,0.8757021395715701,-0.3048901110152209,1.3535314824234486,0.8757021395715701,0.2643074461050603,0.6113946934665098,10.30762137892824,actual_sector_exclusion_replay,,,,HEALTH_SVC,50,bimonth,0.5,3,100000.0,0.0025,0.01,True,0.8757021395715701,0.2643074461050603,0.6113946934665098,False
A0_bimonth__excludeSector_HEALTH_SVC,A0_bimonth,exclusion_replays,2025,2025-01-02,2025-12-31,250,0.6023014265439457,-0.3501580019144505,1.1609527490311904,0.5963174650789853,0.1785790013706134,0.4237224251733322,7.683995373102704,actual_sector_exclusion_replay,,,,HEALTH_SVC,50,bimonth,0.5,3,100000.0,0.0025,0.01,True,0.5963174650789853,0.1770430847937292,0.4192743802852561,False
A0_bimonth__excludeSector_HEALTH_SVC,A0_bimonth,exclusion_replays,2026,2026-01-02,2026-09-22,181,0.1674797017777063,-0.3495365372363433,0.5568052532929753,0.1176404312846468,0.193982242745804,-0.0265025409680976,11.069028530470266,actual_sector_exclusion_replay,,,,HEALTH_SVC,50,bimonth,0.5,3,100000.0,0.0025,0.01,True,0.1176404312846468,0.13580564851123356,-0.01816521722658676,True
A0_bimonth__excludeSector_CONSUMER,A0_bimonth,exclusion_replays,2017,2017-01-04,2017-12-29,250,-0.0718851176217327,-0.263297498236379,-0.245395459194848,-0.0713354537632253,0.2120011745455907,-0.2838862921673235,9.781013066551116,actual_sector_exclusion_replay,,,,CONSUMER,50,bimonth,0.5,3,100000.0,0.0025,0.01,True,-0.0713354537632253,0.21015310140377008,-0.2814885551669954,False
A0_bimonth__excludeSector_CONSUMER,A0_bimonth,exclusion_replays,2018,2018-01-02,2018-12-31,251,-0.3137660703894306,-0.3882116537236443,-1.346709571832886,-0.312739937840676,-0.0642984107744514,-0.2494676596149792,9.223973359656345,actual_sector_exclusion_replay,,,,CONSUMER,50,bimonth,0.5,3,100000.0,0.0025,0.01,True,-0.312739937840676,-0.06405161044839947,-0.24868832739227653,False
A0_bimonth__excludeSector_CONSUMER,A0_bimonth,exclusion_replays,2019,2019-01-02,2019-12-31,252,0.9317254314213111,-0.1233557472228518,2.7206907547291035,0.9317254314213111,0.3401954545671213,0.59152997685419,5.868225886232237,actual_sector_exclusion_replay,,,,CONSUMER,50,bimonth,0.5,3,100000.0,0.0025,0.01,True,0.9317254314213111,0.3401954545671213,0.5915299768541898,False
A0_bimonth__excludeSector_CONSUMER,A0_bimonth,exclusion_replays,2020,2020-01-02,2020-12-31,253,0.41207644612745,-0.3736008531031266,1.0206190439532974,0.4140113137893357,0.1813082709311855,0.2307681751962644,7.424301298023099,actual_sector_exclusion_replay,,,,CONSUMER,50,bimonth,0.5,3,100000.0,0.0025,0.01,True,0.4140113137893357,0.18208961084499786,0.23192170294433784,False
A0_bimonth__excludeSector_CONSUMER,A0_bimonth,exclusion_replays,2021,2021-01-04,2021-12-31,252,-0.0355529749584273,-0.389124752731303,0.1270181407548196,-0.0355529749584273,0.2861550585808201,-0.3217080335392475,11.148452253478812,actual_sector_exclusion_replay,,,,CONSUMER,50,bimonth,0.5,3,100000.0,0.0025,0.01,True,-0.0355529749584273,0.28615505858082013,-0.32170803353924743,False
A0_bimonth__excludeSector_CONSUMER,A0_bimonth,exclusion_replays,2022,2022-01-03,2022-12-30,251,-0.0937303360154048,-0.3448650472018695,-0.0334064344978303,-0.0933763240827906,-0.180528833522089,0.0867984975066842,10.005005913786556,actual_sector_exclusion_replay,,,,CONSUMER,50,bimonth,0.5,3,100000.0,0.0025,0.01,True,-0.0933763240827906,-0.17988114323237925,0.08650481914958864,False
A0_bimonth__excludeSector_CONSUMER,A0_bimonth,exclusion_replays,2023,2023-01-03,2023-12-29,250,0.0529998627220342,-0.3450905199630939,0.3203830291811935,0.0525683624254211,0.2494116142532503,-0.196411751531216,8.062334418707373,actual_sector_exclusion_replay,,,,CONSUMER,50,bimonth,0.5,3,100000.0,0.0025,0.01,True,0.0525683624254211,0.24720554909618309,-0.194637186670762,False
A0_bimonth__excludeSector_CONSUMER,A0_bimonth,exclusion_replays,2024,2024-01-02,2024-12-31,252,0.913187093420576,-0.2896984851460799,1.4607698312897992,0.913187093420576,0.2643074461050603,0.6488796473155158,9.132269095268986,actual_sector_exclusion_replay,,,,CONSUMER,50,bimonth,0.5,3,100000.0,0.0025,0.01,True,0.913187093420576,0.2643074461050603,0.6488796473155157,False
A0_bimonth__excludeSector_CONSUMER,A0_bimonth,exclusion_replays,2025,2025-01-02,2025-12-31,250,0.4525548821471379,-0.3808111635711565,0.980993560070536,0.4482574929866152,0.1785790013706134,0.2739758807765244,7.644022667526663,actual_sector_exclusion_replay,,,,CONSUMER,50,bimonth,0.5,3,100000.0,0.0025,0.01,True,0.4482574929866152,0.1770430847937292,0.271214408192886,False
A0_bimonth__excludeSector_CONSUMER,A0_bimonth,exclusion_replays,2026,2026-01-02,2026-09-22,181,0.3104825633053538,-0.279501765825435,0.7761076092751277,0.2143544230994862,0.193982242745804,0.1165003205595498,10.746261484034347,actual_sector_exclusion_replay,,,,CONSUMER,50,bimonth,0.5,3,100000.0,0.0025,0.01,True,0.2143544230994862,0.13580564851123356,0.07854877458825266,True
A2_event__excludeTop1,A2_event,exclusion_replays,2017,2017-01-04,2017-12-29,250,0.0931523334440247,-0.1764798825277123,0.5443684453371477,0.0923798903166646,0.2120011745455907,-0.118848841101566,12.152947746978718,actual_stock_exclusion_replay,,,,,50,event,0.5,3,100000.0,0.0025,0.01,True,0.0923798903166646,0.21015310140377008,-0.11777321108710548,False
A2_event__excludeTop1,A2_event,exclusion_replays,2018,2018-01-02,2018-12-31,251,-0.1702478592781602,-0.3570792035617464,-0.5308610043955035,-0.1696331269576134,-0.0642984107744514,-0.1059494485037088,13.725566271434586,actual_stock_exclusion_replay,,,,,50,event,0.5,3,100000.0,0.0025,0.01,True,-0.1696331269576134,-0.06405161044839947,-0.10558151650921394,False
A2_event__excludeTop1,A2_event,exclusion_replays,2019,2019-01-02,2019-12-31,252,0.8534199857290539,-0.1101550863174078,2.860326461331796,0.8534199857290539,0.3401954545671213,0.5132245311619326,10.465587260193944,actual_stock_exclusion_replay,,,,,50,event,0.5,3,100000.0,0.0025,0.01,True,0.8534199857290539,0.3401954545671213,0.5132245311619326,False
A2_event__excludeTop1,A2_event,exclusion_replays,2020,2020-01-02,2020-12-31,253,0.4616539175534859,-0.3887759038605431,1.0459797831631263,0.463857155600506,0.1813082709311855,0.2803456466223004,12.629713848100478,actual_stock_exclusion_replay,,,,,50,event,0.5,3,100000.0,0.0025,0.01,True,0.463857155600506,0.18208961084499786,0.28176754475550814,False
A2_event__excludeTop1,A2_event,exclusion_replays,2021,2021-01-04,2021-12-31,252,-0.0754434691905338,-0.4039258382395916,0.019579000407877,-0.0754434691905338,0.2861550585808201,-0.3615985277713539,18.059027242101543,actual_stock_exclusion_replay,,,,,50,event,0.5,3,100000.0,0.0025,0.01,True,-0.0754434691905338,0.28615505858082013,-0.36159852777135393,False
A2_event__excludeTop1,A2_event,exclusion_replays,2022,2022-01-03,2022-12-30,251,-0.2523012912957667,-0.3347101226823057,-0.4785233680438703,-0.2514381058400913,-0.180528833522089,-0.0717724577736776,23.892155928092144,actual_stock_exclusion_replay,,,,,50,event,0.5,3,100000.0,0.0025,0.01,True,-0.2514381058400913,-0.17988114323237925,-0.07155696260771205,False
A2_event__excludeTop1,A2_event,exclusion_replays,2023,2023-01-03,2023-12-29,250,0.1291601783657474,-0.3356855784634638,0.5218337812555909,0.1280721015620392,0.2494116142532503,-0.1202514358875028,12.294646153026372,actual_stock_exclusion_replay,,,,,50,event,0.5,3,100000.0,0.0025,0.01,True,0.1280721015620392,0.24720554909618309,-0.1191334475341439,False
A2_event__excludeTop1,A2_event,exclusion_replays,2024,2024-01-02,2024-12-31,252,0.7319787275098235,-0.2524475196090099,1.590808782295884,0.7319787275098235,0.2643074461050603,0.4676712814047632,13.02771268769978,actual_stock_exclusion_replay,,,,,50,event,0.5,3,100000.0,0.0025,0.01,True,0.7319787275098235,0.2643074461050603,0.4676712814047632,False
A2_event__excludeTop1,A2_event,exclusion_replays,2025,2025-01-02,2025-12-31,250,0.2057474462009996,-0.4321514793462352,0.620473919280173,0.2039583388401635,0.1785790013706134,0.0271684448303861,14.361713351873451,actual_stock_exclusion_replay,,,,,50,event,0.5,3,100000.0,0.0025,0.01,True,0.2039583388401635,0.1770430847937292,0.0269152540464343,False
A2_event__excludeTop1,A2_event,exclusion_replays,2026,2026-01-02,2026-09-22,181,-0.0298663524741917,-0.3126938074599147,0.1617367292352971,-0.0215430526608297,0.193982242745804,-0.2238485952199957,16.505703351597187,actual_stock_exclusion_replay,,,,,50,event,0.5,3,100000.0,0.0025,0.01,True,-0.0215430526608297,0.13580564851123356,-0.15734870117206326,True
A2_event__excludeTop3,A2_event,exclusion_replays,2017,2017-01-04,2017-12-29,250,0.0931523334440247,-0.1764798825277123,0.5443684453371477,0.0923798903166646,0.2120011745455907,-0.118848841101566,12.152947746978718,actual_stock_exclusion_replay,,,,,50,event,0.5,3,100000.0,0.0025,0.01,True,0.0923798903166646,0.21015310140377008,-0.11777321108710548,False
A2_event__excludeTop3,A2_event,exclusion_replays,2018,2018-01-02,2018-12-31,251,-0.1702478592781602,-0.3570792035617464,-0.5308610043955035,-0.1696331269576134,-0.0642984107744514,-0.1059494485037088,13.725566271434586,actual_stock_exclusion_replay,,,,,50,event,0.5,3,100000.0,0.0025,0.01,True,-0.1696331269576134,-0.06405161044839947,-0.10558151650921394,False
A2_event__excludeTop3,A2_event,exclusion_replays,2019,2019-01-02,2019-12-31,252,0.844934401159275,-0.1104046923675389,2.848097083153062,0.844934401159275,0.3401954545671213,0.5047389465921537,10.356320269476392,actual_stock_exclusion_replay,,,,,50,event,0.5,3,100000.0,0.0025,0.01,True,0.844934401159275,0.3401954545671213,0.5047389465921537,False
A2_event__excludeTop3,A2_event,exclusion_replays,2020,2020-01-02,2020-12-31,253,0.4601462822997311,-0.3890518618926967,1.0436647025035148,0.4623412592040872,0.1813082709311855,0.2788380113685456,12.64068898991676,actual_stock_exclusion_replay,,,,,50,event,0.5,3,100000.0,0.0025,0.01,True,0.4623412592040872,0.18208961084499786,0.28025164835908933,False
A2_event__excludeTop3,A2_event,exclusion_replays,2021,2021-01-04,2021-12-31,252,-0.0755212423505347,-0.4042234753783812,0.019452354343326,-0.0755212423505347,0.2861550585808201,-0.3616763009313548,18.041063030563954,actual_stock_exclusion_replay,,,,,50,event,0.5,3,100000.0,0.0025,0.01,True,-0.0755212423505347,0.28615505858082013,-0.36167630093135483,False
A2_event__excludeTop3,A2_event,exclusion_replays,2022,2022-01-03,2022-12-30,251,-0.2526635847120657,-0.3346584690447582,-0.4796894890689356,-0.2517993785236593,-0.180528833522089,-0.0721347511899767,23.893812210451998,actual_stock_exclusion_replay,,,,,50,event,0.5,3,100000.0,0.0025,0.01,True,-0.2517993785236593,-0.17988114323237925,-0.07191823529128005,False
A2_event__excludeTop3,A2_event,exclusion_replays,2023,2023-01-03,2023-12-29,250,0.1285741579800485,-0.3357336688069716,0.5203545006342666,0.1274912911522907,0.2494116142532503,-0.1208374562732017,12.304181026942157,actual_stock_exclusion_replay,,,,,50,event,0.5,3,100000.0,0.0025,0.01,True,0.1274912911522907,0.24720554909618309,-0.1197142579438924,False
A2_event__excludeTop3,A2_event,exclusion_replays,2024,2024-01-02,2024-12-31,252,0.5929781955205293,-0.2524713473642129,1.3886223571777396,0.5929781955205293,0.2643074461050603,0.328670749415469,13.008984354165223,actual_stock_exclusion_replay,,,,,50,event,0.5,3,100000.0,0.0025,0.01,True,0.5929781955205293,0.2643074461050603,0.32867074941546903,False
A2_event__excludeTop3,A2_event,exclusion_replays,2025,2025-01-02,2025-12-31,250,0.1545360652955911,-0.4282664085525037,0.5381003542952881,0.1532201078825781,0.1785790013706134,-0.0240429360750222,15.72581391059401,actual_stock_exclusion_replay,,,,,50,event,0.5,3,100000.0,0.0025,0.01,True,0.1532201078825781,0.1770430847937292,-0.023822976911151122,False
A2_event__excludeTop3,A2_event,exclusion_replays,2026,2026-01-02,2026-09-22,181,0.1228795867225691,-0.3663748730765652,0.4731610596427327,0.0868059591768648,0.193982242745804,-0.0711026560232348,18.277070131414884,actual_stock_exclusion_replay,,,,,50,event,0.5,3,100000.0,0.0025,0.01,True,0.0868059591768648,0.13580564851123356,-0.048999689334368754,True
A2_event__excludeTop5,A2_event,exclusion_replays,2017,2017-01-04,2017-12-29,250,0.0931523334440247,-0.1764798825277123,0.5443684453371477,0.0923798903166646,0.2120011745455907,-0.118848841101566,12.152947746978718,actual_stock_exclusion_replay,,,,,50,event,0.5,3,100000.0,0.0025,0.01,True,0.0923798903166646,0.21015310140377008,-0.11777321108710548,False
A2_event__excludeTop5,A2_event,exclusion_replays,2018,2018-01-02,2018-12-31,251,-0.1702478592781602,-0.3570792035617464,-0.5308610043955035,-0.1696331269576134,-0.0642984107744514,-0.1059494485037088,13.725566271434586,actual_stock_exclusion_replay,,,,,50,event,0.5,3,100000.0,0.0025,0.01,True,-0.1696331269576134,-0.06405161044839947,-0.10558151650921394,False
A2_event__excludeTop5,A2_event,exclusion_replays,2019,2019-01-02,2019-12-31,252,0.844934401159275,-0.1104046923675389,2.848097083153062,0.844934401159275,0.3401954545671213,0.5047389465921537,10.356320269476392,actual_stock_exclusion_replay,,,,,50,event,0.5,3,100000.0,0.0025,0.01,True,0.844934401159275,0.3401954545671213,0.5047389465921537,False
A2_event__excludeTop5,A2_event,exclusion_replays,2020,2020-01-02,2020-12-31,253,0.4317907555421754,-0.3890518618926967,1.0000271794349207,0.4338315213917574,0.1813082709311855,0.2504824846109899,13.17072302063208,actual_stock_exclusion_replay,,,,,50,event,0.5,3,100000.0,0.0025,0.01,True,0.4338315213917574,0.18208961084499786,0.25174191054675954,False
A2_event__excludeTop5,A2_event,exclusion_replays,2021,2021-01-04,2021-12-31,252,-0.006563195311309,-0.4155315053340598,0.1858249771610056,-0.006563195311309,0.2861550585808201,-0.2927182538921291,17.884244475499322,actual_stock_exclusion_replay,,,,,50,event,0.5,3,100000.0,0.0025,0.01,True,-0.006563195311309,0.28615505858082013,-0.29271825389212913,False
A2_event__excludeTop5,A2_event,exclusion_replays,2022,2022-01-03,2022-12-30,251,-0.2810520531470338,-0.3524934471513237,-0.5402723059387675,-0.2801100531912955,-0.180528833522089,-0.1005232196249448,22.71065865789349,actual_stock_exclusion_replay,,,,,50,event,0.5,3,100000.0,0.0025,0.01,True,-0.2801100531912955,-0.17988114323237925,-0.10022890995891626,False
A2_event__excludeTop5,A2_event,exclusion_replays,2023,2023-01-03,2023-12-29,250,0.12763687784205,-0.3362316099585011,0.5180059823991026,0.1265623388659829,0.2494116142532503,-0.1217747364112002,12.308520097571758,actual_stock_exclusion_replay,,,,,50,event,0.5,3,100000.0,0.0025,0.01,True,0.1265623388659829,0.24720554909618309,-0.12064321023020019,False
A2_event__excludeTop5,A2_event,exclusion_replays,2024,2024-01-02,2024-12-31,252,0.5972342723866604,-0.2523890755826724,1.3956378292604477,0.5972342723866604,0.2643074461050603,0.3329268262816001,13.019918972592125,actual_stock_exclusion_replay,,,,,50,event,0.5,3,100000.0,0.0025,0.01,True,0.5972342723866604,0.2643074461050603,0.3329268262816001,False
A2_event__excludeTop5,A2_event,exclusion_replays,2025,2025-01-02,2025-12-31,250,0.1136526697322026,-0.4283409535090754,0.4664224797697799,0.1127016515645138,0.1785790013706134,-0.0649263316384107,16.136395283966845,actual_stock_exclusion_replay,,,,,50,event,0.5,3,100000.0,0.0025,0.01,True,0.1127016515645138,0.1770430847937292,-0.06434143322921541,False
A2_event__excludeTop5,A2_event,exclusion_replays,2026,2026-01-02,2026-09-22,181,-0.095353253536404,-0.3521876332956506,0.0229154579366282,-0.0694474845503122,0.193982242745804,-0.289335496282208,19.69829440238476,actual_stock_exclusion_replay,,,,,50,event,0.5,3,100000.0,0.0025,0.01,True,-0.0694474845503122,0.13580564851123356,-0.20525313306154574,True
A2_event__excludeTop10,A2_event,exclusion_replays,2017,2017-01-04,2017-12-29,250,0.0931523334440247,-0.1764798825277123,0.5443684453371477,0.0923798903166646,0.2120011745455907,-0.118848841101566,12.152947746978718,actual_stock_exclusion_replay,,,,,50,event,0.5,3,100000.0,0.0025,0.01,True,0.0923798903166646,0.21015310140377008,-0.11777321108710548,False
A2_event__excludeTop10,A2_event,exclusion_replays,2018,2018-01-02,2018-12-31,251,-0.1702478592781602,-0.3570792035617464,-0.5308610043955035,-0.1696331269576134,-0.0642984107744514,-0.1059494485037088,13.725566271434586,actual_stock_exclusion_replay,,,,,50,event,0.5,3,100000.0,0.0025,0.01,True,-0.1696331269576134,-0.06405161044839947,-0.10558151650921394,False
A2_event__excludeTop10,A2_event,exclusion_replays,2019,2019-01-02,2019-12-31,252,0.844934401159275,-0.1104046923675389,2.848097083153062,0.844934401159275,0.3401954545671213,0.5047389465921537,10.356320269476392,actual_stock_exclusion_replay,,,,,50,event,0.5,3,100000.0,0.0025,0.01,True,0.844934401159275,0.3401954545671213,0.5047389465921537,False
A2_event__excludeTop10,A2_event,exclusion_replays,2020,2020-01-02,2020-12-31,253,0.339663365170687,-0.3890518618926967,0.8824991682717878,0.3412187998620908,0.1813082709311855,0.1583550942395015,13.286615711027435,actual_stock_exclusion_replay,,,,,50,event,0.5,3,100000.0,0.0025,0.01,True,0.3412187998620908,0.18208961084499786,0.15912918901709294,False
A2_event__excludeTop10,A2_event,exclusion_replays,2021,2021-01-04,2021-12-31,252,0.1685841182349379,-0.2361049543807568,0.6013570300017963,0.1685841182349379,0.2861550585808201,-0.1175709403458822,15.886261876723736,actual_stock_exclusion_replay,,,,,50,event,0.5,3,100000.0,0.0025,0.01,True,0.1685841182349379,0.28615505858082013,-0.11757094034588222,False
A2_event__excludeTop10,A2_event,exclusion_replays,2022,2022-01-03,2022-12-30,251,-0.3168507180051999,-0.3739292200287782,-0.6491750657250263,-0.3158169664768565,-0.180528833522089,-0.1363218844831109,22.826232588125684,actual_stock_exclusion_replay,,,,,50,event,0.5,3,100000.0,0.0025,0.01,True,-0.3158169664768565,-0.17988114323237925,-0.13593582324447723,False
A2_event__excludeTop10,A2_event,exclusion_replays,2023,2023-01-03,2023-12-29,250,0.0779687462780716,-0.3482224472998401,0.3888627706750444,0.0773266181249985,0.2494116142532503,-0.1714428679751787,13.10300235936686,actual_stock_exclusion_replay,,,,,50,event,0.5,3,100000.0,0.0025,0.01,True,0.0773266181249985,0.24720554909618309,-0.1698789309711846,False
A2_event__excludeTop10,A2_event,exclusion_replays,2024,2024-01-02,2024-12-31,252,0.4075355902545416,-0.2494449092198171,1.0528755070913296,0.4075355902545416,0.2643074461050603,0.1432281441494813,13.151393459244346,actual_stock_exclusion_replay,,,,,50,event,0.5,3,100000.0,0.0025,0.01,True,0.4075355902545416,0.2643074461050603,0.14322814414948132,False
A2_event__excludeTop10,A2_event,exclusion_replays,2025,2025-01-02,2025-12-31,250,-0.0541445048280188,-0.4368422665415187,0.1652474214876149,-0.0537265434972129,0.1785790013706134,-0.2327235061986322,18.84787242715801,actual_stock_exclusion_replay,,,,,50,event,0.5,3,100000.0,0.0025,0.01,True,-0.0537265434972129,0.1770430847937292,-0.2307696282909421,False
A2_event__excludeTop10,A2_event,exclusion_replays,2026,2026-01-02,2026-09-22,181,-0.2620335659919007,-0.3838128406752261,-0.3681998099363895,-0.1960727117147752,0.193982242745804,-0.4560158087377047,22.693330101899843,actual_stock_exclusion_replay,,,,,50,event,0.5,3,100000.0,0.0025,0.01,True,-0.1960727117147752,0.13580564851123356,-0.33187836022600875,True
A2_event__excludeSector_IT_HW,A2_event,exclusion_replays,2017,2017-01-04,2017-12-29,250,0.0728550222370572,-0.1943777611400118,0.4443940675363881,0.0722564055839056,0.2120011745455907,-0.1391461523085335,12.9929344743092,actual_sector_exclusion_replay,,,,IT_HW,50,event,0.5,3,100000.0,0.0025,0.01,True,0.0722564055839056,0.21015310140377008,-0.13789669581986447,False
A2_event__excludeSector_IT_HW,A2_event,exclusion_replays,2018,2018-01-02,2018-12-31,251,-0.2838144966883732,-0.4127783431089564,-1.0245505040420777,-0.2828651608085825,-0.0642984107744514,-0.2195160859139218,14.628943338729153,actual_sector_exclusion_replay,,,,IT_HW,50,event,0.5,3,100000.0,0.0025,0.01,True,-0.2828651608085825,-0.06405161044839947,-0.21881355036018302,False
A2_event__excludeSector_IT_HW,A2_event,exclusion_replays,2019,2019-01-02,2019-12-31,252,0.7619205725168587,-0.1133086020720839,2.616224013872749,0.7619205725168587,0.3401954545671213,0.4217251179497374,11.199039825296609,actual_sector_exclusion_replay,,,,IT_HW,50,event,0.5,3,100000.0,0.0025,0.01,True,0.7619205725168587,0.3401954545671213,0.42172511794973744,False
A2_event__excludeSector_IT_HW,A2_event,exclusion_replays,2020,2020-01-02,2020-12-31,253,0.4457201383559066,-0.4462423515347536,0.990034269838392,0.4478363816639765,0.1813082709311855,0.2644118674247211,13.523492436884814,actual_sector_exclusion_replay,,,,IT_HW,50,event,0.5,3,100000.0,0.0025,0.01,True,0.4478363816639765,0.18208961084499786,0.26574677081897863,False
A2_event__excludeSector_IT_HW,A2_event,exclusion_replays,2021,2021-01-04,2021-12-31,252,-0.0332029035157515,-0.3497487390529932,0.1131600490871725,-0.0332029035157515,0.2861550585808201,-0.3193579620965716,17.128681093369753,actual_sector_exclusion_replay,,,,IT_HW,50,event,0.5,3,100000.0,0.0025,0.01,True,-0.0332029035157515,0.28615505858082013,-0.31935796209657163,False
A2_event__excludeSector_IT_HW,A2_event,exclusion_replays,2022,2022-01-03,2022-12-30,251,-0.3275462421448526,-0.3802296717248236,-0.6651906289767404,-0.3264865016371563,-0.180528833522089,-0.1470174086227635,24.01665254291537,actual_sector_exclusion_replay,,,,IT_HW,50,event,0.5,3,100000.0,0.0025,0.01,True,-0.3264865016371563,-0.17988114323237925,-0.14660535840477706,False
A2_event__excludeSector_IT_HW,A2_event,exclusion_replays,2023,2023-01-03,2023-12-29,250,0.1371566512729289,-0.3161235025838309,0.5420370507337685,0.1359972438311814,0.2494116142532503,-0.1122549629803213,13.633312884864075,actual_sector_exclusion_replay,,,,IT_HW,50,event,0.5,3,100000.0,0.0025,0.01,True,0.1359972438311814,0.24720554909618309,-0.1112083052650017,False
A2_event__excludeSector_IT_HW,A2_event,exclusion_replays,2024,2024-01-02,2024-12-31,252,0.4233544394411834,-0.2819691890801366,1.0827515805755776,0.4233544394411834,0.2643074461050603,0.1590469933361231,14.475886095726956,actual_sector_exclusion_replay,,,,IT_HW,50,event,0.5,3,100000.0,0.0025,0.01,True,0.4233544394411834,0.2643074461050603,0.1590469933361231,False
A2_event__excludeSector_IT_HW,A2_event,exclusion_replays,2025,2025-01-02,2025-12-31,250,-0.0129273956405213,-0.4456747236617426,0.2239172641735819,-0.012825458040295,0.1785790013706134,-0.1915063970111348,17.601379141467888,actual_sector_exclusion_replay,,,,IT_HW,50,event,0.5,3,100000.0,0.0025,0.01,True,-0.012825458040295,0.1770430847937292,-0.1898685428340242,False
A2_event__excludeSector_IT_HW,A2_event,exclusion_replays,2026,2026-01-02,2026-09-22,181,-0.238773511779468,-0.3673366397635957,-0.4302298023240332,-0.1779525571967531,0.193982242745804,-0.432755754525272,17.972656342681493,actual_sector_exclusion_replay,,,,IT_HW,50,event,0.5,3,100000.0,0.0025,0.01,True,-0.1779525571967531,0.13580564851123356,-0.3137582057079866,True
A2_event__excludeSector_HEALTH_SVC,A2_event,exclusion_replays,2017,2017-01-04,2017-12-29,250,0.1426726497015753,-0.1718326786864844,0.7728649311776942,0.1414637801435689,0.2120011745455907,-0.0693285248440154,11.90208048370132,actual_sector_exclusion_replay,,,,HEALTH_SVC,50,event,0.5,3,100000.0,0.0025,0.01,True,0.1414637801435689,0.21015310140377008,-0.06868932126020119,False
A2_event__excludeSector_HEALTH_SVC,A2_event,exclusion_replays,2018,2018-01-02,2018-12-31,251,-0.1171987018020962,-0.3338387358571115,-0.299582448225453,-0.116761904435258,-0.0642984107744514,-0.0529002910276448,12.782844202955117,actual_sector_exclusion_replay,,,,HEALTH_SVC,50,event,0.5,3,100000.0,0.0025,0.01,True,-0.116761904435258,-0.06405161044839947,-0.05271029398685853,False
A2_event__excludeSector_HEALTH_SVC,A2_event,exclusion_replays,2019,2019-01-02,2019-12-31,252,0.8414836727693522,-0.1086958355409598,2.857272783237111,0.8414836727693522,0.3401954545671213,0.5012882182022309,10.786616249240575,actual_sector_exclusion_replay,,,,HEALTH_SVC,50,event,0.5,3,100000.0,0.0025,0.01,True,0.8414836727693522,0.3401954545671213,0.5012882182022309,False
A2_event__excludeSector_HEALTH_SVC,A2_event,exclusion_replays,2020,2020-01-02,2020-12-31,253,0.4012593254873799,-0.4724211695368967,0.9258660989087706,0.4031365530341408,0.1813082709311855,0.2199510545561944,14.725322302422418,actual_sector_exclusion_replay,,,,HEALTH_SVC,50,event,0.5,3,100000.0,0.0025,0.01,True,0.4031365530341408,0.18208961084499786,0.22104694218914295,False
A2_event__excludeSector_HEALTH_SVC,A2_event,exclusion_replays,2021,2021-01-04,2021-12-31,252,0.123299978996535,-0.3009299100886142,0.4874517000627522,0.123299978996535,0.2861550585808201,-0.1628550795842851,18.63533432029645,actual_sector_exclusion_replay,,,,HEALTH_SVC,50,event,0.5,3,100000.0,0.0025,0.01,True,0.123299978996535,0.28615505858082013,-0.16285507958428513,False
A2_event__excludeSector_HEALTH_SVC,A2_event,exclusion_replays,2022,2022-01-03,2022-12-30,251,-0.2840070091388318,-0.4090435786452974,-0.5319347951582527,-0.2830571635943764,-0.180528833522089,-0.1034781756167427,22.272511207182227,actual_sector_exclusion_replay,,,,HEALTH_SVC,50,event,0.5,3,100000.0,0.0025,0.01,True,-0.2830571635943764,-0.17988114323237925,-0.10317602036199713,False
A2_event__excludeSector_HEALTH_SVC,A2_event,exclusion_replays,2023,2023-01-03,2023-12-29,250,0.1548431141197535,-0.3248911418928172,0.5849508600315413,0.1535243722890156,0.2494116142532503,-0.0945685001334968,13.341239588361573,actual_sector_exclusion_replay,,,,HEALTH_SVC,50,event,0.5,3,100000.0,0.0025,0.01,True,0.1535243722890156,0.24720554909618309,-0.09368117680716748,False
A2_event__excludeSector_HEALTH_SVC,A2_event,exclusion_replays,2024,2024-01-02,2024-12-31,252,0.8230261330983943,-0.2788388239998688,1.595951367518276,0.8230261330983943,0.2643074461050603,0.558718686993334,12.86527975188702,actual_sector_exclusion_replay,,,,HEALTH_SVC,50,event,0.5,3,100000.0,0.0025,0.01,True,0.8230261330983943,0.2643074461050603,0.558718686993334,False
A2_event__excludeSector_HEALTH_SVC,A2_event,exclusion_replays,2025,2025-01-02,2025-12-31,250,0.0817253315217505,-0.4497967693051657,0.4079137828271603,0.0810511177780726,0.1785790013706134,-0.0968536698488629,17.22325775246853,actual_sector_exclusion_replay,,,,HEALTH_SVC,50,event,0.5,3,100000.0,0.0025,0.01,True,0.0810511177780726,0.1770430847937292,-0.09599196701565661,False
A2_event__excludeSector_HEALTH_SVC,A2_event,exclusion_replays,2026,2026-01-02,2026-09-22,181,-0.197227596108245,-0.4417959809607518,-0.1514720089745259,-0.145969978369942,0.193982242745804,-0.391209838854049,19.24381898977778,actual_sector_exclusion_replay,,,,HEALTH_SVC,50,event,0.5,3,100000.0,0.0025,0.01,True,-0.145969978369942,0.13580564851123356,-0.2817756268811755,True
A2_event__excludeSector_SEMI,A2_event,exclusion_replays,2017,2017-01-04,2017-12-29,250,0.0122221041469547,-0.1932460588858274,0.1623277594861945,0.0121245176480042,0.2120011745455907,-0.1997790703986359,13.13151471940565,actual_sector_exclusion_replay,,,,SEMI,50,event,0.5,3,100000.0,0.0025,0.01,True,0.0121245176480042,0.21015310140377008,-0.19802858375576587,False
A2_event__excludeSector_SEMI,A2_event,exclusion_replays,2018,2018-01-02,2018-12-31,251,-0.2327729621948198,-0.3927468106251023,-0.8633184138966045,-0.2319658153931624,-0.0642984107744514,-0.1684745514203683,14.723604250294828,actual_sector_exclusion_replay,,,,SEMI,50,event,0.5,3,100000.0,0.0025,0.01,True,-0.2319658153931624,-0.06405161044839947,-0.16791420494476295,False
A2_event__excludeSector_SEMI,A2_event,exclusion_replays,2019,2019-01-02,2019-12-31,252,0.6898630152543523,-0.1303629694396368,2.4845831118756885,0.6898630152543523,0.3401954545671213,0.349667560687231,11.431666480945632,actual_sector_exclusion_replay,,,,SEMI,50,event,0.5,3,100000.0,0.0025,0.01,True,0.6898630152543523,0.3401954545671213,0.34966756068723104,False
A2_event__excludeSector_SEMI,A2_event,exclusion_replays,2020,2020-01-02,2020-12-31,253,0.3696436061297901,-0.4740017291230997,0.88366420396617,0.3713542853402549,0.1813082709311855,0.1883353351986045,14.550554532528736,actual_sector_exclusion_replay,,,,SEMI,50,event,0.5,3,100000.0,0.0025,0.01,True,0.3713542853402549,0.18208961084499786,0.18926467449525702,False
A2_event__excludeSector_SEMI,A2_event,exclusion_replays,2021,2021-01-04,2021-12-31,252,0.0485091939727286,-0.3286457641615816,0.321036459961409,0.0485091939727286,0.2861550585808201,-0.2376458646080914,18.405209423019336,actual_sector_exclusion_replay,,,,SEMI,50,event,0.5,3,100000.0,0.0025,0.01,True,0.0485091939727286,0.28615505858082013,-0.23764586460809153,False
A2_event__excludeSector_SEMI,A2_event,exclusion_replays,2022,2022-01-03,2022-12-30,251,-0.3145815373506083,-0.3752960998584322,-0.6190398946036775,-0.3135533852777561,-0.180528833522089,-0.1340527038285193,24.440454936263063,actual_sector_exclusion_replay,,,,SEMI,50,event,0.5,3,100000.0,0.0025,0.01,True,-0.3135533852777561,-0.17988114323237925,-0.13367224204537687,False
A2_event__excludeSector_SEMI,A2_event,exclusion_replays,2023,2023-01-03,2023-12-29,250,0.0011983029048368,-0.3550747329668383,0.1863550382221867,0.0011887869136857,0.2494116142532503,-0.2482133113484135,15.769328671307765,actual_sector_exclusion_replay,,,,SEMI,50,event,0.5,3,100000.0,0.0025,0.01,True,0.0011887869136857,0.24720554909618309,-0.24601676218249738,False
A2_event__excludeSector_SEMI,A2_event,exclusion_replays,2024,2024-01-02,2024-12-31,252,0.7528091418174112,-0.2952107576392859,1.4255600326815911,0.7528091418174112,0.2643074461050603,0.4885016957123509,14.221103139236048,actual_sector_exclusion_replay,,,,SEMI,50,event,0.5,3,100000.0,0.0025,0.01,True,0.7528091418174112,0.2643074461050603,0.4885016957123509,False
A2_event__excludeSector_SEMI,A2_event,exclusion_replays,2025,2025-01-02,2025-12-31,250,0.3456908025815322,-0.4388597028093445,0.8232189272192058,0.3425235382930056,0.1785790013706134,0.1671118012109187,13.195143984647986,actual_sector_exclusion_replay,,,,SEMI,50,event,0.5,3,100000.0,0.0025,0.01,True,0.3425235382930056,0.1770430847937292,0.16548045349927637,False
A2_event__excludeSector_SEMI,A2_event,exclusion_replays,2026,2026-01-02,2026-09-22,181,0.1092049886425292,-0.4056120152818193,0.4468343779534272,0.0772832668750738,0.193982242745804,-0.0847772541032747,18.95129280571959,actual_sector_exclusion_replay,,,,SEMI,50,event,0.5,3,100000.0,0.0025,0.01,True,0.0772832668750738,0.13580564851123356,-0.05852238163615976,True
A2_quarter__excludeTop1,A2_quarter,exclusion_replays,2017,2017-01-04,2017-12-29,250,0.0812687706325971,-0.1751942884631251,0.4974966761123233,0.0805984619349262,0.2120011745455907,-0.1307324039129935,8.180025084269342,actual_stock_exclusion_replay,,,,,50,quarter,0.5,3,100000.0,0.0025,0.01,True,0.0805984619349262,0.21015310140377008,-0.12955463946884388,False
A2_quarter__excludeTop1,A2_quarter,exclusion_replays,2018,2018-01-02,2018-12-31,251,-0.159172010562783,-0.3289477395741221,-0.5529415793664817,-0.1585933480006025,-0.0642984107744514,-0.0948735997883316,8.21835921827567,actual_stock_exclusion_replay,,,,,50,quarter,0.5,3,100000.0,0.0025,0.01,True,-0.1585933480006025,-0.06405161044839947,-0.09454173755220305,False
A2_quarter__excludeTop1,A2_quarter,exclusion_replays,2019,2019-01-02,2019-12-31,252,0.809009487568396,-0.1200266266182941,2.7654130370105783,0.809009487568396,0.3401954545671213,0.4688140330012746,7.215342112806769,actual_stock_exclusion_replay,,,,,50,quarter,0.5,3,100000.0,0.0025,0.01,True,0.809009487568396,0.3401954545671213,0.46881403300127467,False
A2_quarter__excludeTop1,A2_quarter,exclusion_replays,2020,2020-01-02,2020-12-31,253,0.5813451839765995,-0.3920504325676294,1.2443706036516091,0.5842235636647481,0.1813082709311855,0.400036913045414,8.255867242456048,actual_stock_exclusion_replay,,,,,50,quarter,0.5,3,100000.0,0.0025,0.01,True,0.5842235636647481,0.18208961084499786,0.4021339528197503,False
A2_quarter__excludeTop1,A2_quarter,exclusion_replays,2021,2021-01-04,2021-12-31,252,-0.0344558049532374,-0.4211872623503929,0.108012329499319,-0.0344558049532374,0.2861550585808201,-0.3206108635340575,10.912622850474785,actual_stock_exclusion_replay,,,,,50,quarter,0.5,3,100000.0,0.0025,0.01,True,-0.0344558049532374,0.28615505858082013,-0.32061086353405754,False
A2_quarter__excludeTop1,A2_quarter,exclusion_replays,2022,2022-01-03,2022-12-30,251,-0.1972642045062793,-0.2975295866984555,-0.4154959816781328,-0.1965639593901431,-0.180528833522089,-0.0167353709841903,13.828682077619382,actual_stock_exclusion_replay,,,,,50,quarter,0.5,3,100000.0,0.0025,0.01,True,-0.1965639593901431,-0.17988114323237925,-0.016682816157763847,False
A2_quarter__excludeTop1,A2_quarter,exclusion_replays,2023,2023-01-03,2023-12-29,250,0.1419723794656615,-0.3334356056070703,0.5600314886338144,0.1407698008782947,0.2494116142532503,-0.1074392347875887,7.81747620504597,actual_stock_exclusion_replay,,,,,50,quarter,0.5,3,100000.0,0.0025,0.01,True,0.1407698008782947,0.24720554909618309,-0.1064357482178884,False
A2_quarter__excludeTop1,A2_quarter,exclusion_replays,2024,2024-01-02,2024-12-31,252,1.078852709617324,-0.2246509584895791,1.9294821962826647,1.078852709617324,0.2643074461050603,0.8145452635122636,6.885781411434083,actual_stock_exclusion_replay,,,,,50,quarter,0.5,3,100000.0,0.0025,0.01,True,1.078852709617324,0.2643074461050603,0.8145452635122636,False
A2_quarter__excludeTop1,A2_quarter,exclusion_replays,2025,2025-01-02,2025-12-31,250,0.4180379634866176,-0.3787743678941763,0.9372924729789206,0.414112580617471,0.1785790013706134,0.2394589621160041,7.39743634005649,actual_stock_exclusion_replay,,,,,50,quarter,0.5,3,100000.0,0.0025,0.01,True,0.414112580617471,0.1770430847937292,0.23706949582374182,False
A2_quarter__excludeTop1,A2_quarter,exclusion_replays,2026,2026-01-02,2026-09-22,181,0.1326651502016278,-0.2307740555255971,0.5046032155057195,0.0936003602302604,0.193982242745804,-0.0613170925441761,10.078097774368365,actual_stock_exclusion_replay,,,,,50,quarter,0.5,3,100000.0,0.0025,0.01,True,0.0936003602302604,0.13580564851123356,-0.042205288280973155,True
A2_quarter__excludeTop3,A2_quarter,exclusion_replays,2017,2017-01-04,2017-12-29,250,0.0812687706325971,-0.1751942884631251,0.4974966761123233,0.0805984619349262,0.2120011745455907,-0.1307324039129935,8.180025084269342,actual_stock_exclusion_replay,,,,,50,quarter,0.5,3,100000.0,0.0025,0.01,True,0.0805984619349262,0.21015310140377008,-0.12955463946884388,False
A2_quarter__excludeTop3,A2_quarter,exclusion_replays,2018,2018-01-02,2018-12-31,251,-0.159172010562783,-0.3289477395741221,-0.5529415793664817,-0.1585933480006025,-0.0642984107744514,-0.0948735997883316,8.21835921827567,actual_stock_exclusion_replay,,,,,50,quarter,0.5,3,100000.0,0.0025,0.01,True,-0.1585933480006025,-0.06405161044839947,-0.09454173755220305,False
A2_quarter__excludeTop3,A2_quarter,exclusion_replays,2019,2019-01-02,2019-12-31,252,0.8273958788086533,-0.1180529316232325,2.816659665070704,0.8273958788086533,0.3401954545671213,0.487200424241532,7.110645585180079,actual_stock_exclusion_replay,,,,,50,quarter,0.5,3,100000.0,0.0025,0.01,True,0.8273958788086533,0.3401954545671213,0.487200424241532,False
A2_quarter__excludeTop3,A2_quarter,exclusion_replays,2020,2020-01-02,2020-12-31,253,0.6081192875968249,-0.3586028800342402,1.3098135606862331,0.6111537412102097,0.1813082709311855,0.4268110166656393,7.959163426168615,actual_stock_exclusion_replay,,,,,50,quarter,0.5,3,100000.0,0.0025,0.01,True,0.6111537412102097,0.18208961084499786,0.42906413036521185,False
A2_quarter__excludeTop3,A2_quarter,exclusion_replays,2021,2021-01-04,2021-12-31,252,-0.0356309715312798,-0.4220233351029855,0.1049170606582712,-0.0356309715312798,0.2861550585808201,-0.3217860301120999,10.876665136902778,actual_stock_exclusion_replay,,,,,50,quarter,0.5,3,100000.0,0.0025,0.01,True,-0.0356309715312798,0.28615505858082013,-0.32178603011209994,False
A2_quarter__excludeTop3,A2_quarter,exclusion_replays,2022,2022-01-03,2022-12-30,251,-0.1944337275824971,-0.2952281719448878,-0.4062181900993498,-0.1937422749424237,-0.180528833522089,-0.013904894060408,13.812957211104806,actual_stock_exclusion_replay,,,,,50,quarter,0.5,3,100000.0,0.0025,0.01,True,-0.1937422749424237,-0.17988114323237925,-0.013861131710044439,False
A2_quarter__excludeTop3,A2_quarter,exclusion_replays,2023,2023-01-03,2023-12-29,250,0.1410316683826309,-0.3338468233535513,0.5575558334642636,0.1398375354817924,0.2494116142532503,-0.1083799458706193,7.812804960843853,actual_stock_exclusion_replay,,,,,50,quarter,0.5,3,100000.0,0.0025,0.01,True,0.1398375354817924,0.24720554909618309,-0.10736801361439069,False
A2_quarter__excludeTop3,A2_quarter,exclusion_replays,2024,2024-01-02,2024-12-31,252,1.076825979380435,-0.224962158203625,1.9266615545745895,1.076825979380435,0.2643074461050603,0.8125185332753746,6.88070700425374,actual_stock_exclusion_replay,,,,,50,quarter,0.5,3,100000.0,0.0025,0.01,True,1.076825979380435,0.2643074461050603,0.8125185332753746,False
A2_quarter__excludeTop3,A2_quarter,exclusion_replays,2025,2025-01-02,2025-12-31,250,0.3052013093607553,-0.3788071003293402,0.777855235813309,0.3024450975799155,0.1785790013706134,0.1266223079901418,7.69998963198164,actual_stock_exclusion_replay,,,,,50,quarter,0.5,3,100000.0,0.0025,0.01,True,0.3024450975799155,0.1770430847937292,0.1254020127861863,False
A2_quarter__excludeTop3,A2_quarter,exclusion_replays,2026,2026-01-02,2026-09-22,181,-0.1133273475978147,-0.2915619607000268,-0.0795675999750851,-0.0827646313278275,0.193982242745804,-0.3073095903436187,10.957833661474844,actual_stock_exclusion_replay,,,,,50,quarter,0.5,3,100000.0,0.0025,0.01,True,-0.0827646313278275,0.13580564851123356,-0.21857027983906108,True
A2_quarter__excludeTop5,A2_quarter,exclusion_replays,2017,2017-01-04,2017-12-29,250,0.0812687706325971,-0.1751942884631251,0.4974966761123233,0.0805984619349262,0.2120011745455907,-0.1307324039129935,8.180025084269342,actual_stock_exclusion_replay,,,,,50,quarter,0.5,3,100000.0,0.0025,0.01,True,0.0805984619349262,0.21015310140377008,-0.12955463946884388,False
A2_quarter__excludeTop5,A2_quarter,exclusion_replays,2018,2018-01-02,2018-12-31,251,-0.159172010562783,-0.3289477395741221,-0.5529415793664817,-0.1585933480006025,-0.0642984107744514,-0.0948735997883316,8.21835921827567,actual_stock_exclusion_replay,,,,,50,quarter,0.5,3,100000.0,0.0025,0.01,True,-0.1585933480006025,-0.06405161044839947,-0.09454173755220305,False
A2_quarter__excludeTop5,A2_quarter,exclusion_replays,2019,2019-01-02,2019-12-31,252,0.8273958788086533,-0.1180529316232325,2.816659665070704,0.8273958788086533,0.3401954545671213,0.487200424241532,7.110645585180079,actual_stock_exclusion_replay,,,,,50,quarter,0.5,3,100000.0,0.0025,0.01,True,0.8273958788086533,0.3401954545671213,0.487200424241532,False
A2_quarter__excludeTop5,A2_quarter,exclusion_replays,2020,2020-01-02,2020-12-31,253,0.6081192875968249,-0.3586028800342402,1.3098135606862331,0.6111537412102097,0.1813082709311855,0.4268110166656393,7.959163426168615,actual_stock_exclusion_replay,,,,,50,quarter,0.5,3,100000.0,0.0025,0.01,True,0.6111537412102097,0.18208961084499786,0.42906413036521185,False
A2_quarter__excludeTop5,A2_quarter,exclusion_replays,2021,2021-01-04,2021-12-31,252,-0.0356309715312798,-0.4220233351029855,0.1049170606582712,-0.0356309715312798,0.2861550585808201,-0.3217860301120999,10.876665136902778,actual_stock_exclusion_replay,,,,,50,quarter,0.5,3,100000.0,0.0025,0.01,True,-0.0356309715312798,0.28615505858082013,-0.32178603011209994,False
A2_quarter__excludeTop5,A2_quarter,exclusion_replays,2022,2022-01-03,2022-12-30,251,-0.1944337275824971,-0.2952281719448878,-0.4062181900993498,-0.1937422749424237,-0.180528833522089,-0.013904894060408,13.812957211104806,actual_stock_exclusion_replay,,,,,50,quarter,0.5,3,100000.0,0.0025,0.01,True,-0.1937422749424237,-0.17988114323237925,-0.013861131710044439,False
A2_quarter__excludeTop5,A2_quarter,exclusion_replays,2023,2023-01-03,2023-12-29,250,0.1410316683826309,-0.3338468233535513,0.5575558334642636,0.1398375354817924,0.2494116142532503,-0.1083799458706193,7.812804960843853,actual_stock_exclusion_replay,,,,,50,quarter,0.5,3,100000.0,0.0025,0.01,True,0.1398375354817924,0.24720554909618309,-0.10736801361439069,False
A2_quarter__excludeTop5,A2_quarter,exclusion_replays,2024,2024-01-02,2024-12-31,252,0.9529910071752596,-0.224962158203625,1.8030522382711351,0.9529910071752596,0.2643074461050603,0.6886835610701993,6.93660099336882,actual_stock_exclusion_replay,,,,,50,quarter,0.5,3,100000.0,0.0025,0.01,True,0.9529910071752596,0.2643074461050603,0.6886835610701993,False
A2_quarter__excludeTop5,A2_quarter,exclusion_replays,2025,2025-01-02,2025-12-31,250,0.1849414451118294,-0.3654020221147274,0.5921572635960116,0.1833466724639061,0.1785790013706134,0.0063624437412159,8.313839708072997,actual_stock_exclusion_replay,,,,,50,quarter,0.5,3,100000.0,0.0025,0.01,True,0.1833466724639061,0.1770430847937292,0.006303587670176886,False
A2_quarter__excludeTop5,A2_quarter,exclusion_replays,2026,2026-01-02,2026-09-22,181,-0.2142148766523977,-0.3120280990888949,-0.3740281396659486,-0.158989262545066,0.193982242745804,-0.4081971193982017,11.346041661319727,actual_stock_exclusion_replay,,,,,50,quarter,0.5,3,100000.0,0.0025,0.01,True,-0.158989262545066,0.13580564851123356,-0.29479491105629957,True
A2_quarter__excludeTop10,A2_quarter,exclusion_replays,2017,2017-01-04,2017-12-29,250,0.0812687706325971,-0.1751942884631251,0.4974966761123233,0.0805984619349262,0.2120011745455907,-0.1307324039129935,8.180025084269342,actual_stock_exclusion_replay,,,,,50,quarter,0.5,3,100000.0,0.0025,0.01,True,0.0805984619349262,0.21015310140377008,-0.12955463946884388,False
A2_quarter__excludeTop10,A2_quarter,exclusion_replays,2018,2018-01-02,2018-12-31,251,-0.159172010562783,-0.3289477395741221,-0.5529415793664817,-0.1585933480006025,-0.0642984107744514,-0.0948735997883316,8.21835921827567,actual_stock_exclusion_replay,,,,,50,quarter,0.5,3,100000.0,0.0025,0.01,True,-0.1585933480006025,-0.06405161044839947,-0.09454173755220305,False
A2_quarter__excludeTop10,A2_quarter,exclusion_replays,2019,2019-01-02,2019-12-31,252,0.8649944339433704,-0.1257099635210844,2.863406871987152,0.8649944339433704,0.3401954545671213,0.5247989793762491,7.021549478659265,actual_stock_exclusion_replay,,,,,50,quarter,0.5,3,100000.0,0.0025,0.01,True,0.8649944339433704,0.3401954545671213,0.5247989793762491,False
A2_quarter__excludeTop10,A2_quarter,exclusion_replays,2020,2020-01-02,2020-12-31,253,0.5526990708207198,-0.3607865767921554,1.229569910205044,0.5554124684800334,0.1813082709311855,0.3713907998895343,8.62673587141041,actual_stock_exclusion_replay,,,,,50,quarter,0.5,3,100000.0,0.0025,0.01,True,0.5554124684800334,0.18208961084499786,0.3733228576350356,False
A2_quarter__excludeTop10,A2_quarter,exclusion_replays,2021,2021-01-04,2021-12-31,252,-0.0978311996553087,-0.4671229838632358,-0.0631998519818024,-0.0978311996553087,0.2861550585808201,-0.3839862582361288,11.24672655922092,actual_stock_exclusion_replay,,,,,50,quarter,0.5,3,100000.0,0.0025,0.01,True,-0.0978311996553087,0.28615505858082013,-0.38398625823612886,False
A2_quarter__excludeTop10,A2_quarter,exclusion_replays,2022,2022-01-03,2022-12-30,251,-0.1954143428347067,-0.2951413076362413,-0.4095836938291262,-0.1947198395910229,-0.180528833522089,-0.0148855093126176,13.774855940918728,actual_stock_exclusion_replay,,,,,50,quarter,0.5,3,100000.0,0.0025,0.01,True,-0.1947198395910229,-0.17988114323237925,-0.014838696358643655,False
A2_quarter__excludeTop10,A2_quarter,exclusion_replays,2023,2023-01-03,2023-12-29,250,0.1423750599434183,-0.3325793202357994,0.5611221947881201,0.141168864235053,0.2494116142532503,-0.1070365543098319,7.9216488469172655,actual_stock_exclusion_replay,,,,,50,quarter,0.5,3,100000.0,0.0025,0.01,True,0.141168864235053,0.24720554909618309,-0.10603668486113008,False
A2_quarter__excludeTop10,A2_quarter,exclusion_replays,2024,2024-01-02,2024-12-31,252,0.9142451155962958,-0.2247450204468898,1.757074552609313,0.9142451155962958,0.2643074461050603,0.6499376694912355,7.00837005620287,actual_stock_exclusion_replay,,,,,50,quarter,0.5,3,100000.0,0.0025,0.01,True,0.9142451155962958,0.2643074461050603,0.6499376694912355,False
A2_quarter__excludeTop10,A2_quarter,exclusion_replays,2025,2025-01-02,2025-12-31,250,0.0932115845138661,-0.3692922236336611,0.4265179144575508,0.0924386295915902,0.1785790013706134,-0.0853674168567473,9.83181557429418,actual_stock_exclusion_replay,,,,,50,quarter,0.5,3,100000.0,0.0025,0.01,True,0.0924386295915902,0.1770430847937292,-0.08460445520213901,False
A2_quarter__excludeTop10,A2_quarter,exclusion_replays,2026,2026-01-02,2026-09-22,181,-0.2732475616362396,-0.3605004148778464,-0.5199218230310042,-0.2048660411950785,0.193982242745804,-0.4672298043820436,13.55426293489259,actual_stock_exclusion_replay,,,,,50,quarter,0.5,3,100000.0,0.0025,0.01,True,-0.2048660411950785,0.13580564851123356,-0.34067168970631206,True
A2_quarter__excludeSector_IT_HW,A2_quarter,exclusion_replays,2017,2017-01-04,2017-12-29,250,0.0491868998590525,-0.1942809308736292,0.3409256876810865,0.0487871568565339,0.2120011745455907,-0.1628142746865382,8.377404177511353,actual_sector_exclusion_replay,,,,IT_HW,50,quarter,0.5,3,100000.0,0.0025,0.01,True,0.0487871568565339,0.21015310140377008,-0.16136594454723618,False
A2_quarter__excludeSector_IT_HW,A2_quarter,exclusion_replays,2018,2018-01-02,2018-12-31,251,-0.2641022629352073,-0.383077977691963,-1.0381980617909912,-0.263206188345098,-0.0642984107744514,-0.1998038521607559,8.85967158490394,actual_sector_exclusion_replay,,,,IT_HW,50,quarter,0.5,3,100000.0,0.0025,0.01,True,-0.263206188345098,-0.06405161044839947,-0.19915457789669855,False
A2_quarter__excludeSector_IT_HW,A2_quarter,exclusion_replays,2019,2019-01-02,2019-12-31,252,0.7299480544084329,-0.1211850188931253,2.549492258291525,0.7299480544084329,0.3401954545671213,0.3897525998413116,7.695990283800957,actual_sector_exclusion_replay,,,,IT_HW,50,quarter,0.5,3,100000.0,0.0025,0.01,True,0.7299480544084329,0.3401954545671213,0.3897525998413116,False
A2_quarter__excludeSector_IT_HW,A2_quarter,exclusion_replays,2020,2020-01-02,2020-12-31,253,0.6898513751111557,-0.3847021051565027,1.3831191401492238,0.6933731533697587,0.1813082709311855,0.5085431041799702,8.77845420394958,actual_sector_exclusion_replay,,,,IT_HW,50,quarter,0.5,3,100000.0,0.0025,0.01,True,0.6933731533697587,0.18208961084499786,0.5112835425247608,False
A2_quarter__excludeSector_IT_HW,A2_quarter,exclusion_replays,2021,2021-01-04,2021-12-31,252,-0.0313233148950088,-0.3351916991886742,0.0970630530817526,-0.0313233148950088,0.2861550585808201,-0.3174783734758289,10.800080597413244,actual_sector_exclusion_replay,,,,IT_HW,50,quarter,0.5,3,100000.0,0.0025,0.01,True,-0.0313233148950088,0.28615505858082013,-0.3174783734758289,False
A2_quarter__excludeSector_IT_HW,A2_quarter,exclusion_replays,2022,2022-01-03,2022-12-30,251,-0.2058732819510876,-0.2983276028622426,-0.4268989287953282,-0.2051465372113587,-0.180528833522089,-0.0253444484289986,14.087209522454858,actual_sector_exclusion_replay,,,,IT_HW,50,quarter,0.5,3,100000.0,0.0025,0.01,True,-0.2051465372113587,-0.17988114323237925,-0.02526539397897945,False
A2_quarter__excludeSector_IT_HW,A2_quarter,exclusion_replays,2023,2023-01-03,2023-12-29,250,0.2555933632705849,-0.2780550211367193,0.8576465431081925,0.253327288233462,0.2494116142532503,0.0061817490173345,7.126943921583108,actual_sector_exclusion_replay,,,,IT_HW,50,quarter,0.5,3,100000.0,0.0025,0.01,True,0.253327288233462,0.24720554909618309,0.006121739137278925,False
A2_quarter__excludeSector_IT_HW,A2_quarter,exclusion_replays,2024,2024-01-02,2024-12-31,252,0.837079352242422,-0.2275601713921532,1.8943550337376671,0.837079352242422,0.2643074461050603,0.5727719061373617,6.349026203152501,actual_sector_exclusion_replay,,,,IT_HW,50,quarter,0.5,3,100000.0,0.0025,0.01,True,0.837079352242422,0.2643074461050603,0.5727719061373617,False
A2_quarter__excludeSector_IT_HW,A2_quarter,exclusion_replays,2025,2025-01-02,2025-12-31,250,0.174686754407509,-0.379286421289574,0.58161759355394,0.1731867101802255,0.1785790013706134,-0.0038922469631044,9.2641408941901,actual_sector_exclusion_replay,,,,IT_HW,50,quarter,0.5,3,100000.0,0.0025,0.01,True,0.1731867101802255,0.1770430847937292,-0.003856374613503716,False
A2_quarter__excludeSector_IT_HW,A2_quarter,exclusion_replays,2026,2026-01-02,2026-09-22,181,-0.1837568697736862,-0.3259862540455742,-0.3154227302837023,-0.1357009531519909,0.193982242745804,-0.3777391125194902,11.016675219407295,actual_sector_exclusion_replay,,,,IT_HW,50,quarter,0.5,3,100000.0,0.0025,0.01,True,-0.1357009531519909,0.13580564851123356,-0.2715066016632245,True
A2_quarter__excludeSector_HEALTH_SVC,A2_quarter,exclusion_replays,2017,2017-01-04,2017-12-29,250,0.1069613709522283,-0.1710761402204417,0.6275389224806058,0.1060689686425795,0.2120011745455907,-0.1050398035933624,7.739582753419672,actual_sector_exclusion_replay,,,,HEALTH_SVC,50,quarter,0.5,3,100000.0,0.0025,0.01,True,0.1060689686425795,0.21015310140377008,-0.10408413276119058,False
A2_quarter__excludeSector_HEALTH_SVC,A2_quarter,exclusion_replays,2018,2018-01-02,2018-12-31,251,-0.0996908511454126,-0.3079303778151179,-0.2687398641648453,-0.0993155831389209,-0.0642984107744514,-0.0353924403709612,7.415654089612483,actual_sector_exclusion_replay,,,,HEALTH_SVC,50,quarter,0.5,3,100000.0,0.0025,0.01,True,-0.0993155831389209,-0.06405161044839947,-0.035263972690521436,False
A2_quarter__excludeSector_HEALTH_SVC,A2_quarter,exclusion_replays,2019,2019-01-02,2019-12-31,252,0.7879128767553369,-0.1173795760536631,2.7603310782620283,0.7879128767553369,0.3401954545671213,0.4477174221882156,7.024450006396044,actual_sector_exclusion_replay,,,,HEALTH_SVC,50,quarter,0.5,3,100000.0,0.0025,0.01,True,0.7879128767553369,0.3401954545671213,0.44771742218821564,False
A2_quarter__excludeSector_HEALTH_SVC,A2_quarter,exclusion_replays,2020,2020-01-02,2020-12-31,253,0.7343631506427648,-0.3745081562819181,1.4390596967377114,0.7381570171846312,0.1813082709311855,0.5530548797115793,9.133914926458452,actual_sector_exclusion_replay,,,,HEALTH_SVC,50,quarter,0.5,3,100000.0,0.0025,0.01,True,0.7381570171846312,0.18208961084499786,0.5560674063396334,False
A2_quarter__excludeSector_HEALTH_SVC,A2_quarter,exclusion_replays,2021,2021-01-04,2021-12-31,252,0.0176174895523646,-0.3563271108607816,0.2455891709213625,0.0176174895523646,0.2861550585808201,-0.2685375690284555,11.829606863576355,actual_sector_exclusion_replay,,,,HEALTH_SVC,50,quarter,0.5,3,100000.0,0.0025,0.01,True,0.0176174895523646,0.28615505858082013,-0.26853756902845555,False
A2_quarter__excludeSector_HEALTH_SVC,A2_quarter,exclusion_replays,2022,2022-01-03,2022-12-30,251,-0.2810812439049477,-0.3579044308913097,-0.6807144572299704,-0.2801391662105655,-0.180528833522089,-0.1005524103828586,15.063781846930194,actual_sector_exclusion_replay,,,,HEALTH_SVC,50,quarter,0.5,3,100000.0,0.0025,0.01,True,-0.2801391662105655,-0.17988114323237925,-0.10025802297818626,False
A2_quarter__excludeSector_HEALTH_SVC,A2_quarter,exclusion_replays,2023,2023-01-03,2023-12-29,250,0.1758522675805602,-0.3178459117974538,0.6441747544625815,0.174341492185881,0.2494116142532503,-0.07355934667269,8.832295025546623,actual_sector_exclusion_replay,,,,HEALTH_SVC,50,quarter,0.5,3,100000.0,0.0025,0.01,True,0.174341492185881,0.24720554909618309,-0.0728640569103021,False
A2_quarter__excludeSector_HEALTH_SVC,A2_quarter,exclusion_replays,2024,2024-01-02,2024-12-31,252,1.3718502358094762,-0.2559058652956758,1.839128354419892,1.3718502358094762,0.2643074461050603,1.107542789704416,6.69792396155976,actual_sector_exclusion_replay,,,,HEALTH_SVC,50,quarter,0.5,3,100000.0,0.0025,0.01,True,1.3718502358094762,0.2643074461050603,1.1075427897044159,False
A2_quarter__excludeSector_HEALTH_SVC,A2_quarter,exclusion_replays,2025,2025-01-02,2025-12-31,250,0.3148492369915816,-0.4457305008279821,0.7926393346651976,0.3119959629189412,0.1785790013706134,0.1362702356209681,9.23828183435179,actual_sector_exclusion_replay,,,,HEALTH_SVC,50,quarter,0.5,3,100000.0,0.0025,0.01,True,0.3119959629189412,0.1770430847937292,0.134952878125212,False
A2_quarter__excludeSector_HEALTH_SVC,A2_quarter,exclusion_replays,2026,2026-01-02,2026-09-22,181,0.065521552914959,-0.3370435321837371,0.3752678348378518,0.0466384553303997,0.193982242745804,-0.1284606898308449,10.510993356009866,actual_sector_exclusion_replay,,,,HEALTH_SVC,50,quarter,0.5,3,100000.0,0.0025,0.01,True,0.0466384553303997,0.13580564851123356,-0.08916719318083385,True
A2_quarter__excludeSector_SEMI,A2_quarter,exclusion_replays,2017,2017-01-04,2017-12-29,250,-0.0081605951662837,-0.1986904989419443,0.0583076788063682,-0.0080960914295116,0.2120011745455907,-0.2201617697118745,8.69432851920824,actual_sector_exclusion_replay,,,,SEMI,50,quarter,0.5,3,100000.0,0.0025,0.01,True,-0.0080960914295116,0.21015310140377008,-0.21824919283328167,False
A2_quarter__excludeSector_SEMI,A2_quarter,exclusion_replays,2018,2018-01-02,2018-12-31,251,-0.2125556501285481,-0.3617612960440347,-0.8558760715619331,-0.211808590695667,-0.0642984107744514,-0.1482572393540967,8.665873167402605,actual_sector_exclusion_replay,,,,SEMI,50,quarter,0.5,3,100000.0,0.0025,0.01,True,-0.211808590695667,-0.06405161044839947,-0.14775698024726752,False
A2_quarter__excludeSector_SEMI,A2_quarter,exclusion_replays,2019,2019-01-02,2019-12-31,252,0.6848562498173305,-0.137278552865859,2.4576527387421145,0.6848562498173305,0.3401954545671213,0.3446607952502092,7.941672556320999,actual_sector_exclusion_replay,,,,SEMI,50,quarter,0.5,3,100000.0,0.0025,0.01,True,0.6848562498173305,0.3401954545671213,0.3446607952502092,False
A2_quarter__excludeSector_SEMI,A2_quarter,exclusion_replays,2020,2020-01-02,2020-12-31,253,0.6583025877654576,-0.4053345282592469,1.34687469585592,0.6616343445422825,0.1813082709311855,0.476994316834272,8.919252762585781,actual_sector_exclusion_replay,,,,SEMI,50,quarter,0.5,3,100000.0,0.0025,0.01,True,0.6616343445422825,0.18208961084499786,0.4795447336972847,False
A2_quarter__excludeSector_SEMI,A2_quarter,exclusion_replays,2021,2021-01-04,2021-12-31,252,-0.0563359178101362,-0.4612827452080168,0.0765981697426134,-0.0563359178101362,0.2861550585808201,-0.3424909763909564,10.919519913612188,actual_sector_exclusion_replay,,,,SEMI,50,quarter,0.5,3,100000.0,0.0025,0.01,True,-0.0563359178101362,0.28615505858082013,-0.3424909763909563,False
A2_quarter__excludeSector_SEMI,A2_quarter,exclusion_replays,2022,2022-01-03,2022-12-30,251,-0.2115380314300043,-0.3023162510411225,-0.4418173894603648,-0.2107940511688445,-0.180528833522089,-0.0310091979079153,14.60244106411404,actual_sector_exclusion_replay,,,,SEMI,50,quarter,0.5,3,100000.0,0.0025,0.01,True,-0.2107940511688445,-0.17988114323237925,-0.030912907936465256,False
A2_quarter__excludeSector_SEMI,A2_quarter,exclusion_replays,2023,2023-01-03,2023-12-29,250,0.1186515833363901,-0.3058094252295473,0.5006066809320606,0.1176565681157362,0.2494116142532503,-0.1307600309168601,8.848411678184512,actual_sector_exclusion_replay,,,,SEMI,50,quarter,0.5,3,100000.0,0.0025,0.01,True,0.1176565681157362,0.24720554909618309,-0.12954898098044687,False
A2_quarter__excludeSector_SEMI,A2_quarter,exclusion_replays,2024,2024-01-02,2024-12-31,252,1.2024875904293153,-0.2554195011609426,1.7061487431053386,1.2024875904293153,0.2643074461050603,0.938180144324255,7.346659857070365,actual_sector_exclusion_replay,,,,SEMI,50,quarter,0.5,3,100000.0,0.0025,0.01,True,1.2024875904293153,0.2643074461050603,0.938180144324255,False
A2_quarter__excludeSector_SEMI,A2_quarter,exclusion_replays,2025,2025-01-02,2025-12-31,250,0.3271951202085819,-0.4263145658235422,0.8000843707347227,0.324216830576002,0.1785790013706134,0.1486161188379684,9.50924692995878,actual_sector_exclusion_replay,,,,SEMI,50,quarter,0.5,3,100000.0,0.0025,0.01,True,0.324216830576002,0.1770430847937292,0.14717374578227277,False
A2_quarter__excludeSector_SEMI,A2_quarter,exclusion_replays,2026,2026-01-02,2026-09-22,181,-0.0019590767434235,-0.3289102842645313,0.2165367364284544,-0.0014075033074608,0.193982242745804,-0.1959413194892275,11.703327343239192,actual_sector_exclusion_replay,,,,SEMI,50,quarter,0.5,3,100000.0,0.0025,0.01,True,-0.0014075033074608,0.13580564851123356,-0.13721315181869437,True
A2_week__excludeTop1,A2_week,exclusion_replays,2017,2017-01-04,2017-12-29,250,0.0849831774339533,-0.1806182280199597,0.5091751319600843,0.0842810547844141,0.2120011745455907,-0.1270179971116374,11.279608216276486,actual_stock_exclusion_replay,,,,,50,week,0.5,3,100000.0,0.0025,0.01,True,0.0842810547844141,0.21015310140377008,-0.12587204661935597,False
A2_week__excludeTop1,A2_week,exclusion_replays,2018,2018-01-02,2018-12-31,251,-0.1594003884648153,-0.3500548956631699,-0.5038153454672215,-0.1588209763110664,-0.0642984107744514,-0.0951019776903638,11.897086817735667,actual_stock_exclusion_replay,,,,,50,week,0.5,3,100000.0,0.0025,0.01,True,-0.1588209763110664,-0.06405161044839947,-0.09476936586266693,False
A2_week__excludeTop1,A2_week,exclusion_replays,2019,2019-01-02,2019-12-31,252,0.8437337011753581,-0.1078944262666704,2.88369015300727,0.8437337011753581,0.3401954545671213,0.5035382466082368,9.693494544825596,actual_stock_exclusion_replay,,,,,50,week,0.5,3,100000.0,0.0025,0.01,True,0.8437337011753581,0.3401954545671213,0.5035382466082368,False
A2_week__excludeTop1,A2_week,exclusion_replays,2020,2020-01-02,2020-12-31,253,0.4297745531052035,-0.3840333206274884,1.0358201424450104,0.4318044386721353,0.1813082709311855,0.248466282174018,12.491152809652284,actual_stock_exclusion_replay,,,,,50,week,0.5,3,100000.0,0.0025,0.01,True,0.4318044386721353,0.18208961084499786,0.24971482782713744,False
A2_week__excludeTop1,A2_week,exclusion_replays,2021,2021-01-04,2021-12-31,252,0.0194794774252067,-0.3545771004643488,0.2499524190390396,0.0194794774252067,0.2861550585808201,-0.2666755811556134,14.92731026074388,actual_stock_exclusion_replay,,,,,50,week,0.5,3,100000.0,0.0025,0.01,True,0.0194794774252067,0.28615505858082013,-0.2666755811556134,False
A2_week__excludeTop1,A2_week,exclusion_replays,2022,2022-01-03,2022-12-30,251,-0.2254035364838866,-0.3171446043115481,-0.4136433511003734,-0.2246180509233957,-0.180528833522089,-0.0448747029617976,19.73736200520361,actual_stock_exclusion_replay,,,,,50,week,0.5,3,100000.0,0.0025,0.01,True,-0.2246180509233957,-0.17988114323237925,-0.04473690769101646,False
A2_week__excludeTop1,A2_week,exclusion_replays,2023,2023-01-03,2023-12-29,250,0.1747828468933219,-0.3361140755198029,0.6387132946028704,0.1732819182626386,0.2494116142532503,-0.0746287673599284,11.179358828072257,actual_stock_exclusion_replay,,,,,50,week,0.5,3,100000.0,0.0025,0.01,True,0.1732819182626386,0.24720554909618309,-0.07392363083354447,False
A2_week__excludeTop1,A2_week,exclusion_replays,2024,2024-01-02,2024-12-31,252,1.037536608508816,-0.2389781482492391,1.952988969077289,1.037536608508816,0.2643074461050603,0.7732291624037557,11.373025444293702,actual_stock_exclusion_replay,,,,,50,week,0.5,3,100000.0,0.0025,0.01,True,1.037536608508816,0.2643074461050603,0.7732291624037557,False
A2_week__excludeTop1,A2_week,exclusion_replays,2025,2025-01-02,2025-12-31,250,0.2063581656366084,-0.3697619952084252,0.6327222895914828,0.2045633110771181,0.1785790013706134,0.027779164265995,12.142589090273054,actual_stock_exclusion_replay,,,,,50,week,0.5,3,100000.0,0.0025,0.01,True,0.2045633110771181,0.1770430847937292,0.027520226283388877,False
A2_week__excludeTop1,A2_week,exclusion_replays,2026,2026-01-02,2026-09-22,181,0.0974196754085805,-0.3270727575866434,0.4306613382887598,0.069049666498715,0.193982242745804,-0.0965625673372234,16.84009075404458,actual_stock_exclusion_replay,,,,,50,week,0.5,3,100000.0,0.0025,0.01,True,0.069049666498715,0.13580564851123356,-0.06675598201251856,True
A2_week__excludeTop3,A2_week,exclusion_replays,2017,2017-01-04,2017-12-29,250,0.0849831774339533,-0.1806182280199597,0.5091751319600843,0.0842810547844141,0.2120011745455907,-0.1270179971116374,11.279608216276486,actual_stock_exclusion_replay,,,,,50,week,0.5,3,100000.0,0.0025,0.01,True,0.0842810547844141,0.21015310140377008,-0.12587204661935597,False
A2_week__excludeTop3,A2_week,exclusion_replays,2018,2018-01-02,2018-12-31,251,-0.1594003884648153,-0.3500548956631699,-0.5038153454672215,-0.1588209763110664,-0.0642984107744514,-0.0951019776903638,11.897086817735667,actual_stock_exclusion_replay,,,,,50,week,0.5,3,100000.0,0.0025,0.01,True,-0.1588209763110664,-0.06405161044839947,-0.09476936586266693,False
A2_week__excludeTop3,A2_week,exclusion_replays,2019,2019-01-02,2019-12-31,252,0.8437337011753581,-0.1078944262666704,2.88369015300727,0.8437337011753581,0.3401954545671213,0.5035382466082368,9.693494544825596,actual_stock_exclusion_replay,,,,,50,week,0.5,3,100000.0,0.0025,0.01,True,0.8437337011753581,0.3401954545671213,0.5035382466082368,False
A2_week__excludeTop3,A2_week,exclusion_replays,2020,2020-01-02,2020-12-31,253,0.4297745531052035,-0.3840333206274884,1.0358201424450104,0.4318044386721353,0.1813082709311855,0.248466282174018,12.491152809652284,actual_stock_exclusion_replay,,,,,50,week,0.5,3,100000.0,0.0025,0.01,True,0.4318044386721353,0.18208961084499786,0.24971482782713744,False
A2_week__excludeTop3,A2_week,exclusion_replays,2021,2021-01-04,2021-12-31,252,0.0194794774252067,-0.3545771004643488,0.2499524190390396,0.0194794774252067,0.2861550585808201,-0.2666755811556134,14.92731026074388,actual_stock_exclusion_replay,,,,,50,week,0.5,3,100000.0,0.0025,0.01,True,0.0194794774252067,0.28615505858082013,-0.2666755811556134,False
A2_week__excludeTop3,A2_week,exclusion_replays,2022,2022-01-03,2022-12-30,251,-0.2254035364838866,-0.3171446043115481,-0.4136433511003734,-0.2246180509233957,-0.180528833522089,-0.0448747029617976,19.73736200520361,actual_stock_exclusion_replay,,,,,50,week,0.5,3,100000.0,0.0025,0.01,True,-0.2246180509233957,-0.17988114323237925,-0.04473690769101646,False
A2_week__excludeTop3,A2_week,exclusion_replays,2023,2023-01-03,2023-12-29,250,0.1747828468933219,-0.3361140755198029,0.6387132946028704,0.1732819182626386,0.2494116142532503,-0.0746287673599284,11.179358828072257,actual_stock_exclusion_replay,,,,,50,week,0.5,3,100000.0,0.0025,0.01,True,0.1732819182626386,0.24720554909618309,-0.07392363083354447,False
A2_week__excludeTop3,A2_week,exclusion_replays,2024,2024-01-02,2024-12-31,252,1.037536608508816,-0.2389781482492391,1.952988969077289,1.037536608508816,0.2643074461050603,0.7732291624037557,11.373025444293702,actual_stock_exclusion_replay,,,,,50,week,0.5,3,100000.0,0.0025,0.01,True,1.037536608508816,0.2643074461050603,0.7732291624037557,False
A2_week__excludeTop3,A2_week,exclusion_replays,2025,2025-01-02,2025-12-31,250,0.2010938767001295,-0.3697619952084252,0.6232523796556306,0.1993484819769693,0.1785790013706134,0.0225148753295161,12.313715865127843,actual_stock_exclusion_replay,,,,,50,week,0.5,3,100000.0,0.0025,0.01,True,0.1993484819769693,0.1770430847937292,0.022305397183240094,False
A2_week__excludeTop3,A2_week,exclusion_replays,2026,2026-01-02,2026-09-22,181,-0.2609278559108102,-0.3491021615189462,-0.5184324988829784,-0.195207728168641,0.193982242745804,-0.4549100986566142,17.80251599738905,actual_stock_exclusion_replay,,,,,50,week,0.5,3,100000.0,0.0025,0.01,True,-0.195207728168641,0.13580564851123356,-0.3310133766798745,True
A2_week__excludeTop5,A2_week,exclusion_replays,2017,2017-01-04,2017-12-29,250,0.0849831774339533,-0.1806182280199597,0.5091751319600843,0.0842810547844141,0.2120011745455907,-0.1270179971116374,11.279608216276486,actual_stock_exclusion_replay,,,,,50,week,0.5,3,100000.0,0.0025,0.01,True,0.0842810547844141,0.21015310140377008,-0.12587204661935597,False
A2_week__excludeTop5,A2_week,exclusion_replays,2018,2018-01-02,2018-12-31,251,-0.1594003884648153,-0.3500548956631699,-0.5038153454672215,-0.1588209763110664,-0.0642984107744514,-0.0951019776903638,11.897086817735667,actual_stock_exclusion_replay,,,,,50,week,0.5,3,100000.0,0.0025,0.01,True,-0.1588209763110664,-0.06405161044839947,-0.09476936586266693,False
A2_week__excludeTop5,A2_week,exclusion_replays,2019,2019-01-02,2019-12-31,252,0.8437337011753581,-0.1078944262666704,2.88369015300727,0.8437337011753581,0.3401954545671213,0.5035382466082368,9.693494544825596,actual_stock_exclusion_replay,,,,,50,week,0.5,3,100000.0,0.0025,0.01,True,0.8437337011753581,0.3401954545671213,0.5035382466082368,False
A2_week__excludeTop5,A2_week,exclusion_replays,2020,2020-01-02,2020-12-31,253,0.4297745531052035,-0.3840333206274884,1.0358201424450104,0.4318044386721353,0.1813082709311855,0.248466282174018,12.491152809652284,actual_stock_exclusion_replay,,,,,50,week,0.5,3,100000.0,0.0025,0.01,True,0.4318044386721353,0.18208961084499786,0.24971482782713744,False
A2_week__excludeTop5,A2_week,exclusion_replays,2021,2021-01-04,2021-12-31,252,0.0194794774252067,-0.3545771004643488,0.2499524190390396,0.0194794774252067,0.2861550585808201,-0.2666755811556134,14.92731026074388,actual_stock_exclusion_replay,,,,,50,week,0.5,3,100000.0,0.0025,0.01,True,0.0194794774252067,0.28615505858082013,-0.2666755811556134,False
A2_week__excludeTop5,A2_week,exclusion_replays,2022,2022-01-03,2022-12-30,251,-0.2254035364838866,-0.3171446043115481,-0.4136433511003734,-0.2246180509233957,-0.180528833522089,-0.0448747029617976,19.73736200520361,actual_stock_exclusion_replay,,,,,50,week,0.5,3,100000.0,0.0025,0.01,True,-0.2246180509233957,-0.17988114323237925,-0.04473690769101646,False
A2_week__excludeTop5,A2_week,exclusion_replays,2023,2023-01-03,2023-12-29,250,0.1747828468933219,-0.3361140755198029,0.6387132946028704,0.1732819182626386,0.2494116142532503,-0.0746287673599284,11.179358828072257,actual_stock_exclusion_replay,,,,,50,week,0.5,3,100000.0,0.0025,0.01,True,0.1732819182626386,0.24720554909618309,-0.07392363083354447,False
A2_week__excludeTop5,A2_week,exclusion_replays,2024,2024-01-02,2024-12-31,252,0.7150841406802169,-0.2389781482492391,1.5914119391408663,0.7150841406802169,0.2643074461050603,0.4507766945751565,11.33132288565476,actual_stock_exclusion_replay,,,,,50,week,0.5,3,100000.0,0.0025,0.01,True,0.7150841406802169,0.2643074461050603,0.45077669457515657,False
A2_week__excludeTop5,A2_week,exclusion_replays,2025,2025-01-02,2025-12-31,250,0.2656645334779133,-0.3276797648849605,0.7354723858917313,0.2633001798955183,0.1785790013706134,0.0870855321072998,12.03296985718899,actual_stock_exclusion_replay,,,,,50,week,0.5,3,100000.0,0.0025,0.01,True,0.2633001798955183,0.1770430847937292,0.08625709510178908,False
A2_week__excludeTop5,A2_week,exclusion_replays,2026,2026-01-02,2026-09-22,181,-0.3251669246800047,-0.3627061888935742,-0.713857913371922,-0.24608981927306,0.193982242745804,-0.5191491674258087,17.574634377105877,actual_stock_exclusion_replay,,,,,50,week,0.5,3,100000.0,0.0025,0.01,True,-0.24608981927306,0.13580564851123356,-0.38189546778429356,True
A2_week__excludeTop10,A2_week,exclusion_replays,2017,2017-01-04,2017-12-29,250,0.0849831774339533,-0.1806182280199597,0.5091751319600843,0.0842810547844141,0.2120011745455907,-0.1270179971116374,11.279608216276486,actual_stock_exclusion_replay,,,,,50,week,0.5,3,100000.0,0.0025,0.01,True,0.0842810547844141,0.21015310140377008,-0.12587204661935597,False
A2_week__excludeTop10,A2_week,exclusion_replays,2018,2018-01-02,2018-12-31,251,-0.1594003884648153,-0.3500548956631699,-0.5038153454672215,-0.1588209763110664,-0.0642984107744514,-0.0951019776903638,11.897086817735667,actual_stock_exclusion_replay,,,,,50,week,0.5,3,100000.0,0.0025,0.01,True,-0.1588209763110664,-0.06405161044839947,-0.09476936586266693,False
A2_week__excludeTop10,A2_week,exclusion_replays,2019,2019-01-02,2019-12-31,252,0.8437337011753581,-0.1078944262666704,2.88369015300727,0.8437337011753581,0.3401954545671213,0.5035382466082368,9.693494544825596,actual_stock_exclusion_replay,,,,,50,week,0.5,3,100000.0,0.0025,0.01,True,0.8437337011753581,0.3401954545671213,0.5035382466082368,False
A2_week__excludeTop10,A2_week,exclusion_replays,2020,2020-01-02,2020-12-31,253,0.3969081616205649,-0.3840333206274884,0.9833137795105896,0.3987622973593201,0.1813082709311855,0.2155998906893794,12.775341109999792,actual_stock_exclusion_replay,,,,,50,week,0.5,3,100000.0,0.0025,0.01,True,0.3987622973593201,0.18208961084499786,0.21667268651432225,False
A2_week__excludeTop10,A2_week,exclusion_replays,2021,2021-01-04,2021-12-31,252,-0.0037526960064958,-0.4267163552449915,0.2004628365507643,-0.0037526960064958,0.2861550585808201,-0.289907754587316,15.739540851637082,actual_stock_exclusion_replay,,,,,50,week,0.5,3,100000.0,0.0025,0.01,True,-0.0037526960064958,0.28615505858082013,-0.28990775458731594,False
A2_week__excludeTop10,A2_week,exclusion_replays,2022,2022-01-03,2022-12-30,251,-0.3191250508637538,-0.3653744888601364,-0.6672151250608745,-0.3180857171048817,-0.180528833522089,-0.1385962173416648,20.54717786841665,actual_stock_exclusion_replay,,,,,50,week,0.5,3,100000.0,0.0025,0.01,True,-0.3180857171048817,-0.17988114323237925,-0.13820457387250246,False
A2_week__excludeTop10,A2_week,exclusion_replays,2023,2023-01-03,2023-12-29,250,0.1233570085482622,-0.3428778521607883,0.5081895950029633,0.1223204187916129,0.2494116142532503,-0.126054605704988,11.88457215756883,actual_stock_exclusion_replay,,,,,50,week,0.5,3,100000.0,0.0025,0.01,True,0.1223204187916129,0.24720554909618309,-0.12488513030457019,False
A2_week__excludeTop10,A2_week,exclusion_replays,2024,2024-01-02,2024-12-31,252,0.3854052120834388,-0.2565805500976599,1.027992793243768,0.3854052120834388,0.2643074461050603,0.1210977659783785,12.187554071336336,actual_stock_exclusion_replay,,,,,50,week,0.5,3,100000.0,0.0025,0.01,True,0.3854052120834388,0.2643074461050603,0.12109776597837851,False
A2_week__excludeTop10,A2_week,exclusion_replays,2025,2025-01-02,2025-12-31,250,-0.1658847111170542,-0.4311368655673917,-0.0943957179113205,-0.1646830934467338,0.1785790013706134,-0.3444637124876677,16.66594487063189,actual_stock_exclusion_replay,,,,,50,week,0.5,3,100000.0,0.0025,0.01,True,-0.1646830934467338,0.1770430847937292,-0.34172617824046303,False
A2_week__excludeTop10,A2_week,exclusion_replays,2026,2026-01-02,2026-09-22,181,-0.2668723229205436,-0.3270633321035746,-0.459945163440228,-0.199862318037279,0.193982242745804,-0.4608545656663476,20.443035890097,actual_stock_exclusion_replay,,,,,50,week,0.5,3,100000.0,0.0025,0.01,True,-0.199862318037279,0.13580564851123356,-0.33566796654851255,True
A2_week__excludeSector_IT_HW,A2_week,exclusion_replays,2017,2017-01-04,2017-12-29,250,0.0516950757967911,-0.1981133708361553,0.3488222360197001,0.0512744550216532,0.2120011745455907,-0.1603060987487996,11.623033474093267,actual_sector_exclusion_replay,,,,IT_HW,50,week,0.5,3,100000.0,0.0025,0.01,True,0.0512744550216532,0.21015310140377008,-0.15887864638211688,False
A2_week__excludeSector_IT_HW,A2_week,exclusion_replays,2018,2018-01-02,2018-12-31,251,-0.273115250615137,-0.4031772159321657,-1.0056236804051475,-0.2721945607415437,-0.0642984107744514,-0.2088168398406855,12.781005616045428,actual_sector_exclusion_replay,,,,IT_HW,50,week,0.5,3,100000.0,0.0025,0.01,True,-0.2721945607415437,-0.06405161044839947,-0.20814295029314422,False
A2_week__excludeSector_IT_HW,A2_week,exclusion_replays,2019,2019-01-02,2019-12-31,252,0.7368135119646013,-0.1117823548189809,2.5872307130550447,0.7368135119646013,0.3401954545671213,0.39661805739748,10.500175596280895,actual_sector_exclusion_replay,,,,IT_HW,50,week,0.5,3,100000.0,0.0025,0.01,True,0.7368135119646013,0.3401954545671213,0.39661805739748,False
A2_week__excludeSector_IT_HW,A2_week,exclusion_replays,2020,2020-01-02,2020-12-31,253,0.5805448657913124,-0.4090880257018473,1.2276215216614148,0.5834186078945052,0.1813082709311855,0.3992365948601268,12.91981249564147,actual_sector_exclusion_replay,,,,IT_HW,50,week,0.5,3,100000.0,0.0025,0.01,True,0.5834186078945052,0.18208961084499786,0.4013289970495073,False
A2_week__excludeSector_IT_HW,A2_week,exclusion_replays,2021,2021-01-04,2021-12-31,252,-0.0426889041645812,-0.341707988013897,0.0861462293099232,-0.0426889041645812,0.2861550585808201,-0.3288439627454014,15.239402303360706,actual_sector_exclusion_replay,,,,IT_HW,50,week,0.5,3,100000.0,0.0025,0.01,True,-0.0426889041645812,0.28615505858082013,-0.32884396274540134,False
A2_week__excludeSector_IT_HW,A2_week,exclusion_replays,2022,2022-01-03,2022-12-30,251,-0.2735662330980419,-0.3347462600943374,-0.5612268495691621,-0.2726443231237963,-0.180528833522089,-0.0930373995759529,20.97139494104984,actual_sector_exclusion_replay,,,,IT_HW,50,week,0.5,3,100000.0,0.0025,0.01,True,-0.2726443231237963,-0.17988114323237925,-0.09276317989141702,False
A2_week__excludeSector_IT_HW,A2_week,exclusion_replays,2023,2023-01-03,2023-12-29,250,0.1559140610951745,-0.301437618578258,0.5906592198981208,0.1545856025481295,0.2494116142532503,-0.0934975531580757,12.60499550257807,actual_sector_exclusion_replay,,,,IT_HW,50,week,0.5,3,100000.0,0.0025,0.01,True,0.1545856025481295,0.24720554909618309,-0.09261994654805358,False
A2_week__excludeSector_IT_HW,A2_week,exclusion_replays,2024,2024-01-02,2024-12-31,252,0.4887733217243417,-0.263021140480655,1.2183248138022176,0.4887733217243417,0.2643074461050603,0.2244658756192814,13.137463466272948,actual_sector_exclusion_replay,,,,IT_HW,50,week,0.5,3,100000.0,0.0025,0.01,True,0.4887733217243417,0.2643074461050603,0.22446587561928139,False
A2_week__excludeSector_IT_HW,A2_week,exclusion_replays,2025,2025-01-02,2025-12-31,250,-0.0263095607060086,-0.4280718580449288,0.1908519533978187,-0.0261035040769799,0.1785790013706134,-0.2048885620766221,15.162970063958628,actual_sector_exclusion_replay,,,,IT_HW,50,week,0.5,3,100000.0,0.0025,0.01,True,-0.0261035040769799,0.1770430847937292,-0.2031465888707091,False
A2_week__excludeSector_IT_HW,A2_week,exclusion_replays,2026,2026-01-02,2026-09-22,181,-0.1973204431390727,-0.3331836287659726,-0.3107793371377044,-0.1460409253368114,0.193982242745804,-0.3913026858848767,17.08181747744658,actual_sector_exclusion_replay,,,,IT_HW,50,week,0.5,3,100000.0,0.0025,0.01,True,-0.1460409253368114,0.13580564851123356,-0.28184657384804496,True
A2_week__excludeSector_HEALTH_SVC,A2_week,exclusion_replays,2017,2017-01-04,2017-12-29,250,0.124208654426255,-0.1773777449480085,0.693059857842631,0.1231645234081777,0.2120011745455907,-0.0877925201193356,11.123420649238524,actual_sector_exclusion_replay,,,,HEALTH_SVC,50,week,0.5,3,100000.0,0.0025,0.01,True,0.1231645234081777,0.21015310140377008,-0.08698857799559238,False
A2_week__excludeSector_HEALTH_SVC,A2_week,exclusion_replays,2018,2018-01-02,2018-12-31,251,-0.103735366008661,-0.3243200743017967,-0.2552923898078424,-0.1033457634664968,-0.0642984107744514,-0.0394369552342096,11.298700538313282,actual_sector_exclusion_replay,,,,HEALTH_SVC,50,week,0.5,3,100000.0,0.0025,0.01,True,-0.1033457634664968,-0.06405161044839947,-0.03929415301809734,False
A2_week__excludeSector_HEALTH_SVC,A2_week,exclusion_replays,2019,2019-01-02,2019-12-31,252,0.8104277869278509,-0.1066315996657548,2.8333993091919245,0.8104277869278509,0.3401954545671213,0.4702323323607296,9.849774716290362,actual_sector_exclusion_replay,,,,HEALTH_SVC,50,week,0.5,3,100000.0,0.0025,0.01,True,0.8104277869278509,0.3401954545671213,0.4702323323607296,False
A2_week__excludeSector_HEALTH_SVC,A2_week,exclusion_replays,2020,2020-01-02,2020-12-31,253,0.5108915003900671,-0.4368205695233214,1.12595108694122,0.5133679115010548,0.1813082709311855,0.3295832294588816,13.58278918570361,actual_sector_exclusion_replay,,,,HEALTH_SVC,50,week,0.5,3,100000.0,0.0025,0.01,True,0.5133679115010548,0.18208961084499786,0.3312783006560569,False
A2_week__excludeSector_HEALTH_SVC,A2_week,exclusion_replays,2021,2021-01-04,2021-12-31,252,0.1210685874077983,-0.2995979812400383,0.4843994940829633,0.1210685874077983,0.2861550585808201,-0.1650864711730217,15.883275895151666,actual_sector_exclusion_replay,,,,HEALTH_SVC,50,week,0.5,3,100000.0,0.0025,0.01,True,0.1210685874077983,0.28615505858082013,-0.16508647117302183,False
A2_week__excludeSector_HEALTH_SVC,A2_week,exclusion_replays,2022,2022-01-03,2022-12-30,251,-0.2626908498274584,-0.3875285245672454,-0.4957092305094652,-0.261798669631903,-0.180528833522089,-0.0821620163053693,20.09480186793485,actual_sector_exclusion_replay,,,,HEALTH_SVC,50,week,0.5,3,100000.0,0.0025,0.01,True,-0.261798669631903,-0.17988114323237925,-0.08191752639952377,False
A2_week__excludeSector_HEALTH_SVC,A2_week,exclusion_replays,2023,2023-01-03,2023-12-29,250,0.2165037801702509,-0.2968834805163589,0.7532227598362622,0.2146130952592186,0.2494116142532503,-0.0329078340829993,11.599999622815991,actual_sector_exclusion_replay,,,,HEALTH_SVC,50,week,0.5,3,100000.0,0.0025,0.01,True,0.2146130952592186,0.24720554909618309,-0.03259245383696449,False
A2_week__excludeSector_HEALTH_SVC,A2_week,exclusion_replays,2024,2024-01-02,2024-12-31,252,0.957349743159033,-0.2614750862492535,1.758714976098955,0.957349743159033,0.2643074461050603,0.6930422970539727,11.862644227822935,actual_sector_exclusion_replay,,,,HEALTH_SVC,50,week,0.5,3,100000.0,0.0025,0.01,True,0.957349743159033,0.2643074461050603,0.6930422970539727,False
A2_week__excludeSector_HEALTH_SVC,A2_week,exclusion_replays,2025,2025-01-02,2025-12-31,250,0.1962762969671754,-0.4632902906525252,0.6032345088434972,0.1945760061459038,0.1785790013706134,0.0176972955965619,13.988353105882394,actual_sector_exclusion_replay,,,,HEALTH_SVC,50,week,0.5,3,100000.0,0.0025,0.01,True,0.1945760061459038,0.1770430847937292,0.017532921352174602,False
A2_week__excludeSector_HEALTH_SVC,A2_week,exclusion_replays,2026,2026-01-02,2026-09-22,181,0.0671359415368837,-0.3559231547689241,0.3857758062601227,0.0477772041122666,0.193982242745804,-0.1268463012089202,16.47778229168606,actual_sector_exclusion_replay,,,,HEALTH_SVC,50,week,0.5,3,100000.0,0.0025,0.01,True,0.0477772041122666,0.13580564851123356,-0.08802844439896695,True
A2_week__excludeSector_SEMI,A2_week,exclusion_replays,2017,2017-01-04,2017-12-29,250,-0.0064889528076217,-0.2008762620066784,0.0715037502545482,-0.0064376193079489,0.2120011745455907,-0.2184901273532125,12.10685712362234,actual_sector_exclusion_replay,,,,SEMI,50,week,0.5,3,100000.0,0.0025,0.01,True,-0.0064376193079489,0.21015310140377008,-0.21659072071171898,False
A2_week__excludeSector_SEMI,A2_week,exclusion_replays,2018,2018-01-02,2018-12-31,251,-0.2137427238912367,-0.3810256497114082,-0.8008538367688371,-0.2129920791142721,-0.0642984107744514,-0.1494443131167853,12.652635415016,actual_sector_exclusion_replay,,,,SEMI,50,week,0.5,3,100000.0,0.0025,0.01,True,-0.2129920791142721,-0.06405161044839947,-0.14894046866587263,False
A2_week__excludeSector_SEMI,A2_week,exclusion_replays,2019,2019-01-02,2019-12-31,252,0.679912178046981,-0.127467792685486,2.4913500809758946,0.679912178046981,0.3401954545671213,0.3397167234798597,10.637379710169231,actual_sector_exclusion_replay,,,,SEMI,50,week,0.5,3,100000.0,0.0025,0.01,True,0.679912178046981,0.3401954545671213,0.3397167234798597,False
A2_week__excludeSector_SEMI,A2_week,exclusion_replays,2020,2020-01-02,2020-12-31,253,0.5577435436942304,-0.4444482211155932,1.1979751381728407,0.5604858421512853,0.1813082709311855,0.3764352727630449,13.522043417163534,actual_sector_exclusion_replay,,,,SEMI,50,week,0.5,3,100000.0,0.0025,0.01,True,0.5604858421512853,0.18208961084499786,0.3783962313062874,False
A2_week__excludeSector_SEMI,A2_week,exclusion_replays,2021,2021-01-04,2021-12-31,252,-0.0013453363355799,-0.3995741458599268,0.2123923458704414,-0.0013453363355799,0.2861550585808201,-0.2875003949164001,15.584086616797205,actual_sector_exclusion_replay,,,,SEMI,50,week,0.5,3,100000.0,0.0025,0.01,True,-0.0013453363355799,0.28615505858082013,-0.28750039491640006,False
A2_week__excludeSector_SEMI,A2_week,exclusion_replays,2022,2022-01-03,2022-12-30,251,-0.1936783495161914,-0.3040809692385109,-0.2991249060975707,-0.1929892500076994,-0.180528833522089,-0.0131495159941024,19.366566049379102,actual_sector_exclusion_replay,,,,SEMI,50,week,0.5,3,100000.0,0.0025,0.01,True,-0.1929892500076994,-0.17988114323237925,-0.01310810677532015,False
A2_week__excludeSector_SEMI,A2_week,exclusion_replays,2023,2023-01-03,2023-12-29,250,0.1514568094686093,-0.3086269115804796,0.5811354608998113,0.1501687401967657,0.2494116142532503,-0.097954804784641,12.673349829696576,actual_sector_exclusion_replay,,,,SEMI,50,week,0.5,3,100000.0,0.0025,0.01,True,0.1501687401967657,0.24720554909618309,-0.09703680889941738,False
A2_week__excludeSector_SEMI,A2_week,exclusion_replays,2024,2024-01-02,2024-12-31,252,0.949402150003278,-0.238222179703074,1.6884001642432442,0.949402150003278,0.2643074461050603,0.6850947038982178,12.592702585127103,actual_sector_exclusion_replay,,,,SEMI,50,week,0.5,3,100000.0,0.0025,0.01,True,0.949402150003278,0.2643074461050603,0.6850947038982177,False
A2_week__excludeSector_SEMI,A2_week,exclusion_replays,2025,2025-01-02,2025-12-31,250,0.1860936866201599,-0.432024085167466,0.5876278035525545,0.1844882263395511,0.1785790013706134,0.0075146852495464,12.846525514359987,actual_sector_exclusion_replay,,,,SEMI,50,week,0.5,3,100000.0,0.0025,0.01,True,0.1844882263395511,0.1770430847937292,0.007445141545821876,False
A2_week__excludeSector_SEMI,A2_week,exclusion_replays,2026,2026-01-02,2026-09-22,181,-0.0269527875754673,-0.3499168164532424,0.1635002865049889,-0.0194333107038897,0.193982242745804,-0.2209350303212713,16.73343476051297,actual_sector_exclusion_replay,,,,SEMI,50,week,0.5,3,100000.0,0.0025,0.01,True,-0.0194333107038897,0.13580564851123356,-0.15523895921512326,True
B3_w50__excludeTop1,B3_w50,exclusion_replays,2017,2017-01-04,2017-12-29,250,0.4668045379907983,-0.1102877442384248,1.9607631396245595,0.4623516863549717,0.2120011745455907,0.2548033634452076,5.9699720838611405,actual_stock_exclusion_replay,,,,,50,event,0.5,3,100000.0,0.0025,0.01,True,0.4623516863549717,0.21015310140377008,0.2521985849512016,False
B3_w50__excludeTop1,B3_w50,exclusion_replays,2018,2018-01-02,2018-12-31,251,-0.189687666543488,-0.2837026837507085,-0.6141512214115464,-0.1890110450919513,-0.0642984107744514,-0.1253892557690366,5.752883520343542,actual_stock_exclusion_replay,,,,,50,event,0.5,3,100000.0,0.0025,0.01,True,-0.1890110450919513,-0.06405161044839947,-0.12495943464355183,False
B3_w50__excludeTop1,B3_w50,exclusion_replays,2019,2019-01-02,2019-12-31,252,0.5141306585395493,-0.160604792097983,1.8798892100609124,0.5141306585395493,0.3401954545671213,0.173935203972428,6.477135914131221,actual_stock_exclusion_replay,,,,,50,event,0.5,3,100000.0,0.0025,0.01,True,0.5141306585395493,0.3401954545671213,0.173935203972428,False
B3_w50__excludeTop1,B3_w50,exclusion_replays,2020,2020-01-02,2020-12-31,253,1.3018517741390698,-0.4584194821108134,1.8351203061423045,1.3094798055134418,0.1813082709311855,1.1205435032078843,6.660566268193443,actual_stock_exclusion_replay,,,,,50,event,0.5,3,100000.0,0.0025,0.01,True,1.3094798055134418,0.18208961084499786,1.127390194668444,False
B3_w50__excludeTop1,B3_w50,exclusion_replays,2021,2021-01-04,2021-12-31,252,0.1606763180483268,-0.4010792834646139,0.553452291994785,0.1606763180483268,0.2861550585808201,-0.1254787405324933,7.343081374919712,actual_stock_exclusion_replay,,,,,50,event,0.5,3,100000.0,0.0025,0.01,True,0.1606763180483268,0.28615505858082013,-0.12547874053249333,False
B3_w50__excludeTop1,B3_w50,exclusion_replays,2022,2022-01-03,2022-12-30,251,-0.2769796508426813,-0.3110260351913662,-0.6217993538211177,-0.2760485420925025,-0.180528833522089,-0.0964508173205922,9.814361226636214,actual_stock_exclusion_replay,,,,,50,event,0.5,3,100000.0,0.0025,0.01,True,-0.2760485420925025,-0.17988114323237925,-0.09616739886012327,False
B3_w50__excludeTop1,B3_w50,exclusion_replays,2023,2023-01-03,2023-12-29,250,0.253029641575587,-0.2860549425797168,0.9655905845385055,0.2507884831937228,0.2494116142532503,0.0036180273223367,7.755601603127924,actual_stock_exclusion_replay,,,,,50,event,0.5,3,100000.0,0.0025,0.01,True,0.2507884831937228,0.24720554909618309,0.003582934097539736,False
B3_w50__excludeTop1,B3_w50,exclusion_replays,2024,2024-01-02,2024-12-31,252,0.1511846045731681,-0.1904834307873371,0.5850670898503926,0.1511846045731681,0.2643074461050603,-0.1131228415318921,6.470971718256134,actual_stock_exclusion_replay,,,,,50,event,0.5,3,100000.0,0.0025,0.01,True,0.1511846045731681,0.2643074461050603,-0.1131228415318922,False
B3_w50__excludeTop1,B3_w50,exclusion_replays,2025,2025-01-02,2025-12-31,250,0.3231245466824559,-0.3973561289589898,0.8389017540416863,0.3201875761656674,0.1785790013706134,0.1445455453118425,7.206128714150979,actual_stock_exclusion_replay,,,,,50,event,0.5,3,100000.0,0.0025,0.01,True,0.3201875761656674,0.1770430847937292,0.1431444913719382,False
B3_w50__excludeTop1,B3_w50,exclusion_replays,2026,2026-01-02,2026-09-22,181,0.3340730416465554,-0.2377453942055865,0.9003928354843415,0.2300159705234916,0.193982242745804,0.1400907989007513,6.939486975816484,actual_stock_exclusion_replay,,,,,50,event,0.5,3,100000.0,0.0025,0.01,True,0.2300159705234916,0.13580564851123356,0.09421032201225804,True
B3_w50__excludeTop3,B3_w50,exclusion_replays,2017,2017-01-04,2017-12-29,250,0.4668045379907983,-0.1102877442384248,1.9607631396245595,0.4623516863549717,0.2120011745455907,0.2548033634452076,5.9699720838611405,actual_stock_exclusion_replay,,,,,50,event,0.5,3,100000.0,0.0025,0.01,True,0.4623516863549717,0.21015310140377008,0.2521985849512016,False
B3_w50__excludeTop3,B3_w50,exclusion_replays,2018,2018-01-02,2018-12-31,251,-0.189687666543488,-0.2837026837507085,-0.6141512214115464,-0.1890110450919513,-0.0642984107744514,-0.1253892557690366,5.752883520343542,actual_stock_exclusion_replay,,,,,50,event,0.5,3,100000.0,0.0025,0.01,True,-0.1890110450919513,-0.06405161044839947,-0.12495943464355183,False
B3_w50__excludeTop3,B3_w50,exclusion_replays,2019,2019-01-02,2019-12-31,252,0.5141306585395493,-0.160604792097983,1.8798892100609124,0.5141306585395493,0.3401954545671213,0.173935203972428,6.477135914131221,actual_stock_exclusion_replay,,,,,50,event,0.5,3,100000.0,0.0025,0.01,True,0.5141306585395493,0.3401954545671213,0.173935203972428,False
B3_w50__excludeTop3,B3_w50,exclusion_replays,2020,2020-01-02,2020-12-31,253,1.2602737543278772,-0.4584194821108134,1.8082534689403704,1.2675999728259717,0.1813082709311855,1.0789654833966915,6.703114110121748,actual_stock_exclusion_replay,,,,,50,event,0.5,3,100000.0,0.0025,0.01,True,1.2675999728259717,0.18208961084499786,1.0855103619809738,False
B3_w50__excludeTop3,B3_w50,exclusion_replays,2021,2021-01-04,2021-12-31,252,0.049798883721384,-0.4466995355191152,0.3368007794784979,0.049798883721384,0.2861550585808201,-0.236356174859436,8.393312711508159,actual_stock_exclusion_replay,,,,,50,event,0.5,3,100000.0,0.0025,0.01,True,0.049798883721384,0.28615505858082013,-0.23635617485943614,False
B3_w50__excludeTop3,B3_w50,exclusion_replays,2022,2022-01-03,2022-12-30,251,-0.2864795887891223,-0.3188134130110047,-0.6435837599510186,-0.2855232154768332,-0.180528833522089,-0.1059507552670332,10.336306638638524,actual_stock_exclusion_replay,,,,,50,event,0.5,3,100000.0,0.0025,0.01,True,-0.2855232154768332,-0.17988114323237925,-0.10564207224445393,False
B3_w50__excludeTop3,B3_w50,exclusion_replays,2023,2023-01-03,2023-12-29,250,0.0451560248726932,-0.3705563663819016,0.2966844425151407,0.0447897355057436,0.2494116142532503,-0.2042555893805571,8.849178357984847,actual_stock_exclusion_replay,,,,,50,event,0.5,3,100000.0,0.0025,0.01,True,0.0447897355057436,0.24720554909618309,-0.20241581359043948,False
B3_w50__excludeTop3,B3_w50,exclusion_replays,2024,2024-01-02,2024-12-31,252,0.1918264604072614,-0.2208246235250113,0.6674912485025376,0.1918264604072614,0.2643074461050603,-0.0724809856977988,5.82175614343044,actual_stock_exclusion_replay,,,,,50,event,0.5,3,100000.0,0.0025,0.01,True,0.1918264604072614,0.2643074461050603,-0.0724809856977989,False
B3_w50__excludeTop3,B3_w50,exclusion_replays,2025,2025-01-02,2025-12-31,250,0.1460986214548314,-0.4546144975391261,0.5228861278549451,0.1448589256121817,0.1785790013706134,-0.032480379915782,7.858675540578723,actual_stock_exclusion_replay,,,,,50,event,0.5,3,100000.0,0.0025,0.01,True,0.1448589256121817,0.1770430847937292,-0.03218415918154752,False
B3_w50__excludeTop3,B3_w50,exclusion_replays,2026,2026-01-02,2026-09-22,181,-0.0330319368091255,-0.3711492003568707,0.1705126007409512,-0.0238373090117627,0.193982242745804,-0.2270141795549295,8.594663028896658,actual_stock_exclusion_replay,,,,,50,event,0.5,3,100000.0,0.0025,0.01,True,-0.0238373090117627,0.13580564851123356,-0.15964295752299626,True
B3_w50__excludeTop5,B3_w50,exclusion_replays,2017,2017-01-04,2017-12-29,250,0.4668045379907983,-0.1102877442384248,1.9607631396245595,0.4623516863549717,0.2120011745455907,0.2548033634452076,5.9699720838611405,actual_stock_exclusion_replay,,,,,50,event,0.5,3,100000.0,0.0025,0.01,True,0.4623516863549717,0.21015310140377008,0.2521985849512016,False
B3_w50__excludeTop5,B3_w50,exclusion_replays,2018,2018-01-02,2018-12-31,251,-0.189687666543488,-0.2837026837507085,-0.6141512214115464,-0.1890110450919513,-0.0642984107744514,-0.1253892557690366,5.752883520343542,actual_stock_exclusion_replay,,,,,50,event,0.5,3,100000.0,0.0025,0.01,True,-0.1890110450919513,-0.06405161044839947,-0.12495943464355183,False
B3_w50__excludeTop5,B3_w50,exclusion_replays,2019,2019-01-02,2019-12-31,252,0.5141306585395493,-0.160604792097983,1.8798892100609124,0.5141306585395493,0.3401954545671213,0.173935203972428,6.477135914131221,actual_stock_exclusion_replay,,,,,50,event,0.5,3,100000.0,0.0025,0.01,True,0.5141306585395493,0.3401954545671213,0.173935203972428,False
B3_w50__excludeTop5,B3_w50,exclusion_replays,2020,2020-01-02,2020-12-31,253,1.1319658386229017,-0.4584194821108134,1.8162077457274417,1.1383802026701102,0.1813082709311855,0.950657567691716,6.612949990228255,actual_stock_exclusion_replay,,,,,50,event,0.5,3,100000.0,0.0025,0.01,True,1.1383802026701102,0.18208961084499786,0.9562905918251123,False
B3_w50__excludeTop5,B3_w50,exclusion_replays,2021,2021-01-04,2021-12-31,252,0.258418029592661,-0.3918926500389837,0.724417795678981,0.258418029592661,0.2861550585808201,-0.0277370289881591,6.782285082388583,actual_stock_exclusion_replay,,,,,50,event,0.5,3,100000.0,0.0025,0.01,True,0.258418029592661,0.28615505858082013,-0.027737028988159107,False
B3_w50__excludeTop5,B3_w50,exclusion_replays,2022,2022-01-03,2022-12-30,251,-0.2168542667491112,-0.3269011846817529,-0.3664148450247275,-0.216094257791752,-0.180528833522089,-0.0363254332270222,10.464783646653892,actual_stock_exclusion_replay,,,,,50,event,0.5,3,100000.0,0.0025,0.01,True,-0.216094257791752,-0.17988114323237925,-0.03621311455937276,False
B3_w50__excludeTop5,B3_w50,exclusion_replays,2023,2023-01-03,2023-12-29,250,0.098411404869708,-0.3467145740980891,0.462437112852779,0.097593437036364,0.2494116142532503,-0.1510002093835423,8.185559735004583,actual_stock_exclusion_replay,,,,,50,event,0.5,3,100000.0,0.0025,0.01,True,0.097593437036364,0.24720554909618309,-0.14961211205981909,False
B3_w50__excludeTop5,B3_w50,exclusion_replays,2024,2024-01-02,2024-12-31,252,0.050418183952986,-0.2389282832151941,0.3175931587295499,0.050418183952986,0.2643074461050603,-0.2138892621520742,7.281184857912101,actual_stock_exclusion_replay,,,,,50,event,0.5,3,100000.0,0.0025,0.01,True,0.050418183952986,0.2643074461050603,-0.2138892621520743,False
B3_w50__excludeTop5,B3_w50,exclusion_replays,2025,2025-01-02,2025-12-31,250,0.0101021196814365,-0.4300221666499467,0.2516060125449557,0.010021543727684,0.1785790013706134,-0.1684768816891768,8.028372753093821,actual_stock_exclusion_replay,,,,,50,event,0.5,3,100000.0,0.0025,0.01,True,0.010021543727684,0.1770430847937292,-0.16702154106604522,False
B3_w50__excludeTop5,B3_w50,exclusion_replays,2026,2026-01-02,2026-09-22,181,0.0806320004088241,-0.3328943894757513,0.3963612778162169,0.0572780859524184,0.193982242745804,-0.1133502423369798,10.00361058075024,actual_stock_exclusion_replay,,,,,50,event,0.5,3,100000.0,0.0025,0.01,True,0.0572780859524184,0.13580564851123356,-0.07852756255881516,True
B3_w50__excludeTop10,B3_w50,exclusion_replays,2017,2017-01-04,2017-12-29,250,0.4668045379907983,-0.1102877442384248,1.9607631396245595,0.4623516863549717,0.2120011745455907,0.2548033634452076,5.9699720838611405,actual_stock_exclusion_replay,,,,,50,event,0.5,3,100000.0,0.0025,0.01,True,0.4623516863549717,0.21015310140377008,0.2521985849512016,False
B3_w50__excludeTop10,B3_w50,exclusion_replays,2018,2018-01-02,2018-12-31,251,-0.189687666543488,-0.2837026837507085,-0.6141512214115464,-0.1890110450919513,-0.0642984107744514,-0.1253892557690366,5.752883520343542,actual_stock_exclusion_replay,,,,,50,event,0.5,3,100000.0,0.0025,0.01,True,-0.1890110450919513,-0.06405161044839947,-0.12495943464355183,False
B3_w50__excludeTop10,B3_w50,exclusion_replays,2019,2019-01-02,2019-12-31,252,0.483601403371148,-0.1625050041846263,1.791920146975179,0.483601403371148,0.3401954545671213,0.1434059488040266,6.531360411028649,actual_stock_exclusion_replay,,,,,50,event,0.5,3,100000.0,0.0025,0.01,True,0.483601403371148,0.3401954545671213,0.14340594880402668,False
B3_w50__excludeTop10,B3_w50,exclusion_replays,2020,2020-01-02,2020-12-31,253,0.5818402638477429,-0.4693728630845147,1.2104040861053604,0.5847215131729631,0.1813082709311855,0.4005319929165574,7.7807189533370895,actual_stock_exclusion_replay,,,,,50,event,0.5,3,100000.0,0.0025,0.01,True,0.5847215131729631,0.18208961084499786,0.4026319023279652,False
B3_w50__excludeTop10,B3_w50,exclusion_replays,2021,2021-01-04,2021-12-31,252,0.0173772687928623,-0.4015245542863607,0.2675172904172675,0.0173772687928623,0.2861550585808201,-0.2687777897879577,7.978787908082875,actual_stock_exclusion_replay,,,,,50,event,0.5,3,100000.0,0.0025,0.01,True,0.0173772687928623,0.28615505858082013,-0.26877778978795785,False
B3_w50__excludeTop10,B3_w50,exclusion_replays,2022,2022-01-03,2022-12-30,251,-0.1791812511891984,-0.2645199615437726,-0.2956656506303256,-0.1785378519588573,-0.180528833522089,0.0013475823328905,7.889204649533884,actual_stock_exclusion_replay,,,,,50,event,0.5,3,100000.0,0.0025,0.01,True,-0.1785378519588573,-0.17988114323237925,0.0013432912735219515,False
B3_w50__excludeTop10,B3_w50,exclusion_replays,2023,2023-01-03,2023-12-29,250,0.197527074824813,-0.2920700700585615,0.7938669973000256,0.1958150884101375,0.2494116142532503,-0.0518845394284372,6.428517783256189,actual_stock_exclusion_replay,,,,,50,event,0.5,3,100000.0,0.0025,0.01,True,0.1958150884101375,0.24720554909618309,-0.05139046068604558,False
B3_w50__excludeTop10,B3_w50,exclusion_replays,2024,2024-01-02,2024-12-31,252,0.0810373409707461,-0.2376888285931198,0.3976001624358705,0.0810373409707461,0.2643074461050603,-0.1832701051343142,6.849542589211032,actual_stock_exclusion_replay,,,,,50,event,0.5,3,100000.0,0.0025,0.01,True,0.0810373409707461,0.2643074461050603,-0.1832701051343142,False
B3_w50__excludeTop10,B3_w50,exclusion_replays,2025,2025-01-02,2025-12-31,250,0.1928039897820512,-0.4352332037915005,0.601094378773158,0.1911361133837441,0.1785790013706134,0.0142249884114378,8.75925066640361,actual_stock_exclusion_replay,,,,,50,event,0.5,3,100000.0,0.0025,0.01,True,0.1911361133837441,0.1770430847937292,0.014093028590014878,False
B3_w50__excludeTop10,B3_w50,exclusion_replays,2026,2026-01-02,2026-09-22,181,-0.1274053662012286,-0.3228185751261031,-0.0632672960545153,-0.0932483167468499,0.193982242745804,-0.3213876089470326,7.940839023537961,actual_stock_exclusion_replay,,,,,50,event,0.5,3,100000.0,0.0025,0.01,True,-0.0932483167468499,0.13580564851123356,-0.22905396525808347,True
B3_w50__excludeSector_IT_HW,B3_w50,exclusion_replays,2017,2017-01-04,2017-12-29,250,0.5269876987992217,-0.108930376312118,2.176652549639368,0.5218663913160655,0.2120011745455907,0.3149865242536309,6.030927095679936,actual_sector_exclusion_replay,,,,IT_HW,50,event,0.5,3,100000.0,0.0025,0.01,True,0.5218663913160655,0.21015310140377008,0.3117132899122954,False
B3_w50__excludeSector_IT_HW,B3_w50,exclusion_replays,2018,2018-01-02,2018-12-31,251,-0.2115794302051292,-0.3117455619161439,-0.7480414215994959,-0.2108353245756331,-0.0642984107744514,-0.1472810194306778,6.6522316969884105,actual_sector_exclusion_replay,,,,IT_HW,50,event,0.5,3,100000.0,0.0025,0.01,True,-0.2108353245756331,-0.06405161044839947,-0.14678371412723362,False
B3_w50__excludeSector_IT_HW,B3_w50,exclusion_replays,2019,2019-01-02,2019-12-31,252,0.4942821687123175,-0.1571505610064667,1.900851368453576,0.4942821687123175,0.3401954545671213,0.1540867141451962,6.130960393788287,actual_sector_exclusion_replay,,,,IT_HW,50,event,0.5,3,100000.0,0.0025,0.01,True,0.4942821687123175,0.3401954545671213,0.1540867141451962,False
B3_w50__excludeSector_IT_HW,B3_w50,exclusion_replays,2020,2020-01-02,2020-12-31,253,1.3135766019387805,-0.485212146909295,1.754104193444409,1.3212902882754056,0.1813082709311855,1.132268331007595,7.16422588329966,actual_sector_exclusion_replay,,,,IT_HW,50,event,0.5,3,100000.0,0.0025,0.01,True,1.3212902882754056,0.18208961084499786,1.1392006774304078,False
B3_w50__excludeSector_IT_HW,B3_w50,exclusion_replays,2021,2021-01-04,2021-12-31,252,0.0584277911899167,-0.4204018906851534,0.3526024561815256,0.0584277911899167,0.2861550585808201,-0.2277272673909034,7.739779007512864,actual_sector_exclusion_replay,,,,IT_HW,50,event,0.5,3,100000.0,0.0025,0.01,True,0.0584277911899167,0.28615505858082013,-0.22772726739090343,False
B3_w50__excludeSector_IT_HW,B3_w50,exclusion_replays,2022,2022-01-03,2022-12-30,251,-0.2475343026807768,-0.2853846539144602,-0.5367097544445865,-0.2466846124092137,-0.180528833522089,-0.0670054691586877,10.788456421252391,actual_sector_exclusion_replay,,,,IT_HW,50,event,0.5,3,100000.0,0.0025,0.01,True,-0.2466846124092137,-0.17988114323237925,-0.06680346917683444,False
B3_w50__excludeSector_IT_HW,B3_w50,exclusion_replays,2023,2023-01-03,2023-12-29,250,0.0622027591584422,-0.3817017692837755,0.35095858255655,0.0616941631702447,0.2494116142532503,-0.1872088550948081,8.85203505122085,actual_sector_exclusion_replay,,,,IT_HW,50,event,0.5,3,100000.0,0.0025,0.01,True,0.0616941631702447,0.24720554909618309,-0.18551138592593838,False
B3_w50__excludeSector_IT_HW,B3_w50,exclusion_replays,2024,2024-01-02,2024-12-31,252,-0.0362047386261681,-0.2172844344488962,0.0488936661342377,-0.0362047386261681,0.2643074461050603,-0.3005121847312284,6.533461186490609,actual_sector_exclusion_replay,,,,IT_HW,50,event,0.5,3,100000.0,0.0025,0.01,True,-0.0362047386261681,0.2643074461050603,-0.30051218473122837,False
B3_w50__excludeSector_IT_HW,B3_w50,exclusion_replays,2025,2025-01-02,2025-12-31,250,-0.0748209898877027,-0.4150900161261919,0.0413540971789903,-0.0742497870090569,0.1785790013706134,-0.2533999912583161,8.784984514007341,actual_sector_exclusion_replay,,,,IT_HW,50,event,0.5,3,100000.0,0.0025,0.01,True,-0.0742497870090569,0.1770430847937292,-0.25129287180278614,False
B3_w50__excludeSector_IT_HW,B3_w50,exclusion_replays,2026,2026-01-02,2026-09-22,181,0.0760240134385985,-0.2873526484017047,0.3874179440512701,0.0540379594690803,0.193982242745804,-0.1179582293072054,9.745009848607287,actual_sector_exclusion_replay,,,,IT_HW,50,event,0.5,3,100000.0,0.0025,0.01,True,0.0540379594690803,0.13580564851123356,-0.08176768904215326,True
B3_w50__excludeSector_CHEM_STEEL,B3_w50,exclusion_replays,2017,2017-01-04,2017-12-29,250,0.4551070482947668,-0.0913226774344621,1.9920389738248168,0.4507818955887919,0.2120011745455907,0.243105873749176,6.637159258844696,actual_sector_exclusion_replay,,,,CHEM_STEEL,50,event,0.5,3,100000.0,0.0025,0.01,True,0.4507818955887919,0.21015310140377008,0.2406287941850218,False
B3_w50__excludeSector_CHEM_STEEL,B3_w50,exclusion_replays,2018,2018-01-02,2018-12-31,251,-0.119950642844803,-0.2686603811870111,-0.3123580133076923,-0.1195042982740893,-0.0642984107744514,-0.0556522320703516,5.8887491069550535,actual_sector_exclusion_replay,,,,CHEM_STEEL,50,event,0.5,3,100000.0,0.0025,0.01,True,-0.1195042982740893,-0.06405161044839947,-0.055452687825689836,False
B3_w50__excludeSector_CHEM_STEEL,B3_w50,exclusion_replays,2019,2019-01-02,2019-12-31,252,0.8270174839835953,-0.1452358778917352,2.594639059387675,0.8270174839835953,0.3401954545671213,0.486822029416474,5.144703238824984,actual_sector_exclusion_replay,,,,CHEM_STEEL,50,event,0.5,3,100000.0,0.0025,0.01,True,0.8270174839835953,0.3401954545671213,0.486822029416474,False
B3_w50__excludeSector_CHEM_STEEL,B3_w50,exclusion_replays,2020,2020-01-02,2020-12-31,253,1.4648281227483224,-0.4269357903834906,2.00636735681529,1.4736676491571492,0.1813082709311855,1.283519851817137,5.787258571959118,actual_sector_exclusion_replay,,,,CHEM_STEEL,50,event,0.5,3,100000.0,0.0025,0.01,True,1.4736676491571492,0.18208961084499786,1.2915780383121513,False
B3_w50__excludeSector_CHEM_STEEL,B3_w50,exclusion_replays,2021,2021-01-04,2021-12-31,252,-0.082556351429239,-0.4292785274185021,0.0511892780834285,-0.082556351429239,0.2861550585808201,-0.3687114100100591,8.60512897766055,actual_sector_exclusion_replay,,,,CHEM_STEEL,50,event,0.5,3,100000.0,0.0025,0.01,True,-0.082556351429239,0.28615505858082013,-0.36871141001005914,False
B3_w50__excludeSector_CHEM_STEEL,B3_w50,exclusion_replays,2022,2022-01-03,2022-12-30,251,-0.2562122427721758,-0.3200799794214697,-0.5226274475006433,-0.2553380753190263,-0.180528833522089,-0.0756834092500867,10.17774638397062,actual_sector_exclusion_replay,,,,CHEM_STEEL,50,event,0.5,3,100000.0,0.0025,0.01,True,-0.2553380753190263,-0.17988114323237925,-0.07545693208664705,False
B3_w50__excludeSector_CHEM_STEEL,B3_w50,exclusion_replays,2023,2023-01-03,2023-12-29,250,0.2040257891476435,-0.3469015707243211,0.7639334955377569,0.2022528704111272,0.2494116142532503,-0.0453858251056067,6.966919093287638,actual_sector_exclusion_replay,,,,CHEM_STEEL,50,event,0.5,3,100000.0,0.0025,0.01,True,0.2022528704111272,0.24720554909618309,-0.0449526786850559,False
B3_w50__excludeSector_CHEM_STEEL,B3_w50,exclusion_replays,2024,2024-01-02,2024-12-31,252,0.3329432876630409,-0.2124813699592809,1.02454631060711,0.3329432876630409,0.2643074461050603,0.0686358415579806,5.101494223041508,actual_sector_exclusion_replay,,,,CHEM_STEEL,50,event,0.5,3,100000.0,0.0025,0.01,True,0.3329432876630409,0.2643074461050603,0.06863584155798058,False
B3_w50__excludeSector_CHEM_STEEL,B3_w50,exclusion_replays,2025,2025-01-02,2025-12-31,250,0.2314850827236867,-0.4457865913545999,0.6808657486683898,0.2294516772997163,0.1785790013706134,0.0529060813530732,7.485041704620865,actual_sector_exclusion_replay,,,,CHEM_STEEL,50,event,0.5,3,100000.0,0.0025,0.01,True,0.2294516772997163,0.1770430847937292,0.05240859250598709,False
B3_w50__excludeSector_CHEM_STEEL,B3_w50,exclusion_replays,2026,2026-01-02,2026-09-22,181,0.5337805609265651,-0.2630203232377927,1.1250846199301705,0.3596438936639821,0.193982242745804,0.3397983181807611,8.56911833149755,actual_sector_exclusion_replay,,,,CHEM_STEEL,50,event,0.5,3,100000.0,0.0025,0.01,True,0.3596438936639821,0.13580564851123356,0.22383824515274853,True
B3_w50__excludeSector_CONSUMER,B3_w50,exclusion_replays,2017,2017-01-04,2017-12-29,250,0.4229982262951641,-0.1049984027542785,1.807862633213956,0.419019786303785,0.2120011745455907,0.2109970517495734,6.212890851318465,actual_sector_exclusion_replay,,,,CONSUMER,50,event,0.5,3,100000.0,0.0025,0.01,True,0.419019786303785,0.21015310140377008,0.20886668490001492,False
B3_w50__excludeSector_CONSUMER,B3_w50,exclusion_replays,2018,2018-01-02,2018-12-31,251,-0.1312372718919968,-0.2343872789941323,-0.3893202070720291,-0.1307521282081893,-0.0642984107744514,-0.0669388611175454,5.984504743610469,actual_sector_exclusion_replay,,,,CONSUMER,50,event,0.5,3,100000.0,0.0025,0.01,True,-0.1307521282081893,-0.06405161044839947,-0.06670051775978983,False
B3_w50__excludeSector_CONSUMER,B3_w50,exclusion_replays,2019,2019-01-02,2019-12-31,252,0.5732189950865056,-0.1178193065037953,2.0364886594733456,0.5732189950865056,0.3401954545671213,0.2330235405193843,6.556403483705393,actual_sector_exclusion_replay,,,,CONSUMER,50,event,0.5,3,100000.0,0.0025,0.01,True,0.5732189950865056,0.3401954545671213,0.23302354051938434,False
B3_w50__excludeSector_CONSUMER,B3_w50,exclusion_replays,2020,2020-01-02,2020-12-31,253,0.7774223891046925,-0.4792773845992114,1.4254331928368886,0.7814838069884622,0.1813082709311855,0.596114118173507,5.877956492445804,actual_sector_exclusion_replay,,,,CONSUMER,50,event,0.5,3,100000.0,0.0025,0.01,True,0.7814838069884622,0.18208961084499786,0.5993941961434643,False
B3_w50__excludeSector_CONSUMER,B3_w50,exclusion_replays,2021,2021-01-04,2021-12-31,252,0.1193300510914718,-0.4496973629924076,0.4767368422251852,0.1193300510914718,0.2861550585808201,-0.1668250074893482,7.776969161623935,actual_sector_exclusion_replay,,,,CONSUMER,50,event,0.5,3,100000.0,0.0025,0.01,True,0.1193300510914718,0.28615505858082013,-0.16682500748934834,False
B3_w50__excludeSector_CONSUMER,B3_w50,exclusion_replays,2022,2022-01-03,2022-12-30,251,-0.0977920715958035,-0.2250060959776566,-0.0882794505130679,-0.0974235580295547,-0.180528833522089,0.0827367619262855,8.447086075995616,actual_sector_exclusion_replay,,,,CONSUMER,50,event,0.5,3,100000.0,0.0025,0.01,True,-0.0974235580295547,-0.17988114323237925,0.08245758520282455,False
B3_w50__excludeSector_CONSUMER,B3_w50,exclusion_replays,2023,2023-01-03,2023-12-29,250,0.2846925398189961,-0.3539735910605482,0.954969061161146,0.2821407882810358,0.2494116142532503,0.0352809255657458,7.690199606717125,actual_sector_exclusion_replay,,,,CONSUMER,50,event,0.5,3,100000.0,0.0025,0.01,True,0.2821407882810358,0.24720554909618309,0.034935239184852696,False
B3_w50__excludeSector_CONSUMER,B3_w50,exclusion_replays,2024,2024-01-02,2024-12-31,252,0.1263496648172408,-0.2362222965494429,0.5089446633124868,0.1263496648172408,0.2643074461050603,-0.1379577812878194,5.690662409490179,actual_sector_exclusion_replay,,,,CONSUMER,50,event,0.5,3,100000.0,0.0025,0.01,True,0.1263496648172408,0.2643074461050603,-0.1379577812878195,False
B3_w50__excludeSector_CONSUMER,B3_w50,exclusion_replays,2025,2025-01-02,2025-12-31,250,0.4908753257912839,-0.4058655968048468,1.0560128656746337,0.4861574013488861,0.1785790013706134,0.3122963244206704,7.51491173499459,actual_sector_exclusion_replay,,,,CONSUMER,50,event,0.5,3,100000.0,0.0025,0.01,True,0.4861574013488861,0.1770430847937292,0.30911431655515687,False
B3_w50__excludeSector_CONSUMER,B3_w50,exclusion_replays,2026,2026-01-02,2026-09-22,181,0.2209270894029338,-0.3204926131410971,0.6289696847421768,0.1541579367741128,0.193982242745804,0.0269448466571298,8.522205572430941,actual_sector_exclusion_replay,,,,CONSUMER,50,event,0.5,3,100000.0,0.0025,0.01,True,0.1541579367741128,0.13580564851123356,0.01835228826287924,True
B3_w55__excludeTop1,B3_w55,exclusion_replays,2017,2017-01-04,2017-12-29,250,0.4648733923890424,-0.0911008468993791,1.966143475483767,0.4604416732698051,0.2120011745455907,0.2528722178434517,6.705494915459554,actual_stock_exclusion_replay,,,,,55,event,0.5,3,100000.0,0.0025,0.01,True,0.4604416732698051,0.21015310140377008,0.25028857186603504,False
B3_w55__excludeTop1,B3_w55,exclusion_replays,2018,2018-01-02,2018-12-31,251,-0.2032049408825005,-0.4006275922625606,-0.5625129673068923,-0.202486370271932,-0.0642984107744514,-0.1389065301080491,7.528192317507211,actual_stock_exclusion_replay,,,,,55,event,0.5,3,100000.0,0.0025,0.01,True,-0.202486370271932,-0.06405161044839947,-0.13843475982353254,False
B3_w55__excludeTop1,B3_w55,exclusion_replays,2019,2019-01-02,2019-12-31,252,0.5486592041986194,-0.1693642936582616,2.0377746068114915,0.5486592041986194,0.3401954545671213,0.208463749631498,5.740353442693587,actual_stock_exclusion_replay,,,,,55,event,0.5,3,100000.0,0.0025,0.01,True,0.5486592041986194,0.3401954545671213,0.20846374963149805,False
B3_w55__excludeTop1,B3_w55,exclusion_replays,2020,2020-01-02,2020-12-31,253,1.137626993142601,-0.4598983568613473,1.701690346328958,1.1440809521852784,0.1813082709311855,0.9563187222114156,5.971877486052992,actual_stock_exclusion_replay,,,,,55,event,0.5,3,100000.0,0.0025,0.01,True,1.1440809521852784,0.18208961084499786,0.9619913413402805,False
B3_w55__excludeTop1,B3_w55,exclusion_replays,2021,2021-01-04,2021-12-31,252,0.2043124485662844,-0.3827770413233665,0.6169801424870252,0.2043124485662844,0.2861550585808201,-0.0818426100145357,10.170034636141114,actual_stock_exclusion_replay,,,,,55,event,0.5,3,100000.0,0.0025,0.01,True,0.2043124485662844,0.28615505858082013,-0.08184261001453574,False
B3_w55__excludeTop1,B3_w55,exclusion_replays,2022,2022-01-03,2022-12-30,251,-0.1164797261896986,-0.2233436787093335,-0.1861225940125639,-0.1160454287310279,-0.180528833522089,0.0640491073323904,9.537634768976064,actual_stock_exclusion_replay,,,,,55,event,0.5,3,100000.0,0.0025,0.01,True,-0.1160454287310279,-0.17988114323237925,0.06383571450135135,False
B3_w55__excludeTop1,B3_w55,exclusion_replays,2023,2023-01-03,2023-12-29,250,0.0571095572055202,-0.3348166040056474,0.3341357243132496,0.0566437065380904,0.2494116142532503,-0.19230205704773,8.025752621341661,actual_stock_exclusion_replay,,,,,55,event,0.5,3,100000.0,0.0025,0.01,True,0.0566437065380904,0.24720554909618309,-0.1905618425580927,False
B3_w55__excludeTop1,B3_w55,exclusion_replays,2024,2024-01-02,2024-12-31,252,0.7170334531588187,-0.1880358435329305,1.7124785335279171,0.7170334531588187,0.2643074461050603,0.4527260070537584,4.985945198467158,actual_stock_exclusion_replay,,,,,55,event,0.5,3,100000.0,0.0025,0.01,True,0.7170334531588187,0.2643074461050603,0.45272600705375843,False
B3_w55__excludeTop1,B3_w55,exclusion_replays,2025,2025-01-02,2025-12-31,250,0.263298642201023,-0.4386958544988578,0.7316451745390634,0.2609574327253499,0.1785790013706134,0.0847196408304096,7.802194298596367,actual_stock_exclusion_replay,,,,,55,event,0.5,3,100000.0,0.0025,0.01,True,0.2609574327253499,0.1770430847937292,0.08391434793162067,False
B3_w55__excludeTop1,B3_w55,exclusion_replays,2026,2026-01-02,2026-09-22,181,0.3606221994961656,-0.2745746778602779,0.8881396783725671,0.2475487568801557,0.193982242745804,0.1666399567503615,11.475261360922463,actual_stock_exclusion_replay,,,,,55,event,0.5,3,100000.0,0.0025,0.01,True,0.2475487568801557,0.13580564851123356,0.11174310836892215,True
B3_w55__excludeTop3,B3_w55,exclusion_replays,2017,2017-01-04,2017-12-29,250,0.4648733923890424,-0.0911008468993791,1.966143475483767,0.4604416732698051,0.2120011745455907,0.2528722178434517,6.705494915459554,actual_stock_exclusion_replay,,,,,55,event,0.5,3,100000.0,0.0025,0.01,True,0.4604416732698051,0.21015310140377008,0.25028857186603504,False
B3_w55__excludeTop3,B3_w55,exclusion_replays,2018,2018-01-02,2018-12-31,251,-0.2032049408825005,-0.4006275922625606,-0.5625129673068923,-0.202486370271932,-0.0642984107744514,-0.1389065301080491,7.528192317507211,actual_stock_exclusion_replay,,,,,55,event,0.5,3,100000.0,0.0025,0.01,True,-0.202486370271932,-0.06405161044839947,-0.13843475982353254,False
B3_w55__excludeTop3,B3_w55,exclusion_replays,2019,2019-01-02,2019-12-31,252,0.5486592041986194,-0.1693642936582616,2.0377746068114915,0.5486592041986194,0.3401954545671213,0.208463749631498,5.740353442693587,actual_stock_exclusion_replay,,,,,55,event,0.5,3,100000.0,0.0025,0.01,True,0.5486592041986194,0.3401954545671213,0.20846374963149805,False
B3_w55__excludeTop3,B3_w55,exclusion_replays,2020,2020-01-02,2020-12-31,253,0.8578345717934497,-0.4598983568613473,1.482829070982414,0.8624067135587647,0.1813082709311855,0.6765263008622642,5.9348587097595145,actual_stock_exclusion_replay,,,,,55,event,0.5,3,100000.0,0.0025,0.01,True,0.8624067135587647,0.18208961084499786,0.6803171027137669,False
B3_w55__excludeTop3,B3_w55,exclusion_replays,2021,2021-01-04,2021-12-31,252,0.0906011253762559,-0.4046010587614915,0.4156136229576634,0.0906011253762559,0.2861550585808201,-0.1955539332045641,9.960789442112755,actual_stock_exclusion_replay,,,,,55,event,0.5,3,100000.0,0.0025,0.01,True,0.0906011253762559,0.28615505858082013,-0.1955539332045642,False
B3_w55__excludeTop3,B3_w55,exclusion_replays,2022,2022-01-03,2022-12-30,251,-0.1461075094772838,-0.255775735292079,-0.2607686761544963,-0.1455721341569481,-0.180528833522089,0.0344213240448052,9.122647534114348,actual_stock_exclusion_replay,,,,,55,event,0.5,3,100000.0,0.0025,0.01,True,-0.1455721341569481,-0.17988114323237925,0.034309009075431135,False
B3_w55__excludeTop3,B3_w55,exclusion_replays,2023,2023-01-03,2023-12-29,250,-0.0902480942131146,-0.3645634796189004,-0.1900201181415732,-0.0895649221092561,0.2494116142532503,-0.3396597084663649,8.343927777112425,actual_stock_exclusion_replay,,,,,55,event,0.5,3,100000.0,0.0025,0.01,True,-0.0895649221092561,0.24720554909618309,-0.3367704712054392,False
B3_w55__excludeTop3,B3_w55,exclusion_replays,2024,2024-01-02,2024-12-31,252,0.2549447256713251,-0.2178051207799914,0.8345553022792905,0.2549447256713251,0.2643074461050603,-0.0093627204337352,6.401372511166447,actual_stock_exclusion_replay,,,,,55,event,0.5,3,100000.0,0.0025,0.01,True,0.2549447256713251,0.2643074461050603,-0.009362720433735205,False
B3_w55__excludeTop3,B3_w55,exclusion_replays,2025,2025-01-02,2025-12-31,250,-0.1379881197667616,-0.5375836157151606,-0.0714366901783579,-0.1369716726203437,0.1785790013706134,-0.316567121137375,8.63023951781584,actual_stock_exclusion_replay,,,,,55,event,0.5,3,100000.0,0.0025,0.01,True,-0.1369716726203437,0.1770430847937292,-0.3140147574140729,False
B3_w55__excludeTop3,B3_w55,exclusion_replays,2026,2026-01-02,2026-09-22,181,0.0115389281649771,-0.2857941573650181,0.2519756107929246,0.0082744747814151,0.193982242745804,-0.1824433145808268,11.025375121017454,actual_stock_exclusion_replay,,,,,55,event,0.5,3,100000.0,0.0025,0.01,True,0.0082744747814151,0.13580564851123356,-0.12753117372981845,True
B3_w55__excludeTop5,B3_w55,exclusion_replays,2017,2017-01-04,2017-12-29,250,0.4648733923890424,-0.0911008468993791,1.966143475483767,0.4604416732698051,0.2120011745455907,0.2528722178434517,6.705494915459554,actual_stock_exclusion_replay,,,,,55,event,0.5,3,100000.0,0.0025,0.01,True,0.4604416732698051,0.21015310140377008,0.25028857186603504,False
B3_w55__excludeTop5,B3_w55,exclusion_replays,2018,2018-01-02,2018-12-31,251,-0.2032049408825005,-0.4006275922625606,-0.5625129673068923,-0.202486370271932,-0.0642984107744514,-0.1389065301080491,7.528192317507211,actual_stock_exclusion_replay,,,,,55,event,0.5,3,100000.0,0.0025,0.01,True,-0.202486370271932,-0.06405161044839947,-0.13843475982353254,False
B3_w55__excludeTop5,B3_w55,exclusion_replays,2019,2019-01-02,2019-12-31,252,0.5486592041986194,-0.1693642936582616,2.0377746068114915,0.5486592041986194,0.3401954545671213,0.208463749631498,5.740353442693587,actual_stock_exclusion_replay,,,,,55,event,0.5,3,100000.0,0.0025,0.01,True,0.5486592041986194,0.3401954545671213,0.20846374963149805,False
B3_w55__excludeTop5,B3_w55,exclusion_replays,2020,2020-01-02,2020-12-31,253,0.8578345717934497,-0.4598983568613473,1.482829070982414,0.8624067135587647,0.1813082709311855,0.6765263008622642,5.9348587097595145,actual_stock_exclusion_replay,,,,,55,event,0.5,3,100000.0,0.0025,0.01,True,0.8624067135587647,0.18208961084499786,0.6803171027137669,False
B3_w55__excludeTop5,B3_w55,exclusion_replays,2021,2021-01-04,2021-12-31,252,0.0906011253762559,-0.4046010587614915,0.4156136229576634,0.0906011253762559,0.2861550585808201,-0.1955539332045641,9.960789442112755,actual_stock_exclusion_replay,,,,,55,event,0.5,3,100000.0,0.0025,0.01,True,0.0906011253762559,0.28615505858082013,-0.1955539332045642,False
B3_w55__excludeTop5,B3_w55,exclusion_replays,2022,2022-01-03,2022-12-30,251,-0.1461075094772838,-0.255775735292079,-0.2607686761544963,-0.1455721341569481,-0.180528833522089,0.0344213240448052,9.122647534114348,actual_stock_exclusion_replay,,,,,55,event,0.5,3,100000.0,0.0025,0.01,True,-0.1455721341569481,-0.17988114323237925,0.034309009075431135,False
B3_w55__excludeTop5,B3_w55,exclusion_replays,2023,2023-01-03,2023-12-29,250,-0.0524449620922281,-0.3613141952647789,-0.0442344223277382,-0.0520397561703093,0.2494116142532503,-0.3018565763454784,8.441681641997272,actual_stock_exclusion_replay,,,,,55,event,0.5,3,100000.0,0.0025,0.01,True,-0.0520397561703093,0.24720554909618309,-0.2992453052664924,False
B3_w55__excludeTop5,B3_w55,exclusion_replays,2024,2024-01-02,2024-12-31,252,0.6890968127880315,-0.2295450260291509,1.5055603417178107,0.6890968127880315,0.2643074461050603,0.4247893666829712,6.588905113595623,actual_stock_exclusion_replay,,,,,55,event,0.5,3,100000.0,0.0025,0.01,True,0.6890968127880315,0.2643074461050603,0.4247893666829712,False
B3_w55__excludeTop5,B3_w55,exclusion_replays,2025,2025-01-02,2025-12-31,250,0.0224091660229308,-0.5686598610857665,0.3182609331921466,0.0222293532924573,0.1785790013706134,-0.1561698353476825,8.785588888658756,actual_stock_exclusion_replay,,,,,55,event,0.5,3,100000.0,0.0025,0.01,True,0.0222293532924573,0.1770430847937292,-0.15481373150127192,False
B3_w55__excludeTop5,B3_w55,exclusion_replays,2026,2026-01-02,2026-09-22,181,0.3113907581088424,-0.2528847731504279,0.8277911442188349,0.2149588292428514,0.193982242745804,0.1174085153630384,9.56191652501587,actual_stock_exclusion_replay,,,,,55,event,0.5,3,100000.0,0.0025,0.01,True,0.2149588292428514,0.13580564851123356,0.07915318073161784,True
B3_w55__excludeTop10,B3_w55,exclusion_replays,2017,2017-01-04,2017-12-29,250,0.4648733923890424,-0.0911008468993791,1.966143475483767,0.4604416732698051,0.2120011745455907,0.2528722178434517,6.705494915459554,actual_stock_exclusion_replay,,,,,55,event,0.5,3,100000.0,0.0025,0.01,True,0.4604416732698051,0.21015310140377008,0.25028857186603504,False
B3_w55__excludeTop10,B3_w55,exclusion_replays,2018,2018-01-02,2018-12-31,251,-0.2032049408825005,-0.4006275922625606,-0.5625129673068923,-0.202486370271932,-0.0642984107744514,-0.1389065301080491,7.528192317507211,actual_stock_exclusion_replay,,,,,55,event,0.5,3,100000.0,0.0025,0.01,True,-0.202486370271932,-0.06405161044839947,-0.13843475982353254,False
B3_w55__excludeTop10,B3_w55,exclusion_replays,2019,2019-01-02,2019-12-31,252,0.5486592041986194,-0.1693642936582616,2.0377746068114915,0.5486592041986194,0.3401954545671213,0.208463749631498,5.740353442693587,actual_stock_exclusion_replay,,,,,55,event,0.5,3,100000.0,0.0025,0.01,True,0.5486592041986194,0.3401954545671213,0.20846374963149805,False
B3_w55__excludeTop10,B3_w55,exclusion_replays,2020,2020-01-02,2020-12-31,253,0.8578345717934497,-0.4598983568613473,1.482829070982414,0.8624067135587647,0.1813082709311855,0.6765263008622642,5.9348587097595145,actual_stock_exclusion_replay,,,,,55,event,0.5,3,100000.0,0.0025,0.01,True,0.8624067135587647,0.18208961084499786,0.6803171027137669,False
B3_w55__excludeTop10,B3_w55,exclusion_replays,2021,2021-01-04,2021-12-31,252,0.0906011253762559,-0.4046010587614915,0.4156136229576634,0.0906011253762559,0.2861550585808201,-0.1955539332045641,9.960789442112755,actual_stock_exclusion_replay,,,,,55,event,0.5,3,100000.0,0.0025,0.01,True,0.0906011253762559,0.28615505858082013,-0.1955539332045642,False
B3_w55__excludeTop10,B3_w55,exclusion_replays,2022,2022-01-03,2022-12-30,251,-0.1461075094772838,-0.255775735292079,-0.2607686761544963,-0.1455721341569481,-0.180528833522089,0.0344213240448052,9.122647534114348,actual_stock_exclusion_replay,,,,,55,event,0.5,3,100000.0,0.0025,0.01,True,-0.1455721341569481,-0.17988114323237925,0.034309009075431135,False
B3_w55__excludeTop10,B3_w55,exclusion_replays,2023,2023-01-03,2023-12-29,250,-0.0524449620922281,-0.3613141952647789,-0.0442344223277382,-0.0520397561703093,0.2494116142532503,-0.3018565763454784,8.441681641997272,actual_stock_exclusion_replay,,,,,55,event,0.5,3,100000.0,0.0025,0.01,True,-0.0520397561703093,0.24720554909618309,-0.2992453052664924,False
B3_w55__excludeTop10,B3_w55,exclusion_replays,2024,2024-01-02,2024-12-31,252,0.6017792942726594,-0.2361005062327845,1.3733143952745264,0.6017792942726594,0.2643074461050603,0.3374718481675991,6.79754791202447,actual_stock_exclusion_replay,,,,,55,event,0.5,3,100000.0,0.0025,0.01,True,0.6017792942726594,0.2643074461050603,0.3374718481675991,False
B3_w55__excludeTop10,B3_w55,exclusion_replays,2025,2025-01-02,2025-12-31,250,0.1056986040977856,-0.5373513601056302,0.4579830040334888,0.1048172280078301,0.1785790013706134,-0.0728803972728278,9.002404241434464,actual_stock_exclusion_replay,,,,,55,event,0.5,3,100000.0,0.0025,0.01,True,0.1048172280078301,0.1770430847937292,-0.07222585678589911,False
B3_w55__excludeTop10,B3_w55,exclusion_replays,2026,2026-01-02,2026-09-22,181,0.3932466250630491,-0.2476137007498442,0.9632869962502192,0.2689621908366482,0.193982242745804,0.199264382317245,9.558097976801712,actual_stock_exclusion_replay,,,,,55,event,0.5,3,100000.0,0.0025,0.01,True,0.2689621908366482,0.13580564851123356,0.13315654232541463,True
B3_w55__excludeSector_IT_HW,B3_w55,exclusion_replays,2017,2017-01-04,2017-12-29,250,0.4352693033716808,-0.1068841958628993,1.8173212447034528,0.4311590242812286,0.2120011745455907,0.22326812882609,6.660166955718157,actual_sector_exclusion_replay,,,,IT_HW,55,event,0.5,3,100000.0,0.0025,0.01,True,0.4311590242812286,0.21015310140377008,0.22100592287745852,False
B3_w55__excludeSector_IT_HW,B3_w55,exclusion_replays,2018,2018-01-02,2018-12-31,251,-0.1239933716048764,-0.3154382590037514,-0.2924995411856297,-0.1235330634964042,-0.0642984107744514,-0.059694960830425,6.970548146247512,actual_sector_exclusion_replay,,,,IT_HW,55,event,0.5,3,100000.0,0.0025,0.01,True,-0.1235330634964042,-0.06405161044839947,-0.05948145304800473,False
B3_w55__excludeSector_IT_HW,B3_w55,exclusion_replays,2019,2019-01-02,2019-12-31,252,0.6850335204332663,-0.1417637269643368,2.312765063684617,0.6850335204332663,0.3401954545671213,0.3448380658661449,6.301617626158366,actual_sector_exclusion_replay,,,,IT_HW,55,event,0.5,3,100000.0,0.0025,0.01,True,0.6850335204332663,0.3401954545671213,0.34483806586614496,False
B3_w55__excludeSector_IT_HW,B3_w55,exclusion_replays,2020,2020-01-02,2020-12-31,253,1.368771387724053,-0.475207861104264,1.7936207302636746,1.376891467120836,0.1813082709311855,1.1874631167928675,7.068101805233621,actual_sector_exclusion_replay,,,,IT_HW,55,event,0.5,3,100000.0,0.0025,0.01,True,1.376891467120836,0.18208961084499786,1.1948018562758382,False
B3_w55__excludeSector_IT_HW,B3_w55,exclusion_replays,2021,2021-01-04,2021-12-31,252,-0.0691435177855631,-0.4238744813902142,0.0796091335688977,-0.0691435177855631,0.2861550585808201,-0.3552985763663833,11.265066455250263,actual_sector_exclusion_replay,,,,IT_HW,55,event,0.5,3,100000.0,0.0025,0.01,True,-0.0691435177855631,0.28615505858082013,-0.35529857636638323,False
B3_w55__excludeSector_IT_HW,B3_w55,exclusion_replays,2022,2022-01-03,2022-12-30,251,-0.145542844709805,-0.2695255097812982,-0.2329707632932945,-0.1450093582311016,-0.180528833522089,0.0349859888122839,9.677321665353274,actual_sector_exclusion_replay,,,,IT_HW,55,event,0.5,3,100000.0,0.0025,0.01,True,-0.1450093582311016,-0.17988114323237925,0.03487178500127766,False
B3_w55__excludeSector_IT_HW,B3_w55,exclusion_replays,2023,2023-01-03,2023-12-29,250,-0.0312404552146312,-0.3367147935356289,0.0293006773166128,-0.0309963982100631,0.2494116142532503,-0.2806520694678815,8.011877197353373,actual_sector_exclusion_replay,,,,IT_HW,55,event,0.5,3,100000.0,0.0025,0.01,True,-0.0309963982100631,0.24720554909618309,-0.2782019473062462,False
B3_w55__excludeSector_IT_HW,B3_w55,exclusion_replays,2024,2024-01-02,2024-12-31,252,0.0455699014504527,-0.2014290473873706,0.3008914954922533,0.0455699014504527,0.2643074461050603,-0.2187375446546076,7.789902879037145,actual_sector_exclusion_replay,,,,IT_HW,55,event,0.5,3,100000.0,0.0025,0.01,True,0.0455699014504527,0.2643074461050603,-0.2187375446546076,False
B3_w55__excludeSector_IT_HW,B3_w55,exclusion_replays,2025,2025-01-02,2025-12-31,250,0.3198330905406321,-0.4219728039858822,0.8504047375511021,0.3169294586393805,0.1785790013706134,0.1412540891700187,6.966645964112732,actual_sector_exclusion_replay,,,,IT_HW,55,event,0.5,3,100000.0,0.0025,0.01,True,0.3169294586393805,0.1770430847937292,0.13988637384565128,False
B3_w55__excludeSector_IT_HW,B3_w55,exclusion_replays,2026,2026-01-02,2026-09-22,181,-0.030983016887488,-0.2994321025627927,0.1795462615658546,-0.0223521137479338,0.193982242745804,-0.224965259633292,11.301326885793548,actual_sector_exclusion_replay,,,,IT_HW,55,event,0.5,3,100000.0,0.0025,0.01,True,-0.0223521137479338,0.13580564851123356,-0.15815776225916736,True
B3_w55__excludeSector_SEMI,B3_w55,exclusion_replays,2017,2017-01-04,2017-12-29,250,0.5306642926148801,-0.1006586018258652,2.0736980952250232,0.5255015381829289,0.2120011745455907,0.3186631180692894,6.571869725948604,actual_sector_exclusion_replay,,,,SEMI,55,event,0.5,3,100000.0,0.0025,0.01,True,0.5255015381829289,0.21015310140377008,0.3153484367791588,False
B3_w55__excludeSector_SEMI,B3_w55,exclusion_replays,2018,2018-01-02,2018-12-31,251,-0.1939179102053927,-0.3637462192567235,-0.5286732510119988,-0.1932280641212261,-0.0642984107744514,-0.1296194994309413,7.398814818254224,actual_sector_exclusion_replay,,,,SEMI,55,event,0.5,3,100000.0,0.0025,0.01,True,-0.1932280641212261,-0.06405161044839947,-0.12917645367282662,False
B3_w55__excludeSector_SEMI,B3_w55,exclusion_replays,2019,2019-01-02,2019-12-31,252,0.4100006909343197,-0.1848276252874483,1.6446427442024223,0.4100006909343197,0.3401954545671213,0.0698052363671983,5.907327916815002,actual_sector_exclusion_replay,,,,SEMI,55,event,0.5,3,100000.0,0.0025,0.01,True,0.4100006909343197,0.3401954545671213,0.06980523636719838,False
B3_w55__excludeSector_SEMI,B3_w55,exclusion_replays,2020,2020-01-02,2020-12-31,253,0.9095443846298604,-0.4737759454455824,1.5041023465184564,0.9144523350738384,0.1813082709311855,0.7282361136986748,6.080176315500015,actual_sector_exclusion_replay,,,,SEMI,55,event,0.5,3,100000.0,0.0025,0.01,True,0.9144523350738384,0.18208961084499786,0.7323627242288405,False
B3_w55__excludeSector_SEMI,B3_w55,exclusion_replays,2021,2021-01-04,2021-12-31,252,-0.1081874220430975,-0.4146823157144002,-0.0519640864517896,-0.1081874220430975,0.2861550585808201,-0.3943424806239176,9.128660019435864,actual_sector_exclusion_replay,,,,SEMI,55,event,0.5,3,100000.0,0.0025,0.01,True,-0.1081874220430975,0.28615505858082013,-0.39434248062391764,False
B3_w55__excludeSector_SEMI,B3_w55,exclusion_replays,2022,2022-01-03,2022-12-30,251,-0.1245601736127777,-0.2886913548302645,-0.142089549057941,-0.1240979136662769,-0.180528833522089,0.0559686599093113,9.967168528097664,actual_sector_exclusion_replay,,,,SEMI,55,event,0.5,3,100000.0,0.0025,0.01,True,-0.1240979136662769,-0.17988114323237925,0.05578322956610235,False
B3_w55__excludeSector_SEMI,B3_w55,exclusion_replays,2023,2023-01-03,2023-12-29,250,-0.0434692077155743,-0.354147909631329,0.0028149377939565,-0.0431317638709504,0.2494116142532503,-0.2928808219688247,8.665765852304979,actual_sector_exclusion_replay,,,,SEMI,55,event,0.5,3,100000.0,0.0025,0.01,True,-0.0431317638709504,0.24720554909618309,-0.2903373129671335,False
B3_w55__excludeSector_SEMI,B3_w55,exclusion_replays,2024,2024-01-02,2024-12-31,252,0.1854123610730871,-0.213281655893146,0.6503671445464978,0.1854123610730871,0.2643074461050603,-0.0788950850319731,7.170148111706698,actual_sector_exclusion_replay,,,,SEMI,55,event,0.5,3,100000.0,0.0025,0.01,True,0.1854123610730871,0.2643074461050603,-0.0788950850319732,False
B3_w55__excludeSector_SEMI,B3_w55,exclusion_replays,2025,2025-01-02,2025-12-31,250,0.1314791591680333,-0.4331850605626153,0.4964778937627809,0.1303704421647729,0.1785790013706134,-0.0470998422025801,7.861028091640278,actual_sector_exclusion_replay,,,,SEMI,55,event,0.5,3,100000.0,0.0025,0.01,True,0.1303704421647729,0.1770430847937292,-0.04667264262895632,False
B3_w55__excludeSector_SEMI,B3_w55,exclusion_replays,2026,2026-01-02,2026-09-22,181,0.8351141409851968,-0.1793458526177229,1.458654776541364,0.546596613140258,0.193982242745804,0.6411318982393928,10.028119198850826,actual_sector_exclusion_replay,,,,SEMI,55,event,0.5,3,100000.0,0.0025,0.01,True,0.546596613140258,0.13580564851123356,0.4107909646290244,True
B3_w55__excludeSector_CHEM_STEEL,B3_w55,exclusion_replays,2017,2017-01-04,2017-12-29,250,0.3534036287011428,-0.0911117365539101,1.5740670285030425,0.3501569691204591,0.2120011745455907,0.141402454155552,7.203650951416834,actual_sector_exclusion_replay,,,,CHEM_STEEL,55,event,0.5,3,100000.0,0.0025,0.01,True,0.3501569691204591,0.21015310140377008,0.14000386771668905,False
B3_w55__excludeSector_CHEM_STEEL,B3_w55,exclusion_replays,2018,2018-01-02,2018-12-31,251,-0.1984458577444067,-0.3477562698806622,-0.5841855132289409,-0.1977419536635811,-0.0642984107744514,-0.1341474469699553,7.291990013865901,actual_sector_exclusion_replay,,,,CHEM_STEEL,55,event,0.5,3,100000.0,0.0025,0.01,True,-0.1977419536635811,-0.06405161044839947,-0.13369034321518164,False
B3_w55__excludeSector_CHEM_STEEL,B3_w55,exclusion_replays,2019,2019-01-02,2019-12-31,252,0.683990979697737,-0.1209173995921378,2.385410240159913,0.683990979697737,0.3401954545671213,0.3437955251306157,4.292538907622774,actual_sector_exclusion_replay,,,,CHEM_STEEL,55,event,0.5,3,100000.0,0.0025,0.01,True,0.683990979697737,0.3401954545671213,0.34379552513061573,False
B3_w55__excludeSector_CHEM_STEEL,B3_w55,exclusion_replays,2020,2020-01-02,2020-12-31,253,0.8300066453103447,-0.4732091632559597,1.439979448740328,0.8344004388725743,0.1813082709311855,0.6486983743791592,6.481638906424774,actual_sector_exclusion_replay,,,,CHEM_STEEL,55,event,0.5,3,100000.0,0.0025,0.01,True,0.8344004388725743,0.18208961084499786,0.6523108280275765,False
B3_w55__excludeSector_CHEM_STEEL,B3_w55,exclusion_replays,2021,2021-01-04,2021-12-31,252,-0.056793650826062,-0.4267481743317495,0.1241297025382913,-0.056793650826062,0.2861550585808201,-0.3429487094068821,10.912159080740324,actual_sector_exclusion_replay,,,,CHEM_STEEL,55,event,0.5,3,100000.0,0.0025,0.01,True,-0.056793650826062,0.28615505858082013,-0.34294870940688216,False
B3_w55__excludeSector_CHEM_STEEL,B3_w55,exclusion_replays,2022,2022-01-03,2022-12-30,251,-0.2275990827663805,-0.3249258705433572,-0.3946916147669305,-0.2268071146191107,-0.180528833522089,-0.0470702492442914,10.932837714022424,actual_sector_exclusion_replay,,,,CHEM_STEEL,55,event,0.5,3,100000.0,0.0025,0.01,True,-0.2268071146191107,-0.17988114323237925,-0.04692597138673146,False
B3_w55__excludeSector_CHEM_STEEL,B3_w55,exclusion_replays,2023,2023-01-03,2023-12-29,250,0.04404735849812,-0.3560717296424002,0.2933721852803431,0.0436902489045885,0.2494116142532503,-0.2053642557551303,8.618942659215351,actual_sector_exclusion_replay,,,,CHEM_STEEL,55,event,0.5,3,100000.0,0.0025,0.01,True,0.0436902489045885,0.24720554909618309,-0.20351530019159458,False
B3_w55__excludeSector_CHEM_STEEL,B3_w55,exclusion_replays,2024,2024-01-02,2024-12-31,252,0.3633354581694692,-0.2212814647233962,1.012332541384105,0.3633354581694692,0.2643074461050603,0.0990280120644089,7.509587820219759,actual_sector_exclusion_replay,,,,CHEM_STEEL,55,event,0.5,3,100000.0,0.0025,0.01,True,0.3633354581694692,0.2643074461050603,0.09902801206440892,False
B3_w55__excludeSector_CHEM_STEEL,B3_w55,exclusion_replays,2025,2025-01-02,2025-12-31,250,0.1279848807321693,-0.484487605364074,0.4901543653865702,0.1269072504217123,0.1785790013706134,-0.0505941206384441,6.926074428380384,actual_sector_exclusion_replay,,,,CHEM_STEEL,55,event,0.5,3,100000.0,0.0025,0.01,True,0.1269072504217123,0.1770430847937292,-0.05013583437201691,False
B3_w55__excludeSector_CHEM_STEEL,B3_w55,exclusion_replays,2026,2026-01-02,2026-09-22,181,0.0480079675255569,-0.3045686960141666,0.3291329058324565,0.0342533673536804,0.193982242745804,-0.145974275220247,9.438597291966984,actual_sector_exclusion_replay,,,,CHEM_STEEL,55,event,0.5,3,100000.0,0.0025,0.01,True,0.0342533673536804,0.13580564851123356,-0.10155228115755316,True
B3_beta60d3__excludeTop1,B3_beta60d3,exclusion_replays,2017,2017-01-04,2017-12-29,250,0.1946074450303918,-0.1141277071548529,0.9194393613138192,0.1929227430558899,0.2120011745455907,-0.0173937295151989,13.153136012618116,actual_stock_exclusion_replay,,,,,50,event,0.6,3,100000.0,0.0025,0.01,True,0.1929227430558899,0.21015310140377008,-0.01723035834788017,False
B3_beta60d3__excludeTop1,B3_beta60d3,exclusion_replays,2018,2018-01-02,2018-12-31,251,-0.2178640574945562,-0.3366336822534475,-0.6565238539818012,-0.2171010200771962,-0.0642984107744514,-0.1535656467201048,10.065742840903535,actual_stock_exclusion_replay,,,,,50,event,0.6,3,100000.0,0.0025,0.01,True,-0.2171010200771962,-0.06405161044839947,-0.15304940962879673,False
B3_beta60d3__excludeTop1,B3_beta60d3,exclusion_replays,2019,2019-01-02,2019-12-31,252,0.6526187943597865,-0.154851918626214,2.2222203136170533,0.6526187943597865,0.3401954545671213,0.3124233397926652,8.529553678352718,actual_stock_exclusion_replay,,,,,50,event,0.6,3,100000.0,0.0025,0.01,True,0.6526187943597865,0.3401954545671213,0.31242333979266523,False
B3_beta60d3__excludeTop1,B3_beta60d3,exclusion_replays,2020,2020-01-02,2020-12-31,253,1.2801441449812812,-0.4186640630041086,1.8739306935581532,1.2876142237348265,0.1813082709311855,1.0988358740500956,14.836826307924817,actual_stock_exclusion_replay,,,,,50,event,0.6,3,100000.0,0.0025,0.01,True,1.2876142237348265,0.18208961084499786,1.1055246128898286,False
B3_beta60d3__excludeTop1,B3_beta60d3,exclusion_replays,2021,2021-01-04,2021-12-31,252,0.0527051252592138,-0.3613538831626848,0.3365383122813269,0.0527051252592138,0.2861550585808201,-0.2334499333216062,13.50646269901003,actual_stock_exclusion_replay,,,,,50,event,0.6,3,100000.0,0.0025,0.01,True,0.0527051252592138,0.28615505858082013,-0.23344993332160632,False
B3_beta60d3__excludeTop1,B3_beta60d3,exclusion_replays,2022,2022-01-03,2022-12-30,251,-0.079339000780727,-0.3093706889145636,0.0569181101239282,-0.0790369474375626,-0.180528833522089,0.1011898327413619,13.317372180536124,actual_stock_exclusion_replay,,,,,50,event,0.6,3,100000.0,0.0025,0.01,True,-0.0790369474375626,-0.17988114323237925,0.10084419579481665,False
B3_beta60d3__excludeTop1,B3_beta60d3,exclusion_replays,2023,2023-01-03,2023-12-29,250,0.5517148327004169,-0.3108638013766164,1.3241819078640782,0.546313442311936,0.2494116142532503,0.3023032184471665,12.477795726715197,actual_stock_exclusion_replay,,,,,50,event,0.6,3,100000.0,0.0025,0.01,True,0.546313442311936,0.24720554909618309,0.29910789321575293,False
B3_beta60d3__excludeTop1,B3_beta60d3,exclusion_replays,2024,2024-01-02,2024-12-31,252,0.4704259179808534,-0.246748380207516,1.1152592962809498,0.4704259179808534,0.2643074461050603,0.2061184718757931,10.67816203203234,actual_stock_exclusion_replay,,,,,50,event,0.6,3,100000.0,0.0025,0.01,True,0.4704259179808534,0.2643074461050603,0.20611847187579313,False
B3_beta60d3__excludeTop1,B3_beta60d3,exclusion_replays,2025,2025-01-02,2025-12-31,250,-0.0339353978662798,-0.4583774629603422,0.205928051573811,-0.0336706555179936,0.1785790013706134,-0.2125143992368933,12.84170281673268,actual_stock_exclusion_replay,,,,,50,event,0.6,3,100000.0,0.0025,0.01,True,-0.0336706555179936,0.1770430847937292,-0.2107137403117228,False
B3_beta60d3__excludeTop1,B3_beta60d3,exclusion_replays,2026,2026-01-02,2026-09-22,181,0.080659336096363,-0.3864989570657395,0.4065205490286535,0.0572972955335375,0.193982242745804,-0.113322906649441,15.642498507337544,actual_stock_exclusion_replay,,,,,50,event,0.6,3,100000.0,0.0025,0.01,True,0.0572972955335375,0.13580564851123356,-0.07850835297769607,True
B3_beta60d3__excludeTop3,B3_beta60d3,exclusion_replays,2017,2017-01-04,2017-12-29,250,0.1946074450303918,-0.1141277071548529,0.9194393613138192,0.1929227430558899,0.2120011745455907,-0.0173937295151989,13.153136012618116,actual_stock_exclusion_replay,,,,,50,event,0.6,3,100000.0,0.0025,0.01,True,0.1929227430558899,0.21015310140377008,-0.01723035834788017,False
B3_beta60d3__excludeTop3,B3_beta60d3,exclusion_replays,2018,2018-01-02,2018-12-31,251,-0.2178640574945562,-0.3366336822534475,-0.6565238539818012,-0.2171010200771962,-0.0642984107744514,-0.1535656467201048,10.065742840903535,actual_stock_exclusion_replay,,,,,50,event,0.6,3,100000.0,0.0025,0.01,True,-0.2171010200771962,-0.06405161044839947,-0.15304940962879673,False
B3_beta60d3__excludeTop3,B3_beta60d3,exclusion_replays,2019,2019-01-02,2019-12-31,252,0.6526187943597865,-0.154851918626214,2.2222203136170533,0.6526187943597865,0.3401954545671213,0.3124233397926652,8.529553678352718,actual_stock_exclusion_replay,,,,,50,event,0.6,3,100000.0,0.0025,0.01,True,0.6526187943597865,0.3401954545671213,0.31242333979266523,False
B3_beta60d3__excludeTop3,B3_beta60d3,exclusion_replays,2020,2020-01-02,2020-12-31,253,1.2801441449812812,-0.4186640630041086,1.8739306935581532,1.2876142237348265,0.1813082709311855,1.0988358740500956,14.836826307924817,actual_stock_exclusion_replay,,,,,50,event,0.6,3,100000.0,0.0025,0.01,True,1.2876142237348265,0.18208961084499786,1.1055246128898286,False
B3_beta60d3__excludeTop3,B3_beta60d3,exclusion_replays,2021,2021-01-04,2021-12-31,252,0.0527051252592138,-0.3613538831626848,0.3365383122813269,0.0527051252592138,0.2861550585808201,-0.2334499333216062,13.50646269901003,actual_stock_exclusion_replay,,,,,50,event,0.6,3,100000.0,0.0025,0.01,True,0.0527051252592138,0.28615505858082013,-0.23344993332160632,False
B3_beta60d3__excludeTop3,B3_beta60d3,exclusion_replays,2022,2022-01-03,2022-12-30,251,-0.079339000780727,-0.3093706889145636,0.0569181101239282,-0.0790369474375626,-0.180528833522089,0.1011898327413619,13.317372180536124,actual_stock_exclusion_replay,,,,,50,event,0.6,3,100000.0,0.0025,0.01,True,-0.0790369474375626,-0.17988114323237925,0.10084419579481665,False
B3_beta60d3__excludeTop3,B3_beta60d3,exclusion_replays,2023,2023-01-03,2023-12-29,250,0.5517148327004169,-0.3108638013766164,1.3241819078640782,0.546313442311936,0.2494116142532503,0.3023032184471665,12.477795726715197,actual_stock_exclusion_replay,,,,,50,event,0.6,3,100000.0,0.0025,0.01,True,0.546313442311936,0.24720554909618309,0.29910789321575293,False
B3_beta60d3__excludeTop3,B3_beta60d3,exclusion_replays,2024,2024-01-02,2024-12-31,252,0.4374696050041258,-0.246748380207516,1.072573388379078,0.4374696050041258,0.2643074461050603,0.1731621588990655,10.73673345732406,actual_stock_exclusion_replay,,,,,50,event,0.6,3,100000.0,0.0025,0.01,True,0.4374696050041258,0.2643074461050603,0.1731621588990655,False
B3_beta60d3__excludeTop3,B3_beta60d3,exclusion_replays,2025,2025-01-02,2025-12-31,250,-0.0782560622018646,-0.473294834181625,0.1178236709471267,-0.0776597511197711,0.1785790013706134,-0.2568350635724781,12.81771925953572,actual_stock_exclusion_replay,,,,,50,event,0.6,3,100000.0,0.0025,0.01,True,-0.0776597511197711,0.1770430847937292,-0.2547028359135003,False
B3_beta60d3__excludeTop3,B3_beta60d3,exclusion_replays,2026,2026-01-02,2026-09-22,181,0.0512089000678768,-0.3774708211285379,0.3508578765527461,0.0365213005346098,0.193982242745804,-0.1427733426779271,16.258812196715734,actual_stock_exclusion_replay,,,,,50,event,0.6,3,100000.0,0.0025,0.01,True,0.0365213005346098,0.13580564851123356,-0.09928434797662375,True
B3_beta60d3__excludeTop5,B3_beta60d3,exclusion_replays,2017,2017-01-04,2017-12-29,250,0.1946074450303918,-0.1141277071548529,0.9194393613138192,0.1929227430558899,0.2120011745455907,-0.0173937295151989,13.153136012618116,actual_stock_exclusion_replay,,,,,50,event,0.6,3,100000.0,0.0025,0.01,True,0.1929227430558899,0.21015310140377008,-0.01723035834788017,False
B3_beta60d3__excludeTop5,B3_beta60d3,exclusion_replays,2018,2018-01-02,2018-12-31,251,-0.2088662605757342,-0.3083003039471628,-0.6146445678258741,-0.2081303894318837,-0.0642984107744514,-0.1445678498012828,9.907005301940607,actual_stock_exclusion_replay,,,,,50,event,0.6,3,100000.0,0.0025,0.01,True,-0.2081303894318837,-0.06405161044839947,-0.14407877898348423,False
B3_beta60d3__excludeTop5,B3_beta60d3,exclusion_replays,2019,2019-01-02,2019-12-31,252,0.5737819588801973,-0.1800029327244471,2.043357227651494,0.5737819588801973,0.3401954545671213,0.233586504313076,8.91518888389232,actual_stock_exclusion_replay,,,,,50,event,0.6,3,100000.0,0.0025,0.01,True,0.5737819588801973,0.3401954545671213,0.23358650431307604,False
B3_beta60d3__excludeTop5,B3_beta60d3,exclusion_replays,2020,2020-01-02,2020-12-31,253,0.874603352371881,-0.4629057132866697,1.4972408704941684,0.8792837700856477,0.1813082709311855,0.6932950814406955,14.56454540899754,actual_stock_exclusion_replay,,,,,50,event,0.6,3,100000.0,0.0025,0.01,True,0.8792837700856477,0.18208961084499786,0.6971941592406499,False
B3_beta60d3__excludeTop5,B3_beta60d3,exclusion_replays,2021,2021-01-04,2021-12-31,252,0.1491028760606076,-0.3315869530767834,0.530979303357374,0.1491028760606076,0.2861550585808201,-0.1370521825202124,14.577269340762404,actual_stock_exclusion_replay,,,,,50,event,0.6,3,100000.0,0.0025,0.01,True,0.1491028760606076,0.28615505858082013,-0.13705218252021253,False
B3_beta60d3__excludeTop5,B3_beta60d3,exclusion_replays,2022,2022-01-03,2022-12-30,251,-0.1948561779727019,-0.308714630685194,-0.2661871393396432,-0.1941634105491233,-0.180528833522089,-0.0143273444506129,13.020009496086566,actual_stock_exclusion_replay,,,,,50,event,0.6,3,100000.0,0.0025,0.01,True,-0.1941634105491233,-0.17988114323237925,-0.014282267316744063,False
B3_beta60d3__excludeTop5,B3_beta60d3,exclusion_replays,2023,2023-01-03,2023-12-29,250,0.1920563057785855,-0.3789538227800555,0.6575763416289299,0.1903953987131661,0.2494116142532503,-0.0573553084746647,13.588373603912329,actual_stock_exclusion_replay,,,,,50,event,0.6,3,100000.0,0.0025,0.01,True,0.1903953987131661,0.24720554909618309,-0.05681015038301698,False
B3_beta60d3__excludeTop5,B3_beta60d3,exclusion_replays,2024,2024-01-02,2024-12-31,252,0.1919397765895265,-0.2658958883835945,0.637966443878364,0.1919397765895265,0.2643074461050603,-0.0723676695155337,10.620097778616728,actual_stock_exclusion_replay,,,,,50,event,0.6,3,100000.0,0.0025,0.01,True,0.1919397765895265,0.2643074461050603,-0.0723676695155338,False
B3_beta60d3__excludeTop5,B3_beta60d3,exclusion_replays,2025,2025-01-02,2025-12-31,250,0.0784224209710637,-0.4837836106840044,0.4057401285164599,0.0777764233723847,0.1785790013706134,-0.1001565803995496,11.063619390121705,actual_stock_exclusion_replay,,,,,50,event,0.6,3,100000.0,0.0025,0.01,True,0.0777764233723847,0.1770430847937292,-0.09926666142134451,False
B3_beta60d3__excludeTop5,B3_beta60d3,exclusion_replays,2026,2026-01-02,2026-09-22,181,0.4328888363224621,-0.2877514335004643,0.9703234832526072,0.2947927153922034,0.193982242745804,0.2389065935766581,11.63492142296246,actual_stock_exclusion_replay,,,,,50,event,0.6,3,100000.0,0.0025,0.01,True,0.2947927153922034,0.13580564851123356,0.15898706688096986,True
B3_beta60d3__excludeTop10,B3_beta60d3,exclusion_replays,2017,2017-01-04,2017-12-29,250,0.1946074450303918,-0.1141277071548529,0.9194393613138192,0.1929227430558899,0.2120011745455907,-0.0173937295151989,13.153136012618116,actual_stock_exclusion_replay,,,,,50,event,0.6,3,100000.0,0.0025,0.01,True,0.1929227430558899,0.21015310140377008,-0.01723035834788017,False
B3_beta60d3__excludeTop10,B3_beta60d3,exclusion_replays,2018,2018-01-02,2018-12-31,251,-0.2088662605757342,-0.3083003039471628,-0.6146445678258741,-0.2081303894318837,-0.0642984107744514,-0.1445678498012828,9.907005301940607,actual_stock_exclusion_replay,,,,,50,event,0.6,3,100000.0,0.0025,0.01,True,-0.2081303894318837,-0.06405161044839947,-0.14407877898348423,False
B3_beta60d3__excludeTop10,B3_beta60d3,exclusion_replays,2019,2019-01-02,2019-12-31,252,0.5737819588801973,-0.1800029327244471,2.043357227651494,0.5737819588801973,0.3401954545671213,0.233586504313076,8.91518888389232,actual_stock_exclusion_replay,,,,,50,event,0.6,3,100000.0,0.0025,0.01,True,0.5737819588801973,0.3401954545671213,0.23358650431307604,False
B3_beta60d3__excludeTop10,B3_beta60d3,exclusion_replays,2020,2020-01-02,2020-12-31,253,0.874603352371881,-0.4629057132866697,1.4972408704941684,0.8792837700856477,0.1813082709311855,0.6932950814406955,14.56454540899754,actual_stock_exclusion_replay,,,,,50,event,0.6,3,100000.0,0.0025,0.01,True,0.8792837700856477,0.18208961084499786,0.6971941592406499,False
B3_beta60d3__excludeTop10,B3_beta60d3,exclusion_replays,2021,2021-01-04,2021-12-31,252,0.035983448836264,-0.3315869530767834,0.3058396322036064,0.035983448836264,0.2861550585808201,-0.2501716097445561,14.382537352084585,actual_stock_exclusion_replay,,,,,50,event,0.6,3,100000.0,0.0025,0.01,True,0.035983448836264,0.28615505858082013,-0.25017160974455616,False
B3_beta60d3__excludeTop10,B3_beta60d3,exclusion_replays,2022,2022-01-03,2022-12-30,251,-0.2219642888548877,-0.3340442209197619,-0.3515423264710938,-0.2211890075104049,-0.180528833522089,-0.0414354553327986,12.224667859484171,actual_stock_exclusion_replay,,,,,50,event,0.6,3,100000.0,0.0025,0.01,True,-0.2211890075104049,-0.17988114323237925,-0.04130786427802566,False
B3_beta60d3__excludeTop10,B3_beta60d3,exclusion_replays,2023,2023-01-03,2023-12-29,250,0.0524095181803587,-0.3790698335147144,0.3188914670300001,0.0519829418478168,0.2494116142532503,-0.1970020960728915,13.028995577982734,actual_stock_exclusion_replay,,,,,50,event,0.6,3,100000.0,0.0025,0.01,True,0.0519829418478168,0.24720554909618309,-0.1952226072483663,False
B3_beta60d3__excludeTop10,B3_beta60d3,exclusion_replays,2024,2024-01-02,2024-12-31,252,0.1601870535095861,-0.2504370140349398,0.5769971002792454,0.1601870535095861,0.2643074461050603,-0.1041203925954741,11.319576077422692,actual_stock_exclusion_replay,,,,,50,event,0.6,3,100000.0,0.0025,0.01,True,0.1601870535095861,0.2643074461050603,-0.1041203925954742,False
B3_beta60d3__excludeTop10,B3_beta60d3,exclusion_replays,2025,2025-01-02,2025-12-31,250,0.0404322760730682,-0.4790910758380057,0.3370853105670862,0.0401050349928726,0.1785790013706134,-0.1381467252975452,12.558054184897996,actual_stock_exclusion_replay,,,,,50,event,0.6,3,100000.0,0.0025,0.01,True,0.0401050349928726,0.1770430847937292,-0.1369380498008566,False
B3_beta60d3__excludeTop10,B3_beta60d3,exclusion_replays,2026,2026-01-02,2026-09-22,181,-0.1984542723255147,-0.317625436828634,-0.1912343043704733,-0.1469075019937724,0.193982242745804,-0.3924365150713187,15.133600991205164,actual_stock_exclusion_replay,,,,,50,event,0.6,3,100000.0,0.0025,0.01,True,-0.1469075019937724,0.13580564851123356,-0.28271315050500595,True
B3_beta60d3__excludeSector_IT_HW,B3_beta60d3,exclusion_replays,2017,2017-01-04,2017-12-29,250,0.2476838448737526,-0.1207196545365482,1.1642922548974708,0.2454945092599185,0.2120011745455907,0.0356826703281618,13.444246852642571,actual_sector_exclusion_replay,,,,IT_HW,50,event,0.6,3,100000.0,0.0025,0.01,True,0.2454945092599185,0.21015310140377008,0.03534140785614842,False
B3_beta60d3__excludeSector_IT_HW,B3_beta60d3,exclusion_replays,2018,2018-01-02,2018-12-31,251,-0.1859860996689953,-0.3317061228516691,-0.4926779856641791,-0.185321121776624,-0.0642984107744514,-0.1216876888945439,11.752693238586254,actual_sector_exclusion_replay,,,,IT_HW,50,event,0.6,3,100000.0,0.0025,0.01,True,-0.185321121776624,-0.06405161044839947,-0.12126951132822453,False
B3_beta60d3__excludeSector_IT_HW,B3_beta60d3,exclusion_replays,2019,2019-01-02,2019-12-31,252,0.5218892272210454,-0.2078942153837158,1.8959134174151928,0.5218892272210454,0.3401954545671213,0.181693772653924,9.412444402190086,actual_sector_exclusion_replay,,,,IT_HW,50,event,0.6,3,100000.0,0.0025,0.01,True,0.5218892272210454,0.3401954545671213,0.18169377265392406,False
B3_beta60d3__excludeSector_IT_HW,B3_beta60d3,exclusion_replays,2020,2020-01-02,2020-12-31,253,0.8930962741335624,-0.4974537446255547,1.4951108396532322,0.8978967950258256,0.1813082709311855,0.7117880032023769,14.844156501669076,actual_sector_exclusion_replay,,,,IT_HW,50,event,0.6,3,100000.0,0.0025,0.01,True,0.8978967950258256,0.18208961084499786,0.7158071841808278,False
B3_beta60d3__excludeSector_IT_HW,B3_beta60d3,exclusion_replays,2021,2021-01-04,2021-12-31,252,0.170023446107135,-0.3398962341720937,0.5657402921672957,0.170023446107135,0.2861550585808201,-0.116131612473685,13.365368362453776,actual_sector_exclusion_replay,,,,IT_HW,50,event,0.6,3,100000.0,0.0025,0.01,True,0.170023446107135,0.28615505858082013,-0.11613161247368514,False
B3_beta60d3__excludeSector_IT_HW,B3_beta60d3,exclusion_replays,2022,2022-01-03,2022-12-30,251,-0.2200402704966968,-0.3148593119549545,-0.3175463583050218,-0.2192707239511112,-0.180528833522089,-0.0395114369746077,14.366107383097685,actual_sector_exclusion_replay,,,,IT_HW,50,event,0.6,3,100000.0,0.0025,0.01,True,-0.2192707239511112,-0.17988114323237925,-0.03938958071873194,False
B3_beta60d3__excludeSector_IT_HW,B3_beta60d3,exclusion_replays,2023,2023-01-03,2023-12-29,250,0.2361796128901963,-0.3508701164520932,0.7901831839523784,0.2341011890429329,0.2494116142532503,-0.013232001363054,10.808340833416445,actual_sector_exclusion_replay,,,,IT_HW,50,event,0.6,3,100000.0,0.0025,0.01,True,0.2341011890429329,0.24720554909618309,-0.013104360053250191,False
B3_beta60d3__excludeSector_IT_HW,B3_beta60d3,exclusion_replays,2024,2024-01-02,2024-12-31,252,0.0635116635535939,-0.2195513075805112,0.3520774361288766,0.0635116635535939,0.2643074461050603,-0.2007957825514663,11.804321071696153,actual_sector_exclusion_replay,,,,IT_HW,50,event,0.6,3,100000.0,0.0025,0.01,True,0.0635116635535939,0.2643074461050603,-0.2007957825514664,False
B3_beta60d3__excludeSector_IT_HW,B3_beta60d3,exclusion_replays,2025,2025-01-02,2025-12-31,250,-0.2928259021579305,-0.4926192476372825,-0.4599292720158895,-0.2908786185275466,0.1785790013706134,-0.4714049035285439,13.551255622537813,actual_sector_exclusion_replay,,,,IT_HW,50,event,0.6,3,100000.0,0.0025,0.01,True,-0.2908786185275466,0.1770430847937292,-0.4679217033212758,False
B3_beta60d3__excludeSector_IT_HW,B3_beta60d3,exclusion_replays,2026,2026-01-02,2026-09-22,181,-0.0165223566237923,-0.3110411638263411,0.2156398463978147,-0.0118950667169437,0.193982242745804,-0.2105045993695963,14.874365830322551,actual_sector_exclusion_replay,,,,IT_HW,50,event,0.6,3,100000.0,0.0025,0.01,True,-0.0118950667169437,0.13580564851123356,-0.14770071522817727,True
B3_beta60d3__excludeSector_SHIP_DEF,B3_beta60d3,exclusion_replays,2017,2017-01-04,2017-12-29,250,0.1045764597755423,-0.1888165825076067,0.5853256105615015,0.1037048724978682,0.2120011745455907,-0.1074247147700484,14.930021801971876,actual_sector_exclusion_replay,,,,SHIP_DEF,50,event,0.6,3,100000.0,0.0025,0.01,True,0.1037048724978682,0.21015310140377008,-0.10644822890590189,False
B3_beta60d3__excludeSector_SHIP_DEF,B3_beta60d3,exclusion_replays,2018,2018-01-02,2018-12-31,251,-0.1400825168321631,-0.3731072145695888,-0.3628696956388945,-0.1395673715095192,-0.0642984107744514,-0.0757841060577116,10.093256687573565,actual_sector_exclusion_replay,,,,SHIP_DEF,50,event,0.6,3,100000.0,0.0025,0.01,True,-0.1395673715095192,-0.06405161044839947,-0.07551576106111973,False
B3_beta60d3__excludeSector_SHIP_DEF,B3_beta60d3,exclusion_replays,2019,2019-01-02,2019-12-31,252,0.6386621528796901,-0.1818973765865008,2.2631232508236327,0.6386621528796901,0.3401954545671213,0.2984666983125688,8.513557188518885,actual_sector_exclusion_replay,,,,SHIP_DEF,50,event,0.6,3,100000.0,0.0025,0.01,True,0.6386621528796901,0.3401954545671213,0.2984666983125688,False
B3_beta60d3__excludeSector_SHIP_DEF,B3_beta60d3,exclusion_replays,2020,2020-01-02,2020-12-31,253,0.8870705498130871,-0.4641686149148206,1.5453084879525425,0.891831856754356,0.1813082709311855,0.7057622788819016,15.243596926007005,actual_sector_exclusion_replay,,,,SHIP_DEF,50,event,0.6,3,100000.0,0.0025,0.01,True,0.891831856754356,0.18208961084499786,0.7097422459093581,False
B3_beta60d3__excludeSector_SHIP_DEF,B3_beta60d3,exclusion_replays,2021,2021-01-04,2021-12-31,252,0.3075145879438266,-0.3363925419134694,0.8009473788428184,0.3075145879438266,0.2861550585808201,0.0213595293630064,15.362883090443098,actual_sector_exclusion_replay,,,,SHIP_DEF,50,event,0.6,3,100000.0,0.0025,0.01,True,0.3075145879438266,0.28615505858082013,0.021359529363006446,False
B3_beta60d3__excludeSector_SHIP_DEF,B3_beta60d3,exclusion_replays,2022,2022-01-03,2022-12-30,251,-0.1414063118426642,-0.3037093229760373,-0.0764882015706999,-0.1408867072876531,-0.180528833522089,0.0391225216794247,11.996718988039106,actual_sector_exclusion_replay,,,,SHIP_DEF,50,event,0.6,3,100000.0,0.0025,0.01,True,-0.1408867072876531,-0.17988114323237925,0.03899443594472615,False
B3_beta60d3__excludeSector_SHIP_DEF,B3_beta60d3,exclusion_replays,2023,2023-01-03,2023-12-29,250,0.3080962884909313,-0.4123908025391016,0.8717003640364039,0.3053110106298966,0.2494116142532503,0.0586846742376809,14.389821053243953,actual_sector_exclusion_replay,,,,SHIP_DEF,50,event,0.6,3,100000.0,0.0025,0.01,True,0.3053110106298966,0.24720554909618309,0.05810546153371349,False
B3_beta60d3__excludeSector_SHIP_DEF,B3_beta60d3,exclusion_replays,2024,2024-01-02,2024-12-31,252,0.3018921179157114,-0.2484634330470503,0.8377706236791022,0.3018921179157114,0.2643074461050603,0.0375846718106511,11.288859218475762,actual_sector_exclusion_replay,,,,SHIP_DEF,50,event,0.6,3,100000.0,0.0025,0.01,True,0.3018921179157114,0.2643074461050603,0.037584671810651116,False
B3_beta60d3__excludeSector_SHIP_DEF,B3_beta60d3,exclusion_replays,2025,2025-01-02,2025-12-31,250,0.3952925896672667,-0.4310492258180417,0.8755211376944071,0.391608749115502,0.1785790013706134,0.2167135882966533,12.620666524474402,actual_sector_exclusion_replay,,,,SHIP_DEF,50,event,0.6,3,100000.0,0.0025,0.01,True,0.391608749115502,0.1770430847937292,0.21456566432177276,False
B3_beta60d3__excludeSector_SHIP_DEF,B3_beta60d3,exclusion_replays,2026,2026-01-02,2026-09-22,181,0.5967253547222076,-0.2892432858004637,1.1388654447557065,0.3994935883589117,0.193982242745804,0.4027431119764035,15.002341831904031,actual_sector_exclusion_replay,,,,SHIP_DEF,50,event,0.6,3,100000.0,0.0025,0.01,True,0.3994935883589117,0.13580564851123356,0.26368793984767813,True
B3_beta60d3__excludeSector_ENERGY,B3_beta60d3,exclusion_replays,2017,2017-01-04,2017-12-29,250,0.2955667115332774,-0.1038686690091635,1.3336444697436216,0.2929068687713423,0.2120011745455907,0.0835655369876866,12.786238517150167,actual_sector_exclusion_replay,,,,ENERGY,50,event,0.6,3,100000.0,0.0025,0.01,True,0.2929068687713423,0.21015310140377008,0.08275376736757223,False
B3_beta60d3__excludeSector_ENERGY,B3_beta60d3,exclusion_replays,2018,2018-01-02,2018-12-31,251,-0.2558239187570631,-0.3327239561920496,-0.8166524196081432,-0.2549508380904541,-0.0642984107744514,-0.1915255079826117,10.924150029841329,actual_sector_exclusion_replay,,,,ENERGY,50,event,0.6,3,100000.0,0.0025,0.01,True,-0.2549508380904541,-0.06405161044839947,-0.19089922764205464,False
B3_beta60d3__excludeSector_ENERGY,B3_beta60d3,exclusion_replays,2019,2019-01-02,2019-12-31,252,0.6861313394333406,-0.1650902260632311,2.3921149917270035,0.6861313394333406,0.3401954545671213,0.3459358848662193,9.238909548117691,actual_sector_exclusion_replay,,,,ENERGY,50,event,0.6,3,100000.0,0.0025,0.01,True,0.6861313394333406,0.3401954545671213,0.3459358848662193,False
B3_beta60d3__excludeSector_ENERGY,B3_beta60d3,exclusion_replays,2020,2020-01-02,2020-12-31,253,1.2916850189716889,-0.4440181573771494,1.880042543243768,1.2992389709838497,0.1813082709311855,1.1103767480405031,13.89365164646224,actual_sector_exclusion_replay,,,,ENERGY,50,event,0.6,3,100000.0,0.0025,0.01,True,1.2992389709838497,0.18208961084499786,1.1171493601388518,False
B3_beta60d3__excludeSector_ENERGY,B3_beta60d3,exclusion_replays,2021,2021-01-04,2021-12-31,252,0.0539945507730241,-0.3908451998650939,0.3500996024978468,0.0539945507730241,0.2861550585808201,-0.2321605078077959,13.346619406415948,actual_sector_exclusion_replay,,,,ENERGY,50,event,0.6,3,100000.0,0.0025,0.01,True,0.0539945507730241,0.28615505858082013,-0.23216050780779604,False
B3_beta60d3__excludeSector_ENERGY,B3_beta60d3,exclusion_replays,2022,2022-01-03,2022-12-30,251,-0.2142184356519113,-0.3439418237000322,-0.2795750110249143,-0.2134663560621051,-0.180528833522089,-0.0336896021298223,13.226556365637531,actual_sector_exclusion_replay,,,,ENERGY,50,event,0.6,3,100000.0,0.0025,0.01,True,-0.2134663560621051,-0.17988114323237925,-0.03358521282972585,False
B3_beta60d3__excludeSector_ENERGY,B3_beta60d3,exclusion_replays,2023,2023-01-03,2023-12-29,250,0.4094928615685984,-0.303879843733169,1.2359809788017897,0.4056585610427383,0.2494116142532503,0.1600812473153481,11.491479194548049,actual_sector_exclusion_replay,,,,ENERGY,50,event,0.6,3,100000.0,0.0025,0.01,True,0.4056585610427383,0.24720554909618309,0.1584530119465552,False
B3_beta60d3__excludeSector_ENERGY,B3_beta60d3,exclusion_replays,2024,2024-01-02,2024-12-31,252,0.0360115809389327,-0.3041219977022908,0.2871607753073523,0.0360115809389327,0.2643074461050603,-0.2282958651661275,11.684644345790495,actual_sector_exclusion_replay,,,,ENERGY,50,event,0.6,3,100000.0,0.0025,0.01,True,0.0360115809389327,0.2643074461050603,-0.2282958651661276,False
B3_beta60d3__excludeSector_ENERGY,B3_beta60d3,exclusion_replays,2025,2025-01-02,2025-12-31,250,-0.0069814885196159,-0.4196012284970483,0.2510458549500911,-0.0069262722145708,0.1785790013706134,-0.1855604898902294,11.783545907551462,actual_sector_exclusion_replay,,,,ENERGY,50,event,0.6,3,100000.0,0.0025,0.01,True,-0.0069262722145708,0.1770430847937292,-0.1839693570083,False
B3_beta60d3__excludeSector_ENERGY,B3_beta60d3,exclusion_replays,2026,2026-01-02,2026-09-22,181,0.4240456878055536,-0.2512377926589325,0.9737798694391516,0.2890482302127819,0.193982242745804,0.2300634450597496,13.954246204056425,actual_sector_exclusion_replay,,,,ENERGY,50,event,0.6,3,100000.0,0.0025,0.01,True,0.2890482302127819,0.13580564851123356,0.15324258170154836,True
