case,variant,phase,period,start,end,days,CAGR,MDD,Sharpe,totalReturn,SPY_CAGR,excessCAGR,annualTurnover,case_kind,case_start,case_capital,case_mode,case_sector,weight,frequency,beta_cut,beta_days,initial_capital,cost,participation,persist_orders
A0_event__excludeTop1,A0_event,exclusion_replays,full,2017-01-04,2026-09-22,2442,0.1680276149376549,-0.4775472244632911,0.5992425827341872,3.50456401066786,0.1534966939059092,0.0145309210317456,12.723534355664032,actual_stock_exclusion_replay,,,,,50,event,0.5,3,100000.0,0.0025,0.01,True
A0_event__excludeTop1,A0_event,exclusion_replays,2017_2022,2017-01-04,2022-12-30,1509,0.0768797277105777,-0.4775472244632911,0.3884750277418786,0.5581894721383349,0.1124281175972994,-0.0355483898867217,12.36850442583169,actual_stock_exclusion_replay,,,,,50,event,0.5,3,100000.0,0.0025,0.01,True
A0_event__excludeTop1,A0_event,exclusion_replays,2023_2026,2023-01-03,2026-09-22,933,0.3320583423846028,-0.3765556092226341,0.8777832934051474,1.8908961915178144,0.2231529414345989,0.1089054009500039,13.297746750216016,actual_stock_exclusion_replay,,,,,50,event,0.5,3,100000.0,0.0025,0.01,True
A0_event__excludeTop1,A0_event,exclusion_replays,2017,2017-01-04,2017-12-29,250,-0.098577151613955,-0.241041440185712,-0.3885795947467607,-0.0978343822414642,0.2120011745455907,-0.3105783261595458,13.994117623260092,actual_stock_exclusion_replay,,,,,50,event,0.5,3,100000.0,0.0025,0.01,True
A0_event__excludeTop1,A0_event,exclusion_replays,2018,2018-01-02,2018-12-31,251,-0.3444174393995783,-0.4310592515590944,-1.4602392392893209,-0.3433180769808438,-0.0642984107744514,-0.2801190286251269,12.965696609635332,actual_stock_exclusion_replay,,,,,50,event,0.5,3,100000.0,0.0025,0.01,True
A0_event__excludeTop1,A0_event,exclusion_replays,2019,2019-01-02,2019-12-31,252,0.946797428866651,-0.1384697888758663,2.862613775167316,0.946797428866651,0.3401954545671213,0.6066019742995297,8.021258622975353,actual_stock_exclusion_replay,,,,,50,event,0.5,3,100000.0,0.0025,0.01,True
A0_event__excludeTop1,A0_event,exclusion_replays,2020,2020-01-02,2020-12-31,253,0.4376952781033218,-0.4181290744305683,1.044473953991692,0.4397679723594503,0.1813082709311855,0.2563870071721363,10.916176431927124,actual_stock_exclusion_replay,,,,,50,event,0.5,3,100000.0,0.0025,0.01,True
A0_event__excludeTop1,A0_event,exclusion_replays,2021,2021-01-04,2021-12-31,252,-0.1233024790234341,-0.3235622778916006,-0.1372383079396109,-0.1233024790234341,0.2861550585808201,-0.4094575376042543,16.561694454777037,actual_stock_exclusion_replay,,,,,50,event,0.5,3,100000.0,0.0025,0.01,True
A0_event__excludeTop1,A0_event,exclusion_replays,2022,2022-01-03,2022-12-30,251,0.0706153722722569,-0.30598190820891,0.3730805312352858,0.0703255228709223,-0.180528833522089,0.2511442057943459,11.770745461654837,actual_stock_exclusion_replay,,,,,50,event,0.5,3,100000.0,0.0025,0.01,True
A0_event__excludeTop1,A0_event,exclusion_replays,2023,2023-01-03,2023-12-29,250,0.2099353095637692,-0.2800519735623636,0.7880189932155025,0.2081067433804657,0.2494116142532503,-0.039476304689481,11.551397745545586,actual_stock_exclusion_replay,,,,,50,event,0.5,3,100000.0,0.0025,0.01,True
A0_event__excludeTop1,A0_event,exclusion_replays,2024,2024-01-02,2024-12-31,252,0.3580103885304788,-0.3228064046961619,0.9457375952140868,0.3580103885304788,0.2643074461050603,0.0937029424254185,14.430772357698778,actual_stock_exclusion_replay,,,,,50,event,0.5,3,100000.0,0.0025,0.01,True
A0_event__excludeTop1,A0_event,exclusion_replays,2025,2025-01-02,2025-12-31,250,0.5278635088091943,-0.362897132702796,1.111415553142994,0.522732334447948,0.1785790013706134,0.3492845074385808,11.467058625100748,actual_stock_exclusion_replay,,,,,50,event,0.5,3,100000.0,0.0025,0.01,True
A0_event__excludeTop1,A0_event,exclusion_replays,2026,2026-01-02,2026-09-22,181,0.2253787541404361,-0.3511785849184579,0.6465443627368342,0.1571789540854919,0.193982242745804,0.0313965113946321,16.6609336527617,actual_stock_exclusion_replay,,,,,50,event,0.5,3,100000.0,0.0025,0.01,True
A0_event__excludeTop3,A0_event,exclusion_replays,full,2017-01-04,2026-09-22,2442,0.1479478381628298,-0.4775472244632911,0.553072087451247,2.8078007196022927,0.1534966939059092,-0.0055488557430793,12.829897188121262,actual_stock_exclusion_replay,,,,,50,event,0.5,3,100000.0,0.0025,0.01,True
A0_event__excludeTop3,A0_event,exclusion_replays,2017_2022,2017-01-04,2022-12-30,1509,0.0768797277105777,-0.4775472244632911,0.3884750277418786,0.5581894721383349,0.1124281175972994,-0.0355483898867217,12.36850442583169,actual_stock_exclusion_replay,,,,,50,event,0.5,3,100000.0,0.0025,0.01,True
A0_event__excludeTop3,A0_event,exclusion_replays,2023_2026,2023-01-03,2026-09-22,933,0.2729519135206486,-0.4099437991256388,0.7709611376045276,1.4437340822080982,0.2231529414345989,0.0497989720860496,13.576136929059054,actual_stock_exclusion_replay,,,,,50,event,0.5,3,100000.0,0.0025,0.01,True
A0_event__excludeTop3,A0_event,exclusion_replays,2017,2017-01-04,2017-12-29,250,-0.098577151613955,-0.241041440185712,-0.3885795947467607,-0.0978343822414642,0.2120011745455907,-0.3105783261595458,13.994117623260092,actual_stock_exclusion_replay,,,,,50,event,0.5,3,100000.0,0.0025,0.01,True
A0_event__excludeTop3,A0_event,exclusion_replays,2018,2018-01-02,2018-12-31,251,-0.3444174393995783,-0.4310592515590944,-1.4602392392893209,-0.3433180769808438,-0.0642984107744514,-0.2801190286251269,12.965696609635332,actual_stock_exclusion_replay,,,,,50,event,0.5,3,100000.0,0.0025,0.01,True
A0_event__excludeTop3,A0_event,exclusion_replays,2019,2019-01-02,2019-12-31,252,0.946797428866651,-0.1384697888758663,2.862613775167316,0.946797428866651,0.3401954545671213,0.6066019742995297,8.021258622975353,actual_stock_exclusion_replay,,,,,50,event,0.5,3,100000.0,0.0025,0.01,True
A0_event__excludeTop3,A0_event,exclusion_replays,2020,2020-01-02,2020-12-31,253,0.4376952781033218,-0.4181290744305683,1.044473953991692,0.4397679723594503,0.1813082709311855,0.2563870071721363,10.916176431927124,actual_stock_exclusion_replay,,,,,50,event,0.5,3,100000.0,0.0025,0.01,True
A0_event__excludeTop3,A0_event,exclusion_replays,2021,2021-01-04,2021-12-31,252,-0.1233024790234341,-0.3235622778916006,-0.1372383079396109,-0.1233024790234341,0.2861550585808201,-0.4094575376042543,16.561694454777037,actual_stock_exclusion_replay,,,,,50,event,0.5,3,100000.0,0.0025,0.01,True
A0_event__excludeTop3,A0_event,exclusion_replays,2022,2022-01-03,2022-12-30,251,0.0706153722722569,-0.30598190820891,0.3730805312352858,0.0703255228709223,-0.180528833522089,0.2511442057943459,11.770745461654837,actual_stock_exclusion_replay,,,,,50,event,0.5,3,100000.0,0.0025,0.01,True
A0_event__excludeTop3,A0_event,exclusion_replays,2023,2023-01-03,2023-12-29,250,0.2099353095637692,-0.2800519735623636,0.7880189932155025,0.2081067433804657,0.2494116142532503,-0.039476304689481,11.551397745545586,actual_stock_exclusion_replay,,,,,50,event,0.5,3,100000.0,0.0025,0.01,True
A0_event__excludeTop3,A0_event,exclusion_replays,2024,2024-01-02,2024-12-31,252,0.3154658295706773,-0.3228064046961619,0.8714513943042573,0.3154658295706773,0.2643074461050603,0.051158383465617,14.53279170319447,actual_stock_exclusion_replay,,,,,50,event,0.5,3,100000.0,0.0025,0.01,True
A0_event__excludeTop3,A0_event,exclusion_replays,2025,2025-01-02,2025-12-31,250,0.5082572924106168,-0.3522994297807331,1.0958712294284156,0.503346054415293,0.1785790013706134,0.3296782910400033,11.82288551723005,actual_stock_exclusion_replay,,,,,50,event,0.5,3,100000.0,0.0025,0.01,True
A0_event__excludeTop3,A0_event,exclusion_replays,2026,2026-01-02,2026-09-22,181,0.0319490753569444,-0.4099437991256388,0.3323512032991808,0.0228456533275513,0.193982242745804,-0.1620331673888595,17.46243883929935,actual_stock_exclusion_replay,,,,,50,event,0.5,3,100000.0,0.0025,0.01,True
A0_event__excludeTop5,A0_event,exclusion_replays,full,2017-01-04,2026-09-22,2442,0.1079031315304361,-0.4775472244632911,0.461360611428051,1.6992526454047303,0.1534966939059092,-0.045593562375473,12.92787361267628,actual_stock_exclusion_replay,,,,,50,event,0.5,3,100000.0,0.0025,0.01,True
A0_event__excludeTop5,A0_event,exclusion_replays,2017_2022,2017-01-04,2022-12-30,1509,0.0768797277105777,-0.4775472244632911,0.3884750277418786,0.5581894721383349,0.1124281175972994,-0.0355483898867217,12.36850442583169,actual_stock_exclusion_replay,,,,,50,event,0.5,3,100000.0,0.0025,0.01,True
A0_event__excludeTop5,A0_event,exclusion_replays,2023_2026,2023-01-03,2026-09-22,933,0.159982136449053,-0.4136805660896988,0.5624139043010674,0.7323006564153474,0.2231529414345989,-0.0631708049855459,13.832576831270584,actual_stock_exclusion_replay,,,,,50,event,0.5,3,100000.0,0.0025,0.01,True
A0_event__excludeTop5,A0_event,exclusion_replays,2017,2017-01-04,2017-12-29,250,-0.098577151613955,-0.241041440185712,-0.3885795947467607,-0.0978343822414642,0.2120011745455907,-0.3105783261595458,13.994117623260092,actual_stock_exclusion_replay,,,,,50,event,0.5,3,100000.0,0.0025,0.01,True
A0_event__excludeTop5,A0_event,exclusion_replays,2018,2018-01-02,2018-12-31,251,-0.3444174393995783,-0.4310592515590944,-1.4602392392893209,-0.3433180769808438,-0.0642984107744514,-0.2801190286251269,12.965696609635332,actual_stock_exclusion_replay,,,,,50,event,0.5,3,100000.0,0.0025,0.01,True
A0_event__excludeTop5,A0_event,exclusion_replays,2019,2019-01-02,2019-12-31,252,0.946797428866651,-0.1384697888758663,2.862613775167316,0.946797428866651,0.3401954545671213,0.6066019742995297,8.021258622975353,actual_stock_exclusion_replay,,,,,50,event,0.5,3,100000.0,0.0025,0.01,True
A0_event__excludeTop5,A0_event,exclusion_replays,2020,2020-01-02,2020-12-31,253,0.4376952781033218,-0.4181290744305683,1.044473953991692,0.4397679723594503,0.1813082709311855,0.2563870071721363,10.916176431927124,actual_stock_exclusion_replay,,,,,50,event,0.5,3,100000.0,0.0025,0.01,True
A0_event__excludeTop5,A0_event,exclusion_replays,2021,2021-01-04,2021-12-31,252,-0.1233024790234341,-0.3235622778916006,-0.1372383079396109,-0.1233024790234341,0.2861550585808201,-0.4094575376042543,16.561694454777037,actual_stock_exclusion_replay,,,,,50,event,0.5,3,100000.0,0.0025,0.01,True
A0_event__excludeTop5,A0_event,exclusion_replays,2022,2022-01-03,2022-12-30,251,0.0706153722722569,-0.30598190820891,0.3730805312352858,0.0703255228709223,-0.180528833522089,0.2511442057943459,11.770745461654837,actual_stock_exclusion_replay,,,,,50,event,0.5,3,100000.0,0.0025,0.01,True
A0_event__excludeTop5,A0_event,exclusion_replays,2023,2023-01-03,2023-12-29,250,0.2099353095637692,-0.2800519735623636,0.7880189932155025,0.2081067433804657,0.2494116142532503,-0.039476304689481,11.551397745545586,actual_stock_exclusion_replay,,,,,50,event,0.5,3,100000.0,0.0025,0.01,True
A0_event__excludeTop5,A0_event,exclusion_replays,2024,2024-01-02,2024-12-31,252,0.0879470504785153,-0.3228064046961619,0.4114326741525461,0.0879470504785153,0.2643074461050603,-0.1763603956265449,14.721436864705888,actual_stock_exclusion_replay,,,,,50,event,0.5,3,100000.0,0.0025,0.01,True
A0_event__excludeTop5,A0_event,exclusion_replays,2025,2025-01-02,2025-12-31,250,0.5504713709303175,-0.3716911419729097,1.1710565549206842,0.5450841394106984,0.1785790013706134,0.371892369559704,11.511976874550635,actual_stock_exclusion_replay,,,,,50,event,0.5,3,100000.0,0.0025,0.01,True
A0_event__excludeTop5,A0_event,exclusion_replays,2026,2026-01-02,2026-09-22,181,-0.1985520523206244,-0.413680566089699,-0.1432382405235306,-0.1469822506394192,0.193982242745804,-0.3925342950664284,18.951096346107818,actual_stock_exclusion_replay,,,,,50,event,0.5,3,100000.0,0.0025,0.01,True
A0_event__excludeTop10,A0_event,exclusion_replays,full,2017-01-04,2026-09-22,2442,0.0791171889879702,-0.4775472244632911,0.3913920803126943,1.0914649044677796,0.1534966939059092,-0.0743795049179389,13.46664996705535,actual_stock_exclusion_replay,,,,,50,event,0.5,3,100000.0,0.0025,0.01,True
A0_event__excludeTop10,A0_event,exclusion_replays,2017_2022,2017-01-04,2022-12-30,1509,0.0768797277105777,-0.4775472244632911,0.3884750277418786,0.5581894721383349,0.1124281175972994,-0.0355483898867217,12.36850442583169,actual_stock_exclusion_replay,,,,,50,event,0.5,3,100000.0,0.0025,0.01,True
A0_event__excludeTop10,A0_event,exclusion_replays,2023_2026,2023-01-03,2026-09-22,933,0.082745820829988,-0.4455070581641089,0.4006905828149432,0.3422404283078739,0.2231529414345989,-0.1404071206046109,15.242750311864029,actual_stock_exclusion_replay,,,,,50,event,0.5,3,100000.0,0.0025,0.01,True
A0_event__excludeTop10,A0_event,exclusion_replays,2017,2017-01-04,2017-12-29,250,-0.098577151613955,-0.241041440185712,-0.3885795947467607,-0.0978343822414642,0.2120011745455907,-0.3105783261595458,13.994117623260092,actual_stock_exclusion_replay,,,,,50,event,0.5,3,100000.0,0.0025,0.01,True
A0_event__excludeTop10,A0_event,exclusion_replays,2018,2018-01-02,2018-12-31,251,-0.3444174393995783,-0.4310592515590944,-1.4602392392893209,-0.3433180769808438,-0.0642984107744514,-0.2801190286251269,12.965696609635332,actual_stock_exclusion_replay,,,,,50,event,0.5,3,100000.0,0.0025,0.01,True
A0_event__excludeTop10,A0_event,exclusion_replays,2019,2019-01-02,2019-12-31,252,0.946797428866651,-0.1384697888758663,2.862613775167316,0.946797428866651,0.3401954545671213,0.6066019742995297,8.021258622975353,actual_stock_exclusion_replay,,,,,50,event,0.5,3,100000.0,0.0025,0.01,True
A0_event__excludeTop10,A0_event,exclusion_replays,2020,2020-01-02,2020-12-31,253,0.4376952781033218,-0.4181290744305683,1.044473953991692,0.4397679723594503,0.1813082709311855,0.2563870071721363,10.916176431927124,actual_stock_exclusion_replay,,,,,50,event,0.5,3,100000.0,0.0025,0.01,True
A0_event__excludeTop10,A0_event,exclusion_replays,2021,2021-01-04,2021-12-31,252,-0.1233024790234341,-0.3235622778916006,-0.1372383079396109,-0.1233024790234341,0.2861550585808201,-0.4094575376042543,16.561694454777037,actual_stock_exclusion_replay,,,,,50,event,0.5,3,100000.0,0.0025,0.01,True
A0_event__excludeTop10,A0_event,exclusion_replays,2022,2022-01-03,2022-12-30,251,0.0706153722722569,-0.30598190820891,0.3730805312352858,0.0703255228709223,-0.180528833522089,0.2511442057943459,11.770745461654837,actual_stock_exclusion_replay,,,,,50,event,0.5,3,100000.0,0.0025,0.01,True
A0_event__excludeTop10,A0_event,exclusion_replays,2023,2023-01-03,2023-12-29,250,0.2099353095637692,-0.2800519735623636,0.7880189932155025,0.2081067433804657,0.2494116142532503,-0.039476304689481,11.551397745545586,actual_stock_exclusion_replay,,,,,50,event,0.5,3,100000.0,0.0025,0.01,True
A0_event__excludeTop10,A0_event,exclusion_replays,2024,2024-01-02,2024-12-31,252,0.0676716736368086,-0.3228064046961619,0.3631101686028116,0.0676716736368086,0.2643074461050603,-0.1966357724682517,15.142028832580309,actual_stock_exclusion_replay,,,,,50,event,0.5,3,100000.0,0.0025,0.01,True
A0_event__excludeTop10,A0_event,exclusion_replays,2025,2025-01-02,2025-12-31,250,0.3891173553300926,-0.3742479954476353,0.9357911114032684,0.3854985915166491,0.1785790013706134,0.2105383539594791,13.044030724597157,actual_stock_exclusion_replay,,,,,50,event,0.5,3,100000.0,0.0025,0.01,True
A0_event__excludeTop10,A0_event,exclusion_replays,2026,2026-01-02,2026-09-22,181,-0.328702145765655,-0.4405945831493025,-0.4208753300417563,-0.248928646517982,0.193982242745804,-0.522684388511459,23.51844009736584,actual_stock_exclusion_replay,,,,,50,event,0.5,3,100000.0,0.0025,0.01,True
A0_event__excludeSector_IT_HW,A0_event,exclusion_replays,full,2017-01-04,2026-09-22,2442,0.1380241468700767,-0.4577117858355936,0.5284209710104507,2.500536030233931,0.1534966939059092,-0.0154725470358325,13.37579363296699,actual_sector_exclusion_replay,,,,IT_HW,50,event,0.5,3,100000.0,0.0025,0.01,True
A0_event__excludeSector_IT_HW,A0_event,exclusion_replays,2017_2022,2017-01-04,2022-12-30,1509,0.0970285783625912,-0.4479585852804192,0.4394669906308993,0.741120638012915,0.1124281175972994,-0.0153995392347081,12.66340138043502,actual_sector_exclusion_replay,,,,IT_HW,50,event,0.5,3,100000.0,0.0025,0.01,True
A0_event__excludeSector_IT_HW,A0_event,exclusion_replays,2023_2026,2023-01-03,2026-09-22,933,0.2075963557264482,-0.4005604144160392,0.6521154822601765,1.0105074592815075,0.2231529414345989,-0.0155565857081507,14.527990748798429,actual_sector_exclusion_replay,,,,IT_HW,50,event,0.5,3,100000.0,0.0025,0.01,True
A0_event__excludeSector_IT_HW,A0_event,exclusion_replays,2017,2017-01-04,2017-12-29,250,-0.0276897793990982,-0.2415363721316298,-0.0213418721830849,-0.0274730661307001,0.2120011745455907,-0.2396909539446889,13.72054092681423,actual_sector_exclusion_replay,,,,IT_HW,50,event,0.5,3,100000.0,0.0025,0.01,True
A0_event__excludeSector_IT_HW,A0_event,exclusion_replays,2018,2018-01-02,2018-12-31,251,-0.319239719628139,-0.3979056355084396,-1.3509307670781734,-0.3182001052163059,-0.0642984107744514,-0.2549413088536876,12.382427004137828,actual_sector_exclusion_replay,,,,IT_HW,50,event,0.5,3,100000.0,0.0025,0.01,True
A0_event__excludeSector_IT_HW,A0_event,exclusion_replays,2019,2019-01-02,2019-12-31,252,1.0912294038171098,-0.1048268850584406,3.072650894146858,1.0912294038171098,0.3401954545671213,0.7510339492499885,8.13161963764254,actual_sector_exclusion_replay,,,,IT_HW,50,event,0.5,3,100000.0,0.0025,0.01,True
A0_event__excludeSector_IT_HW,A0_event,exclusion_replays,2020,2020-01-02,2020-12-31,253,0.5080782688903667,-0.4353449638692838,1.1152640570925254,0.5105388975466034,0.1813082709311855,0.3267699979591811,10.46539110587406,actual_sector_exclusion_replay,,,,IT_HW,50,event,0.5,3,100000.0,0.0025,0.01,True
A0_event__excludeSector_IT_HW,A0_event,exclusion_replays,2021,2021-01-04,2021-12-31,252,-0.1006370351613974,-0.3748455236316764,-0.0308813537034169,-0.1006370351613974,0.2861550585808201,-0.3867920937422175,17.122581724574903,actual_sector_exclusion_replay,,,,IT_HW,50,event,0.5,3,100000.0,0.0025,0.01,True
A0_event__excludeSector_IT_HW,A0_event,exclusion_replays,2022,2022-01-03,2022-12-30,251,-0.0760138574170746,-0.3384546163083145,0.0242890991004222,-0.0757239362056181,-0.180528833522089,0.1045149761050143,14.17986286959906,actual_sector_exclusion_replay,,,,IT_HW,50,event,0.5,3,100000.0,0.0025,0.01,True
A0_event__excludeSector_IT_HW,A0_event,exclusion_replays,2023,2023-01-03,2023-12-29,250,0.1905081047869699,-0.2813453362660661,0.7390606521846169,0.1888616171306274,0.2494116142532503,-0.0589035094662804,12.236632207729349,actual_sector_exclusion_replay,,,,IT_HW,50,event,0.5,3,100000.0,0.0025,0.01,True
A0_event__excludeSector_IT_HW,A0_event,exclusion_replays,2024,2024-01-02,2024-12-31,252,0.3246210812250572,-0.267839731087986,0.8985380285021394,0.3246210812250572,0.2643074461050603,0.0603136351199968,15.118274347807544,actual_sector_exclusion_replay,,,,IT_HW,50,event,0.5,3,100000.0,0.0025,0.01,True
A0_event__excludeSector_IT_HW,A0_event,exclusion_replays,2025,2025-01-02,2025-12-31,250,0.6194119898884967,-0.3831724947341711,1.2143054268402502,0.6132281221959706,0.1785790013706134,0.4408329885178832,12.175864502702682,actual_sector_exclusion_replay,,,,IT_HW,50,event,0.5,3,100000.0,0.0025,0.01,True
A0_event__excludeSector_IT_HW,A0_event,exclusion_replays,2026,2026-01-02,2026-09-22,181,-0.278015842344586,-0.4005604144160395,-0.3505323305187983,-0.2086166002237316,0.193982242745804,-0.47199808509039,20.119812460626672,actual_sector_exclusion_replay,,,,IT_HW,50,event,0.5,3,100000.0,0.0025,0.01,True
A0_event__excludeSector_ENERGY,A0_event,exclusion_replays,full,2017-01-04,2026-09-22,2442,0.1521630957183422,-0.6147609296262893,0.5621588555817442,2.9454774844596554,0.1534966939059092,-0.001333598187567,13.889502049394787,actual_sector_exclusion_replay,,,,ENERGY,50,event,0.5,3,100000.0,0.0025,0.01,True
A0_event__excludeSector_ENERGY,A0_event,exclusion_replays,2017_2022,2017-01-04,2022-12-30,1509,-0.00186999792564,-0.6147609296262893,0.1605348581829912,-0.01114563065013,0.1124281175972994,-0.1142981155229394,14.195515628370751,actual_sector_exclusion_replay,,,,ENERGY,50,event,0.5,3,100000.0,0.0025,0.01,True
A0_event__excludeSector_ENERGY,A0_event,exclusion_replays,2023_2026,2023-01-03,2026-09-22,933,0.4531790357259981,-0.3536987850333229,1.0515161060149891,2.9899479708560617,0.2231529414345989,0.2300260942913992,13.39456690397706,actual_sector_exclusion_replay,,,,ENERGY,50,event,0.5,3,100000.0,0.0025,0.01,True
A0_event__excludeSector_ENERGY,A0_event,exclusion_replays,2017,2017-01-04,2017-12-29,250,0.0307296675727015,-0.187542336802064,0.2521098284226044,0.0304821015910499,0.2120011745455907,-0.1812715069728891,12.627315239980826,actual_sector_exclusion_replay,,,,ENERGY,50,event,0.5,3,100000.0,0.0025,0.01,True
A0_event__excludeSector_ENERGY,A0_event,exclusion_replays,2018,2018-01-02,2018-12-31,251,-0.3233707998278587,-0.4256219258942629,-1.3044862869235236,-0.3223211256516095,-0.0642984107744514,-0.2590723890534073,13.360637087601466,actual_sector_exclusion_replay,,,,ENERGY,50,event,0.5,3,100000.0,0.0025,0.01,True
A0_event__excludeSector_ENERGY,A0_event,exclusion_replays,2019,2019-01-02,2019-12-31,252,0.8214347125215145,-0.146021289510043,2.562135888971128,0.8214347125215145,0.3401954545671213,0.4812392579543931,9.19646783345486,actual_sector_exclusion_replay,,,,ENERGY,50,event,0.5,3,100000.0,0.0025,0.01,True
A0_event__excludeSector_ENERGY,A0_event,exclusion_replays,2020,2020-01-02,2020-12-31,253,0.4337293008731955,-0.4232951174110643,1.0712850119147783,0.4357805386162527,0.1813082709311855,0.25242102994201,10.87567683284954,actual_sector_exclusion_replay,,,,ENERGY,50,event,0.5,3,100000.0,0.0025,0.01,True
A0_event__excludeSector_ENERGY,A0_event,exclusion_replays,2021,2021-01-04,2021-12-31,252,-0.1448745830816827,-0.3526760636345224,-0.2200388311935681,-0.1448745830816827,0.2861550585808201,-0.4310296416625029,17.641614091472384,actual_sector_exclusion_replay,,,,ENERGY,50,event,0.5,3,100000.0,0.0025,0.01,True
A0_event__excludeSector_ENERGY,A0_event,exclusion_replays,2022,2022-01-03,2022-12-30,251,-0.3679582620853838,-0.4421014422105306,-0.9459544959002132,-0.3668064970589413,-0.180528833522089,-0.1874294285632948,21.49777482245297,actual_sector_exclusion_replay,,,,ENERGY,50,event,0.5,3,100000.0,0.0025,0.01,True
A0_event__excludeSector_ENERGY,A0_event,exclusion_replays,2023,2023-01-03,2023-12-29,250,0.2773138514110622,-0.318431547273169,0.928588184790111,0.2748350338417251,0.2494116142532503,0.0279022371578119,11.806176603013984,actual_sector_exclusion_replay,,,,ENERGY,50,event,0.5,3,100000.0,0.0025,0.01,True
A0_event__excludeSector_ENERGY,A0_event,exclusion_replays,2024,2024-01-02,2024-12-31,252,0.4495067064708911,-0.2592191396585882,1.0321318254219392,0.4495067064708911,0.2643074461050603,0.1851992603658308,16.070793470959206,actual_sector_exclusion_replay,,,,ENERGY,50,event,0.5,3,100000.0,0.0025,0.01,True
A0_event__excludeSector_ENERGY,A0_event,exclusion_replays,2025,2025-01-02,2025-12-31,250,0.9691146041940916,-0.3329664602503732,1.5983466138530726,0.9585538150142384,0.1785790013706134,0.790535602823478,9.289953207262574,actual_sector_exclusion_replay,,,,ENERGY,50,event,0.5,3,100000.0,0.0025,0.01,True
A0_event__excludeSector_ENERGY,A0_event,exclusion_replays,2026,2026-01-02,2026-09-22,181,0.1454414086377633,-0.2611253231429254,0.5201474061242597,0.102446452923177,0.193982242745804,-0.0485408341080406,17.53181499535768,actual_sector_exclusion_replay,,,,ENERGY,50,event,0.5,3,100000.0,0.0025,0.01,True
A0_event__excludeSector_SHIP_DEF,A0_event,exclusion_replays,full,2017-01-04,2026-09-22,2442,0.2235207461174784,-0.4221843041599564,0.717674776300866,6.063103687836162,0.1534966939059092,0.0700240522115691,12.587279668607277,actual_sector_exclusion_replay,,,,SHIP_DEF,50,event,0.5,3,100000.0,0.0025,0.01,True
A0_event__excludeSector_SHIP_DEF,A0_event,exclusion_replays,2017_2022,2017-01-04,2022-12-30,1509,0.0950603639636424,-0.4221843041599564,0.4363010926106705,0.7224985232875738,0.1124281175972994,-0.0173677536336569,12.746477798263824,actual_sector_exclusion_replay,,,,SHIP_DEF,50,event,0.5,3,100000.0,0.0025,0.01,True
A0_event__excludeSector_SHIP_DEF,A0_event,exclusion_replays,2023_2026,2023-01-03,2026-09-22,933,0.4639459126273932,-0.3494285746053135,1.0894606901016066,3.1004991251635383,0.2231529414345989,0.2407929711927943,12.329798449259222,actual_sector_exclusion_replay,,,,SHIP_DEF,50,event,0.5,3,100000.0,0.0025,0.01,True
A0_event__excludeSector_SHIP_DEF,A0_event,exclusion_replays,2017,2017-01-04,2017-12-29,250,-0.0700615456269673,-0.2567006047207786,-0.2393309298703927,-0.0695252972511782,0.2120011745455907,-0.282062720172558,14.409696005491911,actual_sector_exclusion_replay,,,,SHIP_DEF,50,event,0.5,3,100000.0,0.0025,0.01,True
A0_event__excludeSector_SHIP_DEF,A0_event,exclusion_replays,2018,2018-01-02,2018-12-31,251,-0.3028343942984429,-0.4025185099665744,-1.1500051873284902,-0.3018357028754433,-0.0642984107744514,-0.2385359835239915,13.665315138991351,actual_sector_exclusion_replay,,,,SHIP_DEF,50,event,0.5,3,100000.0,0.0025,0.01,True
A0_event__excludeSector_SHIP_DEF,A0_event,exclusion_replays,2019,2019-01-02,2019-12-31,252,0.7778975810156719,-0.155166660861486,2.4525802469438824,0.7778975810156719,0.3401954545671213,0.4377021264485505,9.44983783238461,actual_sector_exclusion_replay,,,,SHIP_DEF,50,event,0.5,3,100000.0,0.0025,0.01,True
A0_event__excludeSector_SHIP_DEF,A0_event,exclusion_replays,2020,2020-01-02,2020-12-31,253,0.4927331320986061,-0.417659466665401,1.1331479070264543,0.4951080429828964,0.1813082709311855,0.3114248611674206,9.89588788961805,actual_sector_exclusion_replay,,,,SHIP_DEF,50,event,0.5,3,100000.0,0.0025,0.01,True
A0_event__excludeSector_SHIP_DEF,A0_event,exclusion_replays,2021,2021-01-04,2021-12-31,252,-0.0915496313121866,-0.3215582814344552,-0.0358738615588132,-0.0915496313121866,0.2861550585808201,-0.3777046898930067,16.80595228699949,actual_sector_exclusion_replay,,,,SHIP_DEF,50,event,0.5,3,100000.0,0.0025,0.01,True
A0_event__excludeSector_SHIP_DEF,A0_event,exclusion_replays,2022,2022-01-03,2022-12-30,251,0.0984440655950591,-0.283891911942052,0.4335335158269853,0.0980348637863184,-0.180528833522089,0.2789728991171482,12.27847868590496,actual_sector_exclusion_replay,,,,SHIP_DEF,50,event,0.5,3,100000.0,0.0025,0.01,True
A0_event__excludeSector_SHIP_DEF,A0_event,exclusion_replays,2023,2023-01-03,2023-12-29,250,0.1353367289303793,-0.3005562974109254,0.5673024997382944,0.1341935946623322,0.2494116142532503,-0.114074885322871,11.550483936049831,actual_sector_exclusion_replay,,,,SHIP_DEF,50,event,0.5,3,100000.0,0.0025,0.01,True
A0_event__excludeSector_SHIP_DEF,A0_event,exclusion_replays,2024,2024-01-02,2024-12-31,252,0.557091966446889,-0.2505977869149518,1.2978507896264075,0.557091966446889,0.2643074461050603,0.2927845203418286,13.815222970440049,actual_sector_exclusion_replay,,,,SHIP_DEF,50,event,0.5,3,100000.0,0.0025,0.01,True
A0_event__excludeSector_SHIP_DEF,A0_event,exclusion_replays,2025,2025-01-02,2025-12-31,250,0.5969162703412696,-0.3494285746053135,1.2046958904577123,0.5909949289578948,0.1785790013706134,0.4183372689706561,10.717324807954306,actual_sector_exclusion_replay,,,,SHIP_DEF,50,event,0.5,3,100000.0,0.0025,0.01,True
A0_event__excludeSector_SHIP_DEF,A0_event,exclusion_replays,2026,2026-01-02,2026-09-22,181,0.692634807305698,-0.2587927971208237,1.2253334012383716,0.45937356043029,0.193982242745804,0.498652564559894,13.565268390093529,actual_sector_exclusion_replay,,,,SHIP_DEF,50,event,0.5,3,100000.0,0.0025,0.01,True
A0_quarter__excludeTop1,A0_quarter,exclusion_replays,full,2017-01-04,2026-09-22,2442,0.1730619013566923,-0.4821288816156535,0.6148554959349654,3.6962674513338944,0.1534966939059092,0.019565207450783,8.371498835781217,actual_stock_exclusion_replay,,,,,50,quarter,0.5,3,100000.0,0.0025,0.01,True
A0_quarter__excludeTop1,A0_quarter,exclusion_replays,2017_2022,2017-01-04,2022-12-30,1509,0.0782810803239826,-0.4821288816156535,0.3931366554961492,0.5703709184411845,0.1124281175972994,-0.0341470372733168,8.413780390152157,actual_stock_exclusion_replay,,,,,50,quarter,0.5,3,100000.0,0.0025,0.01,True
A0_quarter__excludeTop1,A0_quarter,exclusion_replays,2023_2026,2023-01-03,2026-09-22,933,0.3443072733260646,-0.3577278048260294,0.9073100425904906,1.990546625758712,0.2231529414345989,0.1211543318914656,8.303114199612143,actual_stock_exclusion_replay,,,,,50,quarter,0.5,3,100000.0,0.0025,0.01,True
A0_quarter__excludeTop1,A0_quarter,exclusion_replays,2017,2017-01-04,2017-12-29,250,-0.140541877929432,-0.2640127911031776,-0.6182083753470698,-0.1395081800922585,0.2120011745455907,-0.3525430524750228,9.972694174277096,actual_stock_exclusion_replay,,,,,50,quarter,0.5,3,100000.0,0.0025,0.01,True
A0_quarter__excludeTop1,A0_quarter,exclusion_replays,2018,2018-01-02,2018-12-31,251,-0.332751874025173,-0.4136596309316606,-1.4387588449843485,-0.331679727380871,-0.0642984107744514,-0.2684534632507216,8.872390240945812,actual_stock_exclusion_replay,,,,,50,quarter,0.5,3,100000.0,0.0025,0.01,True
A0_quarter__excludeTop1,A0_quarter,exclusion_replays,2019,2019-01-02,2019-12-31,252,1.0169423194705347,-0.1388554728976949,2.9114061411908563,1.0169423194705347,0.3401954545671213,0.6767468649034134,5.617135824857282,actual_stock_exclusion_replay,,,,,50,quarter,0.5,3,100000.0,0.0025,0.01,True
A0_quarter__excludeTop1,A0_quarter,exclusion_replays,2020,2020-01-02,2020-12-31,253,0.3987667840409872,-0.3830483172704285,0.994518121407267,0.4006307769611237,0.1813082709311855,0.2174585131098017,7.559550513690914,actual_stock_exclusion_replay,,,,,50,quarter,0.5,3,100000.0,0.0025,0.01,True
A0_quarter__excludeTop1,A0_quarter,exclusion_replays,2021,2021-01-04,2021-12-31,252,-0.0731535805163725,-0.2767782657286494,-0.0030331265414246,-0.0731535805163725,0.2861550585808201,-0.3593086390971927,10.62555736645982,actual_stock_exclusion_replay,,,,,50,quarter,0.5,3,100000.0,0.0025,0.01,True
A0_quarter__excludeTop1,A0_quarter,exclusion_replays,2022,2022-01-03,2022-12-30,251,0.0430824433922825,-0.3079079659691505,0.3078791161207639,0.0429078649707699,-0.180528833522089,0.2236112769143715,7.850701794889324,actual_stock_exclusion_replay,,,,,50,quarter,0.5,3,100000.0,0.0025,0.01,True
A0_quarter__excludeTop1,A0_quarter,exclusion_replays,2023,2023-01-03,2023-12-29,250,0.254151264724459,-0.293234972712978,0.9094241646235444,0.251899210423141,0.2494116142532503,0.0047396504712087,7.008380462487493,actual_stock_exclusion_replay,,,,,50,quarter,0.5,3,100000.0,0.0025,0.01,True
A0_quarter__excludeTop1,A0_quarter,exclusion_replays,2024,2024-01-02,2024-12-31,252,0.3105204499650953,-0.2573034925902171,0.8838580982653601,0.3105204499650953,0.2643074461050603,0.046213003860035,9.011876800947288,actual_stock_exclusion_replay,,,,,50,quarter,0.5,3,100000.0,0.0025,0.01,True
A0_quarter__excludeTop1,A0_quarter,exclusion_replays,2025,2025-01-02,2025-12-31,250,0.6059025422643145,-0.3577278048260296,1.2351494095121958,0.5998766267916349,0.1785790013706134,0.427323540893701,7.290201300099047,actual_stock_exclusion_replay,,,,,50,quarter,0.5,3,100000.0,0.0025,0.01,True
A0_quarter__excludeTop1,A0_quarter,exclusion_replays,2026,2026-01-02,2026-09-22,181,0.1991488606183671,-0.3398685653991967,0.6052226949772737,0.1393336292019547,0.193982242745804,0.0051666178725631,10.503685932335792,actual_stock_exclusion_replay,,,,,50,quarter,0.5,3,100000.0,0.0025,0.01,True
A0_quarter__excludeTop3,A0_quarter,exclusion_replays,full,2017-01-04,2026-09-22,2442,0.1455540050536627,-0.4821288816156535,0.5491922049434305,2.7315473504560344,0.1534966939059092,-0.0079426888522464,8.482819186784692,actual_stock_exclusion_replay,,,,,50,quarter,0.5,3,100000.0,0.0025,0.01,True
A0_quarter__excludeTop3,A0_quarter,exclusion_replays,2017_2022,2017-01-04,2022-12-30,1509,0.0634671959762118,-0.4821288816156535,0.3520796676371218,0.4455277869187861,0.1124281175972994,-0.0489609216210875,8.408221604110436,actual_stock_exclusion_replay,,,,,50,quarter,0.5,3,100000.0,0.0025,0.01,True
A0_quarter__excludeTop3,A0_quarter,exclusion_replays,2023_2026,2023-01-03,2026-09-22,933,0.2919407828230578,-0.370999653609999,0.8036007933437177,1.581442836467366,0.2231529414345989,0.0687878413884588,8.60347058255688,actual_stock_exclusion_replay,,,,,50,quarter,0.5,3,100000.0,0.0025,0.01,True
A0_quarter__excludeTop3,A0_quarter,exclusion_replays,2017,2017-01-04,2017-12-29,250,-0.140541877929432,-0.2640127911031776,-0.6182083753470698,-0.1395081800922585,0.2120011745455907,-0.3525430524750228,9.972694174277096,actual_stock_exclusion_replay,,,,,50,quarter,0.5,3,100000.0,0.0025,0.01,True
A0_quarter__excludeTop3,A0_quarter,exclusion_replays,2018,2018-01-02,2018-12-31,251,-0.332751874025173,-0.4136596309316606,-1.4387588449843485,-0.331679727380871,-0.0642984107744514,-0.2684534632507216,8.872390240945812,actual_stock_exclusion_replay,,,,,50,quarter,0.5,3,100000.0,0.0025,0.01,True
A0_quarter__excludeTop3,A0_quarter,exclusion_replays,2019,2019-01-02,2019-12-31,252,1.056412963552158,-0.1335518196015196,2.9795038329536325,1.056412963552158,0.3401954545671213,0.7162175089850367,5.3296154474723245,actual_stock_exclusion_replay,,,,,50,quarter,0.5,3,100000.0,0.0025,0.01,True
A0_quarter__excludeTop3,A0_quarter,exclusion_replays,2020,2020-01-02,2020-12-31,253,0.4259570270707138,-0.3856303769127156,1.039439011601632,0.4279663427344233,0.1813082709311855,0.2446487561395283,7.355354770303484,actual_stock_exclusion_replay,,,,,50,quarter,0.5,3,100000.0,0.0025,0.01,True
A0_quarter__excludeTop3,A0_quarter,exclusion_replays,2021,2021-01-04,2021-12-31,252,-0.161606484410233,-0.3363378631567647,-0.2595064349870515,-0.161606484410233,0.2861550585808201,-0.4477615429910532,11.198168424716254,actual_stock_exclusion_replay,,,,,50,quarter,0.5,3,100000.0,0.0025,0.01,True
A0_quarter__excludeTop3,A0_quarter,exclusion_replays,2022,2022-01-03,2022-12-30,251,0.0210682685698584,-0.3040897155099326,0.2520405016270549,0.0209837932464074,-0.180528833522089,0.2015971020919474,7.736878939751684,actual_stock_exclusion_replay,,,,,50,quarter,0.5,3,100000.0,0.0025,0.01,True
A0_quarter__excludeTop3,A0_quarter,exclusion_replays,2023,2023-01-03,2023-12-29,250,0.2546036239264511,-0.2926737475886994,0.9110588225871972,0.2523471729860489,0.2494116142532503,0.0051920096732007,7.01644021138295,actual_stock_exclusion_replay,,,,,50,quarter,0.5,3,100000.0,0.0025,0.01,True
A0_quarter__excludeTop3,A0_quarter,exclusion_replays,2024,2024-01-02,2024-12-31,252,0.2659952018867468,-0.3086192240174119,0.7866904324733045,0.2659952018867468,0.2643074461050603,0.0016877557816865,9.398087823401315,actual_stock_exclusion_replay,,,,,50,quarter,0.5,3,100000.0,0.0025,0.01,True
A0_quarter__excludeTop3,A0_quarter,exclusion_replays,2025,2025-01-02,2025-12-31,250,0.6227513634610555,-0.3619232293438986,1.2146594766259824,0.6165283153280223,0.1785790013706134,0.4441723620904421,6.867087073219182,actual_stock_exclusion_replay,,,,,50,quarter,0.5,3,100000.0,0.0025,0.01,True
A0_quarter__excludeTop3,A0_quarter,exclusion_replays,2026,2026-01-02,2026-09-22,181,0.0100600738136089,-0.3709996536099993,0.2906704640765886,0.0072154915066335,0.193982242745804,-0.183922168932195,12.087503319767436,actual_stock_exclusion_replay,,,,,50,quarter,0.5,3,100000.0,0.0025,0.01,True
A0_quarter__excludeTop5,A0_quarter,exclusion_replays,full,2017-01-04,2026-09-22,2442,0.1297001097545729,-0.4821288816156535,0.512474418743626,2.2601557394479226,0.1534966939059092,-0.0237965841513363,8.473006065352152,actual_stock_exclusion_replay,,,,,50,quarter,0.5,3,100000.0,0.0025,0.01,True
A0_quarter__excludeTop5,A0_quarter,exclusion_replays,2017_2022,2017-01-04,2022-12-30,1509,0.0634671959762118,-0.4821288816156535,0.3520796676371218,0.4455277869187861,0.1124281175972994,-0.0489609216210875,8.408221604110436,actual_stock_exclusion_replay,,,,,50,quarter,0.5,3,100000.0,0.0025,0.01,True
A0_quarter__excludeTop5,A0_quarter,exclusion_replays,2023_2026,2023-01-03,2026-09-22,933,0.2456650675479756,-0.3598365851076672,0.7210866261244553,1.2553393777348978,0.2231529414345989,0.0225121261133767,8.577786078228629,actual_stock_exclusion_replay,,,,,50,quarter,0.5,3,100000.0,0.0025,0.01,True
A0_quarter__excludeTop5,A0_quarter,exclusion_replays,2017,2017-01-04,2017-12-29,250,-0.140541877929432,-0.2640127911031776,-0.6182083753470698,-0.1395081800922585,0.2120011745455907,-0.3525430524750228,9.972694174277096,actual_stock_exclusion_replay,,,,,50,quarter,0.5,3,100000.0,0.0025,0.01,True
A0_quarter__excludeTop5,A0_quarter,exclusion_replays,2018,2018-01-02,2018-12-31,251,-0.332751874025173,-0.4136596309316606,-1.4387588449843485,-0.331679727380871,-0.0642984107744514,-0.2684534632507216,8.872390240945812,actual_stock_exclusion_replay,,,,,50,quarter,0.5,3,100000.0,0.0025,0.01,True
A0_quarter__excludeTop5,A0_quarter,exclusion_replays,2019,2019-01-02,2019-12-31,252,1.056412963552158,-0.1335518196015196,2.9795038329536325,1.056412963552158,0.3401954545671213,0.7162175089850367,5.3296154474723245,actual_stock_exclusion_replay,,,,,50,quarter,0.5,3,100000.0,0.0025,0.01,True
A0_quarter__excludeTop5,A0_quarter,exclusion_replays,2020,2020-01-02,2020-12-31,253,0.4259570270707138,-0.3856303769127156,1.039439011601632,0.4279663427344233,0.1813082709311855,0.2446487561395283,7.355354770303484,actual_stock_exclusion_replay,,,,,50,quarter,0.5,3,100000.0,0.0025,0.01,True
A0_quarter__excludeTop5,A0_quarter,exclusion_replays,2021,2021-01-04,2021-12-31,252,-0.161606484410233,-0.3363378631567647,-0.2595064349870515,-0.161606484410233,0.2861550585808201,-0.4477615429910532,11.198168424716254,actual_stock_exclusion_replay,,,,,50,quarter,0.5,3,100000.0,0.0025,0.01,True
A0_quarter__excludeTop5,A0_quarter,exclusion_replays,2022,2022-01-03,2022-12-30,251,0.0210682685698584,-0.3040897155099326,0.2520405016270549,0.0209837932464074,-0.180528833522089,0.2015971020919474,7.736878939751684,actual_stock_exclusion_replay,,,,,50,quarter,0.5,3,100000.0,0.0025,0.01,True
A0_quarter__excludeTop5,A0_quarter,exclusion_replays,2023,2023-01-03,2023-12-29,250,0.2546036239264511,-0.2926737475886994,0.9110588225871972,0.2523471729860489,0.2494116142532503,0.0051920096732007,7.01644021138295,actual_stock_exclusion_replay,,,,,50,quarter,0.5,3,100000.0,0.0025,0.01,True
A0_quarter__excludeTop5,A0_quarter,exclusion_replays,2024,2024-01-02,2024-12-31,252,0.1985668843617167,-0.3086192240174119,0.6546141646048549,0.1985668843617167,0.2643074461050603,-0.0657405617433435,9.502940466061425,actual_stock_exclusion_replay,,,,,50,quarter,0.5,3,100000.0,0.0025,0.01,True
A0_quarter__excludeTop5,A0_quarter,exclusion_replays,2025,2025-01-02,2025-12-31,250,0.6742394750086596,-0.355971583051083,1.2695201599151953,0.6674055682423201,0.1785790013706134,0.4956604736380461,6.537655986367975,actual_stock_exclusion_replay,,,,,50,quarter,0.5,3,100000.0,0.0025,0.01,True
A0_quarter__excludeTop5,A0_quarter,exclusion_replays,2026,2026-01-02,2026-09-22,181,-0.1349387917886635,-0.3598365851076671,0.0009033455525519,-0.0988778993563852,0.193982242745804,-0.3289210345344675,12.26414013316078,actual_stock_exclusion_replay,,,,,50,quarter,0.5,3,100000.0,0.0025,0.01,True
A0_quarter__excludeTop10,A0_quarter,exclusion_replays,full,2017-01-04,2026-09-22,2442,0.1008896474182832,-0.4821288816156535,0.4447998204348797,1.53814939441791,0.1534966939059092,-0.052607046487626,8.645145889183931,actual_stock_exclusion_replay,,,,,50,quarter,0.5,3,100000.0,0.0025,0.01,True
A0_quarter__excludeTop10,A0_quarter,exclusion_replays,2017_2022,2017-01-04,2022-12-30,1509,0.0747069704033667,-0.4821288816156535,0.3830748977425361,0.5394581713852697,0.1124281175972994,-0.0377211471939327,8.303821043824076,actual_stock_exclusion_replay,,,,,50,quarter,0.5,3,100000.0,0.0025,0.01,True
A0_quarter__excludeTop10,A0_quarter,exclusion_replays,2023_2026,2023-01-03,2026-09-22,933,0.1445934454026063,-0.4353064084992871,0.530522479284566,0.6487290409027318,0.2231529414345989,-0.0785594960319926,9.197192182482992,actual_stock_exclusion_replay,,,,,50,quarter,0.5,3,100000.0,0.0025,0.01,True
A0_quarter__excludeTop10,A0_quarter,exclusion_replays,2017,2017-01-04,2017-12-29,250,-0.140541877929432,-0.2640127911031776,-0.6182083753470698,-0.1395081800922585,0.2120011745455907,-0.3525430524750228,9.972694174277096,actual_stock_exclusion_replay,,,,,50,quarter,0.5,3,100000.0,0.0025,0.01,True
A0_quarter__excludeTop10,A0_quarter,exclusion_replays,2018,2018-01-02,2018-12-31,251,-0.332751874025173,-0.4136596309316606,-1.4387588449843485,-0.331679727380871,-0.0642984107744514,-0.2684534632507216,8.872390240945812,actual_stock_exclusion_replay,,,,,50,quarter,0.5,3,100000.0,0.0025,0.01,True
A0_quarter__excludeTop10,A0_quarter,exclusion_replays,2019,2019-01-02,2019-12-31,252,1.056412963552158,-0.1335518196015196,2.9795038329536325,1.056412963552158,0.3401954545671213,0.7162175089850367,5.3296154474723245,actual_stock_exclusion_replay,,,,,50,quarter,0.5,3,100000.0,0.0025,0.01,True
A0_quarter__excludeTop10,A0_quarter,exclusion_replays,2020,2020-01-02,2020-12-31,253,0.4259570270707138,-0.3856303769127156,1.039439011601632,0.4279663427344233,0.1813082709311855,0.2446487561395283,7.355354770303484,actual_stock_exclusion_replay,,,,,50,quarter,0.5,3,100000.0,0.0025,0.01,True
A0_quarter__excludeTop10,A0_quarter,exclusion_replays,2021,2021-01-04,2021-12-31,252,-0.1314226987883112,-0.319153912304211,-0.1609827137640311,-0.1314226987883112,0.2861550585808201,-0.4175777573691314,11.016900693353463,actual_stock_exclusion_replay,,,,,50,quarter,0.5,3,100000.0,0.0025,0.01,True
A0_quarter__excludeTop10,A0_quarter,exclusion_replays,2022,2022-01-03,2022-12-30,251,0.0497439888383266,-0.3006543373665605,0.3237040725932638,0.0495417813255085,-0.180528833522089,0.2302728223604156,7.291217676131385,actual_stock_exclusion_replay,,,,,50,quarter,0.5,3,100000.0,0.0025,0.01,True
A0_quarter__excludeTop10,A0_quarter,exclusion_replays,2023,2023-01-03,2023-12-29,250,0.2063503211954442,-0.2884566622139656,0.7765102890829396,0.2045555404717807,0.2494116142532503,-0.043061293057806,7.462712697873573,actual_stock_exclusion_replay,,,,,50,quarter,0.5,3,100000.0,0.0025,0.01,True
A0_quarter__excludeTop10,A0_quarter,exclusion_replays,2024,2024-01-02,2024-12-31,252,0.2527789422561244,-0.2668939880544404,0.7679039319789527,0.2527789422561244,0.2643074461050603,-0.0115285038489358,9.407202523399569,actual_stock_exclusion_replay,,,,,50,quarter,0.5,3,100000.0,0.0025,0.01,True
A0_quarter__excludeTop10,A0_quarter,exclusion_replays,2025,2025-01-02,2025-12-31,250,0.3395217640424381,-0.3687714433122497,0.8443632105232983,0.3364177535600789,0.1785790013706134,0.1609427626718247,7.223411593304757,actual_stock_exclusion_replay,,,,,50,quarter,0.5,3,100000.0,0.0025,0.01,True
A0_quarter__excludeTop10,A0_quarter,exclusion_replays,2026,2026-01-02,2026-09-22,181,-0.2445863314866317,-0.3489369623529431,-0.2808800477917584,-0.1824660872316814,0.193982242745804,-0.4385685742324358,14.026708273841754,actual_stock_exclusion_replay,,,,,50,quarter,0.5,3,100000.0,0.0025,0.01,True
A0_quarter__excludeSector_IT_HW,A0_quarter,exclusion_replays,full,2017-01-04,2026-09-22,2442,0.1310500820713982,-0.4613280115846376,0.5161980419775626,2.298104821642481,0.1534966939059092,-0.022446611834511,8.589749615418617,actual_sector_exclusion_replay,,,,IT_HW,50,quarter,0.5,3,100000.0,0.0025,0.01,True
A0_quarter__excludeSector_IT_HW,A0_quarter,exclusion_replays,2017_2022,2017-01-04,2022-12-30,1509,0.0948368877691987,-0.4333876154109746,0.4348842610583341,0.7203946493071556,0.1124281175972994,-0.0175912298281006,8.307197059427782,actual_sector_exclusion_replay,,,,IT_HW,50,quarter,0.5,3,100000.0,0.0025,0.01,True
A0_quarter__excludeSector_IT_HW,A0_quarter,exclusion_replays,2023_2026,2023-01-03,2026-09-22,933,0.1921724575162937,-0.3940271949699351,0.6312202915631756,0.9170629384197986,0.2231529414345989,-0.0309804839183052,9.046739762246238,actual_sector_exclusion_replay,,,,IT_HW,50,quarter,0.5,3,100000.0,0.0025,0.01,True
A0_quarter__excludeSector_IT_HW,A0_quarter,exclusion_replays,2017,2017-01-04,2017-12-29,250,-0.0942722182194795,-0.2838524625894629,-0.3545999314527099,-0.0935601767606021,0.2120011745455907,-0.3062733927650702,9.365071691549064,actual_sector_exclusion_replay,,,,IT_HW,50,quarter,0.5,3,100000.0,0.0025,0.01,True
A0_quarter__excludeSector_IT_HW,A0_quarter,exclusion_replays,2018,2018-01-02,2018-12-31,251,-0.2956540421976787,-0.3708726758454538,-1.2605598356175547,-0.2946737450377962,-0.0642984107744514,-0.2313556314232273,8.259759560244886,actual_sector_exclusion_replay,,,,IT_HW,50,quarter,0.5,3,100000.0,0.0025,0.01,True
A0_quarter__excludeSector_IT_HW,A0_quarter,exclusion_replays,2019,2019-01-02,2019-12-31,252,1.2141771808893416,-0.1076881960152159,3.194937704232987,1.2141771808893416,0.3401954545671213,0.8739817263222203,5.286845205550084,actual_sector_exclusion_replay,,,,IT_HW,50,quarter,0.5,3,100000.0,0.0025,0.01,True
A0_quarter__excludeSector_IT_HW,A0_quarter,exclusion_replays,2020,2020-01-02,2020-12-31,253,0.4794426009907253,-0.4015637501331704,1.082797616881506,0.4817437795672326,0.1813082709311855,0.2981343300595398,6.926230890896473,actual_sector_exclusion_replay,,,,IT_HW,50,quarter,0.5,3,100000.0,0.0025,0.01,True
A0_quarter__excludeSector_IT_HW,A0_quarter,exclusion_replays,2021,2021-01-04,2021-12-31,252,-0.1270767549981486,-0.3722830223191797,-0.1176388392449276,-0.1270767549981486,0.2861550585808201,-0.4132318135789687,11.24594875264101,actual_sector_exclusion_replay,,,,IT_HW,50,quarter,0.5,3,100000.0,0.0025,0.01,True
A0_quarter__excludeSector_IT_HW,A0_quarter,exclusion_replays,2022,2022-01-03,2022-12-30,251,-0.0606451219807642,-0.3186496192379905,0.0574685355821689,-0.0604118872253042,-0.180528833522089,0.1198837115413248,8.774869710385765,actual_sector_exclusion_replay,,,,IT_HW,50,quarter,0.5,3,100000.0,0.0025,0.01,True
A0_quarter__excludeSector_IT_HW,A0_quarter,exclusion_replays,2023,2023-01-03,2023-12-29,250,0.210908686767451,-0.2952192187165586,0.7971462136700994,0.2090709329083537,0.2494116142532503,-0.0385029274857993,7.717229830457679,actual_sector_exclusion_replay,,,,IT_HW,50,quarter,0.5,3,100000.0,0.0025,0.01,True
A0_quarter__excludeSector_IT_HW,A0_quarter,exclusion_replays,2024,2024-01-02,2024-12-31,252,0.2109080759386152,-0.2498436632908309,0.6896475078762713,0.2109080759386152,0.2643074461050603,-0.053399370166445,9.279497543529413,actual_sector_exclusion_replay,,,,IT_HW,50,quarter,0.5,3,100000.0,0.0025,0.01,True
A0_quarter__excludeSector_IT_HW,A0_quarter,exclusion_replays,2025,2025-01-02,2025-12-31,250,0.5543658597870769,-0.3392043853760577,1.163379166417595,0.5489342569763149,0.1785790013706134,0.3757868584164634,7.647702285777912,actual_sector_exclusion_replay,,,,IT_HW,50,quarter,0.5,3,100000.0,0.0025,0.01,True
A0_quarter__excludeSector_IT_HW,A0_quarter,exclusion_replays,2026,2026-01-02,2026-09-22,181,-0.2085546524972115,-0.3604831400843035,-0.2150239214665662,-0.1546424608058053,0.193982242745804,-0.4025368952430155,12.491391094737184,actual_sector_exclusion_replay,,,,IT_HW,50,quarter,0.5,3,100000.0,0.0025,0.01,True
A0_quarter__excludeSector_HEALTH_SVC,A0_quarter,exclusion_replays,full,2017-01-04,2026-09-22,2442,0.1956108486806351,-0.5312142872783963,0.6375480824596437,4.647842350156762,0.1534966939059092,0.0421141547747259,8.557279467900642,actual_sector_exclusion_replay,,,,HEALTH_SVC,50,quarter,0.5,3,100000.0,0.0025,0.01,True
A0_quarter__excludeSector_HEALTH_SVC,A0_quarter,exclusion_replays,2017_2022,2017-01-04,2022-12-30,1509,0.0790488837532807,-0.4966084111713427,0.3930282764985959,0.5770787217860436,0.1124281175972994,-0.0333792338440186,8.417531493584804,actual_sector_exclusion_replay,,,,HEALTH_SVC,50,quarter,0.5,3,100000.0,0.0025,0.01,True
A0_quarter__excludeSector_HEALTH_SVC,A0_quarter,exclusion_replays,2023_2026,2023-01-03,2026-09-22,933,0.4113714419284235,-0.4028680803819195,0.9372516678492974,2.5812050927683403,0.2231529414345989,0.1882185004938246,8.783302718964523,actual_sector_exclusion_replay,,,,HEALTH_SVC,50,quarter,0.5,3,100000.0,0.0025,0.01,True
A0_quarter__excludeSector_HEALTH_SVC,A0_quarter,exclusion_replays,2017,2017-01-04,2017-12-29,250,-0.0589993469283379,-0.2639171374327079,-0.18952260805233,-0.0585450816825665,0.2120011745455907,-0.2710005214739287,9.890787643250391,actual_sector_exclusion_replay,,,,HEALTH_SVC,50,quarter,0.5,3,100000.0,0.0025,0.01,True
A0_quarter__excludeSector_HEALTH_SVC,A0_quarter,exclusion_replays,2018,2018-01-02,2018-12-31,251,-0.3816766375289865,-0.4454093583733484,-1.7393902391061278,-0.3804959280394089,-0.0642984107744514,-0.3173782267545351,8.945237404393506,actual_sector_exclusion_replay,,,,HEALTH_SVC,50,quarter,0.5,3,100000.0,0.0025,0.01,True
A0_quarter__excludeSector_HEALTH_SVC,A0_quarter,exclusion_replays,2019,2019-01-02,2019-12-31,252,1.166400042306428,-0.1298390903907992,3.1226423392865734,1.166400042306428,0.3401954545671213,0.8262045877393067,4.668037001361881,actual_sector_exclusion_replay,,,,HEALTH_SVC,50,quarter,0.5,3,100000.0,0.0025,0.01,True
A0_quarter__excludeSector_HEALTH_SVC,A0_quarter,exclusion_replays,2020,2020-01-02,2020-12-31,253,0.4585462413835128,-0.3954925356124545,1.0673207215068727,0.4607324575989251,0.1813082709311855,0.2772379704523273,7.676480153720083,actual_sector_exclusion_replay,,,,HEALTH_SVC,50,quarter,0.5,3,100000.0,0.0025,0.01,True
A0_quarter__excludeSector_HEALTH_SVC,A0_quarter,exclusion_replays,2021,2021-01-04,2021-12-31,252,-0.0939538858478995,-0.4378130257648817,-0.0021745320531802,-0.0939538858478995,0.2861550585808201,-0.3801089444287197,11.272542174009187,actual_sector_exclusion_replay,,,,HEALTH_SVC,50,quarter,0.5,3,100000.0,0.0025,0.01,True
A0_quarter__excludeSector_HEALTH_SVC,A0_quarter,exclusion_replays,2022,2022-01-03,2022-12-30,251,-0.05713688364801,-0.311382634229594,0.0668060896606901,-0.056916728728292,-0.180528833522089,0.1233919498740789,8.067442603264576,actual_sector_exclusion_replay,,,,HEALTH_SVC,50,quarter,0.5,3,100000.0,0.0025,0.01,True
A0_quarter__excludeSector_HEALTH_SVC,A0_quarter,exclusion_replays,2023,2023-01-03,2023-12-29,250,0.0690980825580533,-0.3175559384550537,0.3712183049751725,0.0685313106697751,0.2494116142532503,-0.1803135316951969,8.133207105073602,actual_sector_exclusion_replay,,,,HEALTH_SVC,50,quarter,0.5,3,100000.0,0.0025,0.01,True
A0_quarter__excludeSector_HEALTH_SVC,A0_quarter,exclusion_replays,2024,2024-01-02,2024-12-31,252,0.9893546765423312,-0.3160386447367121,1.439399898768072,0.9893546765423312,0.2643074461050603,0.725047230437271,10.044327135495276,actual_sector_exclusion_replay,,,,HEALTH_SVC,50,quarter,0.5,3,100000.0,0.0025,0.01,True
A0_quarter__excludeSector_HEALTH_SVC,A0_quarter,exclusion_replays,2025,2025-01-02,2025-12-31,250,0.6836122458066807,-0.3700830637210516,1.2529515983899358,0.6766657925133255,0.1785790013706134,0.5050332444360672,6.638877640660434,actual_sector_exclusion_replay,,,,HEALTH_SVC,50,quarter,0.5,3,100000.0,0.0025,0.01,True
A0_quarter__excludeSector_HEALTH_SVC,A0_quarter,exclusion_replays,2026,2026-01-02,2026-09-22,181,0.0067007484795877,-0.3830839730340986,0.2762287124641776,0.0048083090407065,0.193982242745804,-0.1872814942662162,10.887457526052946,actual_sector_exclusion_replay,,,,HEALTH_SVC,50,quarter,0.5,3,100000.0,0.0025,0.01,True
A0_quarter__excludeSector_SEMI,A0_quarter,exclusion_replays,full,2017-01-04,2026-09-22,2442,0.1609380943193898,-0.5412691645113081,0.5687735314653147,3.246495549453809,0.1534966939059092,0.0074414004134806,8.975691167608447,actual_sector_exclusion_replay,,,,SEMI,50,quarter,0.5,3,100000.0,0.0025,0.01,True
A0_quarter__excludeSector_SEMI,A0_quarter,exclusion_replays,2017_2022,2017-01-04,2022-12-30,1509,0.0719883797576448,-0.5412691645113081,0.3750057307789448,0.5162857739402471,0.1124281175972994,-0.0404397378396546,8.660276921515244,actual_sector_exclusion_replay,,,,SEMI,50,quarter,0.5,3,100000.0,0.0025,0.01,True
A0_quarter__excludeSector_SEMI,A0_quarter,exclusion_replays,2023_2026,2023-01-03,2026-09-22,933,0.3206889328159168,-0.4354516992105848,0.8067825729756342,1.8005905103355326,0.2231529414345989,0.0975359913813178,9.485830607431218,actual_sector_exclusion_replay,,,,SEMI,50,quarter,0.5,3,100000.0,0.0025,0.01,True
A0_quarter__excludeSector_SEMI,A0_quarter,exclusion_replays,2017,2017-01-04,2017-12-29,250,-0.1604020933797858,-0.2712543663342046,-0.7369548748438626,-0.1592362947926829,0.2120011745455907,-0.3724032679253766,10.005344847480744,actual_sector_exclusion_replay,,,,SEMI,50,quarter,0.5,3,100000.0,0.0025,0.01,True
A0_quarter__excludeSector_SEMI,A0_quarter,exclusion_replays,2018,2018-01-02,2018-12-31,251,-0.3920632526870189,-0.4718740738750463,-1.7664688908780075,-0.3908614287839544,-0.0642984107744514,-0.3277648419125675,9.63714583665378,actual_sector_exclusion_replay,,,,SEMI,50,quarter,0.5,3,100000.0,0.0025,0.01,True
A0_quarter__excludeSector_SEMI,A0_quarter,exclusion_replays,2019,2019-01-02,2019-12-31,252,0.9794519984992875,-0.1248385556608601,2.766706523470152,0.9794519984992875,0.3401954545671213,0.6392565439321662,6.458450753418193,actual_sector_exclusion_replay,,,,SEMI,50,quarter,0.5,3,100000.0,0.0025,0.01,True
A0_quarter__excludeSector_SEMI,A0_quarter,exclusion_replays,2020,2020-01-02,2020-12-31,253,0.3960049277164108,-0.3952569041573194,0.9780776338275248,0.3978542767263839,0.1813082709311855,0.2146966567852253,7.860303483370412,actual_sector_exclusion_replay,,,,SEMI,50,quarter,0.5,3,100000.0,0.0025,0.01,True
A0_quarter__excludeSector_SEMI,A0_quarter,exclusion_replays,2021,2021-01-04,2021-12-31,252,-0.0645636378572915,-0.3152194835489419,0.0409605473740727,-0.0645636378572915,0.2861550585808201,-0.3507186964381117,10.52702857827487,actual_sector_exclusion_replay,,,,SEMI,50,quarter,0.5,3,100000.0,0.0025,0.01,True
A0_quarter__excludeSector_SEMI,A0_quarter,exclusion_replays,2022,2022-01-03,2022-12-30,251,0.1444647798755196,-0.2968518820410132,0.5311193769981305,0.1438521235090477,-0.180528833522089,0.3249936133976087,7.486456114808178,actual_sector_exclusion_replay,,,,SEMI,50,quarter,0.5,3,100000.0,0.0025,0.01,True
A0_quarter__excludeSector_SEMI,A0_quarter,exclusion_replays,2023,2023-01-03,2023-12-29,250,-0.0162817942469856,-0.3639071938729202,0.1033530552183639,-0.0161536230363578,0.2494116142532503,-0.2656934085002359,8.901005610717476,actual_sector_exclusion_replay,,,,SEMI,50,quarter,0.5,3,100000.0,0.0025,0.01,True
A0_quarter__excludeSector_SEMI,A0_quarter,exclusion_replays,2024,2024-01-02,2024-12-31,252,0.90351509026548,-0.2980138948127059,1.400723369431322,0.90351509026548,0.2643074461050603,0.6392076441604198,9.576965885996817,actual_sector_exclusion_replay,,,,SEMI,50,quarter,0.5,3,100000.0,0.0025,0.01,True
A0_quarter__excludeSector_SEMI,A0_quarter,exclusion_replays,2025,2025-01-02,2025-12-31,250,0.4754743958687861,-0.4091311442290775,0.9783451582179984,0.4709264244738484,0.1785790013706134,0.2968953944981727,7.740632337778146,actual_sector_exclusion_replay,,,,SEMI,50,quarter,0.5,3,100000.0,0.0025,0.01,True
A0_quarter__excludeSector_SEMI,A0_quarter,exclusion_replays,2026,2026-01-02,2026-09-22,181,0.0232684170324444,-0.3441315783270989,0.2963281006758612,0.0166583881533266,0.193982242745804,-0.1707138257133595,12.577210311260892,actual_sector_exclusion_replay,,,,SEMI,50,quarter,0.5,3,100000.0,0.0025,0.01,True
A0_bimonth__excludeTop1,A0_bimonth,exclusion_replays,full,2017-01-04,2026-09-22,2442,0.1816736579220592,-0.4561000258002707,0.6374056048233403,4.041222007381032,0.1534966939059092,0.0281769640161499,8.596043699314269,actual_stock_exclusion_replay,,,,,50,bimonth,0.5,3,100000.0,0.0025,0.01,True
A0_bimonth__excludeTop1,A0_bimonth,exclusion_replays,2017_2022,2017-01-04,2022-12-30,1509,0.0726434518386727,-0.4561000258002707,0.377942579324,0.5218426498498299,0.1124281175972994,-0.0397846657586267,8.72331230712066,actual_stock_exclusion_replay,,,,,50,bimonth,0.5,3,100000.0,0.0025,0.01,True
A0_bimonth__excludeTop1,A0_bimonth,exclusion_replays,2023_2026,2023-01-03,2026-09-22,933,0.3819585474167382,-0.3684896225411105,0.9796890840768308,2.3125776885530867,0.2231529414345989,0.1588056059821392,8.39020411819975,actual_stock_exclusion_replay,,,,,50,bimonth,0.5,3,100000.0,0.0025,0.01,True
A0_bimonth__excludeTop1,A0_bimonth,exclusion_replays,2017,2017-01-04,2017-12-29,250,-0.1162826205306087,-0.2499834274925902,-0.4842742597777996,-0.1154151843514521,0.2120011745455907,-0.3282837950761995,10.387810215795849,actual_stock_exclusion_replay,,,,,50,bimonth,0.5,3,100000.0,0.0025,0.01,True
A0_bimonth__excludeTop1,A0_bimonth,exclusion_replays,2018,2018-01-02,2018-12-31,251,-0.318096261527135,-0.4126310393933271,-1.3395070275687253,-0.3170594491587098,-0.0642984107744514,-0.2537978507526836,8.903116005202651,actual_stock_exclusion_replay,,,,,50,bimonth,0.5,3,100000.0,0.0025,0.01,True
A0_bimonth__excludeTop1,A0_bimonth,exclusion_replays,2019,2019-01-02,2019-12-31,252,1.0350881423344926,-0.1309484021436242,2.9589562541488115,1.0350881423344926,0.3401954545671213,0.6948926877673713,5.831333331865926,actual_stock_exclusion_replay,,,,,50,bimonth,0.5,3,100000.0,0.0025,0.01,True
A0_bimonth__excludeTop1,A0_bimonth,exclusion_replays,2020,2020-01-02,2020-12-31,253,0.3763626480250863,-0.3750385542932503,0.9642184367888484,0.3781084810921578,0.1813082709311855,0.1950543770939008,7.588314089453048,actual_stock_exclusion_replay,,,,,50,bimonth,0.5,3,100000.0,0.0025,0.01,True
A0_bimonth__excludeTop1,A0_bimonth,exclusion_replays,2021,2021-01-04,2021-12-31,252,-0.0649798254419987,-0.2849095169707988,0.0184151831687564,-0.0649798254419987,0.2861550585808201,-0.3511348840228189,10.825751949704372,actual_stock_exclusion_replay,,,,,50,bimonth,0.5,3,100000.0,0.0025,0.01,True
A0_bimonth__excludeTop1,A0_bimonth,exclusion_replays,2022,2022-01-03,2022-12-30,251,-0.0395156863163035,-0.3111217544276178,0.1007434615831733,-0.0393620055722588,-0.180528833522089,0.1410131472057855,8.822369102003638,actual_stock_exclusion_replay,,,,,50,bimonth,0.5,3,100000.0,0.0025,0.01,True
A0_bimonth__excludeTop1,A0_bimonth,exclusion_replays,2023,2023-01-03,2023-12-29,250,0.2607468398738291,-0.2904937834947063,0.9248060089911108,0.2584305541267688,0.2494116142532503,0.0113352256205787,7.327428913643704,actual_stock_exclusion_replay,,,,,50,bimonth,0.5,3,100000.0,0.0025,0.01,True
A0_bimonth__excludeTop1,A0_bimonth,exclusion_replays,2024,2024-01-02,2024-12-31,252,0.269359971125817,-0.2696868545437247,0.8012574175091124,0.269359971125817,0.2643074461050603,0.0050525250207567,9.355976258571175,actual_stock_exclusion_replay,,,,,50,bimonth,0.5,3,100000.0,0.0025,0.01,True
A0_bimonth__excludeTop1,A0_bimonth,exclusion_replays,2025,2025-01-02,2025-12-31,250,0.546903135301992,-0.368489622541111,1.169122621853921,0.5415564905821708,0.1785790013706134,0.3683241339313785,7.635563712349326,actual_stock_exclusion_replay,,,,,50,bimonth,0.5,3,100000.0,0.0025,0.01,True
A0_bimonth__excludeTop1,A0_bimonth,exclusion_replays,2026,2026-01-02,2026-09-22,181,0.5111703350211858,-0.2719306735296308,1.0493794036885622,0.3452177067481308,0.193982242745804,0.3171880922753818,9.555835738244044,actual_stock_exclusion_replay,,,,,50,bimonth,0.5,3,100000.0,0.0025,0.01,True
A0_bimonth__excludeTop3,A0_bimonth,exclusion_replays,full,2017-01-04,2026-09-22,2442,0.1390691505298296,-0.4561000258002707,0.5377884666824041,2.531809746333568,0.1534966939059092,-0.0144275433760796,8.723796117826982,actual_stock_exclusion_replay,,,,,50,bimonth,0.5,3,100000.0,0.0025,0.01,True
A0_bimonth__excludeTop3,A0_bimonth,exclusion_replays,2017_2022,2017-01-04,2022-12-30,1509,0.0679339032070165,-0.4561000258002707,0.3644245320926831,0.4822669677625817,0.1124281175972994,-0.0444942143902828,8.713857347319966,actual_stock_exclusion_replay,,,,,50,bimonth,0.5,3,100000.0,0.0025,0.01,True
A0_bimonth__excludeTop3,A0_bimonth,exclusion_replays,2023_2026,2023-01-03,2026-09-22,933,0.2642865226144355,-0.3630713397519272,0.7717056663531079,1.3827082591368105,0.2231529414345989,0.0411335811798365,8.739870720929973,actual_stock_exclusion_replay,,,,,50,bimonth,0.5,3,100000.0,0.0025,0.01,True
A0_bimonth__excludeTop3,A0_bimonth,exclusion_replays,2017,2017-01-04,2017-12-29,250,-0.1162826205306087,-0.2499834274925902,-0.4842742597777996,-0.1154151843514521,0.2120011745455907,-0.3282837950761995,10.387810215795849,actual_stock_exclusion_replay,,,,,50,bimonth,0.5,3,100000.0,0.0025,0.01,True
A0_bimonth__excludeTop3,A0_bimonth,exclusion_replays,2018,2018-01-02,2018-12-31,251,-0.318096261527135,-0.4126310393933271,-1.3395070275687253,-0.3170594491587098,-0.0642984107744514,-0.2537978507526836,8.903116005202651,actual_stock_exclusion_replay,,,,,50,bimonth,0.5,3,100000.0,0.0025,0.01,True
A0_bimonth__excludeTop3,A0_bimonth,exclusion_replays,2019,2019-01-02,2019-12-31,252,1.0834034313082994,-0.1232377462974337,3.0403469412432176,1.0834034313082994,0.3401954545671213,0.7432079767411781,5.56517593158672,actual_stock_exclusion_replay,,,,,50,bimonth,0.5,3,100000.0,0.0025,0.01,True
A0_bimonth__excludeTop3,A0_bimonth,exclusion_replays,2020,2020-01-02,2020-12-31,253,0.4037368306552935,-0.3732117207535517,1.0131118674248347,0.4056272305185462,0.1813082709311855,0.222428559724108,7.393922085366093,actual_stock_exclusion_replay,,,,,50,bimonth,0.5,3,100000.0,0.0025,0.01,True
A0_bimonth__excludeTop3,A0_bimonth,exclusion_replays,2021,2021-01-04,2021-12-31,252,-0.1801588025549947,-0.3306939981142638,-0.3008374057635177,-0.1801588025549947,0.2861550585808201,-0.4663138611358148,11.826919990794812,actual_stock_exclusion_replay,,,,,50,bimonth,0.5,3,100000.0,0.0025,0.01,True
A0_bimonth__excludeTop3,A0_bimonth,exclusion_replays,2022,2022-01-03,2022-12-30,251,0.022041068866607,-0.3091247253572529,0.2589277069354584,0.0219526512310035,-0.180528833522089,0.2025699023886961,8.223528310012876,actual_stock_exclusion_replay,,,,,50,bimonth,0.5,3,100000.0,0.0025,0.01,True
A0_bimonth__excludeTop3,A0_bimonth,exclusion_replays,2023,2023-01-03,2023-12-29,250,0.2640018770553625,-0.2909021544094349,0.9327603394038012,0.2616537918854393,0.2494116142532503,0.0145902628021121,7.309517658853118,actual_stock_exclusion_replay,,,,,50,bimonth,0.5,3,100000.0,0.0025,0.01,True
A0_bimonth__excludeTop3,A0_bimonth,exclusion_replays,2024,2024-01-02,2024-12-31,252,0.148416013095828,-0.305955562627869,0.5509992405446045,0.148416013095828,0.2643074461050603,-0.1158914330092322,9.590959099823229,actual_stock_exclusion_replay,,,,,50,bimonth,0.5,3,100000.0,0.0025,0.01,True
A0_bimonth__excludeTop3,A0_bimonth,exclusion_replays,2025,2025-01-02,2025-12-31,250,0.5572415583558976,-0.346881340823859,1.188991248656231,0.5517771425446865,0.1785790013706134,0.3786625569852841,7.518173397093187,actual_stock_exclusion_replay,,,,,50,bimonth,0.5,3,100000.0,0.0025,0.01,True
A0_bimonth__excludeTop3,A0_bimonth,exclusion_replays,2026,2026-01-02,2026-09-22,181,0.0841465268299097,-0.332669407797371,0.4143266935890715,0.0597467245085128,0.193982242745804,-0.1098357159158942,11.217983013732786,actual_stock_exclusion_replay,,,,,50,bimonth,0.5,3,100000.0,0.0025,0.01,True
A0_bimonth__excludeTop5,A0_bimonth,exclusion_replays,full,2017-01-04,2026-09-22,2442,0.1304925298114816,-0.4561000258002707,0.5162381545622721,2.2823837103075912,0.1534966939059092,-0.0230041640944276,8.693627358141486,actual_stock_exclusion_replay,,,,,50,bimonth,0.5,3,100000.0,0.0025,0.01,True
A0_bimonth__excludeTop5,A0_bimonth,exclusion_replays,2017_2022,2017-01-04,2022-12-30,1509,0.0679339032070165,-0.4561000258002707,0.3644245320926831,0.4822669677625817,0.1124281175972994,-0.0444942143902828,8.713857347319966,actual_stock_exclusion_replay,,,,,50,bimonth,0.5,3,100000.0,0.0025,0.01,True
A0_bimonth__excludeTop5,A0_bimonth,exclusion_replays,2023_2026,2023-01-03,2026-09-22,933,0.2395221531046021,-0.3462107503861796,0.7195488470978234,1.2144349038973878,0.2231529414345989,0.0163692116700031,8.660908115193655,actual_stock_exclusion_replay,,,,,50,bimonth,0.5,3,100000.0,0.0025,0.01,True
A0_bimonth__excludeTop5,A0_bimonth,exclusion_replays,2017,2017-01-04,2017-12-29,250,-0.1162826205306087,-0.2499834274925902,-0.4842742597777996,-0.1154151843514521,0.2120011745455907,-0.3282837950761995,10.387810215795849,actual_stock_exclusion_replay,,,,,50,bimonth,0.5,3,100000.0,0.0025,0.01,True
A0_bimonth__excludeTop5,A0_bimonth,exclusion_replays,2018,2018-01-02,2018-12-31,251,-0.318096261527135,-0.4126310393933271,-1.3395070275687253,-0.3170594491587098,-0.0642984107744514,-0.2537978507526836,8.903116005202651,actual_stock_exclusion_replay,,,,,50,bimonth,0.5,3,100000.0,0.0025,0.01,True
A0_bimonth__excludeTop5,A0_bimonth,exclusion_replays,2019,2019-01-02,2019-12-31,252,1.0834034313082994,-0.1232377462974337,3.0403469412432176,1.0834034313082994,0.3401954545671213,0.7432079767411781,5.56517593158672,actual_stock_exclusion_replay,,,,,50,bimonth,0.5,3,100000.0,0.0025,0.01,True
A0_bimonth__excludeTop5,A0_bimonth,exclusion_replays,2020,2020-01-02,2020-12-31,253,0.4037368306552935,-0.3732117207535517,1.0131118674248347,0.4056272305185462,0.1813082709311855,0.222428559724108,7.393922085366093,actual_stock_exclusion_replay,,,,,50,bimonth,0.5,3,100000.0,0.0025,0.01,True
A0_bimonth__excludeTop5,A0_bimonth,exclusion_replays,2021,2021-01-04,2021-12-31,252,-0.1801588025549947,-0.3306939981142638,-0.3008374057635177,-0.1801588025549947,0.2861550585808201,-0.4663138611358148,11.826919990794812,actual_stock_exclusion_replay,,,,,50,bimonth,0.5,3,100000.0,0.0025,0.01,True
A0_bimonth__excludeTop5,A0_bimonth,exclusion_replays,2022,2022-01-03,2022-12-30,251,0.022041068866607,-0.3091247253572529,0.2589277069354584,0.0219526512310035,-0.180528833522089,0.2025699023886961,8.223528310012876,actual_stock_exclusion_replay,,,,,50,bimonth,0.5,3,100000.0,0.0025,0.01,True
A0_bimonth__excludeTop5,A0_bimonth,exclusion_replays,2023,2023-01-03,2023-12-29,250,0.2640018770553625,-0.2909021544094349,0.9327603394038012,0.2616537918854393,0.2494116142532503,0.0145902628021121,7.309517658853118,actual_stock_exclusion_replay,,,,,50,bimonth,0.5,3,100000.0,0.0025,0.01,True
A0_bimonth__excludeTop5,A0_bimonth,exclusion_replays,2024,2024-01-02,2024-12-31,252,0.069706053631775,-0.305955562627869,0.3676187735152963,0.069706053631775,0.2643074461050603,-0.1946013924732852,9.755105160075356,actual_stock_exclusion_replay,,,,,50,bimonth,0.5,3,100000.0,0.0025,0.01,True
A0_bimonth__excludeTop5,A0_bimonth,exclusion_replays,2025,2025-01-02,2025-12-31,250,0.7427798648155122,-0.3462107503861796,1.384504014576989,0.7351135862070677,0.1785790013706134,0.5642008634448987,6.888580881094451,actual_stock_exclusion_replay,,,,,50,bimonth,0.5,3,100000.0,0.0025,0.01,True
A0_bimonth__excludeTop5,A0_bimonth,exclusion_replays,2026,2026-01-02,2026-09-22,181,-0.074854116593646,-0.3459998284532322,0.1120928346634992,-0.0543501523406999,0.193982242745804,-0.26883635933945,11.452022851656336,actual_stock_exclusion_replay,,,,,50,bimonth,0.5,3,100000.0,0.0025,0.01,True
A0_bimonth__excludeTop10,A0_bimonth,exclusion_replays,full,2017-01-04,2026-09-22,2442,0.0832923571819808,-0.4561000258002707,0.4023589872210458,1.171211728801551,0.1534966939059092,-0.0702043367239284,9.085394901495883,actual_stock_exclusion_replay,,,,,50,bimonth,0.5,3,100000.0,0.0025,0.01,True
A0_bimonth__excludeTop10,A0_bimonth,exclusion_replays,2017_2022,2017-01-04,2022-12-30,1509,0.0792002853353206,-0.4561000258002707,0.3955472310248674,0.5784042328086574,0.1124281175972994,-0.0332278322619787,8.587009103563867,actual_stock_exclusion_replay,,,,,50,bimonth,0.5,3,100000.0,0.0025,0.01,True
A0_bimonth__excludeTop10,A0_bimonth,exclusion_replays,2023_2026,2023-01-03,2026-09-22,933,0.0899435915380051,-0.4074971059255325,0.415991979904399,0.3755739395972304,0.2231529414345989,-0.1332093498965938,9.89146582226696,actual_stock_exclusion_replay,,,,,50,bimonth,0.5,3,100000.0,0.0025,0.01,True
A0_bimonth__excludeTop10,A0_bimonth,exclusion_replays,2017,2017-01-04,2017-12-29,250,-0.1162826205306087,-0.2499834274925902,-0.4842742597777996,-0.1154151843514521,0.2120011745455907,-0.3282837950761995,10.387810215795849,actual_stock_exclusion_replay,,,,,50,bimonth,0.5,3,100000.0,0.0025,0.01,True
A0_bimonth__excludeTop10,A0_bimonth,exclusion_replays,2018,2018-01-02,2018-12-31,251,-0.318096261527135,-0.4126310393933271,-1.3395070275687253,-0.3170594491587098,-0.0642984107744514,-0.2537978507526836,8.903116005202651,actual_stock_exclusion_replay,,,,,50,bimonth,0.5,3,100000.0,0.0025,0.01,True
A0_bimonth__excludeTop10,A0_bimonth,exclusion_replays,2019,2019-01-02,2019-12-31,252,1.0834034313082994,-0.1232377462974337,3.0403469412432176,1.0834034313082994,0.3401954545671213,0.7432079767411781,5.56517593158672,actual_stock_exclusion_replay,,,,,50,bimonth,0.5,3,100000.0,0.0025,0.01,True
A0_bimonth__excludeTop10,A0_bimonth,exclusion_replays,2020,2020-01-02,2020-12-31,253,0.4037368306552935,-0.3732117207535517,1.0131118674248347,0.4056272305185462,0.1813082709311855,0.222428559724108,7.393922085366093,actual_stock_exclusion_replay,,,,,50,bimonth,0.5,3,100000.0,0.0025,0.01,True
A0_bimonth__excludeTop10,A0_bimonth,exclusion_replays,2021,2021-01-04,2021-12-31,252,-0.1435925487378408,-0.3376953557054223,-0.190475285174103,-0.1435925487378408,0.2861550585808201,-0.429747607318661,11.675462968620224,actual_stock_exclusion_replay,,,,,50,bimonth,0.5,3,100000.0,0.0025,0.01,True
A0_bimonth__excludeTop10,A0_bimonth,exclusion_replays,2022,2022-01-03,2022-12-30,251,0.0419399407365845,-0.3003661574610702,0.305537289444345,0.0417700840415569,-0.180528833522089,0.2224687742586736,7.612983169614651,actual_stock_exclusion_replay,,,,,50,bimonth,0.5,3,100000.0,0.0025,0.01,True
A0_bimonth__excludeTop10,A0_bimonth,exclusion_replays,2023,2023-01-03,2023-12-29,250,0.2082633985065805,-0.2867314212257015,0.7806169014388389,0.206450599066299,0.2494116142532503,-0.0411482157466698,7.769381977318328,actual_stock_exclusion_replay,,,,,50,bimonth,0.5,3,100000.0,0.0025,0.01,True
A0_bimonth__excludeTop10,A0_bimonth,exclusion_replays,2024,2024-01-02,2024-12-31,252,0.0511502074027885,-0.3062956193170316,0.3215404385429883,0.0511502074027885,0.2643074461050603,-0.2131572387022717,9.857250329832612,actual_stock_exclusion_replay,,,,,50,bimonth,0.5,3,100000.0,0.0025,0.01,True
A0_bimonth__excludeTop10,A0_bimonth,exclusion_replays,2025,2025-01-02,2025-12-31,250,0.3794154283683317,-0.3654361494980319,0.9304817368886288,0.3758984710064263,0.1785790013706134,0.2008364269977183,8.493012838480743,actual_stock_exclusion_replay,,,,,50,bimonth,0.5,3,100000.0,0.0025,0.01,True
A0_bimonth__excludeTop10,A0_bimonth,exclusion_replays,2026,2026-01-02,2026-09-22,181,-0.2818563170255189,-0.3701112441300184,-0.3719414100855092,-0.2116424562975517,0.193982242745804,-0.4758385597713229,14.8017227906491,actual_stock_exclusion_replay,,,,,50,bimonth,0.5,3,100000.0,0.0025,0.01,True
A0_bimonth__excludeSector_IT_HW,A0_bimonth,exclusion_replays,full,2017-01-04,2026-09-22,2442,0.1337399314176046,-0.4519850633210913,0.5228842792092906,2.3749024415360824,0.1534966939059092,-0.0197567624883046,8.89109111942861,actual_sector_exclusion_replay,,,,IT_HW,50,bimonth,0.5,3,100000.0,0.0025,0.01,True
A0_bimonth__excludeSector_IT_HW,A0_bimonth,exclusion_replays,2017_2022,2017-01-04,2022-12-30,1509,0.1002681204322388,-0.4266145719259493,0.4497568465078174,0.7721364087430365,0.1124281175972994,-0.0121599971650605,8.601269886785328,actual_sector_exclusion_replay,,,,IT_HW,50,bimonth,0.5,3,100000.0,0.0025,0.01,True
A0_bimonth__excludeSector_IT_HW,A0_bimonth,exclusion_replays,2023_2026,2023-01-03,2026-09-22,933,0.1900447345396279,-0.3694146104845082,0.6261885091652257,0.9044258810358036,0.2231529414345989,-0.033108206894971,9.359837357433662,actual_sector_exclusion_replay,,,,IT_HW,50,bimonth,0.5,3,100000.0,0.0025,0.01,True
A0_bimonth__excludeSector_IT_HW,A0_bimonth,exclusion_replays,2017,2017-01-04,2017-12-29,250,-0.0733952476963725,-0.267551932486765,-0.2468367974495877,-0.0728344956193361,0.2120011745455907,-0.2853964222419632,9.829974743429933,actual_sector_exclusion_replay,,,,IT_HW,50,bimonth,0.5,3,100000.0,0.0025,0.01,True
A0_bimonth__excludeSector_IT_HW,A0_bimonth,exclusion_replays,2018,2018-01-02,2018-12-31,251,-0.3018928900495998,-0.3774434214143225,-1.294261168589126,-0.3008965939146861,-0.0642984107744514,-0.2375944792751484,8.429592147418399,actual_sector_exclusion_replay,,,,IT_HW,50,bimonth,0.5,3,100000.0,0.0025,0.01,True
A0_bimonth__excludeSector_IT_HW,A0_bimonth,exclusion_replays,2019,2019-01-02,2019-12-31,252,1.2414271913956507,-0.0932249990267883,3.281515805102736,1.2414271913956507,0.3401954545671213,0.9012317368285294,5.566686049465998,actual_sector_exclusion_replay,,,,IT_HW,50,bimonth,0.5,3,100000.0,0.0025,0.01,True
A0_bimonth__excludeSector_IT_HW,A0_bimonth,exclusion_replays,2020,2020-01-02,2020-12-31,253,0.4573338962813571,-0.3916635445693421,1.0600917514475894,0.4595134792182462,0.1813082709311855,0.2760256253501716,6.971494123000616,actual_sector_exclusion_replay,,,,IT_HW,50,bimonth,0.5,3,100000.0,0.0025,0.01,True
A0_bimonth__excludeSector_IT_HW,A0_bimonth,exclusion_replays,2021,2021-01-04,2021-12-31,252,-0.1008447133112941,-0.3598777771834064,-0.0505493045827487,-0.1008447133112941,0.2861550585808201,-0.3869997718921143,11.668242495820362,actual_sector_exclusion_replay,,,,IT_HW,50,bimonth,0.5,3,100000.0,0.0025,0.01,True
A0_bimonth__excludeSector_IT_HW,A0_bimonth,exclusion_replays,2022,2022-01-03,2022-12-30,251,-0.0708101718259813,-0.3225699217464585,0.0308506838093207,-0.0705393316930232,-0.180528833522089,0.1097186616961076,9.159382222184226,actual_sector_exclusion_replay,,,,IT_HW,50,bimonth,0.5,3,100000.0,0.0025,0.01,True
A0_bimonth__excludeSector_IT_HW,A0_bimonth,exclusion_replays,2023,2023-01-03,2023-12-29,250,0.1975882014392358,-0.2926111616512168,0.7597205274283609,0.1958756431872843,0.2494116142532503,-0.0518234128140144,8.041710957784943,actual_sector_exclusion_replay,,,,IT_HW,50,bimonth,0.5,3,100000.0,0.0025,0.01,True
A0_bimonth__excludeSector_IT_HW,A0_bimonth,exclusion_replays,2024,2024-01-02,2024-12-31,252,0.2593619927122919,-0.2557201767653057,0.7787167669827966,0.2593619927122919,0.2643074461050603,-0.0049454533927684,9.632120854919735,actual_sector_exclusion_replay,,,,IT_HW,50,bimonth,0.5,3,100000.0,0.0025,0.01,True
A0_bimonth__excludeSector_IT_HW,A0_bimonth,exclusion_replays,2025,2025-01-02,2025-12-31,250,0.5440907401016211,-0.3694146104845082,1.1527561260926475,0.5387760393919463,0.1785790013706134,0.3655117387310076,8.126591955043793,actual_sector_exclusion_replay,,,,IT_HW,50,bimonth,0.5,3,100000.0,0.0025,0.01,True
A0_bimonth__excludeSector_IT_HW,A0_bimonth,exclusion_replays,2026,2026-01-02,2026-09-22,181,-0.2391268549293072,-0.3584124726232882,-0.2987396365618135,-0.1782266427242947,0.193982242745804,-0.4331090976751112,12.504740722865469,actual_sector_exclusion_replay,,,,IT_HW,50,bimonth,0.5,3,100000.0,0.0025,0.01,True
A0_bimonth__excludeSector_HEALTH_SVC,A0_bimonth,exclusion_replays,full,2017-01-04,2026-09-22,2442,0.2198984631900209,-0.4737461313498978,0.6887344519285029,5.863057007105765,0.1534966939059092,0.0664017692841116,8.906729583837851,actual_sector_exclusion_replay,,,,HEALTH_SVC,50,bimonth,0.5,3,100000.0,0.0025,0.01,True
A0_bimonth__excludeSector_HEALTH_SVC,A0_bimonth,exclusion_replays,2017_2022,2017-01-04,2022-12-30,1509,0.1040680445332187,-0.4628744778317525,0.4588418364548687,0.8091025484630716,0.1124281175972994,-0.0083600730640807,8.714047242432505,actual_sector_exclusion_replay,,,,HEALTH_SVC,50,bimonth,0.5,3,100000.0,0.0025,0.01,True
A0_bimonth__excludeSector_HEALTH_SVC,A0_bimonth,exclusion_replays,2023_2026,2023-01-03,2026-09-22,933,0.4335094193985387,-0.3791718520339792,0.9738284140389786,2.793625194401684,0.2231529414345989,0.2103564779639397,9.218366939872867,actual_sector_exclusion_replay,,,,HEALTH_SVC,50,bimonth,0.5,3,100000.0,0.0025,0.01,True
A0_bimonth__excludeSector_HEALTH_SVC,A0_bimonth,exclusion_replays,2017,2017-01-04,2017-12-29,250,-0.0363156825550261,-0.2498757618640618,-0.0737432392996591,-0.0360327192932974,0.2120011745455907,-0.2483168571006169,10.415409715238155,actual_sector_exclusion_replay,,,,HEALTH_SVC,50,bimonth,0.5,3,100000.0,0.0025,0.01,True
A0_bimonth__excludeSector_HEALTH_SVC,A0_bimonth,exclusion_replays,2018,2018-01-02,2018-12-31,251,-0.3555097200261817,-0.426181814606303,-1.5176145998103296,-0.3543852413679098,-0.0642984107744514,-0.2912113092517303,9.029821831227348,actual_sector_exclusion_replay,,,,HEALTH_SVC,50,bimonth,0.5,3,100000.0,0.0025,0.01,True
A0_bimonth__excludeSector_HEALTH_SVC,A0_bimonth,exclusion_replays,2019,2019-01-02,2019-12-31,252,1.19078688372764,-0.1165510477234914,3.205443982704255,1.19078688372764,0.3401954545671213,0.8505914291605188,4.925675924703052,actual_sector_exclusion_replay,,,,HEALTH_SVC,50,bimonth,0.5,3,100000.0,0.0025,0.01,True
A0_bimonth__excludeSector_HEALTH_SVC,A0_bimonth,exclusion_replays,2020,2020-01-02,2020-12-31,253,0.4403602169866798,-0.3898015609208611,1.051982001464392,0.4424473534761288,0.1813082709311855,0.2590519460554943,7.677262984454031,actual_sector_exclusion_replay,,,,HEALTH_SVC,50,bimonth,0.5,3,100000.0,0.0025,0.01,True
A0_bimonth__excludeSector_HEALTH_SVC,A0_bimonth,exclusion_replays,2021,2021-01-04,2021-12-31,252,-0.044582280700002,-0.4100095820352711,0.1119571014205725,-0.044582280700002,0.2861550585808201,-0.3307373392808221,11.888053075411554,actual_sector_exclusion_replay,,,,HEALTH_SVC,50,bimonth,0.5,3,100000.0,0.0025,0.01,True
A0_bimonth__excludeSector_HEALTH_SVC,A0_bimonth,exclusion_replays,2022,2022-01-03,2022-12-30,251,-0.0373499310859102,-0.3123634245186896,0.1169993488082263,-0.0372045091008327,-0.180528833522089,0.1431789024361788,8.365547160507154,actual_sector_exclusion_replay,,,,HEALTH_SVC,50,bimonth,0.5,3,100000.0,0.0025,0.01,True
A0_bimonth__excludeSector_HEALTH_SVC,A0_bimonth,exclusion_replays,2023,2023-01-03,2023-12-29,250,0.1347623840701821,-0.2789672097325092,0.5723714454461077,0.1336243806516934,0.2494116142532503,-0.1146492301830681,8.314891040482703,actual_sector_exclusion_replay,,,,HEALTH_SVC,50,bimonth,0.5,3,100000.0,0.0025,0.01,True
A0_bimonth__excludeSector_HEALTH_SVC,A0_bimonth,exclusion_replays,2024,2024-01-02,2024-12-31,252,0.8757021395715701,-0.3048901110152209,1.3535314824234486,0.8757021395715701,0.2643074461050603,0.6113946934665098,10.30762137892824,actual_sector_exclusion_replay,,,,HEALTH_SVC,50,bimonth,0.5,3,100000.0,0.0025,0.01,True
A0_bimonth__excludeSector_HEALTH_SVC,A0_bimonth,exclusion_replays,2025,2025-01-02,2025-12-31,250,0.6023014265439457,-0.3501580019144505,1.1609527490311904,0.5963174650789853,0.1785790013706134,0.4237224251733322,7.683995373102704,actual_sector_exclusion_replay,,,,HEALTH_SVC,50,bimonth,0.5,3,100000.0,0.0025,0.01,True
A0_bimonth__excludeSector_HEALTH_SVC,A0_bimonth,exclusion_replays,2026,2026-01-02,2026-09-22,181,0.1674797017777063,-0.3495365372363433,0.5568052532929753,0.1176404312846468,0.193982242745804,-0.0265025409680976,11.069028530470266,actual_sector_exclusion_replay,,,,HEALTH_SVC,50,bimonth,0.5,3,100000.0,0.0025,0.01,True
A0_bimonth__excludeSector_CONSUMER,A0_bimonth,exclusion_replays,full,2017-01-04,2026-09-22,2442,0.1900556075562667,-0.5371531179313643,0.6339778891066222,4.398619091079771,0.1534966939059092,0.0365589136503574,8.8498249779097,actual_sector_exclusion_replay,,,,CONSUMER,50,bimonth,0.5,3,100000.0,0.0025,0.01,True
A0_bimonth__excludeSector_CONSUMER,A0_bimonth,exclusion_replays,2017_2022,2017-01-04,2022-12-30,1509,0.0729379632647451,-0.4750550989459872,0.3776299299000437,0.5243464670357771,0.1124281175972994,-0.0394901543325543,8.905419604956245,actual_sector_exclusion_replay,,,,CONSUMER,50,bimonth,0.5,3,100000.0,0.0025,0.01,True
A0_bimonth__excludeSector_CONSUMER,A0_bimonth,exclusion_replays,2023_2026,2023-01-03,2026-09-22,933,0.4071380497597501,-0.407789995751931,0.949104874420676,2.541595829967609,0.2231529414345989,0.1839851083251511,8.759908265998405,actual_sector_exclusion_replay,,,,CONSUMER,50,bimonth,0.5,3,100000.0,0.0025,0.01,True
A0_bimonth__excludeSector_CONSUMER,A0_bimonth,exclusion_replays,2017,2017-01-04,2017-12-29,250,-0.0718851176217327,-0.263297498236379,-0.245395459194848,-0.0713354537632253,0.2120011745455907,-0.2838862921673235,9.781013066551116,actual_sector_exclusion_replay,,,,CONSUMER,50,bimonth,0.5,3,100000.0,0.0025,0.01,True
A0_bimonth__excludeSector_CONSUMER,A0_bimonth,exclusion_replays,2018,2018-01-02,2018-12-31,251,-0.3137660703894306,-0.3882116537236443,-1.346709571832886,-0.312739937840676,-0.0642984107744514,-0.2494676596149792,9.223973359656345,actual_sector_exclusion_replay,,,,CONSUMER,50,bimonth,0.5,3,100000.0,0.0025,0.01,True
A0_bimonth__excludeSector_CONSUMER,A0_bimonth,exclusion_replays,2019,2019-01-02,2019-12-31,252,0.9317254314213111,-0.1233557472228518,2.7206907547291035,0.9317254314213111,0.3401954545671213,0.59152997685419,5.868225886232237,actual_sector_exclusion_replay,,,,CONSUMER,50,bimonth,0.5,3,100000.0,0.0025,0.01,True
A0_bimonth__excludeSector_CONSUMER,A0_bimonth,exclusion_replays,2020,2020-01-02,2020-12-31,253,0.41207644612745,-0.3736008531031266,1.0206190439532974,0.4140113137893357,0.1813082709311855,0.2307681751962644,7.424301298023099,actual_sector_exclusion_replay,,,,CONSUMER,50,bimonth,0.5,3,100000.0,0.0025,0.01,True
A0_bimonth__excludeSector_CONSUMER,A0_bimonth,exclusion_replays,2021,2021-01-04,2021-12-31,252,-0.0355529749584273,-0.389124752731303,0.1270181407548196,-0.0355529749584273,0.2861550585808201,-0.3217080335392475,11.148452253478812,actual_sector_exclusion_replay,,,,CONSUMER,50,bimonth,0.5,3,100000.0,0.0025,0.01,True
A0_bimonth__excludeSector_CONSUMER,A0_bimonth,exclusion_replays,2022,2022-01-03,2022-12-30,251,-0.0937303360154048,-0.3448650472018695,-0.0334064344978303,-0.0933763240827906,-0.180528833522089,0.0867984975066842,10.005005913786556,actual_sector_exclusion_replay,,,,CONSUMER,50,bimonth,0.5,3,100000.0,0.0025,0.01,True
A0_bimonth__excludeSector_CONSUMER,A0_bimonth,exclusion_replays,2023,2023-01-03,2023-12-29,250,0.0529998627220342,-0.3450905199630939,0.3203830291811935,0.0525683624254211,0.2494116142532503,-0.196411751531216,8.062334418707373,actual_sector_exclusion_replay,,,,CONSUMER,50,bimonth,0.5,3,100000.0,0.0025,0.01,True
A0_bimonth__excludeSector_CONSUMER,A0_bimonth,exclusion_replays,2024,2024-01-02,2024-12-31,252,0.913187093420576,-0.2896984851460799,1.4607698312897992,0.913187093420576,0.2643074461050603,0.6488796473155158,9.132269095268986,actual_sector_exclusion_replay,,,,CONSUMER,50,bimonth,0.5,3,100000.0,0.0025,0.01,True
A0_bimonth__excludeSector_CONSUMER,A0_bimonth,exclusion_replays,2025,2025-01-02,2025-12-31,250,0.4525548821471379,-0.3808111635711565,0.980993560070536,0.4482574929866152,0.1785790013706134,0.2739758807765244,7.644022667526663,actual_sector_exclusion_replay,,,,CONSUMER,50,bimonth,0.5,3,100000.0,0.0025,0.01,True
A0_bimonth__excludeSector_CONSUMER,A0_bimonth,exclusion_replays,2026,2026-01-02,2026-09-22,181,0.3104825633053538,-0.279501765825435,0.7761076092751277,0.2143544230994862,0.193982242745804,0.1165003205595498,10.746261484034347,actual_sector_exclusion_replay,,,,CONSUMER,50,bimonth,0.5,3,100000.0,0.0025,0.01,True
A2_event__excludeTop1,A2_event,exclusion_replays,full,2017-01-04,2026-09-22,2442,0.1513996594734186,-0.5972480205498706,0.5596690603488829,2.9202163177906177,0.1534966939059092,-0.0020970344324906,14.659464147067224,actual_stock_exclusion_replay,,,,,50,event,0.5,3,100000.0,0.0025,0.01,True
A2_event__excludeTop1,A2_event,exclusion_replays,2017_2022,2017-01-04,2022-12-30,1509,0.0930068219333057,-0.5647493624973619,0.4295450535318367,0.7032462419252443,0.1124281175972994,-0.0194212956639936,15.151627347232456,actual_stock_exclusion_replay,,,,,50,event,0.5,3,100000.0,0.0025,0.01,True
A2_event__excludeTop1,A2_event,exclusion_replays,2023_2026,2023-01-03,2026-09-22,933,0.2525172701548703,-0.4321514793462352,0.7371772701686153,1.301614541277044,0.2231529414345989,0.0293643287202713,13.86345742782893,actual_stock_exclusion_replay,,,,,50,event,0.5,3,100000.0,0.0025,0.01,True
A2_event__excludeTop1,A2_event,exclusion_replays,2017,2017-01-04,2017-12-29,250,0.0931523334440247,-0.1764798825277123,0.5443684453371477,0.0923798903166646,0.2120011745455907,-0.118848841101566,12.152947746978718,actual_stock_exclusion_replay,,,,,50,event,0.5,3,100000.0,0.0025,0.01,True
A2_event__excludeTop1,A2_event,exclusion_replays,2018,2018-01-02,2018-12-31,251,-0.1702478592781602,-0.3570792035617464,-0.5308610043955035,-0.1696331269576134,-0.0642984107744514,-0.1059494485037088,13.725566271434586,actual_stock_exclusion_replay,,,,,50,event,0.5,3,100000.0,0.0025,0.01,True
A2_event__excludeTop1,A2_event,exclusion_replays,2019,2019-01-02,2019-12-31,252,0.8534199857290539,-0.1101550863174078,2.860326461331796,0.8534199857290539,0.3401954545671213,0.5132245311619326,10.465587260193944,actual_stock_exclusion_replay,,,,,50,event,0.5,3,100000.0,0.0025,0.01,True
A2_event__excludeTop1,A2_event,exclusion_replays,2020,2020-01-02,2020-12-31,253,0.4616539175534859,-0.3887759038605431,1.0459797831631263,0.463857155600506,0.1813082709311855,0.2803456466223004,12.629713848100478,actual_stock_exclusion_replay,,,,,50,event,0.5,3,100000.0,0.0025,0.01,True
A2_event__excludeTop1,A2_event,exclusion_replays,2021,2021-01-04,2021-12-31,252,-0.0754434691905338,-0.4039258382395916,0.019579000407877,-0.0754434691905338,0.2861550585808201,-0.3615985277713539,18.059027242101543,actual_stock_exclusion_replay,,,,,50,event,0.5,3,100000.0,0.0025,0.01,True
A2_event__excludeTop1,A2_event,exclusion_replays,2022,2022-01-03,2022-12-30,251,-0.2523012912957667,-0.3347101226823057,-0.4785233680438703,-0.2514381058400913,-0.180528833522089,-0.0717724577736776,23.892155928092144,actual_stock_exclusion_replay,,,,,50,event,0.5,3,100000.0,0.0025,0.01,True
A2_event__excludeTop1,A2_event,exclusion_replays,2023,2023-01-03,2023-12-29,250,0.1291601783657474,-0.3356855784634638,0.5218337812555909,0.1280721015620392,0.2494116142532503,-0.1202514358875028,12.294646153026372,actual_stock_exclusion_replay,,,,,50,event,0.5,3,100000.0,0.0025,0.01,True
A2_event__excludeTop1,A2_event,exclusion_replays,2024,2024-01-02,2024-12-31,252,0.7319787275098235,-0.2524475196090099,1.590808782295884,0.7319787275098235,0.2643074461050603,0.4676712814047632,13.02771268769978,actual_stock_exclusion_replay,,,,,50,event,0.5,3,100000.0,0.0025,0.01,True
A2_event__excludeTop1,A2_event,exclusion_replays,2025,2025-01-02,2025-12-31,250,0.2057474462009996,-0.4321514793462352,0.620473919280173,0.2039583388401635,0.1785790013706134,0.0271684448303861,14.361713351873451,actual_stock_exclusion_replay,,,,,50,event,0.5,3,100000.0,0.0025,0.01,True
A2_event__excludeTop1,A2_event,exclusion_replays,2026,2026-01-02,2026-09-22,181,-0.0298663524741917,-0.3126938074599147,0.1617367292352971,-0.0215430526608297,0.193982242745804,-0.2238485952199957,16.505703351597187,actual_stock_exclusion_replay,,,,,50,event,0.5,3,100000.0,0.0025,0.01,True
A2_event__excludeTop3,A2_event,exclusion_replays,full,2017-01-04,2026-09-22,2442,0.1480300554880012,-0.5977867662329677,0.5505748895674113,2.810444319219791,0.1534966939059092,-0.005466638417908,14.917628307607323,actual_stock_exclusion_replay,,,,,50,event,0.5,3,100000.0,0.0025,0.01,True
A2_event__excludeTop3,A2_event,exclusion_replays,2017_2022,2017-01-04,2022-12-30,1509,0.0918772171517268,-0.5650342643173915,0.4266160466371388,0.69273266578274,0.1124281175972994,-0.0205509004455726,15.132495587645671,actual_stock_exclusion_replay,,,,,50,event,0.5,3,100000.0,0.0025,0.01,True
A2_event__excludeTop3,A2_event,exclusion_replays,2023_2026,2023-01-03,2026-09-22,933,0.2450263653822229,-0.4301539827520571,0.71895009905161,1.2510609006637123,0.2231529414345989,0.0218734239476239,14.570109845037267,actual_stock_exclusion_replay,,,,,50,event,0.5,3,100000.0,0.0025,0.01,True
A2_event__excludeTop3,A2_event,exclusion_replays,2017,2017-01-04,2017-12-29,250,0.0931523334440247,-0.1764798825277123,0.5443684453371477,0.0923798903166646,0.2120011745455907,-0.118848841101566,12.152947746978718,actual_stock_exclusion_replay,,,,,50,event,0.5,3,100000.0,0.0025,0.01,True
A2_event__excludeTop3,A2_event,exclusion_replays,2018,2018-01-02,2018-12-31,251,-0.1702478592781602,-0.3570792035617464,-0.5308610043955035,-0.1696331269576134,-0.0642984107744514,-0.1059494485037088,13.725566271434586,actual_stock_exclusion_replay,,,,,50,event,0.5,3,100000.0,0.0025,0.01,True
A2_event__excludeTop3,A2_event,exclusion_replays,2019,2019-01-02,2019-12-31,252,0.844934401159275,-0.1104046923675389,2.848097083153062,0.844934401159275,0.3401954545671213,0.5047389465921537,10.356320269476392,actual_stock_exclusion_replay,,,,,50,event,0.5,3,100000.0,0.0025,0.01,True
A2_event__excludeTop3,A2_event,exclusion_replays,2020,2020-01-02,2020-12-31,253,0.4601462822997311,-0.3890518618926967,1.0436647025035148,0.4623412592040872,0.1813082709311855,0.2788380113685456,12.64068898991676,actual_stock_exclusion_replay,,,,,50,event,0.5,3,100000.0,0.0025,0.01,True
A2_event__excludeTop3,A2_event,exclusion_replays,2021,2021-01-04,2021-12-31,252,-0.0755212423505347,-0.4042234753783812,0.019452354343326,-0.0755212423505347,0.2861550585808201,-0.3616763009313548,18.041063030563954,actual_stock_exclusion_replay,,,,,50,event,0.5,3,100000.0,0.0025,0.01,True
A2_event__excludeTop3,A2_event,exclusion_replays,2022,2022-01-03,2022-12-30,251,-0.2526635847120657,-0.3346584690447582,-0.4796894890689356,-0.2517993785236593,-0.180528833522089,-0.0721347511899767,23.893812210451998,actual_stock_exclusion_replay,,,,,50,event,0.5,3,100000.0,0.0025,0.01,True
A2_event__excludeTop3,A2_event,exclusion_replays,2023,2023-01-03,2023-12-29,250,0.1285741579800485,-0.3357336688069716,0.5203545006342666,0.1274912911522907,0.2494116142532503,-0.1208374562732017,12.304181026942157,actual_stock_exclusion_replay,,,,,50,event,0.5,3,100000.0,0.0025,0.01,True
A2_event__excludeTop3,A2_event,exclusion_replays,2024,2024-01-02,2024-12-31,252,0.5929781955205293,-0.2524713473642129,1.3886223571777396,0.5929781955205293,0.2643074461050603,0.328670749415469,13.008984354165223,actual_stock_exclusion_replay,,,,,50,event,0.5,3,100000.0,0.0025,0.01,True
A2_event__excludeTop3,A2_event,exclusion_replays,2025,2025-01-02,2025-12-31,250,0.1545360652955911,-0.4282664085525037,0.5381003542952881,0.1532201078825781,0.1785790013706134,-0.0240429360750222,15.72581391059401,actual_stock_exclusion_replay,,,,,50,event,0.5,3,100000.0,0.0025,0.01,True
A2_event__excludeTop3,A2_event,exclusion_replays,2026,2026-01-02,2026-09-22,181,0.1228795867225691,-0.3663748730765652,0.4731610596427327,0.0868059591768648,0.193982242745804,-0.0711026560232348,18.277070131414884,actual_stock_exclusion_replay,,,,,50,event,0.5,3,100000.0,0.0025,0.01,True
A2_event__excludeTop5,A2_event,exclusion_replays,full,2017-01-04,2026-09-22,2442,0.1274299159840157,-0.6140953488066689,0.5051862839073592,2.197220490586329,0.1534966939059092,-0.0260667779218934,14.983695473902268,actual_stock_exclusion_replay,,,,,50,event,0.5,3,100000.0,0.0025,0.01,True
A2_event__excludeTop5,A2_event,exclusion_replays,2017_2022,2017-01-04,2022-12-30,1509,0.0943743274460566,-0.5824284975254874,0.4330192363231431,0.7160467634805256,0.1124281175972994,-0.0180537901512427,14.998372852193386,actual_stock_exclusion_replay,,,,,50,event,0.5,3,100000.0,0.0025,0.01,True
A2_event__excludeTop5,A2_event,exclusion_replays,2023_2026,2023-01-03,2026-09-22,933,0.1830192327780249,-0.4302570111856291,0.6061913706912562,0.8631313310493118,0.2231529414345989,-0.040133708656574,14.959956820267424,actual_stock_exclusion_replay,,,,,50,event,0.5,3,100000.0,0.0025,0.01,True
A2_event__excludeTop5,A2_event,exclusion_replays,2017,2017-01-04,2017-12-29,250,0.0931523334440247,-0.1764798825277123,0.5443684453371477,0.0923798903166646,0.2120011745455907,-0.118848841101566,12.152947746978718,actual_stock_exclusion_replay,,,,,50,event,0.5,3,100000.0,0.0025,0.01,True
A2_event__excludeTop5,A2_event,exclusion_replays,2018,2018-01-02,2018-12-31,251,-0.1702478592781602,-0.3570792035617464,-0.5308610043955035,-0.1696331269576134,-0.0642984107744514,-0.1059494485037088,13.725566271434586,actual_stock_exclusion_replay,,,,,50,event,0.5,3,100000.0,0.0025,0.01,True
A2_event__excludeTop5,A2_event,exclusion_replays,2019,2019-01-02,2019-12-31,252,0.844934401159275,-0.1104046923675389,2.848097083153062,0.844934401159275,0.3401954545671213,0.5047389465921537,10.356320269476392,actual_stock_exclusion_replay,,,,,50,event,0.5,3,100000.0,0.0025,0.01,True
A2_event__excludeTop5,A2_event,exclusion_replays,2020,2020-01-02,2020-12-31,253,0.4317907555421754,-0.3890518618926967,1.0000271794349207,0.4338315213917574,0.1813082709311855,0.2504824846109899,13.17072302063208,actual_stock_exclusion_replay,,,,,50,event,0.5,3,100000.0,0.0025,0.01,True
A2_event__excludeTop5,A2_event,exclusion_replays,2021,2021-01-04,2021-12-31,252,-0.006563195311309,-0.4155315053340598,0.1858249771610056,-0.006563195311309,0.2861550585808201,-0.2927182538921291,17.884244475499322,actual_stock_exclusion_replay,,,,,50,event,0.5,3,100000.0,0.0025,0.01,True
A2_event__excludeTop5,A2_event,exclusion_replays,2022,2022-01-03,2022-12-30,251,-0.2810520531470338,-0.3524934471513237,-0.5402723059387675,-0.2801100531912955,-0.180528833522089,-0.1005232196249448,22.71065865789349,actual_stock_exclusion_replay,,,,,50,event,0.5,3,100000.0,0.0025,0.01,True
A2_event__excludeTop5,A2_event,exclusion_replays,2023,2023-01-03,2023-12-29,250,0.12763687784205,-0.3362316099585011,0.5180059823991026,0.1265623388659829,0.2494116142532503,-0.1217747364112002,12.308520097571758,actual_stock_exclusion_replay,,,,,50,event,0.5,3,100000.0,0.0025,0.01,True
A2_event__excludeTop5,A2_event,exclusion_replays,2024,2024-01-02,2024-12-31,252,0.5972342723866604,-0.2523890755826724,1.3956378292604477,0.5972342723866604,0.2643074461050603,0.3329268262816001,13.019918972592125,actual_stock_exclusion_replay,,,,,50,event,0.5,3,100000.0,0.0025,0.01,True
A2_event__excludeTop5,A2_event,exclusion_replays,2025,2025-01-02,2025-12-31,250,0.1136526697322026,-0.4283409535090754,0.4664224797697799,0.1127016515645138,0.1785790013706134,-0.0649263316384107,16.136395283966845,actual_stock_exclusion_replay,,,,,50,event,0.5,3,100000.0,0.0025,0.01,True
A2_event__excludeTop5,A2_event,exclusion_replays,2026,2026-01-02,2026-09-22,181,-0.095353253536404,-0.3521876332956506,0.0229154579366282,-0.0694474845503122,0.193982242745804,-0.289335496282208,19.69829440238476,actual_stock_exclusion_replay,,,,,50,event,0.5,3,100000.0,0.0025,0.01,True
A2_event__excludeTop10,A2_event,exclusion_replays,full,2017-01-04,2026-09-22,2442,0.077975776765309,-0.5412050725587165,0.3884289125624829,1.070125888746511,0.1534966939059092,-0.0755209171406001,15.395882687564026,actual_stock_exclusion_replay,,,,,50,event,0.5,3,100000.0,0.0025,0.01,True
A2_event__excludeTop10,A2_event,exclusion_replays,2017_2022,2017-01-04,2022-12-30,1509,0.1025803274849939,-0.4655285596421812,0.4576055130143556,0.7945540887790559,0.1124281175972994,-0.0098477901123055,14.7033684070422,actual_stock_exclusion_replay,,,,,50,event,0.5,3,100000.0,0.0025,0.01,True
A2_event__excludeTop10,A2_event,exclusion_replays,2023_2026,2023-01-03,2026-09-22,933,0.0393380801796499,-0.4457335243894478,0.3106701951098044,0.1535600412885545,0.2231529414345989,-0.183814861254949,16.51592990011218,actual_stock_exclusion_replay,,,,,50,event,0.5,3,100000.0,0.0025,0.01,True
A2_event__excludeTop10,A2_event,exclusion_replays,2017,2017-01-04,2017-12-29,250,0.0931523334440247,-0.1764798825277123,0.5443684453371477,0.0923798903166646,0.2120011745455907,-0.118848841101566,12.152947746978718,actual_stock_exclusion_replay,,,,,50,event,0.5,3,100000.0,0.0025,0.01,True
A2_event__excludeTop10,A2_event,exclusion_replays,2018,2018-01-02,2018-12-31,251,-0.1702478592781602,-0.3570792035617464,-0.5308610043955035,-0.1696331269576134,-0.0642984107744514,-0.1059494485037088,13.725566271434586,actual_stock_exclusion_replay,,,,,50,event,0.5,3,100000.0,0.0025,0.01,True
A2_event__excludeTop10,A2_event,exclusion_replays,2019,2019-01-02,2019-12-31,252,0.844934401159275,-0.1104046923675389,2.848097083153062,0.844934401159275,0.3401954545671213,0.5047389465921537,10.356320269476392,actual_stock_exclusion_replay,,,,,50,event,0.5,3,100000.0,0.0025,0.01,True
A2_event__excludeTop10,A2_event,exclusion_replays,2020,2020-01-02,2020-12-31,253,0.339663365170687,-0.3890518618926967,0.8824991682717878,0.3412187998620908,0.1813082709311855,0.1583550942395015,13.286615711027435,actual_stock_exclusion_replay,,,,,50,event,0.5,3,100000.0,0.0025,0.01,True
A2_event__excludeTop10,A2_event,exclusion_replays,2021,2021-01-04,2021-12-31,252,0.1685841182349379,-0.2361049543807568,0.6013570300017963,0.1685841182349379,0.2861550585808201,-0.1175709403458822,15.886261876723736,actual_stock_exclusion_replay,,,,,50,event,0.5,3,100000.0,0.0025,0.01,True
A2_event__excludeTop10,A2_event,exclusion_replays,2022,2022-01-03,2022-12-30,251,-0.3168507180051999,-0.3739292200287782,-0.6491750657250263,-0.3158169664768565,-0.180528833522089,-0.1363218844831109,22.826232588125684,actual_stock_exclusion_replay,,,,,50,event,0.5,3,100000.0,0.0025,0.01,True
A2_event__excludeTop10,A2_event,exclusion_replays,2023,2023-01-03,2023-12-29,250,0.0779687462780716,-0.3482224472998401,0.3888627706750444,0.0773266181249985,0.2494116142532503,-0.1714428679751787,13.10300235936686,actual_stock_exclusion_replay,,,,,50,event,0.5,3,100000.0,0.0025,0.01,True
A2_event__excludeTop10,A2_event,exclusion_replays,2024,2024-01-02,2024-12-31,252,0.4075355902545416,-0.2494449092198171,1.0528755070913296,0.4075355902545416,0.2643074461050603,0.1432281441494813,13.151393459244346,actual_stock_exclusion_replay,,,,,50,event,0.5,3,100000.0,0.0025,0.01,True
A2_event__excludeTop10,A2_event,exclusion_replays,2025,2025-01-02,2025-12-31,250,-0.0541445048280188,-0.4368422665415187,0.1652474214876149,-0.0537265434972129,0.1785790013706134,-0.2327235061986322,18.84787242715801,actual_stock_exclusion_replay,,,,,50,event,0.5,3,100000.0,0.0025,0.01,True
A2_event__excludeTop10,A2_event,exclusion_replays,2026,2026-01-02,2026-09-22,181,-0.2620335659919007,-0.3838128406752261,-0.3681998099363895,-0.1960727117147752,0.193982242745804,-0.4560158087377047,22.693330101899843,actual_stock_exclusion_replay,,,,,50,event,0.5,3,100000.0,0.0025,0.01,True
A2_event__excludeSector_IT_HW,A2_event,exclusion_replays,full,2017-01-04,2026-09-22,2442,0.0547344824322177,-0.5963606507172379,0.3317261848430478,0.6759771453186605,0.1534966939059092,-0.0987622114736914,15.65026803588755,actual_sector_exclusion_replay,,,,IT_HW,50,event,0.5,3,100000.0,0.0025,0.01,True
A2_event__excludeSector_IT_HW,A2_event,exclusion_replays,2017_2022,2017-01-04,2022-12-30,1509,0.0417168885114942,-0.5496730487453014,0.2946598322897985,0.2772823897724139,0.1124281175972994,-0.0707112290858051,15.57873256653801,actual_sector_exclusion_replay,,,,IT_HW,50,event,0.5,3,100000.0,0.0025,0.01,True
A2_event__excludeSector_IT_HW,A2_event,exclusion_replays,2023_2026,2023-01-03,2026-09-22,933,0.0761338589866913,-0.4456747236617427,0.3852167902429548,0.3121429988690951,0.2231529414345989,-0.1470190824479076,15.765966881813007,actual_sector_exclusion_replay,,,,IT_HW,50,event,0.5,3,100000.0,0.0025,0.01,True
A2_event__excludeSector_IT_HW,A2_event,exclusion_replays,2017,2017-01-04,2017-12-29,250,0.0728550222370572,-0.1943777611400118,0.4443940675363881,0.0722564055839056,0.2120011745455907,-0.1391461523085335,12.9929344743092,actual_sector_exclusion_replay,,,,IT_HW,50,event,0.5,3,100000.0,0.0025,0.01,True
A2_event__excludeSector_IT_HW,A2_event,exclusion_replays,2018,2018-01-02,2018-12-31,251,-0.2838144966883732,-0.4127783431089564,-1.0245505040420777,-0.2828651608085825,-0.0642984107744514,-0.2195160859139218,14.628943338729153,actual_sector_exclusion_replay,,,,IT_HW,50,event,0.5,3,100000.0,0.0025,0.01,True
A2_event__excludeSector_IT_HW,A2_event,exclusion_replays,2019,2019-01-02,2019-12-31,252,0.7619205725168587,-0.1133086020720839,2.616224013872749,0.7619205725168587,0.3401954545671213,0.4217251179497374,11.199039825296609,actual_sector_exclusion_replay,,,,IT_HW,50,event,0.5,3,100000.0,0.0025,0.01,True
A2_event__excludeSector_IT_HW,A2_event,exclusion_replays,2020,2020-01-02,2020-12-31,253,0.4457201383559066,-0.4462423515347536,0.990034269838392,0.4478363816639765,0.1813082709311855,0.2644118674247211,13.523492436884814,actual_sector_exclusion_replay,,,,IT_HW,50,event,0.5,3,100000.0,0.0025,0.01,True
A2_event__excludeSector_IT_HW,A2_event,exclusion_replays,2021,2021-01-04,2021-12-31,252,-0.0332029035157515,-0.3497487390529932,0.1131600490871725,-0.0332029035157515,0.2861550585808201,-0.3193579620965716,17.128681093369753,actual_sector_exclusion_replay,,,,IT_HW,50,event,0.5,3,100000.0,0.0025,0.01,True
A2_event__excludeSector_IT_HW,A2_event,exclusion_replays,2022,2022-01-03,2022-12-30,251,-0.3275462421448526,-0.3802296717248236,-0.6651906289767404,-0.3264865016371563,-0.180528833522089,-0.1470174086227635,24.01665254291537,actual_sector_exclusion_replay,,,,IT_HW,50,event,0.5,3,100000.0,0.0025,0.01,True
A2_event__excludeSector_IT_HW,A2_event,exclusion_replays,2023,2023-01-03,2023-12-29,250,0.1371566512729289,-0.3161235025838309,0.5420370507337685,0.1359972438311814,0.2494116142532503,-0.1122549629803213,13.633312884864075,actual_sector_exclusion_replay,,,,IT_HW,50,event,0.5,3,100000.0,0.0025,0.01,True
A2_event__excludeSector_IT_HW,A2_event,exclusion_replays,2024,2024-01-02,2024-12-31,252,0.4233544394411834,-0.2819691890801366,1.0827515805755776,0.4233544394411834,0.2643074461050603,0.1590469933361231,14.475886095726956,actual_sector_exclusion_replay,,,,IT_HW,50,event,0.5,3,100000.0,0.0025,0.01,True
A2_event__excludeSector_IT_HW,A2_event,exclusion_replays,2025,2025-01-02,2025-12-31,250,-0.0129273956405213,-0.4456747236617426,0.2239172641735819,-0.012825458040295,0.1785790013706134,-0.1915063970111348,17.601379141467888,actual_sector_exclusion_replay,,,,IT_HW,50,event,0.5,3,100000.0,0.0025,0.01,True
A2_event__excludeSector_IT_HW,A2_event,exclusion_replays,2026,2026-01-02,2026-09-22,181,-0.238773511779468,-0.3673366397635957,-0.4302298023240332,-0.1779525571967531,0.193982242745804,-0.432755754525272,17.972656342681493,actual_sector_exclusion_replay,,,,IT_HW,50,event,0.5,3,100000.0,0.0025,0.01,True
A2_event__excludeSector_HEALTH_SVC,A2_event,exclusion_replays,full,2017-01-04,2026-09-22,2442,0.1559548610914494,-0.5559434167999495,0.5630759101279829,3.073118608026731,0.1534966939059092,0.0024581671855401,15.266403965904525,actual_sector_exclusion_replay,,,,HEALTH_SVC,50,event,0.5,3,100000.0,0.0025,0.01,True
A2_event__excludeSector_HEALTH_SVC,A2_event,exclusion_replays,2017_2022,2017-01-04,2022-12-30,1509,0.1317173124250823,-0.5527494314544725,0.523379837246161,1.097915635378382,0.1124281175972994,0.0192891948277829,15.185057929029826,actual_sector_exclusion_replay,,,,HEALTH_SVC,50,event,0.5,3,100000.0,0.0025,0.01,True
A2_event__excludeSector_HEALTH_SVC,A2_event,exclusion_replays,2023_2026,2023-01-03,2026-09-22,933,0.1962593211465633,-0.4615667294729052,0.6220740294888971,0.9415073415438346,0.2231529414345989,-0.0268936202880356,15.397970064129511,actual_sector_exclusion_replay,,,,HEALTH_SVC,50,event,0.5,3,100000.0,0.0025,0.01,True
A2_event__excludeSector_HEALTH_SVC,A2_event,exclusion_replays,2017,2017-01-04,2017-12-29,250,0.1426726497015753,-0.1718326786864844,0.7728649311776942,0.1414637801435689,0.2120011745455907,-0.0693285248440154,11.90208048370132,actual_sector_exclusion_replay,,,,HEALTH_SVC,50,event,0.5,3,100000.0,0.0025,0.01,True
A2_event__excludeSector_HEALTH_SVC,A2_event,exclusion_replays,2018,2018-01-02,2018-12-31,251,-0.1171987018020962,-0.3338387358571115,-0.299582448225453,-0.116761904435258,-0.0642984107744514,-0.0529002910276448,12.782844202955117,actual_sector_exclusion_replay,,,,HEALTH_SVC,50,event,0.5,3,100000.0,0.0025,0.01,True
A2_event__excludeSector_HEALTH_SVC,A2_event,exclusion_replays,2019,2019-01-02,2019-12-31,252,0.8414836727693522,-0.1086958355409598,2.857272783237111,0.8414836727693522,0.3401954545671213,0.5012882182022309,10.786616249240575,actual_sector_exclusion_replay,,,,HEALTH_SVC,50,event,0.5,3,100000.0,0.0025,0.01,True
A2_event__excludeSector_HEALTH_SVC,A2_event,exclusion_replays,2020,2020-01-02,2020-12-31,253,0.4012593254873799,-0.4724211695368967,0.9258660989087706,0.4031365530341408,0.1813082709311855,0.2199510545561944,14.725322302422418,actual_sector_exclusion_replay,,,,HEALTH_SVC,50,event,0.5,3,100000.0,0.0025,0.01,True
A2_event__excludeSector_HEALTH_SVC,A2_event,exclusion_replays,2021,2021-01-04,2021-12-31,252,0.123299978996535,-0.3009299100886142,0.4874517000627522,0.123299978996535,0.2861550585808201,-0.1628550795842851,18.63533432029645,actual_sector_exclusion_replay,,,,HEALTH_SVC,50,event,0.5,3,100000.0,0.0025,0.01,True
A2_event__excludeSector_HEALTH_SVC,A2_event,exclusion_replays,2022,2022-01-03,2022-12-30,251,-0.2840070091388318,-0.4090435786452974,-0.5319347951582527,-0.2830571635943764,-0.180528833522089,-0.1034781756167427,22.272511207182227,actual_sector_exclusion_replay,,,,HEALTH_SVC,50,event,0.5,3,100000.0,0.0025,0.01,True
A2_event__excludeSector_HEALTH_SVC,A2_event,exclusion_replays,2023,2023-01-03,2023-12-29,250,0.1548431141197535,-0.3248911418928172,0.5849508600315413,0.1535243722890156,0.2494116142532503,-0.0945685001334968,13.341239588361573,actual_sector_exclusion_replay,,,,HEALTH_SVC,50,event,0.5,3,100000.0,0.0025,0.01,True
A2_event__excludeSector_HEALTH_SVC,A2_event,exclusion_replays,2024,2024-01-02,2024-12-31,252,0.8230261330983943,-0.2788388239998688,1.595951367518276,0.8230261330983943,0.2643074461050603,0.558718686993334,12.86527975188702,actual_sector_exclusion_replay,,,,HEALTH_SVC,50,event,0.5,3,100000.0,0.0025,0.01,True
A2_event__excludeSector_HEALTH_SVC,A2_event,exclusion_replays,2025,2025-01-02,2025-12-31,250,0.0817253315217505,-0.4497967693051657,0.4079137828271603,0.0810511177780726,0.1785790013706134,-0.0968536698488629,17.22325775246853,actual_sector_exclusion_replay,,,,HEALTH_SVC,50,event,0.5,3,100000.0,0.0025,0.01,True
A2_event__excludeSector_HEALTH_SVC,A2_event,exclusion_replays,2026,2026-01-02,2026-09-22,181,-0.197227596108245,-0.4417959809607518,-0.1514720089745259,-0.145969978369942,0.193982242745804,-0.391209838854049,19.24381898977778,actual_sector_exclusion_replay,,,,HEALTH_SVC,50,event,0.5,3,100000.0,0.0025,0.01,True
A2_event__excludeSector_SEMI,A2_event,exclusion_replays,full,2017-01-04,2026-09-22,2442,0.1307901344377753,-0.6386820698554716,0.5043079255653973,2.2907667840474586,0.1534966939059092,-0.0227065594681339,15.793718555740396,actual_sector_exclusion_replay,,,,SEMI,50,event,0.5,3,100000.0,0.0025,0.01,True
A2_event__excludeSector_SEMI,A2_event,exclusion_replays,2017_2022,2017-01-04,2022-12-30,1509,0.0443269523094431,-0.5345021985003491,0.3011943362074448,0.2965661390361256,0.1124281175972994,-0.0681011652878562,16.11215411544492,actual_sector_exclusion_replay,,,,SEMI,50,event,0.5,3,100000.0,0.0025,0.01,True
A2_event__excludeSector_SEMI,A2_event,exclusion_replays,2023_2026,2023-01-03,2026-09-22,933,0.2860405885624517,-0.4388597028093445,0.7633165527684781,1.5380631847241024,0.2231529414345989,0.0628876471278527,15.278692554031798,actual_sector_exclusion_replay,,,,SEMI,50,event,0.5,3,100000.0,0.0025,0.01,True
A2_event__excludeSector_SEMI,A2_event,exclusion_replays,2017,2017-01-04,2017-12-29,250,0.0122221041469547,-0.1932460588858274,0.1623277594861945,0.0121245176480042,0.2120011745455907,-0.1997790703986359,13.13151471940565,actual_sector_exclusion_replay,,,,SEMI,50,event,0.5,3,100000.0,0.0025,0.01,True
A2_event__excludeSector_SEMI,A2_event,exclusion_replays,2018,2018-01-02,2018-12-31,251,-0.2327729621948198,-0.3927468106251023,-0.8633184138966045,-0.2319658153931624,-0.0642984107744514,-0.1684745514203683,14.723604250294828,actual_sector_exclusion_replay,,,,SEMI,50,event,0.5,3,100000.0,0.0025,0.01,True
A2_event__excludeSector_SEMI,A2_event,exclusion_replays,2019,2019-01-02,2019-12-31,252,0.6898630152543523,-0.1303629694396368,2.4845831118756885,0.6898630152543523,0.3401954545671213,0.349667560687231,11.431666480945632,actual_sector_exclusion_replay,,,,SEMI,50,event,0.5,3,100000.0,0.0025,0.01,True
A2_event__excludeSector_SEMI,A2_event,exclusion_replays,2020,2020-01-02,2020-12-31,253,0.3696436061297901,-0.4740017291230997,0.88366420396617,0.3713542853402549,0.1813082709311855,0.1883353351986045,14.550554532528736,actual_sector_exclusion_replay,,,,SEMI,50,event,0.5,3,100000.0,0.0025,0.01,True
A2_event__excludeSector_SEMI,A2_event,exclusion_replays,2021,2021-01-04,2021-12-31,252,0.0485091939727286,-0.3286457641615816,0.321036459961409,0.0485091939727286,0.2861550585808201,-0.2376458646080914,18.405209423019336,actual_sector_exclusion_replay,,,,SEMI,50,event,0.5,3,100000.0,0.0025,0.01,True
A2_event__excludeSector_SEMI,A2_event,exclusion_replays,2022,2022-01-03,2022-12-30,251,-0.3145815373506083,-0.3752960998584322,-0.6190398946036775,-0.3135533852777561,-0.180528833522089,-0.1340527038285193,24.440454936263063,actual_sector_exclusion_replay,,,,SEMI,50,event,0.5,3,100000.0,0.0025,0.01,True
A2_event__excludeSector_SEMI,A2_event,exclusion_replays,2023,2023-01-03,2023-12-29,250,0.0011983029048368,-0.3550747329668383,0.1863550382221867,0.0011887869136857,0.2494116142532503,-0.2482133113484135,15.769328671307765,actual_sector_exclusion_replay,,,,SEMI,50,event,0.5,3,100000.0,0.0025,0.01,True
A2_event__excludeSector_SEMI,A2_event,exclusion_replays,2024,2024-01-02,2024-12-31,252,0.7528091418174112,-0.2952107576392859,1.4255600326815911,0.7528091418174112,0.2643074461050603,0.4885016957123509,14.221103139236048,actual_sector_exclusion_replay,,,,SEMI,50,event,0.5,3,100000.0,0.0025,0.01,True
A2_event__excludeSector_SEMI,A2_event,exclusion_replays,2025,2025-01-02,2025-12-31,250,0.3456908025815322,-0.4388597028093445,0.8232189272192058,0.3425235382930056,0.1785790013706134,0.1671118012109187,13.195143984647986,actual_sector_exclusion_replay,,,,SEMI,50,event,0.5,3,100000.0,0.0025,0.01,True
A2_event__excludeSector_SEMI,A2_event,exclusion_replays,2026,2026-01-02,2026-09-22,181,0.1092049886425292,-0.4056120152818193,0.4468343779534272,0.0772832668750738,0.193982242745804,-0.0847772541032747,18.95129280571959,actual_sector_exclusion_replay,,,,SEMI,50,event,0.5,3,100000.0,0.0025,0.01,True
A2_quarter__excludeTop1,A2_quarter,exclusion_replays,full,2017-01-04,2026-09-22,2442,0.2296470219091719,-0.5842435184553176,0.7431557420873618,6.413365836585012,0.1534966939059092,0.0761503280032627,8.844748553866912,actual_stock_exclusion_replay,,,,,50,quarter,0.5,3,100000.0,0.0025,0.01,True
A2_quarter__excludeTop1,A2_quarter,exclusion_replays,2017_2022,2017-01-04,2022-12-30,1509,0.1247166396706263,-0.5611789125556846,0.5225908196604627,1.0213944365839849,0.1124281175972994,0.0122885220733268,9.433926586762972,actual_stock_exclusion_replay,,,,,50,quarter,0.5,3,100000.0,0.0025,0.01,True
A2_quarter__excludeTop1,A2_quarter,exclusion_replays,2023_2026,2023-01-03,2026-09-22,933,0.4204724636100303,-0.3897880560194098,1.029802396804313,2.6674513901963053,0.2231529414345989,0.1973195221754313,7.89183360034049,actual_stock_exclusion_replay,,,,,50,quarter,0.5,3,100000.0,0.0025,0.01,True
A2_quarter__excludeTop1,A2_quarter,exclusion_replays,2017,2017-01-04,2017-12-29,250,0.0812687706325971,-0.1751942884631251,0.4974966761123233,0.0805984619349262,0.2120011745455907,-0.1307324039129935,8.180025084269342,actual_stock_exclusion_replay,,,,,50,quarter,0.5,3,100000.0,0.0025,0.01,True
A2_quarter__excludeTop1,A2_quarter,exclusion_replays,2018,2018-01-02,2018-12-31,251,-0.159172010562783,-0.3289477395741221,-0.5529415793664817,-0.1585933480006025,-0.0642984107744514,-0.0948735997883316,8.21835921827567,actual_stock_exclusion_replay,,,,,50,quarter,0.5,3,100000.0,0.0025,0.01,True
A2_quarter__excludeTop1,A2_quarter,exclusion_replays,2019,2019-01-02,2019-12-31,252,0.809009487568396,-0.1200266266182941,2.7654130370105783,0.809009487568396,0.3401954545671213,0.4688140330012746,7.215342112806769,actual_stock_exclusion_replay,,,,,50,quarter,0.5,3,100000.0,0.0025,0.01,True
A2_quarter__excludeTop1,A2_quarter,exclusion_replays,2020,2020-01-02,2020-12-31,253,0.5813451839765995,-0.3920504325676294,1.2443706036516091,0.5842235636647481,0.1813082709311855,0.400036913045414,8.255867242456048,actual_stock_exclusion_replay,,,,,50,quarter,0.5,3,100000.0,0.0025,0.01,True
A2_quarter__excludeTop1,A2_quarter,exclusion_replays,2021,2021-01-04,2021-12-31,252,-0.0344558049532374,-0.4211872623503929,0.108012329499319,-0.0344558049532374,0.2861550585808201,-0.3206108635340575,10.912622850474785,actual_stock_exclusion_replay,,,,,50,quarter,0.5,3,100000.0,0.0025,0.01,True
A2_quarter__excludeTop1,A2_quarter,exclusion_replays,2022,2022-01-03,2022-12-30,251,-0.1972642045062793,-0.2975295866984555,-0.4154959816781328,-0.1965639593901431,-0.180528833522089,-0.0167353709841903,13.828682077619382,actual_stock_exclusion_replay,,,,,50,quarter,0.5,3,100000.0,0.0025,0.01,True
A2_quarter__excludeTop1,A2_quarter,exclusion_replays,2023,2023-01-03,2023-12-29,250,0.1419723794656615,-0.3334356056070703,0.5600314886338144,0.1407698008782947,0.2494116142532503,-0.1074392347875887,7.81747620504597,actual_stock_exclusion_replay,,,,,50,quarter,0.5,3,100000.0,0.0025,0.01,True
A2_quarter__excludeTop1,A2_quarter,exclusion_replays,2024,2024-01-02,2024-12-31,252,1.078852709617324,-0.2246509584895791,1.9294821962826647,1.078852709617324,0.2643074461050603,0.8145452635122636,6.885781411434083,actual_stock_exclusion_replay,,,,,50,quarter,0.5,3,100000.0,0.0025,0.01,True
A2_quarter__excludeTop1,A2_quarter,exclusion_replays,2025,2025-01-02,2025-12-31,250,0.4180379634866176,-0.3787743678941763,0.9372924729789206,0.414112580617471,0.1785790013706134,0.2394589621160041,7.39743634005649,actual_stock_exclusion_replay,,,,,50,quarter,0.5,3,100000.0,0.0025,0.01,True
A2_quarter__excludeTop1,A2_quarter,exclusion_replays,2026,2026-01-02,2026-09-22,181,0.1326651502016278,-0.2307740555255971,0.5046032155057195,0.0936003602302604,0.193982242745804,-0.0613170925441761,10.078097774368365,actual_stock_exclusion_replay,,,,,50,quarter,0.5,3,100000.0,0.0025,0.01,True
A2_quarter__excludeTop3,A2_quarter,exclusion_replays,full,2017-01-04,2026-09-22,2442,0.2007234237918667,-0.5836885223704527,0.6816671556595636,4.886272111928907,0.1534966939059092,0.0472267298859574,8.893055712380278,actual_stock_exclusion_replay,,,,,50,quarter,0.5,3,100000.0,0.0025,0.01,True
A2_quarter__excludeTop3,A2_quarter,exclusion_replays,2017_2022,2017-01-04,2022-12-30,1509,0.1302252231175953,-0.5605010181259049,0.53967579148233,1.0814072090964155,0.1124281175972994,0.0177971055202958,9.358076437128812,actual_stock_exclusion_replay,,,,,50,quarter,0.5,3,100000.0,0.0025,0.01,True
A2_quarter__excludeTop3,A2_quarter,exclusion_replays,2023_2026,2023-01-03,2026-09-22,933,0.3241708926113587,-0.3897956310257843,0.8699884757214809,1.8280252351409296,0.2231529414345989,0.1010179511767597,8.140948237947761,actual_stock_exclusion_replay,,,,,50,quarter,0.5,3,100000.0,0.0025,0.01,True
A2_quarter__excludeTop3,A2_quarter,exclusion_replays,2017,2017-01-04,2017-12-29,250,0.0812687706325971,-0.1751942884631251,0.4974966761123233,0.0805984619349262,0.2120011745455907,-0.1307324039129935,8.180025084269342,actual_stock_exclusion_replay,,,,,50,quarter,0.5,3,100000.0,0.0025,0.01,True
A2_quarter__excludeTop3,A2_quarter,exclusion_replays,2018,2018-01-02,2018-12-31,251,-0.159172010562783,-0.3289477395741221,-0.5529415793664817,-0.1585933480006025,-0.0642984107744514,-0.0948735997883316,8.21835921827567,actual_stock_exclusion_replay,,,,,50,quarter,0.5,3,100000.0,0.0025,0.01,True
A2_quarter__excludeTop3,A2_quarter,exclusion_replays,2019,2019-01-02,2019-12-31,252,0.8273958788086533,-0.1180529316232325,2.816659665070704,0.8273958788086533,0.3401954545671213,0.487200424241532,7.110645585180079,actual_stock_exclusion_replay,,,,,50,quarter,0.5,3,100000.0,0.0025,0.01,True
A2_quarter__excludeTop3,A2_quarter,exclusion_replays,2020,2020-01-02,2020-12-31,253,0.6081192875968249,-0.3586028800342402,1.3098135606862331,0.6111537412102097,0.1813082709311855,0.4268110166656393,7.959163426168615,actual_stock_exclusion_replay,,,,,50,quarter,0.5,3,100000.0,0.0025,0.01,True
A2_quarter__excludeTop3,A2_quarter,exclusion_replays,2021,2021-01-04,2021-12-31,252,-0.0356309715312798,-0.4220233351029855,0.1049170606582712,-0.0356309715312798,0.2861550585808201,-0.3217860301120999,10.876665136902778,actual_stock_exclusion_replay,,,,,50,quarter,0.5,3,100000.0,0.0025,0.01,True
A2_quarter__excludeTop3,A2_quarter,exclusion_replays,2022,2022-01-03,2022-12-30,251,-0.1944337275824971,-0.2952281719448878,-0.4062181900993498,-0.1937422749424237,-0.180528833522089,-0.013904894060408,13.812957211104806,actual_stock_exclusion_replay,,,,,50,quarter,0.5,3,100000.0,0.0025,0.01,True
A2_quarter__excludeTop3,A2_quarter,exclusion_replays,2023,2023-01-03,2023-12-29,250,0.1410316683826309,-0.3338468233535513,0.5575558334642636,0.1398375354817924,0.2494116142532503,-0.1083799458706193,7.812804960843853,actual_stock_exclusion_replay,,,,,50,quarter,0.5,3,100000.0,0.0025,0.01,True
A2_quarter__excludeTop3,A2_quarter,exclusion_replays,2024,2024-01-02,2024-12-31,252,1.076825979380435,-0.224962158203625,1.9266615545745895,1.076825979380435,0.2643074461050603,0.8125185332753746,6.88070700425374,actual_stock_exclusion_replay,,,,,50,quarter,0.5,3,100000.0,0.0025,0.01,True
A2_quarter__excludeTop3,A2_quarter,exclusion_replays,2025,2025-01-02,2025-12-31,250,0.3052013093607553,-0.3788071003293402,0.777855235813309,0.3024450975799155,0.1785790013706134,0.1266223079901418,7.69998963198164,actual_stock_exclusion_replay,,,,,50,quarter,0.5,3,100000.0,0.0025,0.01,True
A2_quarter__excludeTop3,A2_quarter,exclusion_replays,2026,2026-01-02,2026-09-22,181,-0.1133273475978147,-0.2915619607000268,-0.0795675999750851,-0.0827646313278275,0.193982242745804,-0.3073095903436187,10.957833661474844,actual_stock_exclusion_replay,,,,,50,quarter,0.5,3,100000.0,0.0025,0.01,True
A2_quarter__excludeTop5,A2_quarter,exclusion_replays,full,2017-01-04,2026-09-22,2442,0.1708511003633506,-0.5836885223704527,0.6158096076670809,3.611198171226131,0.1534966939059092,0.0173544064574413,8.99044041846208,actual_stock_exclusion_replay,,,,,50,quarter,0.5,3,100000.0,0.0025,0.01,True
A2_quarter__excludeTop5,A2_quarter,exclusion_replays,2017_2022,2017-01-04,2022-12-30,1509,0.1302252231175953,-0.5605010181259049,0.53967579148233,1.0814072090964155,0.1124281175972994,0.0177971055202958,9.358076437128812,actual_stock_exclusion_replay,,,,,50,quarter,0.5,3,100000.0,0.0025,0.01,True
A2_quarter__excludeTop5,A2_quarter,exclusion_replays,2023_2026,2023-01-03,2026-09-22,933,0.2396715703867313,-0.3886052339677727,0.7221197656301721,1.215423368898561,0.2231529414345989,0.0165186289521324,8.395839397917499,actual_stock_exclusion_replay,,,,,50,quarter,0.5,3,100000.0,0.0025,0.01,True
A2_quarter__excludeTop5,A2_quarter,exclusion_replays,2017,2017-01-04,2017-12-29,250,0.0812687706325971,-0.1751942884631251,0.4974966761123233,0.0805984619349262,0.2120011745455907,-0.1307324039129935,8.180025084269342,actual_stock_exclusion_replay,,,,,50,quarter,0.5,3,100000.0,0.0025,0.01,True
A2_quarter__excludeTop5,A2_quarter,exclusion_replays,2018,2018-01-02,2018-12-31,251,-0.159172010562783,-0.3289477395741221,-0.5529415793664817,-0.1585933480006025,-0.0642984107744514,-0.0948735997883316,8.21835921827567,actual_stock_exclusion_replay,,,,,50,quarter,0.5,3,100000.0,0.0025,0.01,True
A2_quarter__excludeTop5,A2_quarter,exclusion_replays,2019,2019-01-02,2019-12-31,252,0.8273958788086533,-0.1180529316232325,2.816659665070704,0.8273958788086533,0.3401954545671213,0.487200424241532,7.110645585180079,actual_stock_exclusion_replay,,,,,50,quarter,0.5,3,100000.0,0.0025,0.01,True
A2_quarter__excludeTop5,A2_quarter,exclusion_replays,2020,2020-01-02,2020-12-31,253,0.6081192875968249,-0.3586028800342402,1.3098135606862331,0.6111537412102097,0.1813082709311855,0.4268110166656393,7.959163426168615,actual_stock_exclusion_replay,,,,,50,quarter,0.5,3,100000.0,0.0025,0.01,True
A2_quarter__excludeTop5,A2_quarter,exclusion_replays,2021,2021-01-04,2021-12-31,252,-0.0356309715312798,-0.4220233351029855,0.1049170606582712,-0.0356309715312798,0.2861550585808201,-0.3217860301120999,10.876665136902778,actual_stock_exclusion_replay,,,,,50,quarter,0.5,3,100000.0,0.0025,0.01,True
A2_quarter__excludeTop5,A2_quarter,exclusion_replays,2022,2022-01-03,2022-12-30,251,-0.1944337275824971,-0.2952281719448878,-0.4062181900993498,-0.1937422749424237,-0.180528833522089,-0.013904894060408,13.812957211104806,actual_stock_exclusion_replay,,,,,50,quarter,0.5,3,100000.0,0.0025,0.01,True
A2_quarter__excludeTop5,A2_quarter,exclusion_replays,2023,2023-01-03,2023-12-29,250,0.1410316683826309,-0.3338468233535513,0.5575558334642636,0.1398375354817924,0.2494116142532503,-0.1083799458706193,7.812804960843853,actual_stock_exclusion_replay,,,,,50,quarter,0.5,3,100000.0,0.0025,0.01,True
A2_quarter__excludeTop5,A2_quarter,exclusion_replays,2024,2024-01-02,2024-12-31,252,0.9529910071752596,-0.224962158203625,1.8030522382711351,0.9529910071752596,0.2643074461050603,0.6886835610701993,6.93660099336882,actual_stock_exclusion_replay,,,,,50,quarter,0.5,3,100000.0,0.0025,0.01,True
A2_quarter__excludeTop5,A2_quarter,exclusion_replays,2025,2025-01-02,2025-12-31,250,0.1849414451118294,-0.3654020221147274,0.5921572635960116,0.1833466724639061,0.1785790013706134,0.0063624437412159,8.313839708072997,actual_stock_exclusion_replay,,,,,50,quarter,0.5,3,100000.0,0.0025,0.01,True
A2_quarter__excludeTop5,A2_quarter,exclusion_replays,2026,2026-01-02,2026-09-22,181,-0.2142148766523977,-0.3120280990888949,-0.3740281396659486,-0.158989262545066,0.193982242745804,-0.4081971193982017,11.346041661319727,actual_stock_exclusion_replay,,,,,50,quarter,0.5,3,100000.0,0.0025,0.01,True
A2_quarter__excludeTop10,A2_quarter,exclusion_replays,full,2017-01-04,2026-09-22,2442,0.1424888165477196,-0.6153552095717867,0.5481364370588947,2.635909104973496,0.1534966939059092,-0.0110078773581896,9.42230547244853,actual_stock_exclusion_replay,,,,,50,quarter,0.5,3,100000.0,0.0025,0.01,True
A2_quarter__excludeTop10,A2_quarter,exclusion_replays,2017_2022,2017-01-04,2022-12-30,1509,0.1147178328026632,-0.5938604447091771,0.4967872628211084,0.9161442736105796,0.1124281175972994,0.0022897152053638,9.51058516437228,actual_stock_exclusion_replay,,,,,50,quarter,0.5,3,100000.0,0.0025,0.01,True
A2_quarter__excludeTop10,A2_quarter,exclusion_replays,2023_2026,2023-01-03,2026-09-22,933,0.1888764758159367,-0.4030408329633119,0.6221876423612113,0.897513227499497,0.2231529414345989,-0.0342764656186622,9.279525134706905,actual_stock_exclusion_replay,,,,,50,quarter,0.5,3,100000.0,0.0025,0.01,True
A2_quarter__excludeTop10,A2_quarter,exclusion_replays,2017,2017-01-04,2017-12-29,250,0.0812687706325971,-0.1751942884631251,0.4974966761123233,0.0805984619349262,0.2120011745455907,-0.1307324039129935,8.180025084269342,actual_stock_exclusion_replay,,,,,50,quarter,0.5,3,100000.0,0.0025,0.01,True
A2_quarter__excludeTop10,A2_quarter,exclusion_replays,2018,2018-01-02,2018-12-31,251,-0.159172010562783,-0.3289477395741221,-0.5529415793664817,-0.1585933480006025,-0.0642984107744514,-0.0948735997883316,8.21835921827567,actual_stock_exclusion_replay,,,,,50,quarter,0.5,3,100000.0,0.0025,0.01,True
A2_quarter__excludeTop10,A2_quarter,exclusion_replays,2019,2019-01-02,2019-12-31,252,0.8649944339433704,-0.1257099635210844,2.863406871987152,0.8649944339433704,0.3401954545671213,0.5247989793762491,7.021549478659265,actual_stock_exclusion_replay,,,,,50,quarter,0.5,3,100000.0,0.0025,0.01,True
A2_quarter__excludeTop10,A2_quarter,exclusion_replays,2020,2020-01-02,2020-12-31,253,0.5526990708207198,-0.3607865767921554,1.229569910205044,0.5554124684800334,0.1813082709311855,0.3713907998895343,8.62673587141041,actual_stock_exclusion_replay,,,,,50,quarter,0.5,3,100000.0,0.0025,0.01,True
A2_quarter__excludeTop10,A2_quarter,exclusion_replays,2021,2021-01-04,2021-12-31,252,-0.0978311996553087,-0.4671229838632358,-0.0631998519818024,-0.0978311996553087,0.2861550585808201,-0.3839862582361288,11.24672655922092,actual_stock_exclusion_replay,,,,,50,quarter,0.5,3,100000.0,0.0025,0.01,True
A2_quarter__excludeTop10,A2_quarter,exclusion_replays,2022,2022-01-03,2022-12-30,251,-0.1954143428347067,-0.2951413076362413,-0.4095836938291262,-0.1947198395910229,-0.180528833522089,-0.0148855093126176,13.774855940918728,actual_stock_exclusion_replay,,,,,50,quarter,0.5,3,100000.0,0.0025,0.01,True
A2_quarter__excludeTop10,A2_quarter,exclusion_replays,2023,2023-01-03,2023-12-29,250,0.1423750599434183,-0.3325793202357994,0.5611221947881201,0.141168864235053,0.2494116142532503,-0.1070365543098319,7.9216488469172655,actual_stock_exclusion_replay,,,,,50,quarter,0.5,3,100000.0,0.0025,0.01,True
A2_quarter__excludeTop10,A2_quarter,exclusion_replays,2024,2024-01-02,2024-12-31,252,0.9142451155962958,-0.2247450204468898,1.757074552609313,0.9142451155962958,0.2643074461050603,0.6499376694912355,7.00837005620287,actual_stock_exclusion_replay,,,,,50,quarter,0.5,3,100000.0,0.0025,0.01,True
A2_quarter__excludeTop10,A2_quarter,exclusion_replays,2025,2025-01-02,2025-12-31,250,0.0932115845138661,-0.3692922236336611,0.4265179144575508,0.0924386295915902,0.1785790013706134,-0.0853674168567473,9.83181557429418,actual_stock_exclusion_replay,,,,,50,quarter,0.5,3,100000.0,0.0025,0.01,True
A2_quarter__excludeTop10,A2_quarter,exclusion_replays,2026,2026-01-02,2026-09-22,181,-0.2732475616362396,-0.3605004148778464,-0.5199218230310042,-0.2048660411950785,0.193982242745804,-0.4672298043820436,13.55426293489259,actual_stock_exclusion_replay,,,,,50,quarter,0.5,3,100000.0,0.0025,0.01,True
A2_quarter__excludeSector_IT_HW,A2_quarter,exclusion_replays,full,2017-01-04,2026-09-22,2442,0.155839918393001,-0.5102300332131452,0.5889919879202994,3.0691955471240533,0.1534966939059092,0.0023432244870917,9.18416093359565,actual_sector_exclusion_replay,,,,IT_HW,50,quarter,0.5,3,100000.0,0.0025,0.01,True
A2_quarter__excludeSector_IT_HW,A2_quarter,exclusion_replays,2017_2022,2017-01-04,2022-12-30,1509,0.0972210023878248,-0.4866582797831127,0.4475432772871603,0.7429502075005625,0.1124281175972994,-0.0152071152094745,9.765392298204189,actual_sector_exclusion_replay,,,,IT_HW,50,quarter,0.5,3,100000.0,0.0025,0.01,True
A2_quarter__excludeSector_IT_HW,A2_quarter,exclusion_replays,2023_2026,2023-01-03,2026-09-22,933,0.2573491328571757,-0.3792864212895737,0.7874524459781628,1.3346596647527824,0.2231529414345989,0.0341961914225767,8.244098630064794,actual_sector_exclusion_replay,,,,IT_HW,50,quarter,0.5,3,100000.0,0.0025,0.01,True
A2_quarter__excludeSector_IT_HW,A2_quarter,exclusion_replays,2017,2017-01-04,2017-12-29,250,0.0491868998590525,-0.1942809308736292,0.3409256876810865,0.0487871568565339,0.2120011745455907,-0.1628142746865382,8.377404177511353,actual_sector_exclusion_replay,,,,IT_HW,50,quarter,0.5,3,100000.0,0.0025,0.01,True
A2_quarter__excludeSector_IT_HW,A2_quarter,exclusion_replays,2018,2018-01-02,2018-12-31,251,-0.2641022629352073,-0.383077977691963,-1.0381980617909912,-0.263206188345098,-0.0642984107744514,-0.1998038521607559,8.85967158490394,actual_sector_exclusion_replay,,,,IT_HW,50,quarter,0.5,3,100000.0,0.0025,0.01,True
A2_quarter__excludeSector_IT_HW,A2_quarter,exclusion_replays,2019,2019-01-02,2019-12-31,252,0.7299480544084329,-0.1211850188931253,2.549492258291525,0.7299480544084329,0.3401954545671213,0.3897525998413116,7.695990283800957,actual_sector_exclusion_replay,,,,IT_HW,50,quarter,0.5,3,100000.0,0.0025,0.01,True
A2_quarter__excludeSector_IT_HW,A2_quarter,exclusion_replays,2020,2020-01-02,2020-12-31,253,0.6898513751111557,-0.3847021051565027,1.3831191401492238,0.6933731533697587,0.1813082709311855,0.5085431041799702,8.77845420394958,actual_sector_exclusion_replay,,,,IT_HW,50,quarter,0.5,3,100000.0,0.0025,0.01,True
A2_quarter__excludeSector_IT_HW,A2_quarter,exclusion_replays,2021,2021-01-04,2021-12-31,252,-0.0313233148950088,-0.3351916991886742,0.0970630530817526,-0.0313233148950088,0.2861550585808201,-0.3174783734758289,10.800080597413244,actual_sector_exclusion_replay,,,,IT_HW,50,quarter,0.5,3,100000.0,0.0025,0.01,True
A2_quarter__excludeSector_IT_HW,A2_quarter,exclusion_replays,2022,2022-01-03,2022-12-30,251,-0.2058732819510876,-0.2983276028622426,-0.4268989287953282,-0.2051465372113587,-0.180528833522089,-0.0253444484289986,14.087209522454858,actual_sector_exclusion_replay,,,,IT_HW,50,quarter,0.5,3,100000.0,0.0025,0.01,True
A2_quarter__excludeSector_IT_HW,A2_quarter,exclusion_replays,2023,2023-01-03,2023-12-29,250,0.2555933632705849,-0.2780550211367193,0.8576465431081925,0.253327288233462,0.2494116142532503,0.0061817490173345,7.126943921583108,actual_sector_exclusion_replay,,,,IT_HW,50,quarter,0.5,3,100000.0,0.0025,0.01,True
A2_quarter__excludeSector_IT_HW,A2_quarter,exclusion_replays,2024,2024-01-02,2024-12-31,252,0.837079352242422,-0.2275601713921532,1.8943550337376671,0.837079352242422,0.2643074461050603,0.5727719061373617,6.349026203152501,actual_sector_exclusion_replay,,,,IT_HW,50,quarter,0.5,3,100000.0,0.0025,0.01,True
A2_quarter__excludeSector_IT_HW,A2_quarter,exclusion_replays,2025,2025-01-02,2025-12-31,250,0.174686754407509,-0.379286421289574,0.58161759355394,0.1731867101802255,0.1785790013706134,-0.0038922469631044,9.2641408941901,actual_sector_exclusion_replay,,,,IT_HW,50,quarter,0.5,3,100000.0,0.0025,0.01,True
A2_quarter__excludeSector_IT_HW,A2_quarter,exclusion_replays,2026,2026-01-02,2026-09-22,181,-0.1837568697736862,-0.3259862540455742,-0.3154227302837023,-0.1357009531519909,0.193982242745804,-0.3777391125194902,11.016675219407295,actual_sector_exclusion_replay,,,,IT_HW,50,quarter,0.5,3,100000.0,0.0025,0.01,True
A2_quarter__excludeSector_HEALTH_SVC,A2_quarter,exclusion_replays,full,2017-01-04,2026-09-22,2442,0.2497416236322098,-0.5939029625315816,0.7609742387082951,7.674294804607097,0.1534966939059092,0.0962449297263006,9.315048225544476,actual_sector_exclusion_replay,,,,HEALTH_SVC,50,quarter,0.5,3,100000.0,0.0025,0.01,True
A2_quarter__excludeSector_HEALTH_SVC,A2_quarter,exclusion_replays,2017_2022,2017-01-04,2022-12-30,1509,0.1465378275650317,-0.5558496875220522,0.577158639082895,1.2678969811080258,0.1124281175972994,0.0341097099677323,9.701349844966307,actual_sector_exclusion_replay,,,,HEALTH_SVC,50,quarter,0.5,3,100000.0,0.0025,0.01,True
A2_quarter__excludeSector_HEALTH_SVC,A2_quarter,exclusion_replays,2023_2026,2023-01-03,2026-09-22,933,0.436683590199556,-0.4738655399110942,0.9943456403738158,2.824818709520526,0.2231529414345989,0.2135306487649571,8.690258146543888,actual_sector_exclusion_replay,,,,HEALTH_SVC,50,quarter,0.5,3,100000.0,0.0025,0.01,True
A2_quarter__excludeSector_HEALTH_SVC,A2_quarter,exclusion_replays,2017,2017-01-04,2017-12-29,250,0.1069613709522283,-0.1710761402204417,0.6275389224806058,0.1060689686425795,0.2120011745455907,-0.1050398035933624,7.739582753419672,actual_sector_exclusion_replay,,,,HEALTH_SVC,50,quarter,0.5,3,100000.0,0.0025,0.01,True
A2_quarter__excludeSector_HEALTH_SVC,A2_quarter,exclusion_replays,2018,2018-01-02,2018-12-31,251,-0.0996908511454126,-0.3079303778151179,-0.2687398641648453,-0.0993155831389209,-0.0642984107744514,-0.0353924403709612,7.415654089612483,actual_sector_exclusion_replay,,,,HEALTH_SVC,50,quarter,0.5,3,100000.0,0.0025,0.01,True
A2_quarter__excludeSector_HEALTH_SVC,A2_quarter,exclusion_replays,2019,2019-01-02,2019-12-31,252,0.7879128767553369,-0.1173795760536631,2.7603310782620283,0.7879128767553369,0.3401954545671213,0.4477174221882156,7.024450006396044,actual_sector_exclusion_replay,,,,HEALTH_SVC,50,quarter,0.5,3,100000.0,0.0025,0.01,True
A2_quarter__excludeSector_HEALTH_SVC,A2_quarter,exclusion_replays,2020,2020-01-02,2020-12-31,253,0.7343631506427648,-0.3745081562819181,1.4390596967377114,0.7381570171846312,0.1813082709311855,0.5530548797115793,9.133914926458452,actual_sector_exclusion_replay,,,,HEALTH_SVC,50,quarter,0.5,3,100000.0,0.0025,0.01,True
A2_quarter__excludeSector_HEALTH_SVC,A2_quarter,exclusion_replays,2021,2021-01-04,2021-12-31,252,0.0176174895523646,-0.3563271108607816,0.2455891709213625,0.0176174895523646,0.2861550585808201,-0.2685375690284555,11.829606863576355,actual_sector_exclusion_replay,,,,HEALTH_SVC,50,quarter,0.5,3,100000.0,0.0025,0.01,True
A2_quarter__excludeSector_HEALTH_SVC,A2_quarter,exclusion_replays,2022,2022-01-03,2022-12-30,251,-0.2810812439049477,-0.3579044308913097,-0.6807144572299704,-0.2801391662105655,-0.180528833522089,-0.1005524103828586,15.063781846930194,actual_sector_exclusion_replay,,,,HEALTH_SVC,50,quarter,0.5,3,100000.0,0.0025,0.01,True
A2_quarter__excludeSector_HEALTH_SVC,A2_quarter,exclusion_replays,2023,2023-01-03,2023-12-29,250,0.1758522675805602,-0.3178459117974538,0.6441747544625815,0.174341492185881,0.2494116142532503,-0.07355934667269,8.832295025546623,actual_sector_exclusion_replay,,,,HEALTH_SVC,50,quarter,0.5,3,100000.0,0.0025,0.01,True
A2_quarter__excludeSector_HEALTH_SVC,A2_quarter,exclusion_replays,2024,2024-01-02,2024-12-31,252,1.3718502358094762,-0.2559058652956758,1.839128354419892,1.3718502358094762,0.2643074461050603,1.107542789704416,6.69792396155976,actual_sector_exclusion_replay,,,,HEALTH_SVC,50,quarter,0.5,3,100000.0,0.0025,0.01,True
A2_quarter__excludeSector_HEALTH_SVC,A2_quarter,exclusion_replays,2025,2025-01-02,2025-12-31,250,0.3148492369915816,-0.4457305008279821,0.7926393346651976,0.3119959629189412,0.1785790013706134,0.1362702356209681,9.23828183435179,actual_sector_exclusion_replay,,,,HEALTH_SVC,50,quarter,0.5,3,100000.0,0.0025,0.01,True
A2_quarter__excludeSector_HEALTH_SVC,A2_quarter,exclusion_replays,2026,2026-01-02,2026-09-22,181,0.065521552914959,-0.3370435321837371,0.3752678348378518,0.0466384553303997,0.193982242745804,-0.1284606898308449,10.510993356009866,actual_sector_exclusion_replay,,,,HEALTH_SVC,50,quarter,0.5,3,100000.0,0.0025,0.01,True
A2_quarter__excludeSector_SEMI,A2_quarter,exclusion_replays,full,2017-01-04,2026-09-22,2442,0.1879349909192917,-0.62999518168051,0.6333481474509166,4.306114704809009,0.1534966939059092,0.0344382970133825,9.657082571013085,actual_sector_exclusion_replay,,,,SEMI,50,quarter,0.5,3,100000.0,0.0025,0.01,True
A2_quarter__excludeSector_SEMI,A2_quarter,exclusion_replays,2017_2022,2017-01-04,2022-12-30,1509,0.0850211699177356,-0.5781846351155437,0.4112174403640515,0.6300742515572868,0.1124281175972994,-0.0274069476795637,9.955944634373823,actual_sector_exclusion_replay,,,,SEMI,50,quarter,0.5,3,100000.0,0.0025,0.01,True
A2_quarter__excludeSector_SEMI,A2_quarter,exclusion_replays,2023_2026,2023-01-03,2026-09-22,933,0.3754447202503725,-0.4595604211119392,0.9080517122787234,2.255136813393526,0.2231529414345989,0.1522917788157736,9.17371402480584,actual_sector_exclusion_replay,,,,SEMI,50,quarter,0.5,3,100000.0,0.0025,0.01,True
A2_quarter__excludeSector_SEMI,A2_quarter,exclusion_replays,2017,2017-01-04,2017-12-29,250,-0.0081605951662837,-0.1986904989419443,0.0583076788063682,-0.0080960914295116,0.2120011745455907,-0.2201617697118745,8.69432851920824,actual_sector_exclusion_replay,,,,SEMI,50,quarter,0.5,3,100000.0,0.0025,0.01,True
A2_quarter__excludeSector_SEMI,A2_quarter,exclusion_replays,2018,2018-01-02,2018-12-31,251,-0.2125556501285481,-0.3617612960440347,-0.8558760715619331,-0.211808590695667,-0.0642984107744514,-0.1482572393540967,8.665873167402605,actual_sector_exclusion_replay,,,,SEMI,50,quarter,0.5,3,100000.0,0.0025,0.01,True
A2_quarter__excludeSector_SEMI,A2_quarter,exclusion_replays,2019,2019-01-02,2019-12-31,252,0.6848562498173305,-0.137278552865859,2.4576527387421145,0.6848562498173305,0.3401954545671213,0.3446607952502092,7.941672556320999,actual_sector_exclusion_replay,,,,SEMI,50,quarter,0.5,3,100000.0,0.0025,0.01,True
A2_quarter__excludeSector_SEMI,A2_quarter,exclusion_replays,2020,2020-01-02,2020-12-31,253,0.6583025877654576,-0.4053345282592469,1.34687469585592,0.6616343445422825,0.1813082709311855,0.476994316834272,8.919252762585781,actual_sector_exclusion_replay,,,,SEMI,50,quarter,0.5,3,100000.0,0.0025,0.01,True
A2_quarter__excludeSector_SEMI,A2_quarter,exclusion_replays,2021,2021-01-04,2021-12-31,252,-0.0563359178101362,-0.4612827452080168,0.0765981697426134,-0.0563359178101362,0.2861550585808201,-0.3424909763909564,10.919519913612188,actual_sector_exclusion_replay,,,,SEMI,50,quarter,0.5,3,100000.0,0.0025,0.01,True
A2_quarter__excludeSector_SEMI,A2_quarter,exclusion_replays,2022,2022-01-03,2022-12-30,251,-0.2115380314300043,-0.3023162510411225,-0.4418173894603648,-0.2107940511688445,-0.180528833522089,-0.0310091979079153,14.60244106411404,actual_sector_exclusion_replay,,,,SEMI,50,quarter,0.5,3,100000.0,0.0025,0.01,True
A2_quarter__excludeSector_SEMI,A2_quarter,exclusion_replays,2023,2023-01-03,2023-12-29,250,0.1186515833363901,-0.3058094252295473,0.5006066809320606,0.1176565681157362,0.2494116142532503,-0.1307600309168601,8.848411678184512,actual_sector_exclusion_replay,,,,SEMI,50,quarter,0.5,3,100000.0,0.0025,0.01,True
A2_quarter__excludeSector_SEMI,A2_quarter,exclusion_replays,2024,2024-01-02,2024-12-31,252,1.2024875904293153,-0.2554195011609426,1.7061487431053386,1.2024875904293153,0.2643074461050603,0.938180144324255,7.346659857070365,actual_sector_exclusion_replay,,,,SEMI,50,quarter,0.5,3,100000.0,0.0025,0.01,True
A2_quarter__excludeSector_SEMI,A2_quarter,exclusion_replays,2025,2025-01-02,2025-12-31,250,0.3271951202085819,-0.4263145658235422,0.8000843707347227,0.324216830576002,0.1785790013706134,0.1486161188379684,9.50924692995878,actual_sector_exclusion_replay,,,,SEMI,50,quarter,0.5,3,100000.0,0.0025,0.01,True
A2_quarter__excludeSector_SEMI,A2_quarter,exclusion_replays,2026,2026-01-02,2026-09-22,181,-0.0019590767434235,-0.3289102842645313,0.2165367364284544,-0.0014075033074608,0.193982242745804,-0.1959413194892275,11.703327343239192,actual_sector_exclusion_replay,,,,SEMI,50,quarter,0.5,3,100000.0,0.0025,0.01,True
A2_week__excludeTop1,A2_week,exclusion_replays,full,2017-01-04,2026-09-22,2442,0.2001533297857409,-0.5404573997297795,0.6763920503908362,4.859245405406188,0.1534966939059092,0.0466566358798317,13.050531940418846,actual_stock_exclusion_replay,,,,,50,week,0.5,3,100000.0,0.0025,0.01,True
A2_week__excludeTop1,A2_week,exclusion_replays,2017_2022,2017-01-04,2022-12-30,1509,0.1134661254139577,-0.5171409900132262,0.4875585490365629,0.903296182045644,0.1124281175972994,0.0010380078166583,13.336549490041362,actual_stock_exclusion_replay,,,,,50,week,0.5,3,100000.0,0.0025,0.01,True
A2_week__excludeTop1,A2_week,exclusion_replays,2023_2026,2023-01-03,2026-09-22,933,0.3548700433070995,-0.3697619952084249,0.9304977038649448,2.078472736234223,0.2231529414345989,0.1317171018725005,12.587937639903975,actual_stock_exclusion_replay,,,,,50,week,0.5,3,100000.0,0.0025,0.01,True
A2_week__excludeTop1,A2_week,exclusion_replays,2017,2017-01-04,2017-12-29,250,0.0849831774339533,-0.1806182280199597,0.5091751319600843,0.0842810547844141,0.2120011745455907,-0.1270179971116374,11.279608216276486,actual_stock_exclusion_replay,,,,,50,week,0.5,3,100000.0,0.0025,0.01,True
A2_week__excludeTop1,A2_week,exclusion_replays,2018,2018-01-02,2018-12-31,251,-0.1594003884648153,-0.3500548956631699,-0.5038153454672215,-0.1588209763110664,-0.0642984107744514,-0.0951019776903638,11.897086817735667,actual_stock_exclusion_replay,,,,,50,week,0.5,3,100000.0,0.0025,0.01,True
A2_week__excludeTop1,A2_week,exclusion_replays,2019,2019-01-02,2019-12-31,252,0.8437337011753581,-0.1078944262666704,2.88369015300727,0.8437337011753581,0.3401954545671213,0.5035382466082368,9.693494544825596,actual_stock_exclusion_replay,,,,,50,week,0.5,3,100000.0,0.0025,0.01,True
A2_week__excludeTop1,A2_week,exclusion_replays,2020,2020-01-02,2020-12-31,253,0.4297745531052035,-0.3840333206274884,1.0358201424450104,0.4318044386721353,0.1813082709311855,0.248466282174018,12.491152809652284,actual_stock_exclusion_replay,,,,,50,week,0.5,3,100000.0,0.0025,0.01,True
A2_week__excludeTop1,A2_week,exclusion_replays,2021,2021-01-04,2021-12-31,252,0.0194794774252067,-0.3545771004643488,0.2499524190390396,0.0194794774252067,0.2861550585808201,-0.2666755811556134,14.92731026074388,actual_stock_exclusion_replay,,,,,50,week,0.5,3,100000.0,0.0025,0.01,True
A2_week__excludeTop1,A2_week,exclusion_replays,2022,2022-01-03,2022-12-30,251,-0.2254035364838866,-0.3171446043115481,-0.4136433511003734,-0.2246180509233957,-0.180528833522089,-0.0448747029617976,19.73736200520361,actual_stock_exclusion_replay,,,,,50,week,0.5,3,100000.0,0.0025,0.01,True
A2_week__excludeTop1,A2_week,exclusion_replays,2023,2023-01-03,2023-12-29,250,0.1747828468933219,-0.3361140755198029,0.6387132946028704,0.1732819182626386,0.2494116142532503,-0.0746287673599284,11.179358828072257,actual_stock_exclusion_replay,,,,,50,week,0.5,3,100000.0,0.0025,0.01,True
A2_week__excludeTop1,A2_week,exclusion_replays,2024,2024-01-02,2024-12-31,252,1.037536608508816,-0.2389781482492391,1.952988969077289,1.037536608508816,0.2643074461050603,0.7732291624037557,11.373025444293702,actual_stock_exclusion_replay,,,,,50,week,0.5,3,100000.0,0.0025,0.01,True
A2_week__excludeTop1,A2_week,exclusion_replays,2025,2025-01-02,2025-12-31,250,0.2063581656366084,-0.3697619952084252,0.6327222895914828,0.2045633110771181,0.1785790013706134,0.027779164265995,12.142589090273054,actual_stock_exclusion_replay,,,,,50,week,0.5,3,100000.0,0.0025,0.01,True
A2_week__excludeTop1,A2_week,exclusion_replays,2026,2026-01-02,2026-09-22,181,0.0974196754085805,-0.3270727575866434,0.4306613382887598,0.069049666498715,0.193982242745804,-0.0965625673372234,16.84009075404458,actual_stock_exclusion_replay,,,,,50,week,0.5,3,100000.0,0.0025,0.01,True
A2_week__excludeTop3,A2_week,exclusion_replays,full,2017-01-04,2026-09-22,2442,0.1649760723050133,-0.5404573997297795,0.5989725697731257,3.391808164190593,0.1534966939059092,0.011479378399104,13.139385610672347,actual_stock_exclusion_replay,,,,,50,week,0.5,3,100000.0,0.0025,0.01,True
A2_week__excludeTop3,A2_week,exclusion_replays,2017_2022,2017-01-04,2022-12-30,1509,0.1134661254139577,-0.5171409900132262,0.4875585490365629,0.903296182045644,0.1124281175972994,0.0010380078166583,13.336549490041362,actual_stock_exclusion_replay,,,,,50,week,0.5,3,100000.0,0.0025,0.01,True
A2_week__excludeTop3,A2_week,exclusion_replays,2023_2026,2023-01-03,2026-09-22,933,0.2533778495566454,-0.3697619952084249,0.7531096143181498,1.307474898347314,0.2231529414345989,0.0302249081220464,12.820499979409922,actual_stock_exclusion_replay,,,,,50,week,0.5,3,100000.0,0.0025,0.01,True
A2_week__excludeTop3,A2_week,exclusion_replays,2017,2017-01-04,2017-12-29,250,0.0849831774339533,-0.1806182280199597,0.5091751319600843,0.0842810547844141,0.2120011745455907,-0.1270179971116374,11.279608216276486,actual_stock_exclusion_replay,,,,,50,week,0.5,3,100000.0,0.0025,0.01,True
A2_week__excludeTop3,A2_week,exclusion_replays,2018,2018-01-02,2018-12-31,251,-0.1594003884648153,-0.3500548956631699,-0.5038153454672215,-0.1588209763110664,-0.0642984107744514,-0.0951019776903638,11.897086817735667,actual_stock_exclusion_replay,,,,,50,week,0.5,3,100000.0,0.0025,0.01,True
A2_week__excludeTop3,A2_week,exclusion_replays,2019,2019-01-02,2019-12-31,252,0.8437337011753581,-0.1078944262666704,2.88369015300727,0.8437337011753581,0.3401954545671213,0.5035382466082368,9.693494544825596,actual_stock_exclusion_replay,,,,,50,week,0.5,3,100000.0,0.0025,0.01,True
A2_week__excludeTop3,A2_week,exclusion_replays,2020,2020-01-02,2020-12-31,253,0.4297745531052035,-0.3840333206274884,1.0358201424450104,0.4318044386721353,0.1813082709311855,0.248466282174018,12.491152809652284,actual_stock_exclusion_replay,,,,,50,week,0.5,3,100000.0,0.0025,0.01,True
A2_week__excludeTop3,A2_week,exclusion_replays,2021,2021-01-04,2021-12-31,252,0.0194794774252067,-0.3545771004643488,0.2499524190390396,0.0194794774252067,0.2861550585808201,-0.2666755811556134,14.92731026074388,actual_stock_exclusion_replay,,,,,50,week,0.5,3,100000.0,0.0025,0.01,True
A2_week__excludeTop3,A2_week,exclusion_replays,2022,2022-01-03,2022-12-30,251,-0.2254035364838866,-0.3171446043115481,-0.4136433511003734,-0.2246180509233957,-0.180528833522089,-0.0448747029617976,19.73736200520361,actual_stock_exclusion_replay,,,,,50,week,0.5,3,100000.0,0.0025,0.01,True
A2_week__excludeTop3,A2_week,exclusion_replays,2023,2023-01-03,2023-12-29,250,0.1747828468933219,-0.3361140755198029,0.6387132946028704,0.1732819182626386,0.2494116142532503,-0.0746287673599284,11.179358828072257,actual_stock_exclusion_replay,,,,,50,week,0.5,3,100000.0,0.0025,0.01,True
A2_week__excludeTop3,A2_week,exclusion_replays,2024,2024-01-02,2024-12-31,252,1.037536608508816,-0.2389781482492391,1.952988969077289,1.037536608508816,0.2643074461050603,0.7732291624037557,11.373025444293702,actual_stock_exclusion_replay,,,,,50,week,0.5,3,100000.0,0.0025,0.01,True
A2_week__excludeTop3,A2_week,exclusion_replays,2025,2025-01-02,2025-12-31,250,0.2010938767001295,-0.3697619952084252,0.6232523796556306,0.1993484819769693,0.1785790013706134,0.0225148753295161,12.313715865127843,actual_stock_exclusion_replay,,,,,50,week,0.5,3,100000.0,0.0025,0.01,True
A2_week__excludeTop3,A2_week,exclusion_replays,2026,2026-01-02,2026-09-22,181,-0.2609278559108102,-0.3491021615189462,-0.5184324988829784,-0.195207728168641,0.193982242745804,-0.4549100986566142,17.80251599738905,actual_stock_exclusion_replay,,,,,50,week,0.5,3,100000.0,0.0025,0.01,True
A2_week__excludeTop5,A2_week,exclusion_replays,full,2017-01-04,2026-09-22,2442,0.142870929869505,-0.5404573997297795,0.5481387953991864,2.6477103981165047,0.1534966939059092,-0.0106257640364042,13.089450262583494,actual_stock_exclusion_replay,,,,,50,week,0.5,3,100000.0,0.0025,0.01,True
A2_week__excludeTop5,A2_week,exclusion_replays,2017_2022,2017-01-04,2022-12-30,1509,0.1134661254139577,-0.5171409900132262,0.4875585490365629,0.903296182045644,0.1124281175972994,0.0010380078166583,13.336549490041362,actual_stock_exclusion_replay,,,,,50,week,0.5,3,100000.0,0.0025,0.01,True
A2_week__excludeTop5,A2_week,exclusion_replays,2023_2026,2023-01-03,2026-09-22,933,0.1920817117795656,-0.4056743690880705,0.6346423355318919,0.9165227317358338,0.2231529414345989,-0.0310712296550332,12.689801029749704,actual_stock_exclusion_replay,,,,,50,week,0.5,3,100000.0,0.0025,0.01,True
A2_week__excludeTop5,A2_week,exclusion_replays,2017,2017-01-04,2017-12-29,250,0.0849831774339533,-0.1806182280199597,0.5091751319600843,0.0842810547844141,0.2120011745455907,-0.1270179971116374,11.279608216276486,actual_stock_exclusion_replay,,,,,50,week,0.5,3,100000.0,0.0025,0.01,True
A2_week__excludeTop5,A2_week,exclusion_replays,2018,2018-01-02,2018-12-31,251,-0.1594003884648153,-0.3500548956631699,-0.5038153454672215,-0.1588209763110664,-0.0642984107744514,-0.0951019776903638,11.897086817735667,actual_stock_exclusion_replay,,,,,50,week,0.5,3,100000.0,0.0025,0.01,True
A2_week__excludeTop5,A2_week,exclusion_replays,2019,2019-01-02,2019-12-31,252,0.8437337011753581,-0.1078944262666704,2.88369015300727,0.8437337011753581,0.3401954545671213,0.5035382466082368,9.693494544825596,actual_stock_exclusion_replay,,,,,50,week,0.5,3,100000.0,0.0025,0.01,True
A2_week__excludeTop5,A2_week,exclusion_replays,2020,2020-01-02,2020-12-31,253,0.4297745531052035,-0.3840333206274884,1.0358201424450104,0.4318044386721353,0.1813082709311855,0.248466282174018,12.491152809652284,actual_stock_exclusion_replay,,,,,50,week,0.5,3,100000.0,0.0025,0.01,True
A2_week__excludeTop5,A2_week,exclusion_replays,2021,2021-01-04,2021-12-31,252,0.0194794774252067,-0.3545771004643488,0.2499524190390396,0.0194794774252067,0.2861550585808201,-0.2666755811556134,14.92731026074388,actual_stock_exclusion_replay,,,,,50,week,0.5,3,100000.0,0.0025,0.01,True
A2_week__excludeTop5,A2_week,exclusion_replays,2022,2022-01-03,2022-12-30,251,-0.2254035364838866,-0.3171446043115481,-0.4136433511003734,-0.2246180509233957,-0.180528833522089,-0.0448747029617976,19.73736200520361,actual_stock_exclusion_replay,,,,,50,week,0.5,3,100000.0,0.0025,0.01,True
A2_week__excludeTop5,A2_week,exclusion_replays,2023,2023-01-03,2023-12-29,250,0.1747828468933219,-0.3361140755198029,0.6387132946028704,0.1732819182626386,0.2494116142532503,-0.0746287673599284,11.179358828072257,actual_stock_exclusion_replay,,,,,50,week,0.5,3,100000.0,0.0025,0.01,True
A2_week__excludeTop5,A2_week,exclusion_replays,2024,2024-01-02,2024-12-31,252,0.7150841406802169,-0.2389781482492391,1.5914119391408663,0.7150841406802169,0.2643074461050603,0.4507766945751565,11.33132288565476,actual_stock_exclusion_replay,,,,,50,week,0.5,3,100000.0,0.0025,0.01,True
A2_week__excludeTop5,A2_week,exclusion_replays,2025,2025-01-02,2025-12-31,250,0.2656645334779133,-0.3276797648849605,0.7354723858917313,0.2633001798955183,0.1785790013706134,0.0870855321072998,12.03296985718899,actual_stock_exclusion_replay,,,,,50,week,0.5,3,100000.0,0.0025,0.01,True
A2_week__excludeTop5,A2_week,exclusion_replays,2026,2026-01-02,2026-09-22,181,-0.3251669246800047,-0.3627061888935742,-0.713857913371922,-0.24608981927306,0.193982242745804,-0.5191491674258087,17.574634377105877,actual_stock_exclusion_replay,,,,,50,week,0.5,3,100000.0,0.0025,0.01,True
A2_week__excludeTop10,A2_week,exclusion_replays,full,2017-01-04,2026-09-22,2442,0.053735224086497,-0.6421853651768128,0.328538963643835,0.6606535505933906,0.1534966939059092,-0.0997614698194122,14.133407489830624,actual_stock_exclusion_replay,,,,,50,week,0.5,3,100000.0,0.0025,0.01,True
A2_week__excludeTop10,A2_week,exclusion_replays,2017_2022,2017-01-04,2022-12-30,1509,0.0814231909100691,-0.5967427212666752,0.4002110029937597,0.5979727229956755,0.1124281175972994,-0.0310049266872303,13.6545385758992,actual_stock_exclusion_replay,,,,,50,week,0.5,3,100000.0,0.0025,0.01,True
A2_week__excludeTop10,A2_week,exclusion_replays,2023_2026,2023-01-03,2026-09-22,933,0.0104462688246202,-0.4328948622944777,0.2390594631657825,0.0392252174869502,0.2231529414345989,-0.2127066726099786,14.907912517829038,actual_stock_exclusion_replay,,,,,50,week,0.5,3,100000.0,0.0025,0.01,True
A2_week__excludeTop10,A2_week,exclusion_replays,2017,2017-01-04,2017-12-29,250,0.0849831774339533,-0.1806182280199597,0.5091751319600843,0.0842810547844141,0.2120011745455907,-0.1270179971116374,11.279608216276486,actual_stock_exclusion_replay,,,,,50,week,0.5,3,100000.0,0.0025,0.01,True
A2_week__excludeTop10,A2_week,exclusion_replays,2018,2018-01-02,2018-12-31,251,-0.1594003884648153,-0.3500548956631699,-0.5038153454672215,-0.1588209763110664,-0.0642984107744514,-0.0951019776903638,11.897086817735667,actual_stock_exclusion_replay,,,,,50,week,0.5,3,100000.0,0.0025,0.01,True
A2_week__excludeTop10,A2_week,exclusion_replays,2019,2019-01-02,2019-12-31,252,0.8437337011753581,-0.1078944262666704,2.88369015300727,0.8437337011753581,0.3401954545671213,0.5035382466082368,9.693494544825596,actual_stock_exclusion_replay,,,,,50,week,0.5,3,100000.0,0.0025,0.01,True
A2_week__excludeTop10,A2_week,exclusion_replays,2020,2020-01-02,2020-12-31,253,0.3969081616205649,-0.3840333206274884,0.9833137795105896,0.3987622973593201,0.1813082709311855,0.2155998906893794,12.775341109999792,actual_stock_exclusion_replay,,,,,50,week,0.5,3,100000.0,0.0025,0.01,True
A2_week__excludeTop10,A2_week,exclusion_replays,2021,2021-01-04,2021-12-31,252,-0.0037526960064958,-0.4267163552449915,0.2004628365507643,-0.0037526960064958,0.2861550585808201,-0.289907754587316,15.739540851637082,actual_stock_exclusion_replay,,,,,50,week,0.5,3,100000.0,0.0025,0.01,True
A2_week__excludeTop10,A2_week,exclusion_replays,2022,2022-01-03,2022-12-30,251,-0.3191250508637538,-0.3653744888601364,-0.6672151250608745,-0.3180857171048817,-0.180528833522089,-0.1385962173416648,20.54717786841665,actual_stock_exclusion_replay,,,,,50,week,0.5,3,100000.0,0.0025,0.01,True
A2_week__excludeTop10,A2_week,exclusion_replays,2023,2023-01-03,2023-12-29,250,0.1233570085482622,-0.3428778521607883,0.5081895950029633,0.1223204187916129,0.2494116142532503,-0.126054605704988,11.88457215756883,actual_stock_exclusion_replay,,,,,50,week,0.5,3,100000.0,0.0025,0.01,True
A2_week__excludeTop10,A2_week,exclusion_replays,2024,2024-01-02,2024-12-31,252,0.3854052120834388,-0.2565805500976599,1.027992793243768,0.3854052120834388,0.2643074461050603,0.1210977659783785,12.187554071336336,actual_stock_exclusion_replay,,,,,50,week,0.5,3,100000.0,0.0025,0.01,True
A2_week__excludeTop10,A2_week,exclusion_replays,2025,2025-01-02,2025-12-31,250,-0.1658847111170542,-0.4311368655673917,-0.0943957179113205,-0.1646830934467338,0.1785790013706134,-0.3444637124876677,16.66594487063189,actual_stock_exclusion_replay,,,,,50,week,0.5,3,100000.0,0.0025,0.01,True
A2_week__excludeTop10,A2_week,exclusion_replays,2026,2026-01-02,2026-09-22,181,-0.2668723229205436,-0.3270633321035746,-0.459945163440228,-0.199862318037279,0.193982242745804,-0.4608545656663476,20.443035890097,actual_stock_exclusion_replay,,,,,50,week,0.5,3,100000.0,0.0025,0.01,True
A2_week__excludeSector_IT_HW,A2_week,exclusion_replays,full,2017-01-04,2026-09-22,2442,0.0792798341458869,-0.5663509619058069,0.3918705291020588,1.0945216034461889,0.1534966939059092,-0.0742168597600223,14.118402231373466,actual_sector_exclusion_replay,,,,IT_HW,50,week,0.5,3,100000.0,0.0025,0.01,True
A2_week__excludeSector_IT_HW,A2_week,exclusion_replays,2017_2022,2017-01-04,2022-12-30,1509,0.0658637077347497,-0.5062957031433009,0.3583844008632889,0.4651438535763046,0.1124281175972994,-0.0465644098625497,14.00443810501074,actual_sector_exclusion_replay,,,,IT_HW,50,week,0.5,3,100000.0,0.0025,0.01,True
A2_week__excludeSector_IT_HW,A2_week,exclusion_replays,2023_2026,2023-01-03,2026-09-22,933,0.1013369426116577,-0.4280718580449293,0.440530196944761,0.4295672048404126,0.2231529414345989,-0.1218159988229412,14.302723631889378,actual_sector_exclusion_replay,,,,IT_HW,50,week,0.5,3,100000.0,0.0025,0.01,True
A2_week__excludeSector_IT_HW,A2_week,exclusion_replays,2017,2017-01-04,2017-12-29,250,0.0516950757967911,-0.1981133708361553,0.3488222360197001,0.0512744550216532,0.2120011745455907,-0.1603060987487996,11.623033474093267,actual_sector_exclusion_replay,,,,IT_HW,50,week,0.5,3,100000.0,0.0025,0.01,True
A2_week__excludeSector_IT_HW,A2_week,exclusion_replays,2018,2018-01-02,2018-12-31,251,-0.273115250615137,-0.4031772159321657,-1.0056236804051475,-0.2721945607415437,-0.0642984107744514,-0.2088168398406855,12.781005616045428,actual_sector_exclusion_replay,,,,IT_HW,50,week,0.5,3,100000.0,0.0025,0.01,True
A2_week__excludeSector_IT_HW,A2_week,exclusion_replays,2019,2019-01-02,2019-12-31,252,0.7368135119646013,-0.1117823548189809,2.5872307130550447,0.7368135119646013,0.3401954545671213,0.39661805739748,10.500175596280895,actual_sector_exclusion_replay,,,,IT_HW,50,week,0.5,3,100000.0,0.0025,0.01,True
A2_week__excludeSector_IT_HW,A2_week,exclusion_replays,2020,2020-01-02,2020-12-31,253,0.5805448657913124,-0.4090880257018473,1.2276215216614148,0.5834186078945052,0.1813082709311855,0.3992365948601268,12.91981249564147,actual_sector_exclusion_replay,,,,IT_HW,50,week,0.5,3,100000.0,0.0025,0.01,True
A2_week__excludeSector_IT_HW,A2_week,exclusion_replays,2021,2021-01-04,2021-12-31,252,-0.0426889041645812,-0.341707988013897,0.0861462293099232,-0.0426889041645812,0.2861550585808201,-0.3288439627454014,15.239402303360706,actual_sector_exclusion_replay,,,,IT_HW,50,week,0.5,3,100000.0,0.0025,0.01,True
A2_week__excludeSector_IT_HW,A2_week,exclusion_replays,2022,2022-01-03,2022-12-30,251,-0.2735662330980419,-0.3347462600943374,-0.5612268495691621,-0.2726443231237963,-0.180528833522089,-0.0930373995759529,20.97139494104984,actual_sector_exclusion_replay,,,,IT_HW,50,week,0.5,3,100000.0,0.0025,0.01,True
A2_week__excludeSector_IT_HW,A2_week,exclusion_replays,2023,2023-01-03,2023-12-29,250,0.1559140610951745,-0.301437618578258,0.5906592198981208,0.1545856025481295,0.2494116142532503,-0.0934975531580757,12.60499550257807,actual_sector_exclusion_replay,,,,IT_HW,50,week,0.5,3,100000.0,0.0025,0.01,True
A2_week__excludeSector_IT_HW,A2_week,exclusion_replays,2024,2024-01-02,2024-12-31,252,0.4887733217243417,-0.263021140480655,1.2183248138022176,0.4887733217243417,0.2643074461050603,0.2244658756192814,13.137463466272948,actual_sector_exclusion_replay,,,,IT_HW,50,week,0.5,3,100000.0,0.0025,0.01,True
A2_week__excludeSector_IT_HW,A2_week,exclusion_replays,2025,2025-01-02,2025-12-31,250,-0.0263095607060086,-0.4280718580449288,0.1908519533978187,-0.0261035040769799,0.1785790013706134,-0.2048885620766221,15.162970063958628,actual_sector_exclusion_replay,,,,IT_HW,50,week,0.5,3,100000.0,0.0025,0.01,True
A2_week__excludeSector_IT_HW,A2_week,exclusion_replays,2026,2026-01-02,2026-09-22,181,-0.1973204431390727,-0.3331836287659726,-0.3107793371377044,-0.1460409253368114,0.193982242745804,-0.3913026858848767,17.08181747744658,actual_sector_exclusion_replay,,,,IT_HW,50,week,0.5,3,100000.0,0.0025,0.01,True
A2_week__excludeSector_HEALTH_SVC,A2_week,exclusion_replays,full,2017-01-04,2026-09-22,2442,0.2186447609231792,-0.5355478665769524,0.6997258581283557,5.795012225140622,0.1534966939059092,0.0651480670172699,13.493346358200442,actual_sector_exclusion_replay,,,,HEALTH_SVC,50,week,0.5,3,100000.0,0.0025,0.01,True
A2_week__excludeSector_HEALTH_SVC,A2_week,exclusion_replays,2017_2022,2017-01-04,2022-12-30,1509,0.1478514142407911,-0.5355478665769524,0.5710128468197345,1.283500532289703,0.1124281175972994,0.0354232966434917,13.639362945224866,actual_sector_exclusion_replay,,,,HEALTH_SVC,50,week,0.5,3,100000.0,0.0025,0.01,True
A2_week__excludeSector_HEALTH_SVC,A2_week,exclusion_replays,2023_2026,2023-01-03,2026-09-22,933,0.3425014011986251,-0.4704642204494718,0.8724745256257473,1.9756998647717272,0.2231529414345989,0.1193484597640262,13.257184482723638,actual_sector_exclusion_replay,,,,HEALTH_SVC,50,week,0.5,3,100000.0,0.0025,0.01,True
A2_week__excludeSector_HEALTH_SVC,A2_week,exclusion_replays,2017,2017-01-04,2017-12-29,250,0.124208654426255,-0.1773777449480085,0.693059857842631,0.1231645234081777,0.2120011745455907,-0.0877925201193356,11.123420649238524,actual_sector_exclusion_replay,,,,HEALTH_SVC,50,week,0.5,3,100000.0,0.0025,0.01,True
A2_week__excludeSector_HEALTH_SVC,A2_week,exclusion_replays,2018,2018-01-02,2018-12-31,251,-0.103735366008661,-0.3243200743017967,-0.2552923898078424,-0.1033457634664968,-0.0642984107744514,-0.0394369552342096,11.298700538313282,actual_sector_exclusion_replay,,,,HEALTH_SVC,50,week,0.5,3,100000.0,0.0025,0.01,True
A2_week__excludeSector_HEALTH_SVC,A2_week,exclusion_replays,2019,2019-01-02,2019-12-31,252,0.8104277869278509,-0.1066315996657548,2.8333993091919245,0.8104277869278509,0.3401954545671213,0.4702323323607296,9.849774716290362,actual_sector_exclusion_replay,,,,HEALTH_SVC,50,week,0.5,3,100000.0,0.0025,0.01,True
A2_week__excludeSector_HEALTH_SVC,A2_week,exclusion_replays,2020,2020-01-02,2020-12-31,253,0.5108915003900671,-0.4368205695233214,1.12595108694122,0.5133679115010548,0.1813082709311855,0.3295832294588816,13.58278918570361,actual_sector_exclusion_replay,,,,HEALTH_SVC,50,week,0.5,3,100000.0,0.0025,0.01,True
A2_week__excludeSector_HEALTH_SVC,A2_week,exclusion_replays,2021,2021-01-04,2021-12-31,252,0.1210685874077983,-0.2995979812400383,0.4843994940829633,0.1210685874077983,0.2861550585808201,-0.1650864711730217,15.883275895151666,actual_sector_exclusion_replay,,,,HEALTH_SVC,50,week,0.5,3,100000.0,0.0025,0.01,True
A2_week__excludeSector_HEALTH_SVC,A2_week,exclusion_replays,2022,2022-01-03,2022-12-30,251,-0.2626908498274584,-0.3875285245672454,-0.4957092305094652,-0.261798669631903,-0.180528833522089,-0.0821620163053693,20.09480186793485,actual_sector_exclusion_replay,,,,HEALTH_SVC,50,week,0.5,3,100000.0,0.0025,0.01,True
A2_week__excludeSector_HEALTH_SVC,A2_week,exclusion_replays,2023,2023-01-03,2023-12-29,250,0.2165037801702509,-0.2968834805163589,0.7532227598362622,0.2146130952592186,0.2494116142532503,-0.0329078340829993,11.599999622815991,actual_sector_exclusion_replay,,,,HEALTH_SVC,50,week,0.5,3,100000.0,0.0025,0.01,True
A2_week__excludeSector_HEALTH_SVC,A2_week,exclusion_replays,2024,2024-01-02,2024-12-31,252,0.957349743159033,-0.2614750862492535,1.758714976098955,0.957349743159033,0.2643074461050603,0.6930422970539727,11.862644227822935,actual_sector_exclusion_replay,,,,HEALTH_SVC,50,week,0.5,3,100000.0,0.0025,0.01,True
A2_week__excludeSector_HEALTH_SVC,A2_week,exclusion_replays,2025,2025-01-02,2025-12-31,250,0.1962762969671754,-0.4632902906525252,0.6032345088434972,0.1945760061459038,0.1785790013706134,0.0176972955965619,13.988353105882394,actual_sector_exclusion_replay,,,,HEALTH_SVC,50,week,0.5,3,100000.0,0.0025,0.01,True
A2_week__excludeSector_HEALTH_SVC,A2_week,exclusion_replays,2026,2026-01-02,2026-09-22,181,0.0671359415368837,-0.3559231547689241,0.3857758062601227,0.0477772041122666,0.193982242745804,-0.1268463012089202,16.47778229168606,actual_sector_exclusion_replay,,,,HEALTH_SVC,50,week,0.5,3,100000.0,0.0025,0.01,True
A2_week__excludeSector_SEMI,A2_week,exclusion_replays,full,2017-01-04,2026-09-22,2442,0.1624992420490736,-0.5738420306097034,0.5813927773466891,3.3021563847605595,0.1534966939059092,0.0090025481431643,13.7897223286346,actual_sector_exclusion_replay,,,,SEMI,50,week,0.5,3,100000.0,0.0025,0.01,True
A2_week__excludeSector_SEMI,A2_week,exclusion_replays,2017_2022,2017-01-04,2022-12-30,1509,0.0874470590161786,-0.536692045850769,0.4155939446447964,0.6520200288837088,0.1124281175972994,-0.0249810585811207,13.977747082443123,actual_sector_exclusion_replay,,,,SEMI,50,week,0.5,3,100000.0,0.0025,0.01,True
A2_week__excludeSector_SEMI,A2_week,exclusion_replays,2023_2026,2023-01-03,2026-09-22,933,0.2950043753640639,-0.4320240851674659,0.7999294734455867,1.6041793135326472,0.2231529414345989,0.0718514339294649,13.485617984050394,actual_sector_exclusion_replay,,,,SEMI,50,week,0.5,3,100000.0,0.0025,0.01,True
A2_week__excludeSector_SEMI,A2_week,exclusion_replays,2017,2017-01-04,2017-12-29,250,-0.0064889528076217,-0.2008762620066784,0.0715037502545482,-0.0064376193079489,0.2120011745455907,-0.2184901273532125,12.10685712362234,actual_sector_exclusion_replay,,,,SEMI,50,week,0.5,3,100000.0,0.0025,0.01,True
A2_week__excludeSector_SEMI,A2_week,exclusion_replays,2018,2018-01-02,2018-12-31,251,-0.2137427238912367,-0.3810256497114082,-0.8008538367688371,-0.2129920791142721,-0.0642984107744514,-0.1494443131167853,12.652635415016,actual_sector_exclusion_replay,,,,SEMI,50,week,0.5,3,100000.0,0.0025,0.01,True
A2_week__excludeSector_SEMI,A2_week,exclusion_replays,2019,2019-01-02,2019-12-31,252,0.679912178046981,-0.127467792685486,2.4913500809758946,0.679912178046981,0.3401954545671213,0.3397167234798597,10.637379710169231,actual_sector_exclusion_replay,,,,SEMI,50,week,0.5,3,100000.0,0.0025,0.01,True
A2_week__excludeSector_SEMI,A2_week,exclusion_replays,2020,2020-01-02,2020-12-31,253,0.5577435436942304,-0.4444482211155932,1.1979751381728407,0.5604858421512853,0.1813082709311855,0.3764352727630449,13.522043417163534,actual_sector_exclusion_replay,,,,SEMI,50,week,0.5,3,100000.0,0.0025,0.01,True
A2_week__excludeSector_SEMI,A2_week,exclusion_replays,2021,2021-01-04,2021-12-31,252,-0.0013453363355799,-0.3995741458599268,0.2123923458704414,-0.0013453363355799,0.2861550585808201,-0.2875003949164001,15.584086616797205,actual_sector_exclusion_replay,,,,SEMI,50,week,0.5,3,100000.0,0.0025,0.01,True
A2_week__excludeSector_SEMI,A2_week,exclusion_replays,2022,2022-01-03,2022-12-30,251,-0.1936783495161914,-0.3040809692385109,-0.2991249060975707,-0.1929892500076994,-0.180528833522089,-0.0131495159941024,19.366566049379102,actual_sector_exclusion_replay,,,,SEMI,50,week,0.5,3,100000.0,0.0025,0.01,True
A2_week__excludeSector_SEMI,A2_week,exclusion_replays,2023,2023-01-03,2023-12-29,250,0.1514568094686093,-0.3086269115804796,0.5811354608998113,0.1501687401967657,0.2494116142532503,-0.097954804784641,12.673349829696576,actual_sector_exclusion_replay,,,,SEMI,50,week,0.5,3,100000.0,0.0025,0.01,True
A2_week__excludeSector_SEMI,A2_week,exclusion_replays,2024,2024-01-02,2024-12-31,252,0.949402150003278,-0.238222179703074,1.6884001642432442,0.949402150003278,0.2643074461050603,0.6850947038982178,12.592702585127103,actual_sector_exclusion_replay,,,,SEMI,50,week,0.5,3,100000.0,0.0025,0.01,True
A2_week__excludeSector_SEMI,A2_week,exclusion_replays,2025,2025-01-02,2025-12-31,250,0.1860936866201599,-0.432024085167466,0.5876278035525545,0.1844882263395511,0.1785790013706134,0.0075146852495464,12.846525514359987,actual_sector_exclusion_replay,,,,SEMI,50,week,0.5,3,100000.0,0.0025,0.01,True
A2_week__excludeSector_SEMI,A2_week,exclusion_replays,2026,2026-01-02,2026-09-22,181,-0.0269527875754673,-0.3499168164532424,0.1635002865049889,-0.0194333107038897,0.193982242745804,-0.2209350303212713,16.73343476051297,actual_sector_exclusion_replay,,,,SEMI,50,week,0.5,3,100000.0,0.0025,0.01,True
B3_w50__excludeTop1,B3_w50,exclusion_replays,full,2017-01-04,2026-09-22,2442,0.2416922377079149,-0.4945817041492023,0.7669122502235209,7.1477951385081,0.1534966939059092,0.0881955438020056,7.041299783003291,actual_stock_exclusion_replay,,,,,50,event,0.5,3,100000.0,0.0025,0.01,True
B3_w50__excludeTop1,B3_w50,exclusion_replays,2017_2022,2017-01-04,2022-12-30,1509,0.2318007215996949,-0.4605437055364192,0.7461183791963356,2.484695724088388,0.1124281175972994,0.1193726040023954,7.003107670742863,actual_stock_exclusion_replay,,,,,50,event,0.5,3,100000.0,0.0025,0.01,True
B3_w50__excludeTop1,B3_w50,exclusion_replays,2023_2026,2023-01-03,2026-09-22,933,0.2578588137945738,-0.4170902318403453,0.7998846707488813,1.3381654478999403,0.2231529414345989,0.0347058723599749,7.103070305405205,actual_stock_exclusion_replay,,,,,50,event,0.5,3,100000.0,0.0025,0.01,True
B3_w50__excludeTop1,B3_w50,exclusion_replays,2017,2017-01-04,2017-12-29,250,0.4668045379907983,-0.1102877442384248,1.9607631396245595,0.4623516863549717,0.2120011745455907,0.2548033634452076,5.9699720838611405,actual_stock_exclusion_replay,,,,,50,event,0.5,3,100000.0,0.0025,0.01,True
B3_w50__excludeTop1,B3_w50,exclusion_replays,2018,2018-01-02,2018-12-31,251,-0.189687666543488,-0.2837026837507085,-0.6141512214115464,-0.1890110450919513,-0.0642984107744514,-0.1253892557690366,5.752883520343542,actual_stock_exclusion_replay,,,,,50,event,0.5,3,100000.0,0.0025,0.01,True
B3_w50__excludeTop1,B3_w50,exclusion_replays,2019,2019-01-02,2019-12-31,252,0.5141306585395493,-0.160604792097983,1.8798892100609124,0.5141306585395493,0.3401954545671213,0.173935203972428,6.477135914131221,actual_stock_exclusion_replay,,,,,50,event,0.5,3,100000.0,0.0025,0.01,True
B3_w50__excludeTop1,B3_w50,exclusion_replays,2020,2020-01-02,2020-12-31,253,1.3018517741390698,-0.4584194821108134,1.8351203061423045,1.3094798055134418,0.1813082709311855,1.1205435032078843,6.660566268193443,actual_stock_exclusion_replay,,,,,50,event,0.5,3,100000.0,0.0025,0.01,True
B3_w50__excludeTop1,B3_w50,exclusion_replays,2021,2021-01-04,2021-12-31,252,0.1606763180483268,-0.4010792834646139,0.553452291994785,0.1606763180483268,0.2861550585808201,-0.1254787405324933,7.343081374919712,actual_stock_exclusion_replay,,,,,50,event,0.5,3,100000.0,0.0025,0.01,True
B3_w50__excludeTop1,B3_w50,exclusion_replays,2022,2022-01-03,2022-12-30,251,-0.2769796508426813,-0.3110260351913662,-0.6217993538211177,-0.2760485420925025,-0.180528833522089,-0.0964508173205922,9.814361226636214,actual_stock_exclusion_replay,,,,,50,event,0.5,3,100000.0,0.0025,0.01,True
B3_w50__excludeTop1,B3_w50,exclusion_replays,2023,2023-01-03,2023-12-29,250,0.253029641575587,-0.2860549425797168,0.9655905845385055,0.2507884831937228,0.2494116142532503,0.0036180273223367,7.755601603127924,actual_stock_exclusion_replay,,,,,50,event,0.5,3,100000.0,0.0025,0.01,True
B3_w50__excludeTop1,B3_w50,exclusion_replays,2024,2024-01-02,2024-12-31,252,0.1511846045731681,-0.1904834307873371,0.5850670898503926,0.1511846045731681,0.2643074461050603,-0.1131228415318921,6.470971718256134,actual_stock_exclusion_replay,,,,,50,event,0.5,3,100000.0,0.0025,0.01,True
B3_w50__excludeTop1,B3_w50,exclusion_replays,2025,2025-01-02,2025-12-31,250,0.3231245466824559,-0.3973561289589898,0.8389017540416863,0.3201875761656674,0.1785790013706134,0.1445455453118425,7.206128714150979,actual_stock_exclusion_replay,,,,,50,event,0.5,3,100000.0,0.0025,0.01,True
B3_w50__excludeTop1,B3_w50,exclusion_replays,2026,2026-01-02,2026-09-22,181,0.3340730416465554,-0.2377453942055865,0.9003928354843415,0.2300159705234916,0.193982242745804,0.1400907989007513,6.939486975816484,actual_stock_exclusion_replay,,,,,50,event,0.5,3,100000.0,0.0025,0.01,True
B3_w50__excludeTop3,B3_w50,exclusion_replays,full,2017-01-04,2026-09-22,2442,0.1610418811103826,-0.620847195639332,0.5800830452193435,3.25017580118897,0.1534966939059092,0.0075451872044733,7.442178831043148,actual_stock_exclusion_replay,,,,,50,event,0.5,3,100000.0,0.0025,0.01,True
B3_w50__excludeTop3,B3_w50,exclusion_replays,2017_2022,2017-01-04,2022-12-30,1509,0.2049687909416937,-0.5135206134184869,0.6864580811479436,2.054153035298745,0.1124281175972994,0.0925406733443943,7.272445774944805,actual_stock_exclusion_replay,,,,,50,event,0.5,3,100000.0,0.0025,0.01,True
B3_w50__excludeTop3,B3_w50,exclusion_replays,2023_2026,2023-01-03,2026-09-22,933,0.0933600239169372,-0.4546144975391262,0.4226722398778735,0.3916053819396172,0.2231529414345989,-0.1297929175176617,7.716698854250437,actual_stock_exclusion_replay,,,,,50,event,0.5,3,100000.0,0.0025,0.01,True
B3_w50__excludeTop3,B3_w50,exclusion_replays,2017,2017-01-04,2017-12-29,250,0.4668045379907983,-0.1102877442384248,1.9607631396245595,0.4623516863549717,0.2120011745455907,0.2548033634452076,5.9699720838611405,actual_stock_exclusion_replay,,,,,50,event,0.5,3,100000.0,0.0025,0.01,True
B3_w50__excludeTop3,B3_w50,exclusion_replays,2018,2018-01-02,2018-12-31,251,-0.189687666543488,-0.2837026837507085,-0.6141512214115464,-0.1890110450919513,-0.0642984107744514,-0.1253892557690366,5.752883520343542,actual_stock_exclusion_replay,,,,,50,event,0.5,3,100000.0,0.0025,0.01,True
B3_w50__excludeTop3,B3_w50,exclusion_replays,2019,2019-01-02,2019-12-31,252,0.5141306585395493,-0.160604792097983,1.8798892100609124,0.5141306585395493,0.3401954545671213,0.173935203972428,6.477135914131221,actual_stock_exclusion_replay,,,,,50,event,0.5,3,100000.0,0.0025,0.01,True
B3_w50__excludeTop3,B3_w50,exclusion_replays,2020,2020-01-02,2020-12-31,253,1.2602737543278772,-0.4584194821108134,1.8082534689403704,1.2675999728259717,0.1813082709311855,1.0789654833966915,6.703114110121748,actual_stock_exclusion_replay,,,,,50,event,0.5,3,100000.0,0.0025,0.01,True
B3_w50__excludeTop3,B3_w50,exclusion_replays,2021,2021-01-04,2021-12-31,252,0.049798883721384,-0.4466995355191152,0.3368007794784979,0.049798883721384,0.2861550585808201,-0.236356174859436,8.393312711508159,actual_stock_exclusion_replay,,,,,50,event,0.5,3,100000.0,0.0025,0.01,True
B3_w50__excludeTop3,B3_w50,exclusion_replays,2022,2022-01-03,2022-12-30,251,-0.2864795887891223,-0.3188134130110047,-0.6435837599510186,-0.2855232154768332,-0.180528833522089,-0.1059507552670332,10.336306638638524,actual_stock_exclusion_replay,,,,,50,event,0.5,3,100000.0,0.0025,0.01,True
B3_w50__excludeTop3,B3_w50,exclusion_replays,2023,2023-01-03,2023-12-29,250,0.0451560248726932,-0.3705563663819016,0.2966844425151407,0.0447897355057436,0.2494116142532503,-0.2042555893805571,8.849178357984847,actual_stock_exclusion_replay,,,,,50,event,0.5,3,100000.0,0.0025,0.01,True
B3_w50__excludeTop3,B3_w50,exclusion_replays,2024,2024-01-02,2024-12-31,252,0.1918264604072614,-0.2208246235250113,0.6674912485025376,0.1918264604072614,0.2643074461050603,-0.0724809856977988,5.82175614343044,actual_stock_exclusion_replay,,,,,50,event,0.5,3,100000.0,0.0025,0.01,True
B3_w50__excludeTop3,B3_w50,exclusion_replays,2025,2025-01-02,2025-12-31,250,0.1460986214548314,-0.4546144975391261,0.5228861278549451,0.1448589256121817,0.1785790013706134,-0.032480379915782,7.858675540578723,actual_stock_exclusion_replay,,,,,50,event,0.5,3,100000.0,0.0025,0.01,True
B3_w50__excludeTop3,B3_w50,exclusion_replays,2026,2026-01-02,2026-09-22,181,-0.0330319368091255,-0.3711492003568707,0.1705126007409512,-0.0238373090117627,0.193982242745804,-0.2270141795549295,8.594663028896658,actual_stock_exclusion_replay,,,,,50,event,0.5,3,100000.0,0.0025,0.01,True
B3_w50__excludeTop5,B3_w50,exclusion_replays,full,2017-01-04,2026-09-22,2442,0.1722189208287368,-0.5650358837903562,0.6082602331749488,3.663665857965436,0.1534966939059092,0.0187222269228275,7.484264185039568,actual_stock_exclusion_replay,,,,,50,event,0.5,3,100000.0,0.0025,0.01,True
B3_w50__excludeTop5,B3_w50,exclusion_replays,2017_2022,2017-01-04,2022-12-30,1509,0.2490858511392666,-0.4584194821108135,0.7897730499179628,2.787946405028124,0.1124281175972994,0.1366577335419672,7.009660648464134,actual_stock_exclusion_replay,,,,,50,event,0.5,3,100000.0,0.0025,0.01,True
B3_w50__excludeTop5,B3_w50,exclusion_replays,2023_2026,2023-01-03,2026-09-22,933,0.057781787300563,-0.4906610668561513,0.3398204946432428,0.2311858086943583,0.2231529414345989,-0.1653711541340359,8.251870548053851,actual_stock_exclusion_replay,,,,,50,event,0.5,3,100000.0,0.0025,0.01,True
B3_w50__excludeTop5,B3_w50,exclusion_replays,2017,2017-01-04,2017-12-29,250,0.4668045379907983,-0.1102877442384248,1.9607631396245595,0.4623516863549717,0.2120011745455907,0.2548033634452076,5.9699720838611405,actual_stock_exclusion_replay,,,,,50,event,0.5,3,100000.0,0.0025,0.01,True
B3_w50__excludeTop5,B3_w50,exclusion_replays,2018,2018-01-02,2018-12-31,251,-0.189687666543488,-0.2837026837507085,-0.6141512214115464,-0.1890110450919513,-0.0642984107744514,-0.1253892557690366,5.752883520343542,actual_stock_exclusion_replay,,,,,50,event,0.5,3,100000.0,0.0025,0.01,True
B3_w50__excludeTop5,B3_w50,exclusion_replays,2019,2019-01-02,2019-12-31,252,0.5141306585395493,-0.160604792097983,1.8798892100609124,0.5141306585395493,0.3401954545671213,0.173935203972428,6.477135914131221,actual_stock_exclusion_replay,,,,,50,event,0.5,3,100000.0,0.0025,0.01,True
B3_w50__excludeTop5,B3_w50,exclusion_replays,2020,2020-01-02,2020-12-31,253,1.1319658386229017,-0.4584194821108134,1.8162077457274417,1.1383802026701102,0.1813082709311855,0.950657567691716,6.612949990228255,actual_stock_exclusion_replay,,,,,50,event,0.5,3,100000.0,0.0025,0.01,True
B3_w50__excludeTop5,B3_w50,exclusion_replays,2021,2021-01-04,2021-12-31,252,0.258418029592661,-0.3918926500389837,0.724417795678981,0.258418029592661,0.2861550585808201,-0.0277370289881591,6.782285082388583,actual_stock_exclusion_replay,,,,,50,event,0.5,3,100000.0,0.0025,0.01,True
B3_w50__excludeTop5,B3_w50,exclusion_replays,2022,2022-01-03,2022-12-30,251,-0.2168542667491112,-0.3269011846817529,-0.3664148450247275,-0.216094257791752,-0.180528833522089,-0.0363254332270222,10.464783646653892,actual_stock_exclusion_replay,,,,,50,event,0.5,3,100000.0,0.0025,0.01,True
B3_w50__excludeTop5,B3_w50,exclusion_replays,2023,2023-01-03,2023-12-29,250,0.098411404869708,-0.3467145740980891,0.462437112852779,0.097593437036364,0.2494116142532503,-0.1510002093835423,8.185559735004583,actual_stock_exclusion_replay,,,,,50,event,0.5,3,100000.0,0.0025,0.01,True
B3_w50__excludeTop5,B3_w50,exclusion_replays,2024,2024-01-02,2024-12-31,252,0.050418183952986,-0.2389282832151941,0.3175931587295499,0.050418183952986,0.2643074461050603,-0.2138892621520742,7.281184857912101,actual_stock_exclusion_replay,,,,,50,event,0.5,3,100000.0,0.0025,0.01,True
B3_w50__excludeTop5,B3_w50,exclusion_replays,2025,2025-01-02,2025-12-31,250,0.0101021196814365,-0.4300221666499467,0.2516060125449557,0.010021543727684,0.1785790013706134,-0.1684768816891768,8.028372753093821,actual_stock_exclusion_replay,,,,,50,event,0.5,3,100000.0,0.0025,0.01,True
B3_w50__excludeTop5,B3_w50,exclusion_replays,2026,2026-01-02,2026-09-22,181,0.0806320004088241,-0.3328943894757513,0.3963612778162169,0.0572780859524184,0.193982242745804,-0.1133502423369798,10.00361058075024,actual_stock_exclusion_replay,,,,,50,event,0.5,3,100000.0,0.0025,0.01,True
B3_w50__excludeTop10,B3_w50,exclusion_replays,full,2017-01-04,2026-09-22,2442,0.1294646352148436,-0.5601151378986502,0.5120535705023367,2.253576572087424,0.1534966939059092,-0.0240320586910656,7.167098743395334,actual_stock_exclusion_replay,,,,,50,event,0.5,3,100000.0,0.0025,0.01,True
B3_w50__excludeTop10,B3_w50,exclusion_replays,2017_2022,2017-01-04,2022-12-30,1509,0.1517445414393039,-0.4801328997784948,0.5739060437380445,1.330271616440251,0.1124281175972994,0.0393164238420045,6.985908829168261,actual_stock_exclusion_replay,,,,,50,event,0.5,3,100000.0,0.0025,0.01,True
B3_w50__excludeTop10,B3_w50,exclusion_replays,2023_2026,2023-01-03,2026-09-22,933,0.0943385397242988,-0.4591536841506518,0.4249598969368035,0.3962220322872216,0.2231529414345989,-0.1288144017103001,7.460148668978027,actual_stock_exclusion_replay,,,,,50,event,0.5,3,100000.0,0.0025,0.01,True
B3_w50__excludeTop10,B3_w50,exclusion_replays,2017,2017-01-04,2017-12-29,250,0.4668045379907983,-0.1102877442384248,1.9607631396245595,0.4623516863549717,0.2120011745455907,0.2548033634452076,5.9699720838611405,actual_stock_exclusion_replay,,,,,50,event,0.5,3,100000.0,0.0025,0.01,True
B3_w50__excludeTop10,B3_w50,exclusion_replays,2018,2018-01-02,2018-12-31,251,-0.189687666543488,-0.2837026837507085,-0.6141512214115464,-0.1890110450919513,-0.0642984107744514,-0.1253892557690366,5.752883520343542,actual_stock_exclusion_replay,,,,,50,event,0.5,3,100000.0,0.0025,0.01,True
B3_w50__excludeTop10,B3_w50,exclusion_replays,2019,2019-01-02,2019-12-31,252,0.483601403371148,-0.1625050041846263,1.791920146975179,0.483601403371148,0.3401954545671213,0.1434059488040266,6.531360411028649,actual_stock_exclusion_replay,,,,,50,event,0.5,3,100000.0,0.0025,0.01,True
B3_w50__excludeTop10,B3_w50,exclusion_replays,2020,2020-01-02,2020-12-31,253,0.5818402638477429,-0.4693728630845147,1.2104040861053604,0.5847215131729631,0.1813082709311855,0.4005319929165574,7.7807189533370895,actual_stock_exclusion_replay,,,,,50,event,0.5,3,100000.0,0.0025,0.01,True
B3_w50__excludeTop10,B3_w50,exclusion_replays,2021,2021-01-04,2021-12-31,252,0.0173772687928623,-0.4015245542863607,0.2675172904172675,0.0173772687928623,0.2861550585808201,-0.2687777897879577,7.978787908082875,actual_stock_exclusion_replay,,,,,50,event,0.5,3,100000.0,0.0025,0.01,True
B3_w50__excludeTop10,B3_w50,exclusion_replays,2022,2022-01-03,2022-12-30,251,-0.1791812511891984,-0.2645199615437726,-0.2956656506303256,-0.1785378519588573,-0.180528833522089,0.0013475823328905,7.889204649533884,actual_stock_exclusion_replay,,,,,50,event,0.5,3,100000.0,0.0025,0.01,True
B3_w50__excludeTop10,B3_w50,exclusion_replays,2023,2023-01-03,2023-12-29,250,0.197527074824813,-0.2920700700585615,0.7938669973000256,0.1958150884101375,0.2494116142532503,-0.0518845394284372,6.428517783256189,actual_stock_exclusion_replay,,,,,50,event,0.5,3,100000.0,0.0025,0.01,True
B3_w50__excludeTop10,B3_w50,exclusion_replays,2024,2024-01-02,2024-12-31,252,0.0810373409707461,-0.2376888285931198,0.3976001624358705,0.0810373409707461,0.2643074461050603,-0.1832701051343142,6.849542589211032,actual_stock_exclusion_replay,,,,,50,event,0.5,3,100000.0,0.0025,0.01,True
B3_w50__excludeTop10,B3_w50,exclusion_replays,2025,2025-01-02,2025-12-31,250,0.1928039897820512,-0.4352332037915005,0.601094378773158,0.1911361133837441,0.1785790013706134,0.0142249884114378,8.75925066640361,actual_stock_exclusion_replay,,,,,50,event,0.5,3,100000.0,0.0025,0.01,True
B3_w50__excludeTop10,B3_w50,exclusion_replays,2026,2026-01-02,2026-09-22,181,-0.1274053662012286,-0.3228185751261031,-0.0632672960545153,-0.0932483167468499,0.193982242745804,-0.3213876089470326,7.940839023537961,actual_stock_exclusion_replay,,,,,50,event,0.5,3,100000.0,0.0025,0.01,True
B3_w50__excludeSector_IT_HW,B3_w50,exclusion_replays,full,2017-01-04,2026-09-22,2442,0.1316990740149308,-0.6765869598732142,0.5157321784290984,2.316489248862006,0.1534966939059092,-0.0217976198909783,7.7857714423021,actual_sector_exclusion_replay,,,,IT_HW,50,event,0.5,3,100000.0,0.0025,0.01,True
B3_w50__excludeSector_IT_HW,B3_w50,exclusion_replays,2017_2022,2017-01-04,2022-12-30,1509,0.2219782120620321,-0.504417369956772,0.7197215245206177,2.3215768507986083,0.1124281175972994,0.1095500944647327,7.417707070378482,actual_sector_exclusion_replay,,,,IT_HW,50,event,0.5,3,100000.0,0.0025,0.01,True
B3_w50__excludeSector_IT_HW,B3_w50,exclusion_replays,2023_2026,2023-01-03,2026-09-22,933,-0.0004139335508542,-0.4729583941053652,0.1887180706359547,-0.001531682741399,0.2231529414345989,-0.2235668749854532,8.38106526570268,actual_sector_exclusion_replay,,,,IT_HW,50,event,0.5,3,100000.0,0.0025,0.01,True
B3_w50__excludeSector_IT_HW,B3_w50,exclusion_replays,2017,2017-01-04,2017-12-29,250,0.5269876987992217,-0.108930376312118,2.176652549639368,0.5218663913160655,0.2120011745455907,0.3149865242536309,6.030927095679936,actual_sector_exclusion_replay,,,,IT_HW,50,event,0.5,3,100000.0,0.0025,0.01,True
B3_w50__excludeSector_IT_HW,B3_w50,exclusion_replays,2018,2018-01-02,2018-12-31,251,-0.2115794302051292,-0.3117455619161439,-0.7480414215994959,-0.2108353245756331,-0.0642984107744514,-0.1472810194306778,6.6522316969884105,actual_sector_exclusion_replay,,,,IT_HW,50,event,0.5,3,100000.0,0.0025,0.01,True
B3_w50__excludeSector_IT_HW,B3_w50,exclusion_replays,2019,2019-01-02,2019-12-31,252,0.4942821687123175,-0.1571505610064667,1.900851368453576,0.4942821687123175,0.3401954545671213,0.1540867141451962,6.130960393788287,actual_sector_exclusion_replay,,,,IT_HW,50,event,0.5,3,100000.0,0.0025,0.01,True
B3_w50__excludeSector_IT_HW,B3_w50,exclusion_replays,2020,2020-01-02,2020-12-31,253,1.3135766019387805,-0.485212146909295,1.754104193444409,1.3212902882754056,0.1813082709311855,1.132268331007595,7.16422588329966,actual_sector_exclusion_replay,,,,IT_HW,50,event,0.5,3,100000.0,0.0025,0.01,True
B3_w50__excludeSector_IT_HW,B3_w50,exclusion_replays,2021,2021-01-04,2021-12-31,252,0.0584277911899167,-0.4204018906851534,0.3526024561815256,0.0584277911899167,0.2861550585808201,-0.2277272673909034,7.739779007512864,actual_sector_exclusion_replay,,,,IT_HW,50,event,0.5,3,100000.0,0.0025,0.01,True
B3_w50__excludeSector_IT_HW,B3_w50,exclusion_replays,2022,2022-01-03,2022-12-30,251,-0.2475343026807768,-0.2853846539144602,-0.5367097544445865,-0.2466846124092137,-0.180528833522089,-0.0670054691586877,10.788456421252391,actual_sector_exclusion_replay,,,,IT_HW,50,event,0.5,3,100000.0,0.0025,0.01,True
B3_w50__excludeSector_IT_HW,B3_w50,exclusion_replays,2023,2023-01-03,2023-12-29,250,0.0622027591584422,-0.3817017692837755,0.35095858255655,0.0616941631702447,0.2494116142532503,-0.1872088550948081,8.85203505122085,actual_sector_exclusion_replay,,,,IT_HW,50,event,0.5,3,100000.0,0.0025,0.01,True
B3_w50__excludeSector_IT_HW,B3_w50,exclusion_replays,2024,2024-01-02,2024-12-31,252,-0.0362047386261681,-0.2172844344488962,0.0488936661342377,-0.0362047386261681,0.2643074461050603,-0.3005121847312284,6.533461186490609,actual_sector_exclusion_replay,,,,IT_HW,50,event,0.5,3,100000.0,0.0025,0.01,True
B3_w50__excludeSector_IT_HW,B3_w50,exclusion_replays,2025,2025-01-02,2025-12-31,250,-0.0748209898877027,-0.4150900161261919,0.0413540971789903,-0.0742497870090569,0.1785790013706134,-0.2533999912583161,8.784984514007341,actual_sector_exclusion_replay,,,,IT_HW,50,event,0.5,3,100000.0,0.0025,0.01,True
B3_w50__excludeSector_IT_HW,B3_w50,exclusion_replays,2026,2026-01-02,2026-09-22,181,0.0760240134385985,-0.2873526484017047,0.3874179440512701,0.0540379594690803,0.193982242745804,-0.1179582293072054,9.745009848607287,actual_sector_exclusion_replay,,,,IT_HW,50,event,0.5,3,100000.0,0.0025,0.01,True
B3_w50__excludeSector_CHEM_STEEL,B3_w50,exclusion_replays,full,2017-01-04,2026-09-22,2442,0.2754400204058123,-0.5740591729976741,0.8285879198415513,9.565647134459986,0.1534966939059092,0.121943326499903,6.990455152284264,actual_sector_exclusion_replay,,,,CHEM_STEEL,50,event,0.5,3,100000.0,0.0025,0.01,True
B3_w50__excludeSector_CHEM_STEEL,B3_w50,exclusion_replays,2017_2022,2017-01-04,2022-12-30,1509,0.2575428541802578,-0.5599301650723908,0.8020108608251142,2.944136777412846,0.1124281175972994,0.1451147365829583,7.038511809273379,actual_sector_exclusion_replay,,,,CHEM_STEEL,50,event,0.5,3,100000.0,0.0025,0.01,True
B3_w50__excludeSector_CHEM_STEEL,B3_w50,exclusion_replays,2023_2026,2023-01-03,2026-09-22,933,0.3049269402171402,-0.4457865913545999,0.8695589992250693,1.678823714980422,0.2231529414345989,0.0817739987825412,6.912730076832414,actual_sector_exclusion_replay,,,,CHEM_STEEL,50,event,0.5,3,100000.0,0.0025,0.01,True
B3_w50__excludeSector_CHEM_STEEL,B3_w50,exclusion_replays,2017,2017-01-04,2017-12-29,250,0.4551070482947668,-0.0913226774344621,1.9920389738248168,0.4507818955887919,0.2120011745455907,0.243105873749176,6.637159258844696,actual_sector_exclusion_replay,,,,CHEM_STEEL,50,event,0.5,3,100000.0,0.0025,0.01,True
B3_w50__excludeSector_CHEM_STEEL,B3_w50,exclusion_replays,2018,2018-01-02,2018-12-31,251,-0.119950642844803,-0.2686603811870111,-0.3123580133076923,-0.1195042982740893,-0.0642984107744514,-0.0556522320703516,5.8887491069550535,actual_sector_exclusion_replay,,,,CHEM_STEEL,50,event,0.5,3,100000.0,0.0025,0.01,True
B3_w50__excludeSector_CHEM_STEEL,B3_w50,exclusion_replays,2019,2019-01-02,2019-12-31,252,0.8270174839835953,-0.1452358778917352,2.594639059387675,0.8270174839835953,0.3401954545671213,0.486822029416474,5.144703238824984,actual_sector_exclusion_replay,,,,CHEM_STEEL,50,event,0.5,3,100000.0,0.0025,0.01,True
B3_w50__excludeSector_CHEM_STEEL,B3_w50,exclusion_replays,2020,2020-01-02,2020-12-31,253,1.4648281227483224,-0.4269357903834906,2.00636735681529,1.4736676491571492,0.1813082709311855,1.283519851817137,5.787258571959118,actual_sector_exclusion_replay,,,,CHEM_STEEL,50,event,0.5,3,100000.0,0.0025,0.01,True
B3_w50__excludeSector_CHEM_STEEL,B3_w50,exclusion_replays,2021,2021-01-04,2021-12-31,252,-0.082556351429239,-0.4292785274185021,0.0511892780834285,-0.082556351429239,0.2861550585808201,-0.3687114100100591,8.60512897766055,actual_sector_exclusion_replay,,,,CHEM_STEEL,50,event,0.5,3,100000.0,0.0025,0.01,True
B3_w50__excludeSector_CHEM_STEEL,B3_w50,exclusion_replays,2022,2022-01-03,2022-12-30,251,-0.2562122427721758,-0.3200799794214697,-0.5226274475006433,-0.2553380753190263,-0.180528833522089,-0.0756834092500867,10.17774638397062,actual_sector_exclusion_replay,,,,CHEM_STEEL,50,event,0.5,3,100000.0,0.0025,0.01,True
B3_w50__excludeSector_CHEM_STEEL,B3_w50,exclusion_replays,2023,2023-01-03,2023-12-29,250,0.2040257891476435,-0.3469015707243211,0.7639334955377569,0.2022528704111272,0.2494116142532503,-0.0453858251056067,6.966919093287638,actual_sector_exclusion_replay,,,,CHEM_STEEL,50,event,0.5,3,100000.0,0.0025,0.01,True
B3_w50__excludeSector_CHEM_STEEL,B3_w50,exclusion_replays,2024,2024-01-02,2024-12-31,252,0.3329432876630409,-0.2124813699592809,1.02454631060711,0.3329432876630409,0.2643074461050603,0.0686358415579806,5.101494223041508,actual_sector_exclusion_replay,,,,CHEM_STEEL,50,event,0.5,3,100000.0,0.0025,0.01,True
B3_w50__excludeSector_CHEM_STEEL,B3_w50,exclusion_replays,2025,2025-01-02,2025-12-31,250,0.2314850827236867,-0.4457865913545999,0.6808657486683898,0.2294516772997163,0.1785790013706134,0.0529060813530732,7.485041704620865,actual_sector_exclusion_replay,,,,CHEM_STEEL,50,event,0.5,3,100000.0,0.0025,0.01,True
B3_w50__excludeSector_CHEM_STEEL,B3_w50,exclusion_replays,2026,2026-01-02,2026-09-22,181,0.5337805609265651,-0.2630203232377927,1.1250846199301705,0.3596438936639821,0.193982242745804,0.3397983181807611,8.56911833149755,actual_sector_exclusion_replay,,,,CHEM_STEEL,50,event,0.5,3,100000.0,0.0025,0.01,True
B3_w50__excludeSector_CONSUMER,B3_w50,exclusion_replays,full,2017-01-04,2026-09-22,2442,0.2494002101975281,-0.4792773845992112,0.766658353345046,7.651358460854361,0.1534966939059092,0.0959035162916188,6.983017558964773,actual_sector_exclusion_replay,,,,CONSUMER,50,event,0.5,3,100000.0,0.0025,0.01,True
B3_w50__excludeSector_CONSUMER,B3_w50,exclusion_replays,2017_2022,2017-01-04,2022-12-30,1509,0.2322652064683852,-0.4792773845992112,0.7578445259513739,2.4925714958718954,0.1124281175972994,0.1198370888710858,6.808936320584839,actual_sector_exclusion_replay,,,,CONSUMER,50,event,0.5,3,100000.0,0.0025,0.01,True
B3_w50__excludeSector_CONSUMER,B3_w50,exclusion_replays,2023_2026,2023-01-03,2026-09-22,933,0.2776194979348487,-0.4311973404895477,0.7843093998221509,1.4770741189063612,0.2231529414345989,0.0544665565002497,7.264570172807561,actual_sector_exclusion_replay,,,,CONSUMER,50,event,0.5,3,100000.0,0.0025,0.01,True
B3_w50__excludeSector_CONSUMER,B3_w50,exclusion_replays,2017,2017-01-04,2017-12-29,250,0.4229982262951641,-0.1049984027542785,1.807862633213956,0.419019786303785,0.2120011745455907,0.2109970517495734,6.212890851318465,actual_sector_exclusion_replay,,,,CONSUMER,50,event,0.5,3,100000.0,0.0025,0.01,True
B3_w50__excludeSector_CONSUMER,B3_w50,exclusion_replays,2018,2018-01-02,2018-12-31,251,-0.1312372718919968,-0.2343872789941323,-0.3893202070720291,-0.1307521282081893,-0.0642984107744514,-0.0669388611175454,5.984504743610469,actual_sector_exclusion_replay,,,,CONSUMER,50,event,0.5,3,100000.0,0.0025,0.01,True
B3_w50__excludeSector_CONSUMER,B3_w50,exclusion_replays,2019,2019-01-02,2019-12-31,252,0.5732189950865056,-0.1178193065037953,2.0364886594733456,0.5732189950865056,0.3401954545671213,0.2330235405193843,6.556403483705393,actual_sector_exclusion_replay,,,,CONSUMER,50,event,0.5,3,100000.0,0.0025,0.01,True
B3_w50__excludeSector_CONSUMER,B3_w50,exclusion_replays,2020,2020-01-02,2020-12-31,253,0.7774223891046925,-0.4792773845992114,1.4254331928368886,0.7814838069884622,0.1813082709311855,0.596114118173507,5.877956492445804,actual_sector_exclusion_replay,,,,CONSUMER,50,event,0.5,3,100000.0,0.0025,0.01,True
B3_w50__excludeSector_CONSUMER,B3_w50,exclusion_replays,2021,2021-01-04,2021-12-31,252,0.1193300510914718,-0.4496973629924076,0.4767368422251852,0.1193300510914718,0.2861550585808201,-0.1668250074893482,7.776969161623935,actual_sector_exclusion_replay,,,,CONSUMER,50,event,0.5,3,100000.0,0.0025,0.01,True
B3_w50__excludeSector_CONSUMER,B3_w50,exclusion_replays,2022,2022-01-03,2022-12-30,251,-0.0977920715958035,-0.2250060959776566,-0.0882794505130679,-0.0974235580295547,-0.180528833522089,0.0827367619262855,8.447086075995616,actual_sector_exclusion_replay,,,,CONSUMER,50,event,0.5,3,100000.0,0.0025,0.01,True
B3_w50__excludeSector_CONSUMER,B3_w50,exclusion_replays,2023,2023-01-03,2023-12-29,250,0.2846925398189961,-0.3539735910605482,0.954969061161146,0.2821407882810358,0.2494116142532503,0.0352809255657458,7.690199606717125,actual_sector_exclusion_replay,,,,CONSUMER,50,event,0.5,3,100000.0,0.0025,0.01,True
B3_w50__excludeSector_CONSUMER,B3_w50,exclusion_replays,2024,2024-01-02,2024-12-31,252,0.1263496648172408,-0.2362222965494429,0.5089446633124868,0.1263496648172408,0.2643074461050603,-0.1379577812878194,5.690662409490179,actual_sector_exclusion_replay,,,,CONSUMER,50,event,0.5,3,100000.0,0.0025,0.01,True
B3_w50__excludeSector_CONSUMER,B3_w50,exclusion_replays,2025,2025-01-02,2025-12-31,250,0.4908753257912839,-0.4058655968048468,1.0560128656746337,0.4861574013488861,0.1785790013706134,0.3122963244206704,7.51491173499459,actual_sector_exclusion_replay,,,,CONSUMER,50,event,0.5,3,100000.0,0.0025,0.01,True
B3_w50__excludeSector_CONSUMER,B3_w50,exclusion_replays,2026,2026-01-02,2026-09-22,181,0.2209270894029338,-0.3204926131410971,0.6289696847421768,0.1541579367741128,0.193982242745804,0.0269448466571298,8.522205572430941,actual_sector_exclusion_replay,,,,CONSUMER,50,event,0.5,3,100000.0,0.0025,0.01,True
B3_w55__excludeTop1,B3_w55,exclusion_replays,full,2017-01-04,2026-09-22,2442,0.2895056198274504,-0.5105472578972599,0.852185025804337,10.75043028624137,0.1534966939059092,0.1360089259215411,7.686595558450099,actual_stock_exclusion_replay,,,,,55,event,0.5,3,100000.0,0.0025,0.01,True
B3_w55__excludeTop1,B3_w55,exclusion_replays,2017_2022,2017-01-04,2022-12-30,1509,0.266587086446802,-0.4689868365860936,0.8156747140219581,3.1170722566909825,0.1124281175972994,0.1541589688495026,7.60781916992044,actual_stock_exclusion_replay,,,,,55,event,0.5,3,100000.0,0.0025,0.01,True
B3_w55__excludeTop1,B3_w55,exclusion_replays,2023_2026,2023-01-03,2026-09-22,933,0.3274542474426409,-0.4578771820154828,0.9082631210043572,1.8540743406057043,0.2231529414345989,0.104301306008042,7.814005601634724,actual_stock_exclusion_replay,,,,,55,event,0.5,3,100000.0,0.0025,0.01,True
B3_w55__excludeTop1,B3_w55,exclusion_replays,2017,2017-01-04,2017-12-29,250,0.4648733923890424,-0.0911008468993791,1.966143475483767,0.4604416732698051,0.2120011745455907,0.2528722178434517,6.705494915459554,actual_stock_exclusion_replay,,,,,55,event,0.5,3,100000.0,0.0025,0.01,True
B3_w55__excludeTop1,B3_w55,exclusion_replays,2018,2018-01-02,2018-12-31,251,-0.2032049408825005,-0.4006275922625606,-0.5625129673068923,-0.202486370271932,-0.0642984107744514,-0.1389065301080491,7.528192317507211,actual_stock_exclusion_replay,,,,,55,event,0.5,3,100000.0,0.0025,0.01,True
B3_w55__excludeTop1,B3_w55,exclusion_replays,2019,2019-01-02,2019-12-31,252,0.5486592041986194,-0.1693642936582616,2.0377746068114915,0.5486592041986194,0.3401954545671213,0.208463749631498,5.740353442693587,actual_stock_exclusion_replay,,,,,55,event,0.5,3,100000.0,0.0025,0.01,True
B3_w55__excludeTop1,B3_w55,exclusion_replays,2020,2020-01-02,2020-12-31,253,1.137626993142601,-0.4598983568613473,1.701690346328958,1.1440809521852784,0.1813082709311855,0.9563187222114156,5.971877486052992,actual_stock_exclusion_replay,,,,,55,event,0.5,3,100000.0,0.0025,0.01,True
B3_w55__excludeTop1,B3_w55,exclusion_replays,2021,2021-01-04,2021-12-31,252,0.2043124485662844,-0.3827770413233665,0.6169801424870252,0.2043124485662844,0.2861550585808201,-0.0818426100145357,10.170034636141114,actual_stock_exclusion_replay,,,,,55,event,0.5,3,100000.0,0.0025,0.01,True
B3_w55__excludeTop1,B3_w55,exclusion_replays,2022,2022-01-03,2022-12-30,251,-0.1164797261896986,-0.2233436787093335,-0.1861225940125639,-0.1160454287310279,-0.180528833522089,0.0640491073323904,9.537634768976064,actual_stock_exclusion_replay,,,,,55,event,0.5,3,100000.0,0.0025,0.01,True
B3_w55__excludeTop1,B3_w55,exclusion_replays,2023,2023-01-03,2023-12-29,250,0.0571095572055202,-0.3348166040056474,0.3341357243132496,0.0566437065380904,0.2494116142532503,-0.19230205704773,8.025752621341661,actual_stock_exclusion_replay,,,,,55,event,0.5,3,100000.0,0.0025,0.01,True
B3_w55__excludeTop1,B3_w55,exclusion_replays,2024,2024-01-02,2024-12-31,252,0.7170334531588187,-0.1880358435329305,1.7124785335279171,0.7170334531588187,0.2643074461050603,0.4527260070537584,4.985945198467158,actual_stock_exclusion_replay,,,,,55,event,0.5,3,100000.0,0.0025,0.01,True
B3_w55__excludeTop1,B3_w55,exclusion_replays,2025,2025-01-02,2025-12-31,250,0.263298642201023,-0.4386958544988578,0.7316451745390634,0.2609574327253499,0.1785790013706134,0.0847196408304096,7.802194298596367,actual_stock_exclusion_replay,,,,,55,event,0.5,3,100000.0,0.0025,0.01,True
B3_w55__excludeTop1,B3_w55,exclusion_replays,2026,2026-01-02,2026-09-22,181,0.3606221994961656,-0.2745746778602779,0.8881396783725671,0.2475487568801557,0.193982242745804,0.1666399567503615,11.475261360922463,actual_stock_exclusion_replay,,,,,55,event,0.5,3,100000.0,0.0025,0.01,True
B3_w55__excludeTop3,B3_w55,exclusion_replays,full,2017-01-04,2026-09-22,2442,0.1242996300824641,-0.6628687691197557,0.50202940610054,2.1122284344650724,0.1534966939059092,-0.0291970638234451,7.848575915484203,actual_stock_exclusion_replay,,,,,55,event,0.5,3,100000.0,0.0025,0.01,True
B3_w55__excludeTop3,B3_w55,exclusion_replays,2017_2022,2017-01-04,2022-12-30,1509,0.2099382968633802,-0.4689868365860936,0.7153302420873708,2.1303583943337605,0.1124281175972994,0.0975101792660808,7.497642009385192,actual_stock_exclusion_replay,,,,,55,event,0.5,3,100000.0,0.0025,0.01,True
B3_w55__excludeTop3,B3_w55,exclusion_replays,2023_2026,2023-01-03,2026-09-22,933,-0.0015676233983847,-0.5402894030479575,0.1928112914207032,-0.0057916562849512,0.2231529414345989,-0.2247205648329837,8.416163551393538,actual_stock_exclusion_replay,,,,,55,event,0.5,3,100000.0,0.0025,0.01,True
B3_w55__excludeTop3,B3_w55,exclusion_replays,2017,2017-01-04,2017-12-29,250,0.4648733923890424,-0.0911008468993791,1.966143475483767,0.4604416732698051,0.2120011745455907,0.2528722178434517,6.705494915459554,actual_stock_exclusion_replay,,,,,55,event,0.5,3,100000.0,0.0025,0.01,True
B3_w55__excludeTop3,B3_w55,exclusion_replays,2018,2018-01-02,2018-12-31,251,-0.2032049408825005,-0.4006275922625606,-0.5625129673068923,-0.202486370271932,-0.0642984107744514,-0.1389065301080491,7.528192317507211,actual_stock_exclusion_replay,,,,,55,event,0.5,3,100000.0,0.0025,0.01,True
B3_w55__excludeTop3,B3_w55,exclusion_replays,2019,2019-01-02,2019-12-31,252,0.5486592041986194,-0.1693642936582616,2.0377746068114915,0.5486592041986194,0.3401954545671213,0.208463749631498,5.740353442693587,actual_stock_exclusion_replay,,,,,55,event,0.5,3,100000.0,0.0025,0.01,True
B3_w55__excludeTop3,B3_w55,exclusion_replays,2020,2020-01-02,2020-12-31,253,0.8578345717934497,-0.4598983568613473,1.482829070982414,0.8624067135587647,0.1813082709311855,0.6765263008622642,5.9348587097595145,actual_stock_exclusion_replay,,,,,55,event,0.5,3,100000.0,0.0025,0.01,True
B3_w55__excludeTop3,B3_w55,exclusion_replays,2021,2021-01-04,2021-12-31,252,0.0906011253762559,-0.4046010587614915,0.4156136229576634,0.0906011253762559,0.2861550585808201,-0.1955539332045641,9.960789442112755,actual_stock_exclusion_replay,,,,,55,event,0.5,3,100000.0,0.0025,0.01,True
B3_w55__excludeTop3,B3_w55,exclusion_replays,2022,2022-01-03,2022-12-30,251,-0.1461075094772838,-0.255775735292079,-0.2607686761544963,-0.1455721341569481,-0.180528833522089,0.0344213240448052,9.122647534114348,actual_stock_exclusion_replay,,,,,55,event,0.5,3,100000.0,0.0025,0.01,True
B3_w55__excludeTop3,B3_w55,exclusion_replays,2023,2023-01-03,2023-12-29,250,-0.0902480942131146,-0.3645634796189004,-0.1900201181415732,-0.0895649221092561,0.2494116142532503,-0.3396597084663649,8.343927777112425,actual_stock_exclusion_replay,,,,,55,event,0.5,3,100000.0,0.0025,0.01,True
B3_w55__excludeTop3,B3_w55,exclusion_replays,2024,2024-01-02,2024-12-31,252,0.2549447256713251,-0.2178051207799914,0.8345553022792905,0.2549447256713251,0.2643074461050603,-0.0093627204337352,6.401372511166447,actual_stock_exclusion_replay,,,,,55,event,0.5,3,100000.0,0.0025,0.01,True
B3_w55__excludeTop3,B3_w55,exclusion_replays,2025,2025-01-02,2025-12-31,250,-0.1379881197667616,-0.5375836157151606,-0.0714366901783579,-0.1369716726203437,0.1785790013706134,-0.316567121137375,8.63023951781584,actual_stock_exclusion_replay,,,,,55,event,0.5,3,100000.0,0.0025,0.01,True
B3_w55__excludeTop3,B3_w55,exclusion_replays,2026,2026-01-02,2026-09-22,181,0.0115389281649771,-0.2857941573650181,0.2519756107929246,0.0082744747814151,0.193982242745804,-0.1824433145808268,11.025375121017454,actual_stock_exclusion_replay,,,,,55,event,0.5,3,100000.0,0.0025,0.01,True
B3_w55__excludeTop5,B3_w55,exclusion_replays,full,2017-01-04,2026-09-22,2442,0.2076788386543788,-0.5686598610857665,0.6815680553380017,5.225133051270075,0.1534966939059092,0.0541821447484696,7.785368716003373,actual_stock_exclusion_replay,,,,,55,event,0.5,3,100000.0,0.0025,0.01,True
B3_w55__excludeTop5,B3_w55,exclusion_replays,2017_2022,2017-01-04,2022-12-30,1509,0.2099382968633802,-0.4689868365860936,0.7153302420873708,2.1303583943337605,0.1124281175972994,0.0975101792660808,7.497642009385192,actual_stock_exclusion_replay,,,,,55,event,0.5,3,100000.0,0.0025,0.01,True
B3_w55__excludeTop5,B3_w55,exclusion_replays,2023_2026,2023-01-03,2026-09-22,933,0.2040334010683286,-0.5686598610857665,0.6447674705043834,0.988632695393008,0.2231529414345989,-0.0191195403662702,8.25072734439226,actual_stock_exclusion_replay,,,,,55,event,0.5,3,100000.0,0.0025,0.01,True
B3_w55__excludeTop5,B3_w55,exclusion_replays,2017,2017-01-04,2017-12-29,250,0.4648733923890424,-0.0911008468993791,1.966143475483767,0.4604416732698051,0.2120011745455907,0.2528722178434517,6.705494915459554,actual_stock_exclusion_replay,,,,,55,event,0.5,3,100000.0,0.0025,0.01,True
B3_w55__excludeTop5,B3_w55,exclusion_replays,2018,2018-01-02,2018-12-31,251,-0.2032049408825005,-0.4006275922625606,-0.5625129673068923,-0.202486370271932,-0.0642984107744514,-0.1389065301080491,7.528192317507211,actual_stock_exclusion_replay,,,,,55,event,0.5,3,100000.0,0.0025,0.01,True
B3_w55__excludeTop5,B3_w55,exclusion_replays,2019,2019-01-02,2019-12-31,252,0.5486592041986194,-0.1693642936582616,2.0377746068114915,0.5486592041986194,0.3401954545671213,0.208463749631498,5.740353442693587,actual_stock_exclusion_replay,,,,,55,event,0.5,3,100000.0,0.0025,0.01,True
B3_w55__excludeTop5,B3_w55,exclusion_replays,2020,2020-01-02,2020-12-31,253,0.8578345717934497,-0.4598983568613473,1.482829070982414,0.8624067135587647,0.1813082709311855,0.6765263008622642,5.9348587097595145,actual_stock_exclusion_replay,,,,,55,event,0.5,3,100000.0,0.0025,0.01,True
B3_w55__excludeTop5,B3_w55,exclusion_replays,2021,2021-01-04,2021-12-31,252,0.0906011253762559,-0.4046010587614915,0.4156136229576634,0.0906011253762559,0.2861550585808201,-0.1955539332045641,9.960789442112755,actual_stock_exclusion_replay,,,,,55,event,0.5,3,100000.0,0.0025,0.01,True
B3_w55__excludeTop5,B3_w55,exclusion_replays,2022,2022-01-03,2022-12-30,251,-0.1461075094772838,-0.255775735292079,-0.2607686761544963,-0.1455721341569481,-0.180528833522089,0.0344213240448052,9.122647534114348,actual_stock_exclusion_replay,,,,,55,event,0.5,3,100000.0,0.0025,0.01,True
B3_w55__excludeTop5,B3_w55,exclusion_replays,2023,2023-01-03,2023-12-29,250,-0.0524449620922281,-0.3613141952647789,-0.0442344223277382,-0.0520397561703093,0.2494116142532503,-0.3018565763454784,8.441681641997272,actual_stock_exclusion_replay,,,,,55,event,0.5,3,100000.0,0.0025,0.01,True
B3_w55__excludeTop5,B3_w55,exclusion_replays,2024,2024-01-02,2024-12-31,252,0.6890968127880315,-0.2295450260291509,1.5055603417178107,0.6890968127880315,0.2643074461050603,0.4247893666829712,6.588905113595623,actual_stock_exclusion_replay,,,,,55,event,0.5,3,100000.0,0.0025,0.01,True
B3_w55__excludeTop5,B3_w55,exclusion_replays,2025,2025-01-02,2025-12-31,250,0.0224091660229308,-0.5686598610857665,0.3182609331921466,0.0222293532924573,0.1785790013706134,-0.1561698353476825,8.785588888658756,actual_stock_exclusion_replay,,,,,55,event,0.5,3,100000.0,0.0025,0.01,True
B3_w55__excludeTop5,B3_w55,exclusion_replays,2026,2026-01-02,2026-09-22,181,0.3113907581088424,-0.2528847731504279,0.8277911442188349,0.2149588292428514,0.193982242745804,0.1174085153630384,9.56191652501587,actual_stock_exclusion_replay,,,,,55,event,0.5,3,100000.0,0.0025,0.01,True
B3_w55__excludeTop10,B3_w55,exclusion_replays,full,2017-01-04,2026-09-22,2442,0.2161962612882733,-0.5468266501549248,0.6995250865164008,5.663861806804511,0.1534966939059092,0.062699567382364,7.828812887244664,actual_stock_exclusion_replay,,,,,55,event,0.5,3,100000.0,0.0025,0.01,True
B3_w55__excludeTop10,B3_w55,exclusion_replays,2017_2022,2017-01-04,2022-12-30,1509,0.2099382968633802,-0.4689868365860936,0.7153302420873708,2.1303583943337605,0.1124281175972994,0.0975101792660808,7.497642009385192,actual_stock_exclusion_replay,,,,,55,event,0.5,3,100000.0,0.0025,0.01,True
B3_w55__excludeTop10,B3_w55,exclusion_replays,2023_2026,2023-01-03,2026-09-22,933,0.226386244957345,-0.5448747059117038,0.6866578759335535,1.128785578950548,0.2231529414345989,0.003233303522746,8.364436525711909,actual_stock_exclusion_replay,,,,,55,event,0.5,3,100000.0,0.0025,0.01,True
B3_w55__excludeTop10,B3_w55,exclusion_replays,2017,2017-01-04,2017-12-29,250,0.4648733923890424,-0.0911008468993791,1.966143475483767,0.4604416732698051,0.2120011745455907,0.2528722178434517,6.705494915459554,actual_stock_exclusion_replay,,,,,55,event,0.5,3,100000.0,0.0025,0.01,True
B3_w55__excludeTop10,B3_w55,exclusion_replays,2018,2018-01-02,2018-12-31,251,-0.2032049408825005,-0.4006275922625606,-0.5625129673068923,-0.202486370271932,-0.0642984107744514,-0.1389065301080491,7.528192317507211,actual_stock_exclusion_replay,,,,,55,event,0.5,3,100000.0,0.0025,0.01,True
B3_w55__excludeTop10,B3_w55,exclusion_replays,2019,2019-01-02,2019-12-31,252,0.5486592041986194,-0.1693642936582616,2.0377746068114915,0.5486592041986194,0.3401954545671213,0.208463749631498,5.740353442693587,actual_stock_exclusion_replay,,,,,55,event,0.5,3,100000.0,0.0025,0.01,True
B3_w55__excludeTop10,B3_w55,exclusion_replays,2020,2020-01-02,2020-12-31,253,0.8578345717934497,-0.4598983568613473,1.482829070982414,0.8624067135587647,0.1813082709311855,0.6765263008622642,5.9348587097595145,actual_stock_exclusion_replay,,,,,55,event,0.5,3,100000.0,0.0025,0.01,True
B3_w55__excludeTop10,B3_w55,exclusion_replays,2021,2021-01-04,2021-12-31,252,0.0906011253762559,-0.4046010587614915,0.4156136229576634,0.0906011253762559,0.2861550585808201,-0.1955539332045641,9.960789442112755,actual_stock_exclusion_replay,,,,,55,event,0.5,3,100000.0,0.0025,0.01,True
B3_w55__excludeTop10,B3_w55,exclusion_replays,2022,2022-01-03,2022-12-30,251,-0.1461075094772838,-0.255775735292079,-0.2607686761544963,-0.1455721341569481,-0.180528833522089,0.0344213240448052,9.122647534114348,actual_stock_exclusion_replay,,,,,55,event,0.5,3,100000.0,0.0025,0.01,True
B3_w55__excludeTop10,B3_w55,exclusion_replays,2023,2023-01-03,2023-12-29,250,-0.0524449620922281,-0.3613141952647789,-0.0442344223277382,-0.0520397561703093,0.2494116142532503,-0.3018565763454784,8.441681641997272,actual_stock_exclusion_replay,,,,,55,event,0.5,3,100000.0,0.0025,0.01,True
B3_w55__excludeTop10,B3_w55,exclusion_replays,2024,2024-01-02,2024-12-31,252,0.6017792942726594,-0.2361005062327845,1.3733143952745264,0.6017792942726594,0.2643074461050603,0.3374718481675991,6.79754791202447,actual_stock_exclusion_replay,,,,,55,event,0.5,3,100000.0,0.0025,0.01,True
B3_w55__excludeTop10,B3_w55,exclusion_replays,2025,2025-01-02,2025-12-31,250,0.1056986040977856,-0.5373513601056302,0.4579830040334888,0.1048172280078301,0.1785790013706134,-0.0728803972728278,9.002404241434464,actual_stock_exclusion_replay,,,,,55,event,0.5,3,100000.0,0.0025,0.01,True
B3_w55__excludeTop10,B3_w55,exclusion_replays,2026,2026-01-02,2026-09-22,181,0.3932466250630491,-0.2476137007498442,0.9632869962502192,0.2689621908366482,0.193982242745804,0.199264382317245,9.558097976801712,actual_stock_exclusion_replay,,,,,55,event,0.5,3,100000.0,0.0025,0.01,True
B3_w55__excludeSector_IT_HW,B3_w55,exclusion_replays,full,2017-01-04,2026-09-22,2442,0.1858289380972939,-0.6735163759772743,0.6357474497561495,4.215655022452764,0.1534966939059092,0.0323322441913846,8.112988406671965,actual_sector_exclusion_replay,,,,IT_HW,55,event,0.5,3,100000.0,0.0025,0.01,True
B3_w55__excludeSector_IT_HW,B3_w55,exclusion_replays,2017_2022,2017-01-04,2022-12-30,1509,0.2604153043198256,-0.50117207997345,0.7961152493893477,2.998392423826763,0.1124281175972994,0.1479871867225262,7.991180388920092,actual_sector_exclusion_replay,,,,IT_HW,55,event,0.5,3,100000.0,0.0025,0.01,True
B3_w55__excludeSector_IT_HW,B3_w55,exclusion_replays,2023_2026,2023-01-03,2026-09-22,933,0.07442341291426,-0.4795764546807998,0.3791412746908023,0.3044380014758541,0.2231529414345989,-0.1487295285203389,8.309996229595411,actual_sector_exclusion_replay,,,,IT_HW,55,event,0.5,3,100000.0,0.0025,0.01,True
B3_w55__excludeSector_IT_HW,B3_w55,exclusion_replays,2017,2017-01-04,2017-12-29,250,0.4352693033716808,-0.1068841958628993,1.8173212447034528,0.4311590242812286,0.2120011745455907,0.22326812882609,6.660166955718157,actual_sector_exclusion_replay,,,,IT_HW,55,event,0.5,3,100000.0,0.0025,0.01,True
B3_w55__excludeSector_IT_HW,B3_w55,exclusion_replays,2018,2018-01-02,2018-12-31,251,-0.1239933716048764,-0.3154382590037514,-0.2924995411856297,-0.1235330634964042,-0.0642984107744514,-0.059694960830425,6.970548146247512,actual_sector_exclusion_replay,,,,IT_HW,55,event,0.5,3,100000.0,0.0025,0.01,True
B3_w55__excludeSector_IT_HW,B3_w55,exclusion_replays,2019,2019-01-02,2019-12-31,252,0.6850335204332663,-0.1417637269643368,2.312765063684617,0.6850335204332663,0.3401954545671213,0.3448380658661449,6.301617626158366,actual_sector_exclusion_replay,,,,IT_HW,55,event,0.5,3,100000.0,0.0025,0.01,True
B3_w55__excludeSector_IT_HW,B3_w55,exclusion_replays,2020,2020-01-02,2020-12-31,253,1.368771387724053,-0.475207861104264,1.7936207302636746,1.376891467120836,0.1813082709311855,1.1874631167928675,7.068101805233621,actual_sector_exclusion_replay,,,,IT_HW,55,event,0.5,3,100000.0,0.0025,0.01,True
B3_w55__excludeSector_IT_HW,B3_w55,exclusion_replays,2021,2021-01-04,2021-12-31,252,-0.0691435177855631,-0.4238744813902142,0.0796091335688977,-0.0691435177855631,0.2861550585808201,-0.3552985763663833,11.265066455250263,actual_sector_exclusion_replay,,,,IT_HW,55,event,0.5,3,100000.0,0.0025,0.01,True
B3_w55__excludeSector_IT_HW,B3_w55,exclusion_replays,2022,2022-01-03,2022-12-30,251,-0.145542844709805,-0.2695255097812982,-0.2329707632932945,-0.1450093582311016,-0.180528833522089,0.0349859888122839,9.677321665353274,actual_sector_exclusion_replay,,,,IT_HW,55,event,0.5,3,100000.0,0.0025,0.01,True
B3_w55__excludeSector_IT_HW,B3_w55,exclusion_replays,2023,2023-01-03,2023-12-29,250,-0.0312404552146312,-0.3367147935356289,0.0293006773166128,-0.0309963982100631,0.2494116142532503,-0.2806520694678815,8.011877197353373,actual_sector_exclusion_replay,,,,IT_HW,55,event,0.5,3,100000.0,0.0025,0.01,True
B3_w55__excludeSector_IT_HW,B3_w55,exclusion_replays,2024,2024-01-02,2024-12-31,252,0.0455699014504527,-0.2014290473873706,0.3008914954922533,0.0455699014504527,0.2643074461050603,-0.2187375446546076,7.789902879037145,actual_sector_exclusion_replay,,,,IT_HW,55,event,0.5,3,100000.0,0.0025,0.01,True
B3_w55__excludeSector_IT_HW,B3_w55,exclusion_replays,2025,2025-01-02,2025-12-31,250,0.3198330905406321,-0.4219728039858822,0.8504047375511021,0.3169294586393805,0.1785790013706134,0.1412540891700187,6.966645964112732,actual_sector_exclusion_replay,,,,IT_HW,55,event,0.5,3,100000.0,0.0025,0.01,True
B3_w55__excludeSector_IT_HW,B3_w55,exclusion_replays,2026,2026-01-02,2026-09-22,181,-0.030983016887488,-0.2994321025627927,0.1795462615658546,-0.0223521137479338,0.193982242745804,-0.224965259633292,11.301326885793548,actual_sector_exclusion_replay,,,,IT_HW,55,event,0.5,3,100000.0,0.0025,0.01,True
B3_w55__excludeSector_SEMI,B3_w55,exclusion_replays,full,2017-01-04,2026-09-22,2442,0.1841865340109629,-0.6294296167161275,0.6320566089788323,4.146072580389273,0.1534966939059092,0.0306898401050537,7.814434154097706,actual_sector_exclusion_replay,,,,SEMI,55,event,0.5,3,100000.0,0.0025,0.01,True
B3_w55__excludeSector_SEMI,B3_w55,exclusion_replays,2017_2022,2017-01-04,2022-12-30,1509,0.1726362273329911,-0.5281720958209355,0.6180192469787994,1.5951141756506622,0.1124281175972994,0.0602081097356916,7.507742093557452,actual_sector_exclusion_replay,,,,SEMI,55,event,0.5,3,100000.0,0.0025,0.01,True
B3_w55__excludeSector_SEMI,B3_w55,exclusion_replays,2023_2026,2023-01-03,2026-09-22,933,0.20310886920419,-0.4582740065293084,0.6543590880170362,0.9829850372957244,0.2231529414345989,-0.0200440722304089,8.310466650727118,actual_sector_exclusion_replay,,,,SEMI,55,event,0.5,3,100000.0,0.0025,0.01,True
B3_w55__excludeSector_SEMI,B3_w55,exclusion_replays,2017,2017-01-04,2017-12-29,250,0.5306642926148801,-0.1006586018258652,2.0736980952250232,0.5255015381829289,0.2120011745455907,0.3186631180692894,6.571869725948604,actual_sector_exclusion_replay,,,,SEMI,55,event,0.5,3,100000.0,0.0025,0.01,True
B3_w55__excludeSector_SEMI,B3_w55,exclusion_replays,2018,2018-01-02,2018-12-31,251,-0.1939179102053927,-0.3637462192567235,-0.5286732510119988,-0.1932280641212261,-0.0642984107744514,-0.1296194994309413,7.398814818254224,actual_sector_exclusion_replay,,,,SEMI,55,event,0.5,3,100000.0,0.0025,0.01,True
B3_w55__excludeSector_SEMI,B3_w55,exclusion_replays,2019,2019-01-02,2019-12-31,252,0.4100006909343197,-0.1848276252874483,1.6446427442024223,0.4100006909343197,0.3401954545671213,0.0698052363671983,5.907327916815002,actual_sector_exclusion_replay,,,,SEMI,55,event,0.5,3,100000.0,0.0025,0.01,True
B3_w55__excludeSector_SEMI,B3_w55,exclusion_replays,2020,2020-01-02,2020-12-31,253,0.9095443846298604,-0.4737759454455824,1.5041023465184564,0.9144523350738384,0.1813082709311855,0.7282361136986748,6.080176315500015,actual_sector_exclusion_replay,,,,SEMI,55,event,0.5,3,100000.0,0.0025,0.01,True
B3_w55__excludeSector_SEMI,B3_w55,exclusion_replays,2021,2021-01-04,2021-12-31,252,-0.1081874220430975,-0.4146823157144002,-0.0519640864517896,-0.1081874220430975,0.2861550585808201,-0.3943424806239176,9.128660019435864,actual_sector_exclusion_replay,,,,SEMI,55,event,0.5,3,100000.0,0.0025,0.01,True
B3_w55__excludeSector_SEMI,B3_w55,exclusion_replays,2022,2022-01-03,2022-12-30,251,-0.1245601736127777,-0.2886913548302645,-0.142089549057941,-0.1240979136662769,-0.180528833522089,0.0559686599093113,9.967168528097664,actual_sector_exclusion_replay,,,,SEMI,55,event,0.5,3,100000.0,0.0025,0.01,True
B3_w55__excludeSector_SEMI,B3_w55,exclusion_replays,2023,2023-01-03,2023-12-29,250,-0.0434692077155743,-0.354147909631329,0.0028149377939565,-0.0431317638709504,0.2494116142532503,-0.2928808219688247,8.665765852304979,actual_sector_exclusion_replay,,,,SEMI,55,event,0.5,3,100000.0,0.0025,0.01,True
B3_w55__excludeSector_SEMI,B3_w55,exclusion_replays,2024,2024-01-02,2024-12-31,252,0.1854123610730871,-0.213281655893146,0.6503671445464978,0.1854123610730871,0.2643074461050603,-0.0788950850319731,7.170148111706698,actual_sector_exclusion_replay,,,,SEMI,55,event,0.5,3,100000.0,0.0025,0.01,True
B3_w55__excludeSector_SEMI,B3_w55,exclusion_replays,2025,2025-01-02,2025-12-31,250,0.1314791591680333,-0.4331850605626153,0.4964778937627809,0.1303704421647729,0.1785790013706134,-0.0470998422025801,7.861028091640278,actual_sector_exclusion_replay,,,,SEMI,55,event,0.5,3,100000.0,0.0025,0.01,True
B3_w55__excludeSector_SEMI,B3_w55,exclusion_replays,2026,2026-01-02,2026-09-22,181,0.8351141409851968,-0.1793458526177229,1.458654776541364,0.546596613140258,0.193982242745804,0.6411318982393928,10.028119198850826,actual_sector_exclusion_replay,,,,SEMI,55,event,0.5,3,100000.0,0.0025,0.01,True
B3_w55__excludeSector_CHEM_STEEL,B3_w55,exclusion_replays,full,2017-01-04,2026-09-22,2442,0.1551830845946153,-0.6300209144113774,0.5647323410620231,3.0468423667163584,0.1534966939059092,0.0016863906887061,7.917215211460888,actual_sector_exclusion_replay,,,,CHEM_STEEL,55,event,0.5,3,100000.0,0.0025,0.01,True
B3_w55__excludeSector_CHEM_STEEL,B3_w55,exclusion_replays,2017_2022,2017-01-04,2022-12-30,1509,0.1606452755159517,-0.5679590174617808,0.5825838133933378,1.4402078240034148,0.1124281175972994,0.0482171579186523,7.850750850859607,actual_sector_exclusion_replay,,,,CHEM_STEEL,55,event,0.5,3,100000.0,0.0025,0.01,True
B3_w55__excludeSector_CHEM_STEEL,B3_w55,exclusion_replays,2023_2026,2023-01-03,2026-09-22,933,0.1464030941432887,-0.5256543429242782,0.5383731585975337,0.6584007013292335,0.2231529414345989,-0.0767498472913101,8.024712231983212,actual_sector_exclusion_replay,,,,CHEM_STEEL,55,event,0.5,3,100000.0,0.0025,0.01,True
B3_w55__excludeSector_CHEM_STEEL,B3_w55,exclusion_replays,2017,2017-01-04,2017-12-29,250,0.3534036287011428,-0.0911117365539101,1.5740670285030425,0.3501569691204591,0.2120011745455907,0.141402454155552,7.203650951416834,actual_sector_exclusion_replay,,,,CHEM_STEEL,55,event,0.5,3,100000.0,0.0025,0.01,True
B3_w55__excludeSector_CHEM_STEEL,B3_w55,exclusion_replays,2018,2018-01-02,2018-12-31,251,-0.1984458577444067,-0.3477562698806622,-0.5841855132289409,-0.1977419536635811,-0.0642984107744514,-0.1341474469699553,7.291990013865901,actual_sector_exclusion_replay,,,,CHEM_STEEL,55,event,0.5,3,100000.0,0.0025,0.01,True
B3_w55__excludeSector_CHEM_STEEL,B3_w55,exclusion_replays,2019,2019-01-02,2019-12-31,252,0.683990979697737,-0.1209173995921378,2.385410240159913,0.683990979697737,0.3401954545671213,0.3437955251306157,4.292538907622774,actual_sector_exclusion_replay,,,,CHEM_STEEL,55,event,0.5,3,100000.0,0.0025,0.01,True
B3_w55__excludeSector_CHEM_STEEL,B3_w55,exclusion_replays,2020,2020-01-02,2020-12-31,253,0.8300066453103447,-0.4732091632559597,1.439979448740328,0.8344004388725743,0.1813082709311855,0.6486983743791592,6.481638906424774,actual_sector_exclusion_replay,,,,CHEM_STEEL,55,event,0.5,3,100000.0,0.0025,0.01,True
B3_w55__excludeSector_CHEM_STEEL,B3_w55,exclusion_replays,2021,2021-01-04,2021-12-31,252,-0.056793650826062,-0.4267481743317495,0.1241297025382913,-0.056793650826062,0.2861550585808201,-0.3429487094068821,10.912159080740324,actual_sector_exclusion_replay,,,,CHEM_STEEL,55,event,0.5,3,100000.0,0.0025,0.01,True
B3_w55__excludeSector_CHEM_STEEL,B3_w55,exclusion_replays,2022,2022-01-03,2022-12-30,251,-0.2275990827663805,-0.3249258705433572,-0.3946916147669305,-0.2268071146191107,-0.180528833522089,-0.0470702492442914,10.932837714022424,actual_sector_exclusion_replay,,,,CHEM_STEEL,55,event,0.5,3,100000.0,0.0025,0.01,True
B3_w55__excludeSector_CHEM_STEEL,B3_w55,exclusion_replays,2023,2023-01-03,2023-12-29,250,0.04404735849812,-0.3560717296424002,0.2933721852803431,0.0436902489045885,0.2494116142532503,-0.2053642557551303,8.618942659215351,actual_sector_exclusion_replay,,,,CHEM_STEEL,55,event,0.5,3,100000.0,0.0025,0.01,True
B3_w55__excludeSector_CHEM_STEEL,B3_w55,exclusion_replays,2024,2024-01-02,2024-12-31,252,0.3633354581694692,-0.2212814647233962,1.012332541384105,0.3633354581694692,0.2643074461050603,0.0990280120644089,7.509587820219759,actual_sector_exclusion_replay,,,,CHEM_STEEL,55,event,0.5,3,100000.0,0.0025,0.01,True
B3_w55__excludeSector_CHEM_STEEL,B3_w55,exclusion_replays,2025,2025-01-02,2025-12-31,250,0.1279848807321693,-0.484487605364074,0.4901543653865702,0.1269072504217123,0.1785790013706134,-0.0505941206384441,6.926074428380384,actual_sector_exclusion_replay,,,,CHEM_STEEL,55,event,0.5,3,100000.0,0.0025,0.01,True
B3_w55__excludeSector_CHEM_STEEL,B3_w55,exclusion_replays,2026,2026-01-02,2026-09-22,181,0.0480079675255569,-0.3045686960141666,0.3291329058324565,0.0342533673536804,0.193982242745804,-0.145974275220247,9.438597291966984,actual_sector_exclusion_replay,,,,CHEM_STEEL,55,event,0.5,3,100000.0,0.0025,0.01,True
B3_beta60d3__excludeTop1,B3_beta60d3,exclusion_replays,full,2017-01-04,2026-09-22,2442,0.2385820648852477,-0.460863552881548,0.7220785482919151,6.952165971041819,0.1534966939059092,0.0850853709793384,12.414538392423625,actual_stock_exclusion_replay,,,,,50,event,0.6,3,100000.0,0.0025,0.01,True
B3_beta60d3__excludeTop1,B3_beta60d3,exclusion_replays,2017_2022,2017-01-04,2022-12-30,1509,0.2281389055688252,-0.4601398712580176,0.7298190632965478,2.423122697179991,0.1124281175972994,0.1157107879715257,12.236076246876255,actual_stock_exclusion_replay,,,,,50,event,0.6,3,100000.0,0.0025,0.01,True
B3_beta60d3__excludeTop1,B3_beta60d3,exclusion_replays,2023_2026,2023-01-03,2026-09-22,933,0.255660733344311,-0.4608635528815481,0.7200041991981551,1.323073601069832,0.2231529414345989,0.032507791909712,12.703176524932706,actual_stock_exclusion_replay,,,,,50,event,0.6,3,100000.0,0.0025,0.01,True
B3_beta60d3__excludeTop1,B3_beta60d3,exclusion_replays,2017,2017-01-04,2017-12-29,250,0.1946074450303918,-0.1141277071548529,0.9194393613138192,0.1929227430558899,0.2120011745455907,-0.0173937295151989,13.153136012618116,actual_stock_exclusion_replay,,,,,50,event,0.6,3,100000.0,0.0025,0.01,True
B3_beta60d3__excludeTop1,B3_beta60d3,exclusion_replays,2018,2018-01-02,2018-12-31,251,-0.2178640574945562,-0.3366336822534475,-0.6565238539818012,-0.2171010200771962,-0.0642984107744514,-0.1535656467201048,10.065742840903535,actual_stock_exclusion_replay,,,,,50,event,0.6,3,100000.0,0.0025,0.01,True
B3_beta60d3__excludeTop1,B3_beta60d3,exclusion_replays,2019,2019-01-02,2019-12-31,252,0.6526187943597865,-0.154851918626214,2.2222203136170533,0.6526187943597865,0.3401954545671213,0.3124233397926652,8.529553678352718,actual_stock_exclusion_replay,,,,,50,event,0.6,3,100000.0,0.0025,0.01,True
B3_beta60d3__excludeTop1,B3_beta60d3,exclusion_replays,2020,2020-01-02,2020-12-31,253,1.2801441449812812,-0.4186640630041086,1.8739306935581532,1.2876142237348265,0.1813082709311855,1.0988358740500956,14.836826307924817,actual_stock_exclusion_replay,,,,,50,event,0.6,3,100000.0,0.0025,0.01,True
B3_beta60d3__excludeTop1,B3_beta60d3,exclusion_replays,2021,2021-01-04,2021-12-31,252,0.0527051252592138,-0.3613538831626848,0.3365383122813269,0.0527051252592138,0.2861550585808201,-0.2334499333216062,13.50646269901003,actual_stock_exclusion_replay,,,,,50,event,0.6,3,100000.0,0.0025,0.01,True
B3_beta60d3__excludeTop1,B3_beta60d3,exclusion_replays,2022,2022-01-03,2022-12-30,251,-0.079339000780727,-0.3093706889145636,0.0569181101239282,-0.0790369474375626,-0.180528833522089,0.1011898327413619,13.317372180536124,actual_stock_exclusion_replay,,,,,50,event,0.6,3,100000.0,0.0025,0.01,True
B3_beta60d3__excludeTop1,B3_beta60d3,exclusion_replays,2023,2023-01-03,2023-12-29,250,0.5517148327004169,-0.3108638013766164,1.3241819078640782,0.546313442311936,0.2494116142532503,0.3023032184471665,12.477795726715197,actual_stock_exclusion_replay,,,,,50,event,0.6,3,100000.0,0.0025,0.01,True
B3_beta60d3__excludeTop1,B3_beta60d3,exclusion_replays,2024,2024-01-02,2024-12-31,252,0.4704259179808534,-0.246748380207516,1.1152592962809498,0.4704259179808534,0.2643074461050603,0.2061184718757931,10.67816203203234,actual_stock_exclusion_replay,,,,,50,event,0.6,3,100000.0,0.0025,0.01,True
B3_beta60d3__excludeTop1,B3_beta60d3,exclusion_replays,2025,2025-01-02,2025-12-31,250,-0.0339353978662798,-0.4583774629603422,0.205928051573811,-0.0336706555179936,0.1785790013706134,-0.2125143992368933,12.84170281673268,actual_stock_exclusion_replay,,,,,50,event,0.6,3,100000.0,0.0025,0.01,True
B3_beta60d3__excludeTop1,B3_beta60d3,exclusion_replays,2026,2026-01-02,2026-09-22,181,0.080659336096363,-0.3864989570657395,0.4065205490286535,0.0572972955335375,0.193982242745804,-0.113322906649441,15.642498507337544,actual_stock_exclusion_replay,,,,,50,event,0.6,3,100000.0,0.0025,0.01,True
B3_beta60d3__excludeTop3,B3_beta60d3,exclusion_replays,full,2017-01-04,2026-09-22,2442,0.2272454933443415,-0.4732948341816245,0.7008153431882055,6.274247270568481,0.1534966939059092,0.0737487994384322,12.46380820718682,actual_stock_exclusion_replay,,,,,50,event,0.6,3,100000.0,0.0025,0.01,True
B3_beta60d3__excludeTop3,B3_beta60d3,exclusion_replays,2017_2022,2017-01-04,2022-12-30,1509,0.2281389055688252,-0.4601398712580176,0.7298190632965478,2.423122697179991,0.1124281175972994,0.1157107879715257,12.236076246876255,actual_stock_exclusion_replay,,,,,50,event,0.6,3,100000.0,0.0025,0.01,True
B3_beta60d3__excludeTop3,B3_beta60d3,exclusion_replays,2023_2026,2023-01-03,2026-09-22,933,0.2258018965735715,-0.4732948341816249,0.6696783928535636,1.1250325840090598,0.2231529414345989,0.0026489551389725,12.8321335320621,actual_stock_exclusion_replay,,,,,50,event,0.6,3,100000.0,0.0025,0.01,True
B3_beta60d3__excludeTop3,B3_beta60d3,exclusion_replays,2017,2017-01-04,2017-12-29,250,0.1946074450303918,-0.1141277071548529,0.9194393613138192,0.1929227430558899,0.2120011745455907,-0.0173937295151989,13.153136012618116,actual_stock_exclusion_replay,,,,,50,event,0.6,3,100000.0,0.0025,0.01,True
B3_beta60d3__excludeTop3,B3_beta60d3,exclusion_replays,2018,2018-01-02,2018-12-31,251,-0.2178640574945562,-0.3366336822534475,-0.6565238539818012,-0.2171010200771962,-0.0642984107744514,-0.1535656467201048,10.065742840903535,actual_stock_exclusion_replay,,,,,50,event,0.6,3,100000.0,0.0025,0.01,True
B3_beta60d3__excludeTop3,B3_beta60d3,exclusion_replays,2019,2019-01-02,2019-12-31,252,0.6526187943597865,-0.154851918626214,2.2222203136170533,0.6526187943597865,0.3401954545671213,0.3124233397926652,8.529553678352718,actual_stock_exclusion_replay,,,,,50,event,0.6,3,100000.0,0.0025,0.01,True
B3_beta60d3__excludeTop3,B3_beta60d3,exclusion_replays,2020,2020-01-02,2020-12-31,253,1.2801441449812812,-0.4186640630041086,1.8739306935581532,1.2876142237348265,0.1813082709311855,1.0988358740500956,14.836826307924817,actual_stock_exclusion_replay,,,,,50,event,0.6,3,100000.0,0.0025,0.01,True
B3_beta60d3__excludeTop3,B3_beta60d3,exclusion_replays,2021,2021-01-04,2021-12-31,252,0.0527051252592138,-0.3613538831626848,0.3365383122813269,0.0527051252592138,0.2861550585808201,-0.2334499333216062,13.50646269901003,actual_stock_exclusion_replay,,,,,50,event,0.6,3,100000.0,0.0025,0.01,True
B3_beta60d3__excludeTop3,B3_beta60d3,exclusion_replays,2022,2022-01-03,2022-12-30,251,-0.079339000780727,-0.3093706889145636,0.0569181101239282,-0.0790369474375626,-0.180528833522089,0.1011898327413619,13.317372180536124,actual_stock_exclusion_replay,,,,,50,event,0.6,3,100000.0,0.0025,0.01,True
B3_beta60d3__excludeTop3,B3_beta60d3,exclusion_replays,2023,2023-01-03,2023-12-29,250,0.5517148327004169,-0.3108638013766164,1.3241819078640782,0.546313442311936,0.2494116142532503,0.3023032184471665,12.477795726715197,actual_stock_exclusion_replay,,,,,50,event,0.6,3,100000.0,0.0025,0.01,True
B3_beta60d3__excludeTop3,B3_beta60d3,exclusion_replays,2024,2024-01-02,2024-12-31,252,0.4374696050041258,-0.246748380207516,1.072573388379078,0.4374696050041258,0.2643074461050603,0.1731621588990655,10.73673345732406,actual_stock_exclusion_replay,,,,,50,event,0.6,3,100000.0,0.0025,0.01,True
B3_beta60d3__excludeTop3,B3_beta60d3,exclusion_replays,2025,2025-01-02,2025-12-31,250,-0.0782560622018646,-0.473294834181625,0.1178236709471267,-0.0776597511197711,0.1785790013706134,-0.2568350635724781,12.81771925953572,actual_stock_exclusion_replay,,,,,50,event,0.6,3,100000.0,0.0025,0.01,True
B3_beta60d3__excludeTop3,B3_beta60d3,exclusion_replays,2026,2026-01-02,2026-09-22,181,0.0512089000678768,-0.3774708211285379,0.3508578765527461,0.0365213005346098,0.193982242745804,-0.1427733426779271,16.258812196715734,actual_stock_exclusion_replay,,,,,50,event,0.6,3,100000.0,0.0025,0.01,True
B3_beta60d3__excludeTop5,B3_beta60d3,exclusion_replays,full,2017-01-04,2026-09-22,2442,0.1836259884689464,-0.5112502969429181,0.6176792778314656,4.122515650246096,0.1534966939059092,0.0301292945630371,12.118377495833272,actual_stock_exclusion_replay,,,,,50,event,0.6,3,100000.0,0.0025,0.01,True
B3_beta60d3__excludeTop5,B3_beta60d3,exclusion_replays,2017_2022,2017-01-04,2022-12-30,1509,0.1720287130423821,-0.4629057132866696,0.6077832293351595,1.587073783518106,0.1124281175972994,0.0596005954450826,12.357782755830828,actual_stock_exclusion_replay,,,,,50,event,0.6,3,100000.0,0.0025,0.01,True
B3_beta60d3__excludeTop5,B3_beta60d3,exclusion_replays,2023_2026,2023-01-03,2026-09-22,933,0.2026263839388433,-0.5112502969429185,0.6357729268840514,0.98004234857194,0.2231529414345989,-0.0205265574957556,11.731172203940115,actual_stock_exclusion_replay,,,,,50,event,0.6,3,100000.0,0.0025,0.01,True
B3_beta60d3__excludeTop5,B3_beta60d3,exclusion_replays,2017,2017-01-04,2017-12-29,250,0.1946074450303918,-0.1141277071548529,0.9194393613138192,0.1929227430558899,0.2120011745455907,-0.0173937295151989,13.153136012618116,actual_stock_exclusion_replay,,,,,50,event,0.6,3,100000.0,0.0025,0.01,True
B3_beta60d3__excludeTop5,B3_beta60d3,exclusion_replays,2018,2018-01-02,2018-12-31,251,-0.2088662605757342,-0.3083003039471628,-0.6146445678258741,-0.2081303894318837,-0.0642984107744514,-0.1445678498012828,9.907005301940607,actual_stock_exclusion_replay,,,,,50,event,0.6,3,100000.0,0.0025,0.01,True
B3_beta60d3__excludeTop5,B3_beta60d3,exclusion_replays,2019,2019-01-02,2019-12-31,252,0.5737819588801973,-0.1800029327244471,2.043357227651494,0.5737819588801973,0.3401954545671213,0.233586504313076,8.91518888389232,actual_stock_exclusion_replay,,,,,50,event,0.6,3,100000.0,0.0025,0.01,True
B3_beta60d3__excludeTop5,B3_beta60d3,exclusion_replays,2020,2020-01-02,2020-12-31,253,0.874603352371881,-0.4629057132866697,1.4972408704941684,0.8792837700856477,0.1813082709311855,0.6932950814406955,14.56454540899754,actual_stock_exclusion_replay,,,,,50,event,0.6,3,100000.0,0.0025,0.01,True
B3_beta60d3__excludeTop5,B3_beta60d3,exclusion_replays,2021,2021-01-04,2021-12-31,252,0.1491028760606076,-0.3315869530767834,0.530979303357374,0.1491028760606076,0.2861550585808201,-0.1370521825202124,14.577269340762404,actual_stock_exclusion_replay,,,,,50,event,0.6,3,100000.0,0.0025,0.01,True
B3_beta60d3__excludeTop5,B3_beta60d3,exclusion_replays,2022,2022-01-03,2022-12-30,251,-0.1948561779727019,-0.308714630685194,-0.2661871393396432,-0.1941634105491233,-0.180528833522089,-0.0143273444506129,13.020009496086566,actual_stock_exclusion_replay,,,,,50,event,0.6,3,100000.0,0.0025,0.01,True
B3_beta60d3__excludeTop5,B3_beta60d3,exclusion_replays,2023,2023-01-03,2023-12-29,250,0.1920563057785855,-0.3789538227800555,0.6575763416289299,0.1903953987131661,0.2494116142532503,-0.0573553084746647,13.588373603912329,actual_stock_exclusion_replay,,,,,50,event,0.6,3,100000.0,0.0025,0.01,True
B3_beta60d3__excludeTop5,B3_beta60d3,exclusion_replays,2024,2024-01-02,2024-12-31,252,0.1919397765895265,-0.2658958883835945,0.637966443878364,0.1919397765895265,0.2643074461050603,-0.0723676695155337,10.620097778616728,actual_stock_exclusion_replay,,,,,50,event,0.6,3,100000.0,0.0025,0.01,True
B3_beta60d3__excludeTop5,B3_beta60d3,exclusion_replays,2025,2025-01-02,2025-12-31,250,0.0784224209710637,-0.4837836106840044,0.4057401285164599,0.0777764233723847,0.1785790013706134,-0.1001565803995496,11.063619390121705,actual_stock_exclusion_replay,,,,,50,event,0.6,3,100000.0,0.0025,0.01,True
B3_beta60d3__excludeTop5,B3_beta60d3,exclusion_replays,2026,2026-01-02,2026-09-22,181,0.4328888363224621,-0.2877514335004643,0.9703234832526072,0.2947927153922034,0.193982242745804,0.2389065935766581,11.63492142296246,actual_stock_exclusion_replay,,,,,50,event,0.6,3,100000.0,0.0025,0.01,True
B3_beta60d3__excludeTop10,B3_beta60d3,exclusion_replays,full,2017-01-04,2026-09-22,2442,0.0964726719200261,-0.5649425460758558,0.4304484870330599,1.4411689894155972,0.1534966939059092,-0.057024021985883,12.44376263646746,actual_stock_exclusion_replay,,,,,50,event,0.6,3,100000.0,0.0025,0.01,True
B3_beta60d3__excludeTop10,B3_beta60d3,exclusion_replays,2017_2022,2017-01-04,2022-12-30,1509,0.145376484749313,-0.4629057132866696,0.5481032554784528,1.2541759412531928,0.1124281175972994,0.0329483671520136,12.1929694941118,actual_stock_exclusion_replay,,,,,50,event,0.6,3,100000.0,0.0025,0.01,True
B3_beta60d3__excludeTop10,B3_beta60d3,exclusion_replays,2023_2026,2023-01-03,2026-09-22,933,0.0217580024452801,-0.4873444166574956,0.2680779752385888,0.0829540608345074,0.2231529414345989,-0.2013949389893188,12.849386271852984,actual_stock_exclusion_replay,,,,,50,event,0.6,3,100000.0,0.0025,0.01,True
B3_beta60d3__excludeTop10,B3_beta60d3,exclusion_replays,2017,2017-01-04,2017-12-29,250,0.1946074450303918,-0.1141277071548529,0.9194393613138192,0.1929227430558899,0.2120011745455907,-0.0173937295151989,13.153136012618116,actual_stock_exclusion_replay,,,,,50,event,0.6,3,100000.0,0.0025,0.01,True
B3_beta60d3__excludeTop10,B3_beta60d3,exclusion_replays,2018,2018-01-02,2018-12-31,251,-0.2088662605757342,-0.3083003039471628,-0.6146445678258741,-0.2081303894318837,-0.0642984107744514,-0.1445678498012828,9.907005301940607,actual_stock_exclusion_replay,,,,,50,event,0.6,3,100000.0,0.0025,0.01,True
B3_beta60d3__excludeTop10,B3_beta60d3,exclusion_replays,2019,2019-01-02,2019-12-31,252,0.5737819588801973,-0.1800029327244471,2.043357227651494,0.5737819588801973,0.3401954545671213,0.233586504313076,8.91518888389232,actual_stock_exclusion_replay,,,,,50,event,0.6,3,100000.0,0.0025,0.01,True
B3_beta60d3__excludeTop10,B3_beta60d3,exclusion_replays,2020,2020-01-02,2020-12-31,253,0.874603352371881,-0.4629057132866697,1.4972408704941684,0.8792837700856477,0.1813082709311855,0.6932950814406955,14.56454540899754,actual_stock_exclusion_replay,,,,,50,event,0.6,3,100000.0,0.0025,0.01,True
B3_beta60d3__excludeTop10,B3_beta60d3,exclusion_replays,2021,2021-01-04,2021-12-31,252,0.035983448836264,-0.3315869530767834,0.3058396322036064,0.035983448836264,0.2861550585808201,-0.2501716097445561,14.382537352084585,actual_stock_exclusion_replay,,,,,50,event,0.6,3,100000.0,0.0025,0.01,True
B3_beta60d3__excludeTop10,B3_beta60d3,exclusion_replays,2022,2022-01-03,2022-12-30,251,-0.2219642888548877,-0.3340442209197619,-0.3515423264710938,-0.2211890075104049,-0.180528833522089,-0.0414354553327986,12.224667859484171,actual_stock_exclusion_replay,,,,,50,event,0.6,3,100000.0,0.0025,0.01,True
B3_beta60d3__excludeTop10,B3_beta60d3,exclusion_replays,2023,2023-01-03,2023-12-29,250,0.0524095181803587,-0.3790698335147144,0.3188914670300001,0.0519829418478168,0.2494116142532503,-0.1970020960728915,13.028995577982734,actual_stock_exclusion_replay,,,,,50,event,0.6,3,100000.0,0.0025,0.01,True
B3_beta60d3__excludeTop10,B3_beta60d3,exclusion_replays,2024,2024-01-02,2024-12-31,252,0.1601870535095861,-0.2504370140349398,0.5769971002792454,0.1601870535095861,0.2643074461050603,-0.1041203925954741,11.319576077422692,actual_stock_exclusion_replay,,,,,50,event,0.6,3,100000.0,0.0025,0.01,True
B3_beta60d3__excludeTop10,B3_beta60d3,exclusion_replays,2025,2025-01-02,2025-12-31,250,0.0404322760730682,-0.4790910758380057,0.3370853105670862,0.0401050349928726,0.1785790013706134,-0.1381467252975452,12.558054184897996,actual_stock_exclusion_replay,,,,,50,event,0.6,3,100000.0,0.0025,0.01,True
B3_beta60d3__excludeTop10,B3_beta60d3,exclusion_replays,2026,2026-01-02,2026-09-22,181,-0.1984542723255147,-0.317625436828634,-0.1912343043704733,-0.1469075019937724,0.193982242745804,-0.3924365150713187,15.133600991205164,actual_stock_exclusion_replay,,,,,50,event,0.6,3,100000.0,0.0025,0.01,True
B3_beta60d3__excludeSector_IT_HW,B3_beta60d3,exclusion_replays,full,2017-01-04,2026-09-22,2442,0.0974364990453726,-0.5397278202092687,0.4322830921068475,1.462042893569853,0.1534966939059092,-0.0560601948605365,12.76384493045054,actual_sector_exclusion_replay,,,,IT_HW,50,event,0.6,3,100000.0,0.0025,0.01,True
B3_beta60d3__excludeSector_IT_HW,B3_beta60d3,exclusion_replays,2017_2022,2017-01-04,2022-12-30,1509,0.1787495299115273,-0.4974537446255546,0.6173063531151953,1.6771884269173776,0.1124281175972994,0.0663214123142279,12.864453996564508,actual_sector_exclusion_replay,,,,IT_HW,50,event,0.6,3,100000.0,0.0025,0.01,True
B3_beta60d3__excludeSector_IT_HW,B3_beta60d3,exclusion_replays,2023_2026,2023-01-03,2026-09-22,933,-0.0223734378270195,-0.5322977987601745,0.1605116323318098,-0.0803624919278659,0.2231529414345989,-0.2455263792616184,12.60112351483856,actual_sector_exclusion_replay,,,,IT_HW,50,event,0.6,3,100000.0,0.0025,0.01,True
B3_beta60d3__excludeSector_IT_HW,B3_beta60d3,exclusion_replays,2017,2017-01-04,2017-12-29,250,0.2476838448737526,-0.1207196545365482,1.1642922548974708,0.2454945092599185,0.2120011745455907,0.0356826703281618,13.444246852642571,actual_sector_exclusion_replay,,,,IT_HW,50,event,0.6,3,100000.0,0.0025,0.01,True
B3_beta60d3__excludeSector_IT_HW,B3_beta60d3,exclusion_replays,2018,2018-01-02,2018-12-31,251,-0.1859860996689953,-0.3317061228516691,-0.4926779856641791,-0.185321121776624,-0.0642984107744514,-0.1216876888945439,11.752693238586254,actual_sector_exclusion_replay,,,,IT_HW,50,event,0.6,3,100000.0,0.0025,0.01,True
B3_beta60d3__excludeSector_IT_HW,B3_beta60d3,exclusion_replays,2019,2019-01-02,2019-12-31,252,0.5218892272210454,-0.2078942153837158,1.8959134174151928,0.5218892272210454,0.3401954545671213,0.181693772653924,9.412444402190086,actual_sector_exclusion_replay,,,,IT_HW,50,event,0.6,3,100000.0,0.0025,0.01,True
B3_beta60d3__excludeSector_IT_HW,B3_beta60d3,exclusion_replays,2020,2020-01-02,2020-12-31,253,0.8930962741335624,-0.4974537446255547,1.4951108396532322,0.8978967950258256,0.1813082709311855,0.7117880032023769,14.844156501669076,actual_sector_exclusion_replay,,,,IT_HW,50,event,0.6,3,100000.0,0.0025,0.01,True
B3_beta60d3__excludeSector_IT_HW,B3_beta60d3,exclusion_replays,2021,2021-01-04,2021-12-31,252,0.170023446107135,-0.3398962341720937,0.5657402921672957,0.170023446107135,0.2861550585808201,-0.116131612473685,13.365368362453776,actual_sector_exclusion_replay,,,,IT_HW,50,event,0.6,3,100000.0,0.0025,0.01,True
B3_beta60d3__excludeSector_IT_HW,B3_beta60d3,exclusion_replays,2022,2022-01-03,2022-12-30,251,-0.2200402704966968,-0.3148593119549545,-0.3175463583050218,-0.2192707239511112,-0.180528833522089,-0.0395114369746077,14.366107383097685,actual_sector_exclusion_replay,,,,IT_HW,50,event,0.6,3,100000.0,0.0025,0.01,True
B3_beta60d3__excludeSector_IT_HW,B3_beta60d3,exclusion_replays,2023,2023-01-03,2023-12-29,250,0.2361796128901963,-0.3508701164520932,0.7901831839523784,0.2341011890429329,0.2494116142532503,-0.013232001363054,10.808340833416445,actual_sector_exclusion_replay,,,,IT_HW,50,event,0.6,3,100000.0,0.0025,0.01,True
B3_beta60d3__excludeSector_IT_HW,B3_beta60d3,exclusion_replays,2024,2024-01-02,2024-12-31,252,0.0635116635535939,-0.2195513075805112,0.3520774361288766,0.0635116635535939,0.2643074461050603,-0.2007957825514663,11.804321071696153,actual_sector_exclusion_replay,,,,IT_HW,50,event,0.6,3,100000.0,0.0025,0.01,True
B3_beta60d3__excludeSector_IT_HW,B3_beta60d3,exclusion_replays,2025,2025-01-02,2025-12-31,250,-0.2928259021579305,-0.4926192476372825,-0.4599292720158895,-0.2908786185275466,0.1785790013706134,-0.4714049035285439,13.551255622537813,actual_sector_exclusion_replay,,,,IT_HW,50,event,0.6,3,100000.0,0.0025,0.01,True
B3_beta60d3__excludeSector_IT_HW,B3_beta60d3,exclusion_replays,2026,2026-01-02,2026-09-22,181,-0.0165223566237923,-0.3110411638263411,0.2156398463978147,-0.0118950667169437,0.193982242745804,-0.2105045993695963,14.874365830322551,actual_sector_exclusion_replay,,,,IT_HW,50,event,0.6,3,100000.0,0.0025,0.01,True
B3_beta60d3__excludeSector_SHIP_DEF,B3_beta60d3,exclusion_replays,full,2017-01-04,2026-09-22,2442,0.2800912997893823,-0.4641686149148205,0.7959841648029827,9.945001683914496,0.1534966939059092,0.126594605883473,12.88428362273139,actual_sector_exclusion_replay,,,,SHIP_DEF,50,event,0.6,3,100000.0,0.0025,0.01,True
B3_beta60d3__excludeSector_SHIP_DEF,B3_beta60d3,exclusion_replays,2017_2022,2017-01-04,2022-12-30,1509,0.2210831599952682,-0.4641686149148205,0.7129091547346731,2.3070348379932644,0.1124281175972994,0.1086550423979688,12.690909421901882,actual_sector_exclusion_replay,,,,SHIP_DEF,50,event,0.6,3,100000.0,0.0025,0.01,True
B3_beta60d3__excludeSector_SHIP_DEF,B3_beta60d3,exclusion_replays,2023_2026,2023-01-03,2026-09-22,933,0.3816242465576107,-0.4310492258180415,0.9144165692717716,2.3096118487085646,0.2231529414345989,0.1584713051230117,13.197039966838274,actual_sector_exclusion_replay,,,,SHIP_DEF,50,event,0.6,3,100000.0,0.0025,0.01,True
B3_beta60d3__excludeSector_SHIP_DEF,B3_beta60d3,exclusion_replays,2017,2017-01-04,2017-12-29,250,0.1045764597755423,-0.1888165825076067,0.5853256105615015,0.1037048724978682,0.2120011745455907,-0.1074247147700484,14.930021801971876,actual_sector_exclusion_replay,,,,SHIP_DEF,50,event,0.6,3,100000.0,0.0025,0.01,True
B3_beta60d3__excludeSector_SHIP_DEF,B3_beta60d3,exclusion_replays,2018,2018-01-02,2018-12-31,251,-0.1400825168321631,-0.3731072145695888,-0.3628696956388945,-0.1395673715095192,-0.0642984107744514,-0.0757841060577116,10.093256687573565,actual_sector_exclusion_replay,,,,SHIP_DEF,50,event,0.6,3,100000.0,0.0025,0.01,True
B3_beta60d3__excludeSector_SHIP_DEF,B3_beta60d3,exclusion_replays,2019,2019-01-02,2019-12-31,252,0.6386621528796901,-0.1818973765865008,2.2631232508236327,0.6386621528796901,0.3401954545671213,0.2984666983125688,8.513557188518885,actual_sector_exclusion_replay,,,,SHIP_DEF,50,event,0.6,3,100000.0,0.0025,0.01,True
B3_beta60d3__excludeSector_SHIP_DEF,B3_beta60d3,exclusion_replays,2020,2020-01-02,2020-12-31,253,0.8870705498130871,-0.4641686149148206,1.5453084879525425,0.891831856754356,0.1813082709311855,0.7057622788819016,15.243596926007005,actual_sector_exclusion_replay,,,,SHIP_DEF,50,event,0.6,3,100000.0,0.0025,0.01,True
B3_beta60d3__excludeSector_SHIP_DEF,B3_beta60d3,exclusion_replays,2021,2021-01-04,2021-12-31,252,0.3075145879438266,-0.3363925419134694,0.8009473788428184,0.3075145879438266,0.2861550585808201,0.0213595293630064,15.362883090443098,actual_sector_exclusion_replay,,,,SHIP_DEF,50,event,0.6,3,100000.0,0.0025,0.01,True
B3_beta60d3__excludeSector_SHIP_DEF,B3_beta60d3,exclusion_replays,2022,2022-01-03,2022-12-30,251,-0.1414063118426642,-0.3037093229760373,-0.0764882015706999,-0.1408867072876531,-0.180528833522089,0.0391225216794247,11.996718988039106,actual_sector_exclusion_replay,,,,SHIP_DEF,50,event,0.6,3,100000.0,0.0025,0.01,True
B3_beta60d3__excludeSector_SHIP_DEF,B3_beta60d3,exclusion_replays,2023,2023-01-03,2023-12-29,250,0.3080962884909313,-0.4123908025391016,0.8717003640364039,0.3053110106298966,0.2494116142532503,0.0586846742376809,14.389821053243953,actual_sector_exclusion_replay,,,,SHIP_DEF,50,event,0.6,3,100000.0,0.0025,0.01,True
B3_beta60d3__excludeSector_SHIP_DEF,B3_beta60d3,exclusion_replays,2024,2024-01-02,2024-12-31,252,0.3018921179157114,-0.2484634330470503,0.8377706236791022,0.3018921179157114,0.2643074461050603,0.0375846718106511,11.288859218475762,actual_sector_exclusion_replay,,,,SHIP_DEF,50,event,0.6,3,100000.0,0.0025,0.01,True
B3_beta60d3__excludeSector_SHIP_DEF,B3_beta60d3,exclusion_replays,2025,2025-01-02,2025-12-31,250,0.3952925896672667,-0.4310492258180417,0.8755211376944071,0.391608749115502,0.1785790013706134,0.2167135882966533,12.620666524474402,actual_sector_exclusion_replay,,,,SHIP_DEF,50,event,0.6,3,100000.0,0.0025,0.01,True
B3_beta60d3__excludeSector_SHIP_DEF,B3_beta60d3,exclusion_replays,2026,2026-01-02,2026-09-22,181,0.5967253547222076,-0.2892432858004637,1.1388654447557065,0.3994935883589117,0.193982242745804,0.4027431119764035,15.002341831904031,actual_sector_exclusion_replay,,,,SHIP_DEF,50,event,0.6,3,100000.0,0.0025,0.01,True
B3_beta60d3__excludeSector_ENERGY,B3_beta60d3,exclusion_replays,full,2017-01-04,2026-09-22,2442,0.1982831397831892,-0.4860844627545742,0.6484331504221609,4.771364013931894,0.1534966939059092,0.0447864458772799,12.184291282247523,actual_sector_exclusion_replay,,,,ENERGY,50,event,0.6,3,100000.0,0.0025,0.01,True
B3_beta60d3__excludeSector_ENERGY,B3_beta60d3,exclusion_replays,2017_2022,2017-01-04,2022-12-30,1509,0.2077021644892986,-0.4860844627545742,0.6795607254758127,2.095874560646352,0.1124281175972994,0.0952740468919992,12.236603113088242,actual_sector_exclusion_replay,,,,ENERGY,50,event,0.6,3,100000.0,0.0025,0.01,True
B3_beta60d3__excludeSector_ENERGY,B3_beta60d3,exclusion_replays,2023_2026,2023-01-03,2026-09-22,933,0.1832043915914858,-0.4234608794004475,0.6052217005400516,0.8642111948899391,0.2231529414345989,-0.0399485498431131,12.099684044585524,actual_sector_exclusion_replay,,,,ENERGY,50,event,0.6,3,100000.0,0.0025,0.01,True
B3_beta60d3__excludeSector_ENERGY,B3_beta60d3,exclusion_replays,2017,2017-01-04,2017-12-29,250,0.2955667115332774,-0.1038686690091635,1.3336444697436216,0.2929068687713423,0.2120011745455907,0.0835655369876866,12.786238517150167,actual_sector_exclusion_replay,,,,ENERGY,50,event,0.6,3,100000.0,0.0025,0.01,True
B3_beta60d3__excludeSector_ENERGY,B3_beta60d3,exclusion_replays,2018,2018-01-02,2018-12-31,251,-0.2558239187570631,-0.3327239561920496,-0.8166524196081432,-0.2549508380904541,-0.0642984107744514,-0.1915255079826117,10.924150029841329,actual_sector_exclusion_replay,,,,ENERGY,50,event,0.6,3,100000.0,0.0025,0.01,True
B3_beta60d3__excludeSector_ENERGY,B3_beta60d3,exclusion_replays,2019,2019-01-02,2019-12-31,252,0.6861313394333406,-0.1650902260632311,2.3921149917270035,0.6861313394333406,0.3401954545671213,0.3459358848662193,9.238909548117691,actual_sector_exclusion_replay,,,,ENERGY,50,event,0.6,3,100000.0,0.0025,0.01,True
B3_beta60d3__excludeSector_ENERGY,B3_beta60d3,exclusion_replays,2020,2020-01-02,2020-12-31,253,1.2916850189716889,-0.4440181573771494,1.880042543243768,1.2992389709838497,0.1813082709311855,1.1103767480405031,13.89365164646224,actual_sector_exclusion_replay,,,,ENERGY,50,event,0.6,3,100000.0,0.0025,0.01,True
B3_beta60d3__excludeSector_ENERGY,B3_beta60d3,exclusion_replays,2021,2021-01-04,2021-12-31,252,0.0539945507730241,-0.3908451998650939,0.3500996024978468,0.0539945507730241,0.2861550585808201,-0.2321605078077959,13.346619406415948,actual_sector_exclusion_replay,,,,ENERGY,50,event,0.6,3,100000.0,0.0025,0.01,True
B3_beta60d3__excludeSector_ENERGY,B3_beta60d3,exclusion_replays,2022,2022-01-03,2022-12-30,251,-0.2142184356519113,-0.3439418237000322,-0.2795750110249143,-0.2134663560621051,-0.180528833522089,-0.0336896021298223,13.226556365637531,actual_sector_exclusion_replay,,,,ENERGY,50,event,0.6,3,100000.0,0.0025,0.01,True
B3_beta60d3__excludeSector_ENERGY,B3_beta60d3,exclusion_replays,2023,2023-01-03,2023-12-29,250,0.4094928615685984,-0.303879843733169,1.2359809788017897,0.4056585610427383,0.2494116142532503,0.1600812473153481,11.491479194548049,actual_sector_exclusion_replay,,,,ENERGY,50,event,0.6,3,100000.0,0.0025,0.01,True
B3_beta60d3__excludeSector_ENERGY,B3_beta60d3,exclusion_replays,2024,2024-01-02,2024-12-31,252,0.0360115809389327,-0.3041219977022908,0.2871607753073523,0.0360115809389327,0.2643074461050603,-0.2282958651661275,11.684644345790495,actual_sector_exclusion_replay,,,,ENERGY,50,event,0.6,3,100000.0,0.0025,0.01,True
B3_beta60d3__excludeSector_ENERGY,B3_beta60d3,exclusion_replays,2025,2025-01-02,2025-12-31,250,-0.0069814885196159,-0.4196012284970483,0.2510458549500911,-0.0069262722145708,0.1785790013706134,-0.1855604898902294,11.783545907551462,actual_sector_exclusion_replay,,,,ENERGY,50,event,0.6,3,100000.0,0.0025,0.01,True
B3_beta60d3__excludeSector_ENERGY,B3_beta60d3,exclusion_replays,2026,2026-01-02,2026-09-22,181,0.4240456878055536,-0.2512377926589325,0.9737798694391516,0.2890482302127819,0.193982242745804,0.2300634450597496,13.954246204056425,actual_sector_exclusion_replay,,,,ENERGY,50,event,0.6,3,100000.0,0.0025,0.01,True
