case,variant,phase,period,start,end,days,CAGR,MDD,Sharpe,totalReturn,SPY_CAGR,excessCAGR,annualTurnover,case_kind,case_start,case_capital,case_mode,case_sector,weight,frequency,beta_cut,beta_days,initial_capital,cost,participation,persist_orders
A0_event,A0_event,baseline,full,2017-01-04,2026-09-22,2442,0.1916543240248358,-0.4775472244632911,0.6505706844545476,4.469310797964988,0.1534966939059092,0.0381576301189265,12.61674289197771,frozen_baseline,,USD100K,R1,,50,event,0.5,3,100000.0,0.0025,0.01,True
A0_event,A0_event,baseline,2017_2022,2017-01-04,2022-12-30,1509,0.0778113808307945,-0.4775472244632911,0.3910107650238088,0.5662791858290235,0.1124281175972994,-0.0346167367665048,12.389189920431331,frozen_baseline,,USD100K,R1,,50,event,0.5,3,100000.0,0.0025,0.01,True
A0_event,A0_event,baseline,2023_2026,2023-01-03,2026-09-22,933,0.4017788746377468,-0.3768762333280032,0.9901738767797708,2.491913094069571,0.2231529414345989,0.1786259332031479,12.984778726986791,frozen_baseline,,USD100K,R1,,50,event,0.5,3,100000.0,0.0025,0.01,True
A0_event,A0_event,baseline,2017,2017-01-04,2017-12-29,250,-0.098577151613955,-0.241041440185712,-0.3885795947467607,-0.0978343822414642,0.2120011745455907,-0.3105783261595458,13.994117623260092,frozen_baseline,,USD100K,R1,,50,event,0.5,3,100000.0,0.0025,0.01,True
A0_event,A0_event,baseline,2018,2018-01-02,2018-12-31,251,-0.3444174393995783,-0.4310592515590944,-1.4602392392893209,-0.3433180769808438,-0.0642984107744514,-0.2801190286251269,12.965696609635332,frozen_baseline,,USD100K,R1,,50,event,0.5,3,100000.0,0.0025,0.01,True
A0_event,A0_event,baseline,2019,2019-01-02,2019-12-31,252,0.9057051845051884,-0.1457745767513946,2.790799418014271,0.9057051845051884,0.3401954545671213,0.5655097299380671,8.424847570728938,frozen_baseline,,USD100K,R1,,50,event,0.5,3,100000.0,0.0025,0.01,True
A0_event,A0_event,baseline,2020,2020-01-02,2020-12-31,253,0.4171653795720413,-0.4176488031481994,1.010055297844633,0.4191274786268435,0.1813082709311855,0.2358571086408558,11.289569523310348,frozen_baseline,,USD100K,R1,,50,event,0.5,3,100000.0,0.0025,0.01,True
A0_event,A0_event,baseline,2021,2021-01-04,2021-12-31,252,-0.0875284927395033,-0.2985441906446343,-0.0365009256456709,-0.0875284927395033,0.2861550585808201,-0.3736835513203235,15.89015057305799,frozen_baseline,,USD100K,R1,,50,event,0.5,3,100000.0,0.0025,0.01,True
A0_event,A0_event,baseline,2022,2022-01-03,2022-12-30,251,0.0716442923928979,-0.3056574268176801,0.3754042615934447,0.0713500805663749,-0.180528833522089,0.252173125914987,11.787759814603865,frozen_baseline,,USD100K,R1,,50,event,0.5,3,100000.0,0.0025,0.01,True
A0_event,A0_event,baseline,2023,2023-01-03,2023-12-29,250,0.2096073998140997,-0.2800584209079992,0.787021511501732,0.2077819273742469,0.2494116142532503,-0.0398042144391506,11.557720356218042,frozen_baseline,,USD100K,R1,,50,event,0.5,3,100000.0,0.0025,0.01,True
A0_event,A0_event,baseline,2024,2024-01-02,2024-12-31,252,0.3585263361124731,-0.3230030807259582,0.946685487404226,0.3585263361124731,0.2643074461050603,0.0942188900074127,14.439519367233975,frozen_baseline,,USD100K,R1,,50,event,0.5,3,100000.0,0.0025,0.01,True
A0_event,A0_event,baseline,2025,2025-01-02,2025-12-31,250,0.5971233267566631,-0.3630020840461063,1.1983892741522255,0.591199580294403,0.1785790013706134,0.4185443253860497,11.435697719613191,frozen_baseline,,USD100K,R1,,50,event,0.5,3,100000.0,0.0025,0.01,True
A0_event,A0_event,baseline,2026,2026-01-02,2026-09-22,181,0.4990574837341661,-0.3125810967557059,1.013761106710875,0.3374642498408544,0.193982242745804,0.3050752409883621,15.070083717005012,frozen_baseline,,USD100K,R1,,50,event,0.5,3,100000.0,0.0025,0.01,True
A0_quarter,A0_quarter,baseline,full,2017-01-04,2026-09-22,2442,0.2403761446744368,-0.4821288816156535,0.7453429089378876,7.064492551832425,0.1534966939059092,0.0868794507685275,8.246090360894442,frozen_baseline,,USD100K,R1,,50,quarter,0.5,3,100000.0,0.0025,0.01,True
A0_quarter,A0_quarter,baseline,2017_2022,2017-01-04,2022-12-30,1509,0.0782810803239826,-0.4821288816156535,0.3931366554961492,0.5703709184411845,0.1124281175972994,-0.0341470372733168,8.413780390152157,frozen_baseline,,USD100K,R1,,50,quarter,0.5,3,100000.0,0.0025,0.01,True
A0_quarter,A0_quarter,baseline,2023_2026,2023-01-03,2026-09-22,933,0.5556924373828516,-0.3635017938555631,1.1766618667191016,4.135406200617597,0.2231529414345989,0.3325394959482526,7.9748746544101,frozen_baseline,,USD100K,R1,,50,quarter,0.5,3,100000.0,0.0025,0.01,True
A0_quarter,A0_quarter,baseline,2017,2017-01-04,2017-12-29,250,-0.140541877929432,-0.2640127911031776,-0.6182083753470698,-0.1395081800922585,0.2120011745455907,-0.3525430524750228,9.972694174277096,frozen_baseline,,USD100K,R1,,50,quarter,0.5,3,100000.0,0.0025,0.01,True
A0_quarter,A0_quarter,baseline,2018,2018-01-02,2018-12-31,251,-0.332751874025173,-0.4136596309316606,-1.4387588449843485,-0.331679727380871,-0.0642984107744514,-0.2684534632507216,8.872390240945812,frozen_baseline,,USD100K,R1,,50,quarter,0.5,3,100000.0,0.0025,0.01,True
A0_quarter,A0_quarter,baseline,2019,2019-01-02,2019-12-31,252,1.0169423194705347,-0.1388554728976949,2.9114061411908563,1.0169423194705347,0.3401954545671213,0.6767468649034134,5.617135824857282,frozen_baseline,,USD100K,R1,,50,quarter,0.5,3,100000.0,0.0025,0.01,True
A0_quarter,A0_quarter,baseline,2020,2020-01-02,2020-12-31,253,0.3987667840409872,-0.3830483172704285,0.994518121407267,0.4006307769611237,0.1813082709311855,0.2174585131098017,7.559550513690914,frozen_baseline,,USD100K,R1,,50,quarter,0.5,3,100000.0,0.0025,0.01,True
A0_quarter,A0_quarter,baseline,2021,2021-01-04,2021-12-31,252,-0.0731535805163725,-0.2767782657286494,-0.0030331265414246,-0.0731535805163725,0.2861550585808201,-0.3593086390971927,10.62555736645982,frozen_baseline,,USD100K,R1,,50,quarter,0.5,3,100000.0,0.0025,0.01,True
A0_quarter,A0_quarter,baseline,2022,2022-01-03,2022-12-30,251,0.0430824433922825,-0.3079079659691505,0.3078791161207639,0.0429078649707699,-0.180528833522089,0.2236112769143715,7.850701794889324,frozen_baseline,,USD100K,R1,,50,quarter,0.5,3,100000.0,0.0025,0.01,True
A0_quarter,A0_quarter,baseline,2023,2023-01-03,2023-12-29,250,0.254151264724459,-0.293234972712978,0.9094241646235444,0.251899210423141,0.2494116142532503,0.0047396504712087,7.008380462487493,frozen_baseline,,USD100K,R1,,50,quarter,0.5,3,100000.0,0.0025,0.01,True
A0_quarter,A0_quarter,baseline,2024,2024-01-02,2024-12-31,252,0.9312738166674924,-0.2573034925902171,1.508239928555591,0.9312738166674924,0.2643074461050603,0.6669663705624322,8.78509257012988,frozen_baseline,,USD100K,R1,,50,quarter,0.5,3,100000.0,0.0025,0.01,True
A0_quarter,A0_quarter,baseline,2025,2025-01-02,2025-12-31,250,0.5403579042480275,-0.3520317216282334,1.1269282662902875,0.5350855400938468,0.1785790013706134,0.3617789028774141,6.859741668373291,frozen_baseline,,USD100K,R1,,50,quarter,0.5,3,100000.0,0.0025,0.01,True
A0_quarter,A0_quarter,baseline,2026,2026-01-02,2026-09-22,181,0.5716280488149017,-0.2497135305730542,1.1038610429714275,0.3836587767465098,0.193982242745804,0.3776458060690977,9.722012111473466,frozen_baseline,,USD100K,R1,,50,quarter,0.5,3,100000.0,0.0025,0.01,True
A0_bimonth,A0_bimonth,baseline,full,2017-01-04,2026-09-22,2442,0.2315841177183792,-0.4561000258002707,0.7305226049773654,6.527313608140499,0.1534966939059092,0.07808742381247,8.56583714170416,frozen_baseline,,USD100K,R1,,50,bimonth,0.5,3,100000.0,0.0025,0.01,True
A0_bimonth,A0_bimonth,baseline,2017_2022,2017-01-04,2022-12-30,1509,0.0726434518386727,-0.4561000258002707,0.377942579324,0.5218426498498299,0.1124281175972994,-0.0397846657586267,8.72331230712066,frozen_baseline,,USD100K,R1,,50,bimonth,0.5,3,100000.0,0.0025,0.01,True
A0_bimonth,A0_bimonth,baseline,2023_2026,2023-01-03,2026-09-22,933,0.539997236096563,-0.3666020459277308,1.1624196164926486,3.946183896793333,0.2231529414345989,0.316844294661964,8.311142581561072,frozen_baseline,,USD100K,R1,,50,bimonth,0.5,3,100000.0,0.0025,0.01,True
A0_bimonth,A0_bimonth,baseline,2017,2017-01-04,2017-12-29,250,-0.1162826205306087,-0.2499834274925902,-0.4842742597777996,-0.1154151843514521,0.2120011745455907,-0.3282837950761995,10.387810215795849,frozen_baseline,,USD100K,R1,,50,bimonth,0.5,3,100000.0,0.0025,0.01,True
A0_bimonth,A0_bimonth,baseline,2018,2018-01-02,2018-12-31,251,-0.318096261527135,-0.4126310393933271,-1.3395070275687253,-0.3170594491587098,-0.0642984107744514,-0.2537978507526836,8.903116005202651,frozen_baseline,,USD100K,R1,,50,bimonth,0.5,3,100000.0,0.0025,0.01,True
A0_bimonth,A0_bimonth,baseline,2019,2019-01-02,2019-12-31,252,1.0350881423344926,-0.1309484021436242,2.9589562541488115,1.0350881423344926,0.3401954545671213,0.6948926877673713,5.831333331865926,frozen_baseline,,USD100K,R1,,50,bimonth,0.5,3,100000.0,0.0025,0.01,True
A0_bimonth,A0_bimonth,baseline,2020,2020-01-02,2020-12-31,253,0.3763626480250863,-0.3750385542932503,0.9642184367888484,0.3781084810921578,0.1813082709311855,0.1950543770939008,7.588314089453048,frozen_baseline,,USD100K,R1,,50,bimonth,0.5,3,100000.0,0.0025,0.01,True
A0_bimonth,A0_bimonth,baseline,2021,2021-01-04,2021-12-31,252,-0.0649798254419987,-0.2849095169707988,0.0184151831687564,-0.0649798254419987,0.2861550585808201,-0.3511348840228189,10.825751949704372,frozen_baseline,,USD100K,R1,,50,bimonth,0.5,3,100000.0,0.0025,0.01,True
A0_bimonth,A0_bimonth,baseline,2022,2022-01-03,2022-12-30,251,-0.0395156863163035,-0.3111217544276178,0.1007434615831733,-0.0393620055722588,-0.180528833522089,0.1410131472057855,8.822369102003638,frozen_baseline,,USD100K,R1,,50,bimonth,0.5,3,100000.0,0.0025,0.01,True
A0_bimonth,A0_bimonth,baseline,2023,2023-01-03,2023-12-29,250,0.2607468398738291,-0.2904937834947063,0.9248060089911108,0.2584305541267688,0.2494116142532503,0.0113352256205787,7.327428913643704,frozen_baseline,,USD100K,R1,,50,bimonth,0.5,3,100000.0,0.0025,0.01,True
A0_bimonth,A0_bimonth,baseline,2024,2024-01-02,2024-12-31,252,0.9007574798923998,-0.2696868545437247,1.4698201694472972,0.9007574798923998,0.2643074461050603,0.6364500337873396,9.231332933092784,frozen_baseline,,USD100K,R1,,50,bimonth,0.5,3,100000.0,0.0025,0.01,True
A0_bimonth,A0_bimonth,baseline,2025,2025-01-02,2025-12-31,250,0.511096099191473,-0.3518393813328045,1.0955421927894071,0.5061531395764549,0.1785790013706134,0.3325170978208596,7.418930208400607,frozen_baseline,,USD100K,R1,,50,bimonth,0.5,3,100000.0,0.0025,0.01,True
A0_bimonth,A0_bimonth,baseline,2026,2026-01-02,2026-09-22,181,0.5546712692203728,-0.2341312868419933,1.1071567203885735,0.3729197903980745,0.193982242745804,0.3606890264745688,9.621051651635469,frozen_baseline,,USD100K,R1,,50,bimonth,0.5,3,100000.0,0.0025,0.01,True
A2_event,A2_event,baseline,full,2017-01-04,2026-09-22,2442,0.1543902739749283,-0.5972480205498706,0.5656889241617976,3.020008376741832,0.1534966939059092,0.000893580069019,14.747402483326846,frozen_baseline,,USD100K,R1,,50,event,0.5,3,100000.0,0.0025,0.01,True
A2_event,A2_event,baseline,2017_2022,2017-01-04,2022-12-30,1509,0.0930068219333057,-0.5647493624973619,0.4295450535318367,0.7032462419252443,0.1124281175972994,-0.0194212956639936,15.151627347232456,frozen_baseline,,USD100K,R1,,50,event,0.5,3,100000.0,0.0025,0.01,True
A2_event,A2_event,baseline,2023_2026,2023-01-03,2026-09-22,933,0.2610501144257222,-0.4646256398412569,0.7503312403319055,1.3602038729278854,0.2231529414345989,0.0378971729911232,14.093624005691732,frozen_baseline,,USD100K,R1,,50,event,0.5,3,100000.0,0.0025,0.01,True
A2_event,A2_event,baseline,2017,2017-01-04,2017-12-29,250,0.0931523334440247,-0.1764798825277123,0.5443684453371477,0.0923798903166646,0.2120011745455907,-0.118848841101566,12.152947746978718,frozen_baseline,,USD100K,R1,,50,event,0.5,3,100000.0,0.0025,0.01,True
A2_event,A2_event,baseline,2018,2018-01-02,2018-12-31,251,-0.1702478592781602,-0.3570792035617464,-0.5308610043955035,-0.1696331269576134,-0.0642984107744514,-0.1059494485037088,13.725566271434586,frozen_baseline,,USD100K,R1,,50,event,0.5,3,100000.0,0.0025,0.01,True
A2_event,A2_event,baseline,2019,2019-01-02,2019-12-31,252,0.8534199857290539,-0.1101550863174078,2.860326461331796,0.8534199857290539,0.3401954545671213,0.5132245311619326,10.465587260193944,frozen_baseline,,USD100K,R1,,50,event,0.5,3,100000.0,0.0025,0.01,True
A2_event,A2_event,baseline,2020,2020-01-02,2020-12-31,253,0.4616539175534859,-0.3887759038605431,1.0459797831631263,0.463857155600506,0.1813082709311855,0.2803456466223004,12.629713848100478,frozen_baseline,,USD100K,R1,,50,event,0.5,3,100000.0,0.0025,0.01,True
A2_event,A2_event,baseline,2021,2021-01-04,2021-12-31,252,-0.0754434691905338,-0.4039258382395916,0.019579000407877,-0.0754434691905338,0.2861550585808201,-0.3615985277713539,18.059027242101543,frozen_baseline,,USD100K,R1,,50,event,0.5,3,100000.0,0.0025,0.01,True
A2_event,A2_event,baseline,2022,2022-01-03,2022-12-30,251,-0.2523012912957667,-0.3347101226823057,-0.4785233680438703,-0.2514381058400913,-0.180528833522089,-0.0717724577736776,23.892155928092144,frozen_baseline,,USD100K,R1,,50,event,0.5,3,100000.0,0.0025,0.01,True
A2_event,A2_event,baseline,2023,2023-01-03,2023-12-29,250,0.1291601783657474,-0.3356855784634638,0.5218337812555909,0.1280721015620392,0.2494116142532503,-0.1202514358875028,12.294646153026372,frozen_baseline,,USD100K,R1,,50,event,0.5,3,100000.0,0.0025,0.01,True
A2_event,A2_event,baseline,2024,2024-01-02,2024-12-31,252,0.9393675793233052,-0.2524475196090099,1.8367869452572507,0.9393675793233052,0.2643074461050603,0.6750601332182449,13.049049835864658,frozen_baseline,,USD100K,R1,,50,event,0.5,3,100000.0,0.0025,0.01,True
A2_event,A2_event,baseline,2025,2025-01-02,2025-12-31,250,0.0749771500209732,-0.4550430277863182,0.3976524563706691,0.0743604999012437,0.1785790013706134,-0.1036018513496401,15.117071165930255,frozen_baseline,,USD100K,R1,,50,event,0.5,3,100000.0,0.0025,0.01,True
A2_event,A2_event,baseline,2026,2026-01-02,2026-09-22,181,0.0057951858442588,-0.3211177813653768,0.2445905598847485,0.0041590254807948,0.193982242745804,-0.1881870569015451,16.61912325377534,frozen_baseline,,USD100K,R1,,50,event,0.5,3,100000.0,0.0025,0.01,True
A2_quarter,A2_quarter,baseline,full,2017-01-04,2026-09-22,2442,0.2642657473328433,-0.5842435184553176,0.7995333445025422,8.702023384786365,0.1534966939059092,0.1107690534269341,8.84877887616932,frozen_baseline,,USD100K,R1,,50,quarter,0.5,3,100000.0,0.0025,0.01,True
A2_quarter,A2_quarter,baseline,2017_2022,2017-01-04,2022-12-30,1509,0.1247166396706263,-0.5611789125556846,0.5225908196604627,1.0213944365839849,0.1124281175972994,0.0122885220733268,9.433926586762972,frozen_baseline,,USD100K,R1,,50,quarter,0.5,3,100000.0,0.0025,0.01,True
A2_quarter,A2_quarter,baseline,2023_2026,2023-01-03,2026-09-22,933,0.5275405557790054,-0.4196322894268255,1.1413427470766069,3.799668589759308,0.2231529414345989,0.3043876143444064,7.9023824181995215,frozen_baseline,,USD100K,R1,,50,quarter,0.5,3,100000.0,0.0025,0.01,True
A2_quarter,A2_quarter,baseline,2017,2017-01-04,2017-12-29,250,0.0812687706325971,-0.1751942884631251,0.4974966761123233,0.0805984619349262,0.2120011745455907,-0.1307324039129935,8.180025084269342,frozen_baseline,,USD100K,R1,,50,quarter,0.5,3,100000.0,0.0025,0.01,True
A2_quarter,A2_quarter,baseline,2018,2018-01-02,2018-12-31,251,-0.159172010562783,-0.3289477395741221,-0.5529415793664817,-0.1585933480006025,-0.0642984107744514,-0.0948735997883316,8.21835921827567,frozen_baseline,,USD100K,R1,,50,quarter,0.5,3,100000.0,0.0025,0.01,True
A2_quarter,A2_quarter,baseline,2019,2019-01-02,2019-12-31,252,0.809009487568396,-0.1200266266182941,2.7654130370105783,0.809009487568396,0.3401954545671213,0.4688140330012746,7.215342112806769,frozen_baseline,,USD100K,R1,,50,quarter,0.5,3,100000.0,0.0025,0.01,True
A2_quarter,A2_quarter,baseline,2020,2020-01-02,2020-12-31,253,0.5813451839765995,-0.3920504325676294,1.2443706036516091,0.5842235636647481,0.1813082709311855,0.400036913045414,8.255867242456048,frozen_baseline,,USD100K,R1,,50,quarter,0.5,3,100000.0,0.0025,0.01,True
A2_quarter,A2_quarter,baseline,2021,2021-01-04,2021-12-31,252,-0.0344558049532374,-0.4211872623503929,0.108012329499319,-0.0344558049532374,0.2861550585808201,-0.3206108635340575,10.912622850474785,frozen_baseline,,USD100K,R1,,50,quarter,0.5,3,100000.0,0.0025,0.01,True
A2_quarter,A2_quarter,baseline,2022,2022-01-03,2022-12-30,251,-0.1972642045062793,-0.2975295866984555,-0.4154959816781328,-0.1965639593901431,-0.180528833522089,-0.0167353709841903,13.828682077619382,frozen_baseline,,USD100K,R1,,50,quarter,0.5,3,100000.0,0.0025,0.01,True
A2_quarter,A2_quarter,baseline,2023,2023-01-03,2023-12-29,250,0.1419723794656615,-0.3334356056070703,0.5600314886338144,0.1407698008782947,0.2494116142532503,-0.1074392347875887,7.81747620504597,frozen_baseline,,USD100K,R1,,50,quarter,0.5,3,100000.0,0.0025,0.01,True
A2_quarter,A2_quarter,baseline,2024,2024-01-02,2024-12-31,252,1.5826489516153126,-0.2246509584895791,2.0740802351205323,1.5826489516153126,0.2643074461050603,1.3183415055102523,6.763535507732028,frozen_baseline,,USD100K,R1,,50,quarter,0.5,3,100000.0,0.0025,0.01,True
A2_quarter,A2_quarter,baseline,2025,2025-01-02,2025-12-31,250,0.3015873699067177,-0.3916663099791507,0.774426188745686,0.2988673718761987,0.1785790013706134,0.1230083685361043,7.925211812763941,frozen_baseline,,USD100K,R1,,50,quarter,0.5,3,100000.0,0.0025,0.01,True
A2_quarter,A2_quarter,baseline,2026,2026-01-02,2026-09-22,181,0.370803786945326,-0.2677276805786792,0.899281447378404,0.2542469383216086,0.193982242745804,0.176821544199522,9.573700794360246,frozen_baseline,,USD100K,R1,,50,quarter,0.5,3,100000.0,0.0025,0.01,True
A2_week,A2_week,baseline,full,2017-01-04,2026-09-22,2442,0.2233871543307244,-0.5393638810176593,0.7237918320277116,6.055633989155283,0.1534966939059092,0.0698904604248151,12.91571716305833,frozen_baseline,,USD100K,R1,,50,week,0.5,3,100000.0,0.0025,0.01,True
A2_week,A2_week,baseline,2017_2022,2017-01-04,2022-12-30,1509,0.1145878026816709,-0.5165176228322845,0.490499593472441,0.9148062321345308,0.1124281175972994,0.0021596850843714,13.346207870000034,frozen_baseline,,USD100K,R1,,50,week,0.5,3,100000.0,0.0025,0.01,True
A2_week,A2_week,baseline,2023_2026,2023-01-03,2026-09-22,933,0.4222818396751413,-0.3697521328487229,1.0316155197535135,2.684777013332571,0.2231529414345989,0.1991288982405423,12.21945727369602,frozen_baseline,,USD100K,R1,,50,week,0.5,3,100000.0,0.0025,0.01,True
A2_week,A2_week,baseline,2017,2017-01-04,2017-12-29,250,0.0849831774339533,-0.1806182280199597,0.5091751319600843,0.0842810547844141,0.2120011745455907,-0.1270179971116374,11.279608216276486,frozen_baseline,,USD100K,R1,,50,week,0.5,3,100000.0,0.0025,0.01,True
A2_week,A2_week,baseline,2018,2018-01-02,2018-12-31,251,-0.1594003884648153,-0.3500548956631699,-0.5038153454672215,-0.1588209763110664,-0.0642984107744514,-0.0951019776903638,11.897086817735667,frozen_baseline,,USD100K,R1,,50,week,0.5,3,100000.0,0.0025,0.01,True
A2_week,A2_week,baseline,2019,2019-01-02,2019-12-31,252,0.8499046749153589,-0.1078944196107859,2.893195853878629,0.8499046749153589,0.3401954545671213,0.5097092203482376,9.751936073274145,frozen_baseline,,USD100K,R1,,50,week,0.5,3,100000.0,0.0025,0.01,True
A2_week,A2_week,baseline,2020,2020-01-02,2020-12-31,253,0.4311540075920268,-0.3842269172156681,1.0380134108848946,0.433191336055335,0.1813082709311855,0.2498457366608413,12.47422745255187,frozen_baseline,,USD100K,R1,,50,week,0.5,3,100000.0,0.0025,0.01,True
A2_week,A2_week,baseline,2021,2021-01-04,2021-12-31,252,0.0191034841104968,-0.3547622869269594,0.2490171541235477,0.0191034841104968,0.2861550585808201,-0.2670515744703232,14.92440328644864,frozen_baseline,,USD100K,R1,,50,week,0.5,3,100000.0,0.0025,0.01,True
A2_week,A2_week,baseline,2022,2022-01-03,2022-12-30,251,-0.2237776287238926,-0.3160413407928759,-0.4083716487436066,-0.2229969597033892,-0.180528833522089,-0.0432487952018035,19.75673213690641,frozen_baseline,,USD100K,R1,,50,week,0.5,3,100000.0,0.0025,0.01,True
A2_week,A2_week,baseline,2023,2023-01-03,2023-12-29,250,0.1752591861461956,-0.3360043245722304,0.6399052697465659,0.1737538725343899,0.2494116142532503,-0.0741524281070546,11.173723189270838,frozen_baseline,,USD100K,R1,,50,week,0.5,3,100000.0,0.0025,0.01,True
A2_week,A2_week,baseline,2024,2024-01-02,2024-12-31,252,1.0382262828352138,-0.2386562585149076,1.9533423853226453,1.0382262828352138,0.2643074461050603,0.7739188367301535,11.38246363616006,frozen_baseline,,USD100K,R1,,50,week,0.5,3,100000.0,0.0025,0.01,True
A2_week,A2_week,baseline,2025,2025-01-02,2025-12-31,250,0.3299821018149507,-0.3697521328487223,0.8302296428554323,0.3269754658243884,0.1785790013706134,0.1514031004443372,11.474496514387962,frozen_baseline,,USD100K,R1,,50,week,0.5,3,100000.0,0.0025,0.01,True
A2_week,A2_week,baseline,2026,2026-01-02,2026-09-22,181,0.2305686514496436,-0.3140832654500679,0.6655065016266473,0.1606970546532822,0.193982242745804,0.0365864087038396,15.858109801830675,frozen_baseline,,USD100K,R1,,50,week,0.5,3,100000.0,0.0025,0.01,True
B3_w50,B3_w50,baseline,full,2017-01-04,2026-09-22,2442,0.1903223049524491,-0.5739697527364074,0.6449090693474839,4.410354609351548,0.1534966939059092,0.0368256110465399,7.370848979035836,frozen_baseline,,USD100K,R1,,50,event,0.5,3,100000.0,0.0025,0.01,True
B3_w50,B3_w50,baseline,2017_2022,2017-01-04,2022-12-30,1509,0.2902312121445667,-0.4825843902039421,0.8493401066287986,3.599258204829834,0.1124281175972994,0.1778030945472672,7.251904211782131,frozen_baseline,,USD100K,R1,,50,event,0.5,3,100000.0,0.0025,0.01,True
B3_w50,B3_w50,baseline,2023_2026,2023-01-03,2026-09-22,933,0.0448454308252834,-0.4438959132202206,0.3053033734502969,0.1763537441037717,0.2231529414345989,-0.1783075106093155,7.563225885558706,frozen_baseline,,USD100K,R1,,50,event,0.5,3,100000.0,0.0025,0.01,True
B3_w50,B3_w50,baseline,2017,2017-01-04,2017-12-29,250,0.4668045379907983,-0.1102877442384248,1.9607631396245595,0.4623516863549717,0.2120011745455907,0.2548033634452076,5.9699720838611405,frozen_baseline,,USD100K,R1,,50,event,0.5,3,100000.0,0.0025,0.01,True
B3_w50,B3_w50,baseline,2018,2018-01-02,2018-12-31,251,-0.189687666543488,-0.2837026837507085,-0.6141512214115464,-0.1890110450919513,-0.0642984107744514,-0.1253892557690366,5.752883520343542,frozen_baseline,,USD100K,R1,,50,event,0.5,3,100000.0,0.0025,0.01,True
B3_w50,B3_w50,baseline,2019,2019-01-02,2019-12-31,252,0.5141306585395493,-0.160604792097983,1.8798892100609124,0.5141306585395493,0.3401954545671213,0.173935203972428,6.477135914131221,frozen_baseline,,USD100K,R1,,50,event,0.5,3,100000.0,0.0025,0.01,True
B3_w50,B3_w50,baseline,2020,2020-01-02,2020-12-31,253,1.6388534372985415,-0.4584194821108134,2.068255976695045,1.6490341245439164,0.1813082709311855,1.457545166367356,6.640174277241241,frozen_baseline,,USD100K,R1,,50,event,0.5,3,100000.0,0.0025,0.01,True
B3_w50,B3_w50,baseline,2021,2021-01-04,2021-12-31,252,0.1499368154118809,-0.4596148430596977,0.5302162708982717,0.1499368154118809,0.2861550585808201,-0.1362182431689391,7.216978015126454,frozen_baseline,,USD100K,R1,,50,event,0.5,3,100000.0,0.0025,0.01,True
B3_w50,B3_w50,baseline,2022,2022-01-03,2022-12-30,251,-0.1597739882126149,-0.3120811270251787,-0.177680686436306,-0.1591933503431721,-0.180528833522089,0.0207548453094741,11.45727437726197,frozen_baseline,,USD100K,R1,,50,event,0.5,3,100000.0,0.0025,0.01,True
B3_w50,B3_w50,baseline,2023,2023-01-03,2023-12-29,250,0.0764800332660424,-0.3545635812974277,0.405600984771021,0.0758505919664376,0.2494116142532503,-0.1729315809872078,8.180488366347202,frozen_baseline,,USD100K,R1,,50,event,0.5,3,100000.0,0.0025,0.01,True
B3_w50,B3_w50,baseline,2024,2024-01-02,2024-12-31,252,0.112734184340139,-0.1947889691403014,0.4779311832241557,0.112734184340139,0.2643074461050603,-0.1515732617649212,5.982309263132688,frozen_baseline,,USD100K,R1,,50,event,0.5,3,100000.0,0.0025,0.01,True
B3_w50,B3_w50,baseline,2025,2025-01-02,2025-12-31,250,-0.1239046389557472,-0.4438959132202206,-0.0749369989289995,-0.122984392591753,0.1785790013706134,-0.3024836403263606,7.9233931529064785,frozen_baseline,,USD100K,R1,,50,event,0.5,3,100000.0,0.0025,0.01,True
B3_w50,B3_w50,baseline,2026,2026-01-02,2026-09-22,181,0.1715480684663388,-0.2480088206629721,0.5819032276375332,0.1204364363653602,0.193982242745804,-0.0224341742794651,8.414239983996774,frozen_baseline,,USD100K,R1,,50,event,0.5,3,100000.0,0.0025,0.01,True
B3_w55,B3_w55,baseline,full,2017-01-04,2026-09-22,2442,0.2902665080473756,-0.5105472578972599,0.8532366048481853,10.81779155839231,0.1534966939059092,0.1367698141414663,7.619820074145013,frozen_baseline,,USD100K,R1,,55,event,0.5,3,100000.0,0.0025,0.01,True
B3_w55,B3_w55,baseline,2017_2022,2017-01-04,2022-12-30,1509,0.266587086446802,-0.4689868365860936,0.8156747140219581,3.1170722566909825,0.1124281175972994,0.1541589688495026,7.60781916992044,frozen_baseline,,USD100K,R1,,55,event,0.5,3,100000.0,0.0025,0.01,True
B3_w55,B3_w55,baseline,2023_2026,2023-01-03,2026-09-22,933,0.3295053548713131,-0.4564293575238384,0.9108563155317098,1.8704357906729112,0.2231529414345989,0.1063524134367142,7.639229896733314,frozen_baseline,,USD100K,R1,,55,event,0.5,3,100000.0,0.0025,0.01,True
B3_w55,B3_w55,baseline,2017,2017-01-04,2017-12-29,250,0.4648733923890424,-0.0911008468993791,1.966143475483767,0.4604416732698051,0.2120011745455907,0.2528722178434517,6.705494915459554,frozen_baseline,,USD100K,R1,,55,event,0.5,3,100000.0,0.0025,0.01,True
B3_w55,B3_w55,baseline,2018,2018-01-02,2018-12-31,251,-0.2032049408825005,-0.4006275922625606,-0.5625129673068923,-0.202486370271932,-0.0642984107744514,-0.1389065301080491,7.528192317507211,frozen_baseline,,USD100K,R1,,55,event,0.5,3,100000.0,0.0025,0.01,True
B3_w55,B3_w55,baseline,2019,2019-01-02,2019-12-31,252,0.5486592041986194,-0.1693642936582616,2.0377746068114915,0.5486592041986194,0.3401954545671213,0.208463749631498,5.740353442693587,frozen_baseline,,USD100K,R1,,55,event,0.5,3,100000.0,0.0025,0.01,True
B3_w55,B3_w55,baseline,2020,2020-01-02,2020-12-31,253,1.137626993142601,-0.4598983568613473,1.701690346328958,1.1440809521852784,0.1813082709311855,0.9563187222114156,5.971877486052992,frozen_baseline,,USD100K,R1,,55,event,0.5,3,100000.0,0.0025,0.01,True
B3_w55,B3_w55,baseline,2021,2021-01-04,2021-12-31,252,0.2043124485662844,-0.3827770413233665,0.6169801424870252,0.2043124485662844,0.2861550585808201,-0.0818426100145357,10.170034636141114,frozen_baseline,,USD100K,R1,,55,event,0.5,3,100000.0,0.0025,0.01,True
B3_w55,B3_w55,baseline,2022,2022-01-03,2022-12-30,251,-0.1164797261896986,-0.2233436787093335,-0.1861225940125639,-0.1160454287310279,-0.180528833522089,0.0640491073323904,9.537634768976064,frozen_baseline,,USD100K,R1,,55,event,0.5,3,100000.0,0.0025,0.01,True
B3_w55,B3_w55,baseline,2023,2023-01-03,2023-12-29,250,0.0571095572055202,-0.3348166040056474,0.3341357243132496,0.0566437065380904,0.2494116142532503,-0.19230205704773,8.025752621341661,frozen_baseline,,USD100K,R1,,55,event,0.5,3,100000.0,0.0025,0.01,True
B3_w55,B3_w55,baseline,2024,2024-01-02,2024-12-31,252,0.7170334531588187,-0.1880358435329305,1.7124785335279171,0.7170334531588187,0.2643074461050603,0.4527260070537584,4.985945198467158,frozen_baseline,,USD100K,R1,,55,event,0.5,3,100000.0,0.0025,0.01,True
B3_w55,B3_w55,baseline,2025,2025-01-02,2025-12-31,250,0.2818676946269931,-0.4371968032467089,0.7626953294075691,0.2793439044588135,0.1785790013706134,0.1032886932563796,7.403248164668113,frozen_baseline,,USD100K,R1,,55,event,0.5,3,100000.0,0.0025,0.01,True
B3_w55,B3_w55,baseline,2026,2026-01-02,2026-09-22,181,0.3441289224851116,-0.2719880053062244,0.8580997263759945,0.2366682328795097,0.193982242745804,0.1501466797393076,11.125376282519415,frozen_baseline,,USD100K,R1,,55,event,0.5,3,100000.0,0.0025,0.01,True
B3_beta60d3,B3_beta60d3,baseline,full,2017-01-04,2026-09-22,2442,0.2452168596954294,-0.460863552881548,0.731909736254977,7.374701362372994,0.1534966939059092,0.0917201657895201,12.508671244431204,frozen_baseline,,USD100K,R1,,50,event,0.6,3,100000.0,0.0025,0.01,True
B3_beta60d3,B3_beta60d3,baseline,2017_2022,2017-01-04,2022-12-30,1509,0.2281389055688252,-0.4601398712580176,0.7298190632965478,2.423122697179991,0.1124281175972994,0.1157107879715257,12.236076246876255,frozen_baseline,,USD100K,R1,,50,event,0.6,3,100000.0,0.0025,0.01,True
B3_beta60d3,B3_beta60d3,baseline,2023_2026,2023-01-03,2026-09-22,933,0.2733422033105592,-0.4608635528815481,0.7444973424290201,1.4465092557950587,0.2231529414345989,0.0501892618759602,12.949556401248364,frozen_baseline,,USD100K,R1,,50,event,0.6,3,100000.0,0.0025,0.01,True
B3_beta60d3,B3_beta60d3,baseline,2017,2017-01-04,2017-12-29,250,0.1946074450303918,-0.1141277071548529,0.9194393613138192,0.1929227430558899,0.2120011745455907,-0.0173937295151989,13.153136012618116,frozen_baseline,,USD100K,R1,,50,event,0.6,3,100000.0,0.0025,0.01,True
B3_beta60d3,B3_beta60d3,baseline,2018,2018-01-02,2018-12-31,251,-0.2178640574945562,-0.3366336822534475,-0.6565238539818012,-0.2171010200771962,-0.0642984107744514,-0.1535656467201048,10.065742840903535,frozen_baseline,,USD100K,R1,,50,event,0.6,3,100000.0,0.0025,0.01,True
B3_beta60d3,B3_beta60d3,baseline,2019,2019-01-02,2019-12-31,252,0.6526187943597865,-0.154851918626214,2.2222203136170533,0.6526187943597865,0.3401954545671213,0.3124233397926652,8.529553678352718,frozen_baseline,,USD100K,R1,,50,event,0.6,3,100000.0,0.0025,0.01,True
B3_beta60d3,B3_beta60d3,baseline,2020,2020-01-02,2020-12-31,253,1.2801441449812812,-0.4186640630041086,1.8739306935581532,1.2876142237348265,0.1813082709311855,1.0988358740500956,14.836826307924817,frozen_baseline,,USD100K,R1,,50,event,0.6,3,100000.0,0.0025,0.01,True
B3_beta60d3,B3_beta60d3,baseline,2021,2021-01-04,2021-12-31,252,0.0527051252592138,-0.3613538831626848,0.3365383122813269,0.0527051252592138,0.2861550585808201,-0.2334499333216062,13.50646269901003,frozen_baseline,,USD100K,R1,,50,event,0.6,3,100000.0,0.0025,0.01,True
B3_beta60d3,B3_beta60d3,baseline,2022,2022-01-03,2022-12-30,251,-0.079339000780727,-0.3093706889145636,0.0569181101239282,-0.0790369474375626,-0.180528833522089,0.1011898327413619,13.317372180536124,frozen_baseline,,USD100K,R1,,50,event,0.6,3,100000.0,0.0025,0.01,True
B3_beta60d3,B3_beta60d3,baseline,2023,2023-01-03,2023-12-29,250,0.5517148327004169,-0.3108638013766164,1.3241819078640782,0.546313442311936,0.2494116142532503,0.3023032184471665,12.477795726715197,frozen_baseline,,USD100K,R1,,50,event,0.6,3,100000.0,0.0025,0.01,True
B3_beta60d3,B3_beta60d3,baseline,2024,2024-01-02,2024-12-31,252,0.4704259179808534,-0.246748380207516,1.1152592962809498,0.4704259179808534,0.2643074461050603,0.2061184718757931,10.67816203203234,frozen_baseline,,USD100K,R1,,50,event,0.6,3,100000.0,0.0025,0.01,True
B3_beta60d3,B3_beta60d3,baseline,2025,2025-01-02,2025-12-31,250,-0.0339353978662798,-0.4583774629603422,0.205928051573811,-0.0336706555179936,0.1785790013706134,-0.2125143992368933,12.84170281673268,frozen_baseline,,USD100K,R1,,50,event,0.6,3,100000.0,0.0025,0.01,True
B3_beta60d3,B3_beta60d3,baseline,2026,2026-01-02,2026-09-22,181,0.1614281612223189,-0.3953747895559132,0.5450177930374643,0.1134763954351871,0.193982242745804,-0.032554081523485,16.912511902931517,frozen_baseline,,USD100K,R1,,50,event,0.6,3,100000.0,0.0025,0.01,True
A0_event__USD100K_C50,A0_event,diagnostics,full,2017-01-04,2026-09-22,2442,0.1526576532895411,-0.50864806413369,0.5605686755407961,2.961919601972481,0.1534966939059092,-0.000839040616368,12.643447517784756,execution_stress,,USD100K,C50,,50,event,0.5,3,100000.0,0.005,0.01,True
A0_event__USD100K_C50,A0_event,diagnostics,2017_2022,2017-01-04,2022-12-30,1509,0.0290191194609434,-0.50864806413369,0.2562169221985192,0.1868416174327951,0.1124281175972994,-0.0834089981363559,12.49961569006454,execution_stress,,USD100K,C50,,50,event,0.5,3,100000.0,0.005,0.01,True
A0_event__USD100K_C50,A0_event,diagnostics,2023_2026,2023-01-03,2026-09-22,933,0.3848380263529436,-0.3675161323895042,0.9474167431972956,2.338204140955496,0.2231529414345989,0.1616850849183446,12.876075843647362,execution_stress,,USD100K,C50,,50,event,0.5,3,100000.0,0.005,0.01,True
A0_event__USD100K_C50,A0_event,diagnostics,2017,2017-01-04,2017-12-29,250,-0.128731020370717,-0.2526253373515678,-0.5511111324664056,-0.1277776037417169,0.2120011745455907,-0.3407321949163078,14.012011284157994,execution_stress,,USD100K,C50,,50,event,0.5,3,100000.0,0.005,0.01,True
A0_event__USD100K_C50,A0_event,diagnostics,2018,2018-01-02,2018-12-31,251,-0.3654509158065006,-0.4474707238069834,-1.5820302497167358,-0.3643045692466596,-0.0642984107744514,-0.3011525050320491,12.96185431820432,execution_stress,,USD100K,C50,,50,event,0.5,3,100000.0,0.005,0.01,True
A0_event__USD100K_C50,A0_event,diagnostics,2019,2019-01-02,2019-12-31,252,0.8677127710274692,-0.1511739317698948,2.7062820161437005,0.8677127710274692,0.3401954545671213,0.5275173164603479,8.405929374476676,execution_stress,,USD100K,C50,,50,event,0.5,3,100000.0,0.005,0.01,True
A0_event__USD100K_C50,A0_event,diagnostics,2020,2020-01-02,2020-12-31,253,0.376486986982794,-0.4227534709175705,0.943981185869279,0.3782334718231641,0.1813082709311855,0.1951787160516085,11.243018367446272,execution_stress,,USD100K,C50,,50,event,0.5,3,100000.0,0.005,0.01,True
A0_event__USD100K_C50,A0_event,diagnostics,2021,2021-01-04,2021-12-31,252,-0.1643748094324725,-0.3429187450694839,-0.2550897188999079,-0.1643748094324725,0.2861550585808201,-0.4505298680132926,15.87011828409164,execution_stress,,USD100K,C50,,50,event,0.5,3,100000.0,0.005,0.01,True
A0_event__USD100K_C50,A0_event,diagnostics,2022,2022-01-03,2022-12-30,251,-0.0049072548400634,-0.3232628002040195,0.202162191836097,-0.0048878292753752,-0.180528833522089,0.1756215786820255,12.523681930181208,execution_stress,,USD100K,C50,,50,event,0.5,3,100000.0,0.005,0.01,True
A0_event__USD100K_C50,A0_event,diagnostics,2023,2023-01-03,2023-12-29,250,0.2119099291318567,-0.3018159206456494,0.7926825681111676,0.2100627181608032,0.2494116142532503,-0.0375016851213936,11.060343007376634,execution_stress,,USD100K,C50,,50,event,0.5,3,100000.0,0.005,0.01,True
A0_event__USD100K_C50,A0_event,diagnostics,2024,2024-01-02,2024-12-31,252,0.2102914909616813,-0.353048871545795,0.6632175645926777,0.2102914909616813,0.2643074461050603,-0.0540159551433789,15.945421453593983,execution_stress,,USD100K,C50,,50,event,0.5,3,100000.0,0.005,0.01,True
A0_event__USD100K_C50,A0_event,diagnostics,2025,2025-01-02,2025-12-31,250,0.9332381257253186,-0.3322137805464332,1.5386059466748017,0.9231503814610826,0.1785790013706134,0.7546591243547052,9.652848110097032,execution_stress,,USD100K,C50,,50,event,0.5,3,100000.0,0.005,0.01,True
A0_event__USD100K_C50,A0_event,diagnostics,2026,2026-01-02,2026-09-22,181,0.2669271913950357,-0.3675161323895038,0.7007624243426634,0.1852276802057748,0.193982242745804,0.0729449486492317,15.56262307430326,execution_stress,,USD100K,C50,,50,event,0.5,3,100000.0,0.005,0.01,True
A0_event__USD100K_R5,A0_event,diagnostics,full,2017-01-04,2026-09-22,2442,0.1565183468993538,-0.4454911287451522,0.5685901086327245,3.092399821194185,0.1534966939059092,0.0030216529934445,13.256978281272016,execution_stress,,USD100K,R5,,50,event,0.5,3,100000.0,0.0025,0.05,True
A0_event__USD100K_R5,A0_event,diagnostics,2017_2022,2017-01-04,2022-12-30,1509,0.0519256318542082,-0.4454911287451522,0.3201476285515008,0.3540930170837133,0.1124281175972994,-0.0605024857430911,12.88517613096001,execution_stress,,USD100K,R5,,50,event,0.5,3,100000.0,0.0025,0.05,True
A0_event__USD100K_R5,A0_event,diagnostics,2023_2026,2023-01-03,2026-09-22,933,0.3481409940294711,-0.3748416576847739,0.8840757089862047,2.0222442399178178,0.2231529414345989,0.1249880525948721,13.858317450426163,execution_stress,,USD100K,R5,,50,event,0.5,3,100000.0,0.0025,0.05,True
A0_event__USD100K_R5,A0_event,diagnostics,2017,2017-01-04,2017-12-29,250,-0.0346566946277876,-0.2189989340720544,-0.0610339952110797,-0.0343864259201498,0.2120011745455907,-0.2466578691733784,13.780027560681193,execution_stress,,USD100K,R5,,50,event,0.5,3,100000.0,0.0025,0.05,True
A0_event__USD100K_R5,A0_event,diagnostics,2018,2018-01-02,2018-12-31,251,-0.3469051216136108,-0.4337089195205869,-1.438619295875453,-0.3458000612514571,-0.0642984107744514,-0.2826067108391594,12.739998715284624,execution_stress,,USD100K,R5,,50,event,0.5,3,100000.0,0.0025,0.05,True
A0_event__USD100K_R5,A0_event,diagnostics,2019,2019-01-02,2019-12-31,252,0.9442713827040208,-0.1433761877712513,2.868362479485847,0.9442713827040208,0.3401954545671213,0.6040759281368995,8.072534696404926,execution_stress,,USD100K,R5,,50,event,0.5,3,100000.0,0.0025,0.05,True
A0_event__USD100K_R5,A0_event,diagnostics,2020,2020-01-02,2020-12-31,253,0.4239058568696361,-0.4131354788004674,1.0253164537303845,0.4259041370847289,0.1813082709311855,0.2425975859384506,11.418123316180631,execution_stress,,USD100K,R5,,50,event,0.5,3,100000.0,0.0025,0.05,True
A0_event__USD100K_R5,A0_event,diagnostics,2021,2021-01-04,2021-12-31,252,-0.1275619737547745,-0.3193742715939625,-0.1342143877323739,-0.1275619737547745,0.2861550585808201,-0.4137170323355946,15.780784646699669,execution_stress,,USD100K,R5,,50,event,0.5,3,100000.0,0.0025,0.05,True
A0_event__USD100K_R5,A0_event,diagnostics,2022,2022-01-03,2022-12-30,251,-0.1141832569387102,-0.3541226228238322,-0.0814542923215486,-0.1137569598872253,-0.180528833522089,0.0663455765833788,15.542480240859994,execution_stress,,USD100K,R5,,50,event,0.5,3,100000.0,0.0025,0.05,True
A0_event__USD100K_R5,A0_event,diagnostics,2023,2023-01-03,2023-12-29,250,0.216737270480595,-0.3083413761202429,0.8007448985891045,0.2148443722861672,0.2494116142532503,-0.0326743437726553,11.855593867247602,execution_stress,,USD100K,R5,,50,event,0.5,3,100000.0,0.0025,0.05,True
A0_event__USD100K_R5,A0_event,diagnostics,2024,2024-01-02,2024-12-31,252,0.3333781491878722,-0.3638667532781499,0.8715940168782778,0.3333781491878722,0.2643074461050603,0.0690707030828119,15.268180969926998,execution_stress,,USD100K,R5,,50,event,0.5,3,100000.0,0.0025,0.05,True
A0_event__USD100K_R5,A0_event,diagnostics,2025,2025-01-02,2025-12-31,250,0.904347243696506,-0.2941918832146234,1.5415013281333243,0.8946366505208097,0.1785790013706134,0.7257682423258927,10.529346125692612,execution_stress,,USD100K,R5,,50,event,0.5,3,100000.0,0.0025,0.05,True
A0_event__USD100K_R5,A0_event,diagnostics,2026,2026-01-02,2026-09-22,181,-0.0211568724609684,-0.374841657684774,0.2497801034506417,-0.0152417126788173,0.193982242745804,-0.2151391152067724,19.259633030889244,execution_stress,,USD100K,R5,,50,event,0.5,3,100000.0,0.0025,0.05,True
A0_event__USD100K_UNLIMITED,A0_event,diagnostics,full,2017-01-04,2026-09-22,2442,0.1608946532184914,-0.4460573953734105,0.5783047202376101,3.244955988315928,0.1534966939059092,0.0073979593125821,13.213489892762464,execution_stress,,USD100K,UNLIMITED,,50,event,0.5,3,100000.0,0.0025,0.0,True
A0_event__USD100K_UNLIMITED,A0_event,diagnostics,2017_2022,2017-01-04,2022-12-30,1509,0.0451254080662921,-0.4460573953734105,0.3013996311155527,0.3025135224278912,0.1124281175972994,-0.0673027095310072,12.938577783802014,execution_stress,,USD100K,UNLIMITED,,50,event,0.5,3,100000.0,0.0025,0.0,True
A0_event__USD100K_UNLIMITED,A0_event,diagnostics,2023_2026,2023-01-03,2026-09-22,933,0.3758910673193254,-0.3685715629031403,0.9296481481494084,2.2590494572396453,0.2231529414345989,0.1527381258847264,13.65812266063098,execution_stress,,USD100K,UNLIMITED,,50,event,0.5,3,100000.0,0.0025,0.0,True
A0_event__USD100K_UNLIMITED,A0_event,diagnostics,2017,2017-01-04,2017-12-29,250,-0.0346566946277876,-0.2189989340720544,-0.0610339952110797,-0.0343864259201498,0.2120011745455907,-0.2466578691733784,13.780027560681193,execution_stress,,USD100K,UNLIMITED,,50,event,0.5,3,100000.0,0.0025,0.0,True
A0_event__USD100K_UNLIMITED,A0_event,diagnostics,2018,2018-01-02,2018-12-31,251,-0.3482614915191829,-0.4337528713532386,-1.446157455120183,-0.3471533402372022,-0.0642984107744514,-0.2839630807447315,12.815643466515722,execution_stress,,USD100K,UNLIMITED,,50,event,0.5,3,100000.0,0.0025,0.0,True
A0_event__USD100K_UNLIMITED,A0_event,diagnostics,2019,2019-01-02,2019-12-31,252,0.9038717714068828,-0.1461705033325062,2.785358290801629,0.9038717714068828,0.3401954545671213,0.5636763168397616,8.52151804357634,execution_stress,,USD100K,UNLIMITED,,50,event,0.5,3,100000.0,0.0025,0.0,True
A0_event__USD100K_UNLIMITED,A0_event,diagnostics,2020,2020-01-02,2020-12-31,253,0.4166255988859892,-0.416510163537795,1.0090266468797295,0.4185848060593236,0.1813082709311855,0.2353173279548037,11.328431569029837,execution_stress,,USD100K,UNLIMITED,,50,event,0.5,3,100000.0,0.0025,0.0,True
A0_event__USD100K_UNLIMITED,A0_event,diagnostics,2021,2021-01-04,2021-12-31,252,-0.1376085373371394,-0.3143103481104524,-0.1672574247179996,-0.1376085373371394,0.2861550585808201,-0.4237635959179595,15.678764917321883,execution_stress,,USD100K,UNLIMITED,,50,event,0.5,3,100000.0,0.0025,0.0,True
A0_event__USD100K_UNLIMITED,A0_event,diagnostics,2022,2022-01-03,2022-12-30,251,-0.1133280798017434,-0.3529448312263264,-0.0776819229924273,-0.1129047680234965,-0.180528833522089,0.0672007537203456,15.529944152910726,execution_stress,,USD100K,UNLIMITED,,50,event,0.5,3,100000.0,0.0025,0.0,True
A0_event__USD100K_UNLIMITED,A0_event,diagnostics,2023,2023-01-03,2023-12-29,250,0.2185733545451063,-0.3134123704179318,0.8028239598744988,0.2166630396137194,0.2494116142532503,-0.030838259708144,11.492387487455275,execution_stress,,USD100K,UNLIMITED,,50,event,0.5,3,100000.0,0.0025,0.0,True
A0_event__USD100K_UNLIMITED,A0_event,diagnostics,2024,2024-01-02,2024-12-31,252,0.3451371806830559,-0.3499476920152885,0.8879210046361045,0.3451371806830559,0.2643074461050603,0.0808297345779955,16.226126970340285,execution_stress,,USD100K,UNLIMITED,,50,event,0.5,3,100000.0,0.0025,0.0,True
A0_event__USD100K_UNLIMITED,A0_event,diagnostics,2025,2025-01-02,2025-12-31,250,0.9893117077021448,-0.2944407284807069,1.622807159877215,0.9784823539059222,0.1785790013706134,0.8107327063315315,9.37367003649156,execution_stress,,USD100K,UNLIMITED,,50,event,0.5,3,100000.0,0.0025,0.0,True
A0_event__USD100K_UNLIMITED,A0_event,diagnostics,2026,2026-01-02,2026-09-22,181,0.0090874438103802,-0.3685715629031404,0.2966370701384263,0.0065187690284611,0.193982242745804,-0.1848947989354237,18.991878811360458,execution_stress,,USD100K,UNLIMITED,,50,event,0.5,3,100000.0,0.0025,0.0,True
A0_event__KRW50M_R1,A0_event,diagnostics,full,2017-01-04,2026-09-22,2442,0.1823924403623944,-0.4515033104464783,0.6238031170765586,4.0710160203899015,0.1534966939059092,0.0288957464564851,12.654828441903064,execution_stress,,KRW50M,R1,,50,event,0.5,3,33333.333333333336,0.0025,0.01,True
A0_event__KRW50M_R1,A0_event,diagnostics,2017_2022,2017-01-04,2022-12-30,1509,0.0673108101874837,-0.4515033104464783,0.3623104549405084,0.4770957634120758,0.1124281175972994,-0.0451173074098156,12.357710282830835,execution_stress,,KRW50M,R1,,50,event,0.5,3,33333.333333333336,0.0025,0.01,True
A0_event__KRW50M_R1,A0_event,diagnostics,2023_2026,2023-01-03,2026-09-22,933,0.3953622937031185,-0.3701073265958974,0.9549278166480848,2.43309902174242,0.2231529414345989,0.1722093522685195,13.135376461238542,execution_stress,,KRW50M,R1,,50,event,0.5,3,33333.333333333336,0.0025,0.01,True
A0_event__KRW50M_R1,A0_event,diagnostics,2017,2017-01-04,2017-12-29,250,-0.0523240387916724,-0.2428522663723793,-0.1481702533847384,-0.051919741338857,0.2120011745455907,-0.2643252133372632,13.785560121632347,execution_stress,,KRW50M,R1,,50,event,0.5,3,33333.333333333336,0.0025,0.01,True
A0_event__KRW50M_R1,A0_event,diagnostics,2018,2018-01-02,2018-12-31,251,-0.344949851365299,-0.4343941590021851,-1.4205528183262646,-0.3438492663285546,-0.0642984107744514,-0.2806514405908475,12.702978080959788,execution_stress,,KRW50M,R1,,50,event,0.5,3,33333.333333333336,0.0025,0.01,True
A0_event__KRW50M_R1,A0_event,diagnostics,2019,2019-01-02,2019-12-31,252,0.9485751155124112,-0.1441534806781321,2.87931593251034,0.9485751155124112,0.3401954545671213,0.6083796609452898,7.535440355968471,execution_stress,,KRW50M,R1,,50,event,0.5,3,33333.333333333336,0.0025,0.01,True
A0_event__KRW50M_R1,A0_event,diagnostics,2020,2020-01-02,2020-12-31,253,0.4327824322528151,-0.411964748352311,1.0404991698171522,0.434828553766948,0.1813082709311855,0.2514741613216296,10.903468224590252,execution_stress,,KRW50M,R1,,50,event,0.5,3,33333.333333333336,0.0025,0.01,True
A0_event__KRW50M_R1,A0_event,diagnostics,2021,2021-01-04,2021-12-31,252,-0.1255654288535199,-0.3238362733719423,-0.1281304662221389,-0.1255654288535199,0.2861550585808201,-0.4117204874343401,15.802984942808228,execution_stress,,KRW50M,R1,,50,event,0.5,3,33333.333333333336,0.0025,0.01,True
A0_event__KRW50M_R1,A0_event,diagnostics,2022,2022-01-03,2022-12-30,251,-0.0288978582129321,-0.3275800675392079,0.1413703889654433,-0.0287848507097751,-0.180528833522089,0.1516309753091569,13.438592238843327,execution_stress,,KRW50M,R1,,50,event,0.5,3,33333.333333333336,0.0025,0.01,True
A0_event__KRW50M_R1,A0_event,diagnostics,2023,2023-01-03,2023-12-29,250,0.2846016327502354,-0.2999884097198555,0.993563662696902,0.2820507818049647,0.2494116142532503,0.0351900184969851,10.460097869487583,execution_stress,,KRW50M,R1,,50,event,0.5,3,33333.333333333336,0.0025,0.01,True
A0_event__KRW50M_R1,A0_event,diagnostics,2024,2024-01-02,2024-12-31,252,0.4156688089874842,-0.3424003996256489,1.0085991401315642,0.4156688089874842,0.2643074461050603,0.1513613628824239,14.683659868996426,execution_stress,,KRW50M,R1,,50,event,0.5,3,33333.333333333336,0.0025,0.01,True
A0_event__KRW50M_R1,A0_event,diagnostics,2025,2025-01-02,2025-12-31,250,0.7793920522964051,-0.3220534524038371,1.379608588252889,0.7712724327984464,0.1785790013706134,0.6008130509257916,10.899008131539173,execution_stress,,KRW50M,R1,,50,event,0.5,3,33333.333333333336,0.0025,0.01,True
A0_event__KRW50M_R1,A0_event,diagnostics,2026,2026-01-02,2026-09-22,181,0.0957891595441955,-0.370107326595897,0.4472181741342431,0.0679085784646498,0.193982242745804,-0.0981930832016084,17.763798072330225,execution_stress,,KRW50M,R1,,50,event,0.5,3,33333.333333333336,0.0025,0.01,True
A0_event__KRW50M_C50,A0_event,diagnostics,full,2017-01-04,2026-09-22,2442,0.1335672658081343,-0.483905872195021,0.5165572974531485,2.3699249404949367,0.1534966939059092,-0.0199294280977748,12.502866913768338,execution_stress,,KRW50M,C50,,50,event,0.5,3,33333.333333333336,0.005,0.01,True
A0_event__KRW50M_C50,A0_event,diagnostics,2017_2022,2017-01-04,2022-12-30,1509,0.0344279361887061,-0.483905872195021,0.2710967272439636,0.2246907614940436,0.1124281175972994,-0.0780001814085933,12.083941603115443,execution_stress,,KRW50M,C50,,50,event,0.5,3,33333.333333333336,0.005,0.01,True
A0_event__KRW50M_C50,A0_event,diagnostics,2023_2026,2023-01-03,2026-09-22,933,0.3144156664153621,-0.4101200851776435,0.8235186004116061,1.7516537614636962,0.2231529414345989,0.0912627249807631,13.180421355113696,execution_stress,,KRW50M,C50,,50,event,0.5,3,33333.333333333336,0.005,0.01,True
A0_event__KRW50M_C50,A0_event,diagnostics,2017,2017-01-04,2017-12-29,250,-0.0854664480231071,-0.2535459566866574,-0.3166968299671506,-0.0848177620846281,0.2120011745455907,-0.2974676225686978,13.777097843512852,execution_stress,,KRW50M,C50,,50,event,0.5,3,33333.333333333336,0.005,0.01,True
A0_event__KRW50M_C50,A0_event,diagnostics,2018,2018-01-02,2018-12-31,251,-0.3620951530793933,-0.4442056698680563,-1.516620897812724,-0.3609561198053339,-0.0642984107744514,-0.2977967423049419,12.455301671706,execution_stress,,KRW50M,C50,,50,event,0.5,3,33333.333333333336,0.005,0.01,True
A0_event__KRW50M_C50,A0_event,diagnostics,2019,2019-01-02,2019-12-31,252,0.9041454100804504,-0.1494555674239833,2.7862066259713223,0.9041454100804504,0.3401954545671213,0.5639499555133292,7.516373615781976,execution_stress,,KRW50M,C50,,50,event,0.5,3,33333.333333333336,0.005,0.01,True
A0_event__KRW50M_C50,A0_event,diagnostics,2020,2020-01-02,2020-12-31,253,0.3949284589206752,-0.4177716473882558,0.9788578446241736,0.3967721061808174,0.1813082709311855,0.2136201879894896,10.78065309553485,execution_stress,,KRW50M,C50,,50,event,0.5,3,33333.333333333336,0.005,0.01,True
A0_event__KRW50M_C50,A0_event,diagnostics,2021,2021-01-04,2021-12-31,252,-0.1607296003953561,-0.3374639754525237,-0.2400334176861959,-0.1607296003953561,0.2861550585808201,-0.4468846589761762,15.10198420294513,execution_stress,,KRW50M,C50,,50,event,0.5,3,33333.333333333336,0.005,0.01,True
A0_event__KRW50M_C50,A0_event,diagnostics,2022,2022-01-03,2022-12-30,251,-0.0621139127000964,-0.336827997971034,0.0554681101826519,-0.0618752171947679,-0.180528833522089,0.1184149208219925,12.895543008506928,execution_stress,,KRW50M,C50,,50,event,0.5,3,33333.333333333336,0.005,0.01,True
A0_event__KRW50M_C50,A0_event,diagnostics,2023,2023-01-03,2023-12-29,250,0.2345901675688977,-0.305125794092658,0.8616731843611733,0.2325270015018221,0.2494116142532503,-0.0148214466843525,10.35493728458294,execution_stress,,KRW50M,C50,,50,event,0.5,3,33333.333333333336,0.005,0.01,True
A0_event__KRW50M_C50,A0_event,diagnostics,2024,2024-01-02,2024-12-31,252,0.3527380756462637,-0.3715810949555377,0.9118267522184464,0.3527380756462637,0.2643074461050603,0.0884306295412034,13.92151228312979,execution_stress,,KRW50M,C50,,50,event,0.5,3,33333.333333333336,0.005,0.01,True
A0_event__KRW50M_C50,A0_event,diagnostics,2025,2025-01-02,2025-12-31,250,0.7857792918283026,-0.3110428945803174,1.389200637331705,0.7775799756458543,0.1785790013706134,0.6072002904576892,10.800032098383625,execution_stress,,KRW50M,C50,,50,event,0.5,3,33333.333333333336,0.005,0.01,True
A0_event__KRW50M_C50,A0_event,diagnostics,2026,2026-01-02,2026-09-22,181,-0.0982094395915331,-0.4101200851776438,0.1248978762544124,-0.071558637845205,0.193982242745804,-0.2921916823373371,19.339059023374205,execution_stress,,KRW50M,C50,,50,event,0.5,3,33333.333333333336,0.005,0.01,True
A0_event__KRW50M_R5,A0_event,diagnostics,full,2017-01-04,2026-09-22,2442,0.1641951958550651,-0.4470213468510348,0.5845650520334857,3.363364259692486,0.1534966939059092,0.0106985019491558,12.631239436041016,execution_stress,,KRW50M,R5,,50,event,0.5,3,33333.333333333336,0.0025,0.05,True
A0_event__KRW50M_R5,A0_event,diagnostics,2017_2022,2017-01-04,2022-12-30,1509,0.0453028361374114,-0.4470213468510348,0.3017859318380677,0.3038381956312219,0.1124281175972994,-0.0671252814598879,12.341241516014405,execution_stress,,KRW50M,R5,,50,event,0.5,3,33333.333333333336,0.0025,0.05,True
A0_event__KRW50M_R5,A0_event,diagnostics,2023_2026,2023-01-03,2026-09-22,933,0.3857727030141251,-0.3800763425575799,0.9394881668610128,2.3465534867078217,0.2231529414345989,0.1626197615795261,13.10027144174322,execution_stress,,KRW50M,R5,,50,event,0.5,3,33333.333333333336,0.0025,0.05,True
A0_event__KRW50M_R5,A0_event,diagnostics,2017,2017-01-04,2017-12-29,250,-0.0336601531321146,-0.2196642572360044,-0.05633685933748,-0.0333975207446267,0.2120011745455907,-0.2456613276777054,13.361107670831858,execution_stress,,KRW50M,R5,,50,event,0.5,3,33333.333333333336,0.0025,0.05,True
A0_event__KRW50M_R5,A0_event,diagnostics,2018,2018-01-02,2018-12-31,251,-0.3500359694352041,-0.4332594069489497,-1.4615053759626546,-0.348923791319916,-0.0642984107744514,-0.2857375586607527,12.084924356624596,execution_stress,,KRW50M,R5,,50,event,0.5,3,33333.333333333336,0.0025,0.05,True
A0_event__KRW50M_R5,A0_event,diagnostics,2019,2019-01-02,2019-12-31,252,0.902096888164595,-0.1464868685605377,2.78333675711006,0.902096888164595,0.3401954545671213,0.5619014335974737,8.025416005238892,execution_stress,,KRW50M,R5,,50,event,0.5,3,33333.333333333336,0.0025,0.05,True
A0_event__KRW50M_R5,A0_event,diagnostics,2020,2020-01-02,2020-12-31,253,0.4160202723508903,-0.4177541239039741,1.008747993971134,0.4179762374561495,0.1813082709311855,0.2347120014197048,10.736328768094502,execution_stress,,KRW50M,R5,,50,event,0.5,3,33333.333333333336,0.0025,0.05,True
A0_event__KRW50M_R5,A0_event,diagnostics,2021,2021-01-04,2021-12-31,252,-0.1344929819989643,-0.3115125743511397,-0.1591306157754178,-0.1344929819989643,0.2861550585808201,-0.4206480405797844,15.038442156550708,execution_stress,,KRW50M,R5,,50,event,0.5,3,33333.333333333336,0.0025,0.05,True
A0_event__KRW50M_R5,A0_event,diagnostics,2022,2022-01-03,2022-12-30,251,-0.1129148682272986,-0.3481898462874183,-0.0793013380631452,-0.1124930000670276,-0.180528833522089,0.0676139652947903,14.824530204566187,execution_stress,,KRW50M,R5,,50,event,0.5,3,33333.333333333336,0.0025,0.05,True
A0_event__KRW50M_R5,A0_event,diagnostics,2023,2023-01-03,2023-12-29,250,0.2303153206060304,-0.3111759098309965,0.8355588207964707,0.2282931108002777,0.2494116142532503,-0.0190962936472198,10.85219984400253,execution_stress,,KRW50M,R5,,50,event,0.5,3,33333.333333333336,0.0025,0.05,True
A0_event__KRW50M_R5,A0_event,diagnostics,2024,2024-01-02,2024-12-31,252,0.3557540100888121,-0.3503069105406298,0.9028787502253404,0.3557540100888121,0.2643074461050603,0.0914465639837518,15.72336040004128,execution_stress,,KRW50M,R5,,50,event,0.5,3,33333.333333333336,0.0025,0.05,True
A0_event__KRW50M_R5,A0_event,diagnostics,2025,2025-01-02,2025-12-31,250,0.9537621785979143,-0.2929630194460751,1.5688468748786255,0.9434044490549344,0.1785790013706134,0.775183177227301,9.212804599945017,execution_stress,,KRW50M,R5,,50,event,0.5,3,33333.333333333336,0.0025,0.05,True
A0_event__KRW50M_R5,A0_event,diagnostics,2026,2026-01-02,2026-09-22,181,0.0477550811370168,-0.3800763425575804,0.3667973027255929,0.0340741085012759,0.193982242745804,-0.1462271616087871,17.922736593089137,execution_stress,,KRW50M,R5,,50,event,0.5,3,33333.333333333336,0.0025,0.05,True
A0_event__KRW50M_UNLIMITED,A0_event,diagnostics,full,2017-01-04,2026-09-22,2442,0.1640209863917134,-0.4470213468510348,0.5853357328362995,3.357041158108549,0.1534966939059092,0.0105242924858042,12.667471823427524,execution_stress,,KRW50M,UNLIMITED,,50,event,0.5,3,33333.333333333336,0.0025,0.0,True
A0_event__KRW50M_UNLIMITED,A0_event,diagnostics,2017_2022,2017-01-04,2022-12-30,1509,0.0453008033981938,-0.4470213468510348,0.3017805465217286,0.3038230129026,0.1124281175972994,-0.0671273141991055,12.34089970166182,execution_stress,,KRW50M,UNLIMITED,,50,event,0.5,3,33333.333333333336,0.0025,0.0,True
A0_event__KRW50M_UNLIMITED,A0_event,diagnostics,2023_2026,2023-01-03,2026-09-22,933,0.3852343728589389,-0.3673583945299884,0.9440354560563644,2.341742794068974,0.2231529414345989,0.1620814314243399,13.195657602360471,execution_stress,,KRW50M,UNLIMITED,,50,event,0.5,3,33333.333333333336,0.0025,0.0,True
A0_event__KRW50M_UNLIMITED,A0_event,diagnostics,2017,2017-01-04,2017-12-29,250,-0.0336601531321146,-0.2196642572360044,-0.05633685933748,-0.0333975207446267,0.2120011745455907,-0.2456613276777054,13.361107670831858,execution_stress,,KRW50M,UNLIMITED,,50,event,0.5,3,33333.333333333336,0.0025,0.0,True
A0_event__KRW50M_UNLIMITED,A0_event,diagnostics,2018,2018-01-02,2018-12-31,251,-0.3500359694352041,-0.4332594069489497,-1.4615053759626546,-0.348923791319916,-0.0642984107744514,-0.2857375586607527,12.084924356624596,execution_stress,,KRW50M,UNLIMITED,,50,event,0.5,3,33333.333333333336,0.0025,0.0,True
A0_event__KRW50M_UNLIMITED,A0_event,diagnostics,2019,2019-01-02,2019-12-31,252,0.902096888164595,-0.1464868685605377,2.78333675711006,0.902096888164595,0.3401954545671213,0.5619014335974737,8.025416005238892,execution_stress,,KRW50M,UNLIMITED,,50,event,0.5,3,33333.333333333336,0.0025,0.0,True
A0_event__KRW50M_UNLIMITED,A0_event,diagnostics,2020,2020-01-02,2020-12-31,253,0.4159917914109285,-0.4177541239039741,1.00868847050028,0.4179476040005618,0.1813082709311855,0.234683520479743,10.73446725146144,execution_stress,,KRW50M,UNLIMITED,,50,event,0.5,3,33333.333333333336,0.0025,0.0,True
A0_event__KRW50M_UNLIMITED,A0_event,diagnostics,2021,2021-01-04,2021-12-31,252,-0.134480661260179,-0.3115050677073033,-0.159093802050731,-0.134480661260179,0.2861550585808201,-0.4206357198409991,15.03847288689278,execution_stress,,KRW50M,UNLIMITED,,50,event,0.5,3,33333.333333333336,0.0025,0.0,True
A0_event__KRW50M_UNLIMITED,A0_event,diagnostics,2022,2022-01-03,2022-12-30,251,-0.1129199327237857,-0.3481953824589278,-0.0793112968656941,-0.1124980468653119,-0.180528833522089,0.0676089007983032,14.824320729681371,execution_stress,,KRW50M,UNLIMITED,,50,event,0.5,3,33333.333333333336,0.0025,0.0,True
A0_event__KRW50M_UNLIMITED,A0_event,diagnostics,2023,2023-01-03,2023-12-29,250,0.2303237608301735,-0.3111559800814115,0.8355643815065882,0.2283014702756005,0.2494116142532503,-0.0190878534230767,10.846446955669837,execution_stress,,KRW50M,UNLIMITED,,50,event,0.5,3,33333.333333333336,0.0025,0.0,True
A0_event__KRW50M_UNLIMITED,A0_event,diagnostics,2024,2024-01-02,2024-12-31,252,0.3556201946645605,-0.3503239016613042,0.9026650579326488,0.3556201946645605,0.2643074461050603,0.0913127485595002,15.726389943304303,execution_stress,,KRW50M,UNLIMITED,,50,event,0.5,3,33333.333333333336,0.0025,0.0,True
A0_event__KRW50M_UNLIMITED,A0_event,diagnostics,2025,2025-01-02,2025-12-31,250,0.993608126106347,-0.2929171429608415,1.6278547769694274,0.982721434361114,0.1785790013706134,0.8150291247357335,9.09764353627574,execution_stress,,KRW50M,UNLIMITED,,50,event,0.5,3,33333.333333333336,0.0025,0.0,True
A0_event__KRW50M_UNLIMITED,A0_event,diagnostics,2026,2026-01-02,2026-09-22,181,0.0170326478375681,-0.3673583945299888,0.3105712105445607,0.0122046242668962,0.193982242745804,-0.1769495949082358,18.577213559686435,execution_stress,,KRW50M,UNLIMITED,,50,event,0.5,3,33333.333333333336,0.0025,0.0,True
A0_event__KRW100M_R1,A0_event,diagnostics,full,2017-01-04,2026-09-22,2442,0.1999085418947741,-0.4492313654007956,0.664376461104024,4.847674825364249,0.1534966939059092,0.0464118479888648,12.796070156504458,execution_stress,,KRW100M,R1,,50,event,0.5,3,66666.66666666667,0.0025,0.01,True
A0_event__KRW100M_R1,A0_event,diagnostics,2017_2022,2017-01-04,2022-12-30,1509,0.0857501655475883,-0.4492313654007956,0.4126348962410393,0.6366434227359086,0.1124281175972994,-0.0266779520497111,12.361565207539876,execution_stress,,KRW100M,R1,,50,event,0.5,3,66666.66666666667,0.0025,0.01,True
A0_event__KRW100M_R1,A0_event,diagnostics,2023_2026,2023-01-03,2026-09-22,933,0.4104939121544004,-0.3585845322452599,0.9862854735982856,2.5729681518463865,0.2231529414345989,0.1873409707198015,13.498822533768712,execution_stress,,KRW100M,R1,,50,event,0.5,3,66666.66666666667,0.0025,0.01,True
A0_event__KRW100M_R1,A0_event,diagnostics,2017,2017-01-04,2017-12-29,250,-0.0476132060888194,-0.238248053387989,-0.1258327231179557,-0.0472443944859835,0.2120011745455907,-0.2596143806344102,14.249171975623064,execution_stress,,KRW100M,R1,,50,event,0.5,3,66666.66666666667,0.0025,0.01,True
A0_event__KRW100M_R1,A0_event,diagnostics,2018,2018-01-02,2018-12-31,251,-0.345574176137029,-0.4342080122872138,-1.4214194959469966,-0.3444721595984642,-0.0642984107744514,-0.2812757653625776,13.148310216407296,execution_stress,,KRW100M,R1,,50,event,0.5,3,66666.66666666667,0.0025,0.01,True
A0_event__KRW100M_R1,A0_event,diagnostics,2019,2019-01-02,2019-12-31,252,0.9281782210866808,-0.1465262968211469,2.835502334962562,0.9281782210866808,0.3401954545671213,0.5879827665195596,8.232513374388077,execution_stress,,KRW100M,R1,,50,event,0.5,3,66666.66666666667,0.0025,0.01,True
A0_event__KRW100M_R1,A0_event,diagnostics,2020,2020-01-02,2020-12-31,253,0.3915235678837918,-0.4064694903680584,0.9819111603161048,0.393349202232607,0.1813082709311855,0.2102152969526063,10.658354891123954,execution_stress,,KRW100M,R1,,50,event,0.5,3,66666.66666666667,0.0025,0.01,True
A0_event__KRW100M_R1,A0_event,diagnostics,2021,2021-01-04,2021-12-31,252,-0.1229164829930838,-0.3381922666451223,-0.1308484741366914,-0.1229164829930838,0.2861550585808201,-0.409071541573904,16.261013479970273,execution_stress,,KRW100M,R1,,50,event,0.5,3,66666.66666666667,0.0025,0.01,True
A0_event__KRW100M_R1,A0_event,diagnostics,2022,2022-01-03,2022-12-30,251,0.112543800799439,-0.2929922487586068,0.4637060990355238,0.1120730599355939,-0.180528833522089,0.2930726343215281,11.642033805581734,execution_stress,,KRW100M,R1,,50,event,0.5,3,66666.66666666667,0.0025,0.01,True
A0_event__KRW100M_R1,A0_event,diagnostics,2023,2023-01-03,2023-12-29,250,0.1310395392936902,-0.3146602191237159,0.5559830594382127,0.1299347380223037,0.2494116142532503,-0.11837207495956,12.899987095440236,execution_stress,,KRW100M,R1,,50,event,0.5,3,66666.66666666667,0.0025,0.01,True
A0_event__KRW100M_R1,A0_event,diagnostics,2024,2024-01-02,2024-12-31,252,0.3035769074174606,-0.3208861366052055,0.8442174989182392,0.3035769074174606,0.2643074461050603,0.0392694613124002,16.28196740812609,execution_stress,,KRW100M,R1,,50,event,0.5,3,66666.66666666667,0.0025,0.01,True
A0_event__KRW100M_R1,A0_event,diagnostics,2025,2025-01-02,2025-12-31,250,1.0009632081826672,-0.3386545315791963,1.5930419768670276,0.9899781908072128,0.1785790013706134,0.8223842068120537,9.77957419227202,execution_stress,,KRW100M,R1,,50,event,0.5,3,66666.66666666667,0.0025,0.01,True
A0_event__KRW100M_R1,A0_event,diagnostics,2026,2026-01-02,2026-09-22,181,0.3174132005670327,-0.3585845322452601,0.7705762088262154,0.218963802588098,0.193982242745804,0.1234309578212287,15.588150912874973,execution_stress,,KRW100M,R1,,50,event,0.5,3,66666.66666666667,0.0025,0.01,True
A0_event__KRW100M_C50,A0_event,diagnostics,full,2017-01-04,2026-09-22,2442,0.146229852625654,-0.4835475128789746,0.5445990931123662,2.752935877168456,0.1534966939059092,-0.0072668412802552,12.939986075782222,execution_stress,,KRW100M,C50,,50,event,0.5,3,66666.66666666667,0.005,0.01,True
A0_event__KRW100M_C50,A0_event,diagnostics,2017_2022,2017-01-04,2022-12-30,1509,0.0294658120418762,-0.4835475128789746,0.2571978897485691,0.1899300417892533,0.1124281175972994,-0.0829623055554231,12.565891373035315,execution_stress,,KRW100M,C50,,50,event,0.5,3,66666.66666666667,0.005,0.01,True
A0_event__KRW100M_C50,A0_event,diagnostics,2023_2026,2023-01-03,2026-09-22,933,0.3637587296126561,-0.370672970133384,0.9028755523582088,2.1539130414131806,0.2231529414345989,0.1406057881780571,13.54503313520889,execution_stress,,KRW100M,C50,,50,event,0.5,3,66666.66666666667,0.005,0.01,True
A0_event__KRW100M_C50,A0_event,diagnostics,2017,2017-01-04,2017-12-29,250,-0.0816866527572214,-0.249048974796928,-0.299063603206102,-0.0810653668914842,0.2120011745455907,-0.2936878273028122,14.227884631435222,execution_stress,,KRW100M,C50,,50,event,0.5,3,66666.66666666667,0.005,0.01,True
A0_event__KRW100M_C50,A0_event,diagnostics,2018,2018-01-02,2018-12-31,251,-0.3670780383638842,-0.4443318452642932,-1.5438060626967454,-0.3659281710545525,-0.0642984107744514,-0.3027796275894328,13.113560727792477,execution_stress,,KRW100M,C50,,50,event,0.5,3,66666.66666666667,0.005,0.01,True
A0_event__KRW100M_C50,A0_event,diagnostics,2019,2019-01-02,2019-12-31,252,0.8864052235147291,-0.152260061327584,2.7449256602965764,0.8864052235147291,0.3401954545671213,0.5462097689476078,8.182204461174958,execution_stress,,KRW100M,C50,,50,event,0.5,3,66666.66666666667,0.005,0.01,True
A0_event__KRW100M_C50,A0_event,diagnostics,2020,2020-01-02,2020-12-31,253,0.3594697437492438,-0.4118572327664322,0.9276480867444312,0.3611274440544967,0.1813082709311855,0.1781614728180582,10.612380954623276,execution_stress,,KRW100M,C50,,50,event,0.5,3,66666.66666666667,0.005,0.01,True
A0_event__KRW100M_C50,A0_event,diagnostics,2021,2021-01-04,2021-12-31,252,-0.1788203808967429,-0.3521529296814744,-0.2863477688828938,-0.1788203808967429,0.2861550585808201,-0.464975439477563,16.09936206890665,execution_stress,,KRW100M,C50,,50,event,0.5,3,66666.66666666667,0.005,0.01,True
A0_event__KRW100M_C50,A0_event,diagnostics,2022,2022-01-03,2022-12-30,251,-0.0315635327948428,-0.3170795856926186,0.135016105091747,-0.0314402706682531,-0.180528833522089,0.1489653007272462,13.18553001703316,execution_stress,,KRW100M,C50,,50,event,0.5,3,66666.66666666667,0.005,0.01,True
A0_event__KRW100M_C50,A0_event,diagnostics,2023,2023-01-03,2023-12-29,250,0.1302987190259765,-0.3060560892554455,0.5581349486492374,0.1292005132630531,0.2494116142532503,-0.1191128952272737,11.978562542011083,execution_stress,,KRW100M,C50,,50,event,0.5,3,66666.66666666667,0.005,0.01,True
A0_event__KRW100M_C50,A0_event,diagnostics,2024,2024-01-02,2024-12-31,252,0.306867604547806,-0.3500525145789024,0.8232119644895222,0.306867604547806,0.2643074461050603,0.0425601584427457,15.337121369168976,execution_stress,,KRW100M,C50,,50,event,0.5,3,66666.66666666667,0.005,0.01,True
A0_event__KRW100M_C50,A0_event,diagnostics,2025,2025-01-02,2025-12-31,250,0.8766634075133106,-0.3239320575414031,1.466218674594341,0.8673109875918092,0.1785790013706134,0.6980844061426972,11.124088517962024,execution_stress,,KRW100M,C50,,50,event,0.5,3,66666.66666666667,0.005,0.01,True
A0_event__KRW100M_C50,A0_event,diagnostics,2026,2026-01-02,2026-09-22,181,0.2067826819395508,-0.3706729701333837,0.6139573810199409,0.14453849153868,0.193982242745804,0.0128004391937468,16.557450636055446,execution_stress,,KRW100M,C50,,50,event,0.5,3,66666.66666666667,0.005,0.01,True
A0_event__KRW100M_R5,A0_event,diagnostics,full,2017-01-04,2026-09-22,2442,0.1581896326290555,-0.4461670634689132,0.571343708893306,3.150069822319465,0.1534966939059092,0.0046929387231462,13.09755675620387,execution_stress,,KRW100M,R5,,50,event,0.5,3,66666.66666666667,0.0025,0.05,True
A0_event__KRW100M_R5,A0_event,diagnostics,2017_2022,2017-01-04,2022-12-30,1509,0.0495538429867961,-0.4461670634689132,0.3135340164371689,0.3359133280872477,0.1124281175972994,-0.0628742746105033,12.708173762021207,execution_stress,,KRW100M,R5,,50,event,0.5,3,66666.66666666667,0.0025,0.05,True
A0_event__KRW100M_R5,A0_event,diagnostics,2023_2026,2023-01-03,2026-09-22,933,0.3581955685822919,-0.3744939459051863,0.8953160017878097,2.1065412216985,0.2231529414345989,0.135042627147693,13.727330537791907,execution_stress,,KRW100M,R5,,50,event,0.5,3,66666.66666666667,0.0025,0.05,True
A0_event__KRW100M_R5,A0_event,diagnostics,2017,2017-01-04,2017-12-29,250,-0.0343917269127871,-0.2191720561680449,-0.0598030717913257,-0.0341234878152133,0.2120011745455907,-0.2463929014583779,13.685143850600632,execution_stress,,KRW100M,R5,,50,event,0.5,3,66666.66666666667,0.0025,0.05,True
A0_event__KRW100M_R5,A0_event,diagnostics,2018,2018-01-02,2018-12-31,251,-0.348579224108533,-0.4337712104922616,-1.4488658225114233,-0.3474703503866881,-0.0642984107744514,-0.2842808133340816,12.57851642064704,execution_stress,,KRW100M,R5,,50,event,0.5,3,66666.66666666667,0.0025,0.05,True
A0_event__KRW100M_R5,A0_event,diagnostics,2019,2019-01-02,2019-12-31,252,0.94313702171976,-0.1425425447346048,2.869627390624672,0.94313702171976,0.3401954545671213,0.6029415671526388,7.912502185054903,execution_stress,,KRW100M,R5,,50,event,0.5,3,66666.66666666667,0.0025,0.05,True
A0_event__KRW100M_R5,A0_event,diagnostics,2020,2020-01-02,2020-12-31,253,0.4204785298084648,-0.4129565024266269,1.0201848164129832,0.42245839706164,0.1813082709311855,0.2391702588772792,11.251150811837071,execution_stress,,KRW100M,R5,,50,event,0.5,3,66666.66666666667,0.0025,0.05,True
A0_event__KRW100M_R5,A0_event,diagnostics,2021,2021-01-04,2021-12-31,252,-0.1375574633195062,-0.3143250268621437,-0.1672817981426406,-0.1375574633195062,0.2861550585808201,-0.4237125219003264,15.487006438230932,execution_stress,,KRW100M,R5,,50,event,0.5,3,66666.66666666667,0.0025,0.05,True
A0_event__KRW100M_R5,A0_event,diagnostics,2022,2022-01-03,2022-12-30,251,-0.1112491977350977,-0.3518367147481276,-0.0737637072071745,-0.1108331565643403,-0.180528833522089,0.0692796357869912,15.35826013623356,execution_stress,,KRW100M,R5,,50,event,0.5,3,66666.66666666667,0.0025,0.05,True
A0_event__KRW100M_R5,A0_event,diagnostics,2023,2023-01-03,2023-12-29,250,0.2254260357493531,-0.3090726379115108,0.824099747515288,0.2234505258248378,0.2494116142532503,-0.0239855785038971,11.608086380215626,execution_stress,,KRW100M,R5,,50,event,0.5,3,66666.66666666667,0.0025,0.05,True
A0_event__KRW100M_R5,A0_event,diagnostics,2024,2024-01-02,2024-12-31,252,0.3298151781652776,-0.3524057929525502,0.8570873009553681,0.3298151781652776,0.2643074461050603,0.0655077320602173,15.647729010792157,execution_stress,,KRW100M,R5,,50,event,0.5,3,66666.66666666667,0.0025,0.05,True
A0_event__KRW100M_R5,A0_event,diagnostics,2025,2025-01-02,2025-12-31,250,0.9502296728369456,-0.2936848157847175,1.5698662927387206,0.9399185327235762,0.1785790013706134,0.771650671466332,9.97867604279198,execution_stress,,KRW100M,R5,,50,event,0.5,3,66666.66666666667,0.0025,0.05,True
A0_event__KRW100M_R5,A0_event,diagnostics,2026,2026-01-02,2026-09-22,181,-0.0218272711012118,-0.3744939459051862,0.2485863921002832,-0.0157261857241549,0.193982242745804,-0.2158095138470158,19.15845897949351,execution_stress,,KRW100M,R5,,50,event,0.5,3,66666.66666666667,0.0025,0.05,True
A0_event__KRW100M_UNLIMITED,A0_event,diagnostics,full,2017-01-04,2026-09-22,2442,0.1632639425375115,-0.4461670634689132,0.583376715121296,3.3296588533048226,0.1534966939059092,0.0097672486316022,13.042825289651027,execution_stress,,KRW100M,UNLIMITED,,50,event,0.5,3,66666.66666666667,0.0025,0.0,True
A0_event__KRW100M_UNLIMITED,A0_event,diagnostics,2017_2022,2017-01-04,2022-12-30,1509,0.0451155589631218,-0.4461670634689132,0.3013298857577458,0.3024400221445913,0.1124281175972994,-0.0673125586341776,12.765289354262348,execution_stress,,KRW100M,UNLIMITED,,50,event,0.5,3,66666.66666666667,0.0025,0.0,True
A0_event__KRW100M_UNLIMITED,A0_event,diagnostics,2023_2026,2023-01-03,2026-09-22,933,0.3832740496474076,-0.3677894031871124,0.9400907357550976,2.3242673594870142,0.2231529414345989,0.1601211082128086,13.491701738205707,execution_stress,,KRW100M,UNLIMITED,,50,event,0.5,3,66666.66666666667,0.0025,0.0,True
A0_event__KRW100M_UNLIMITED,A0_event,diagnostics,2017,2017-01-04,2017-12-29,250,-0.0343917269127871,-0.2191720561680449,-0.0598030717913257,-0.0341234878152133,0.2120011745455907,-0.2463929014583779,13.685143850600632,execution_stress,,KRW100M,UNLIMITED,,50,event,0.5,3,66666.66666666667,0.0025,0.0,True
A0_event__KRW100M_UNLIMITED,A0_event,diagnostics,2018,2018-01-02,2018-12-31,251,-0.348579224108533,-0.4337712104922616,-1.4488658225114233,-0.3474703503866881,-0.0642984107744514,-0.2842808133340816,12.57851642064704,execution_stress,,KRW100M,UNLIMITED,,50,event,0.5,3,66666.66666666667,0.0025,0.0,True
A0_event__KRW100M_UNLIMITED,A0_event,diagnostics,2019,2019-01-02,2019-12-31,252,0.9040992263666964,-0.1459410680182382,2.788722707813989,0.9040992263666964,0.3401954545671213,0.5639037717995752,8.33349758323505,execution_stress,,KRW100M,UNLIMITED,,50,event,0.5,3,66666.66666666667,0.0025,0.0,True
A0_event__KRW100M_UNLIMITED,A0_event,diagnostics,2020,2020-01-02,2020-12-31,253,0.4186660135901019,-0.4166451721797607,1.012317543069765,0.4206361566184549,0.1813082709311855,0.2373577426589164,11.178742443850364,execution_stress,,KRW100M,UNLIMITED,,50,event,0.5,3,66666.66666666667,0.0025,0.0,True
A0_event__KRW100M_UNLIMITED,A0_event,diagnostics,2021,2021-01-04,2021-12-31,252,-0.1379194030705909,-0.3143242671099066,-0.1684494906477463,-0.1379194030705909,0.2861550585808201,-0.424074461651411,15.507923897433724,execution_stress,,KRW100M,UNLIMITED,,50,event,0.5,3,66666.66666666667,0.0025,0.0,True
A0_event__KRW100M_UNLIMITED,A0_event,diagnostics,2022,2022-01-03,2022-12-30,251,-0.1142595757520871,-0.3530484002482272,-0.0819800514161325,-0.113833012443657,-0.180528833522089,0.0662692577700019,15.330948206879045,execution_stress,,KRW100M,UNLIMITED,,50,event,0.5,3,66666.66666666667,0.0025,0.0,True
A0_event__KRW100M_UNLIMITED,A0_event,diagnostics,2023,2023-01-03,2023-12-29,250,0.2198833922665493,-0.3131362642776388,0.8066600937901666,0.217960637275457,0.2494116142532503,-0.029528221986701,11.298132123352456,execution_stress,,KRW100M,UNLIMITED,,50,event,0.5,3,66666.66666666667,0.0025,0.0,True
A0_event__KRW100M_UNLIMITED,A0_event,diagnostics,2024,2024-01-02,2024-12-31,252,0.3640085223732714,-0.3514606398177231,0.9138020820686314,0.3640085223732714,0.2643074461050603,0.0997010762682111,15.962845036123708,execution_stress,,KRW100M,UNLIMITED,,50,event,0.5,3,66666.66666666667,0.0025,0.0,True
A0_event__KRW100M_UNLIMITED,A0_event,diagnostics,2025,2025-01-02,2025-12-31,250,0.9912786889785972,-0.2933911692410755,1.6254415806799496,0.9804230937978564,0.1785790013706134,0.8126996876079837,9.264303896997916,execution_stress,,KRW100M,UNLIMITED,,50,event,0.5,3,66666.66666666667,0.0025,0.0,True
A0_event__KRW100M_UNLIMITED,A0_event,diagnostics,2026,2026-01-02,2026-09-22,181,0.0144904579750693,-0.3677894031871126,0.3061502426065953,0.0103867137455593,0.193982242745804,-0.1794917847707346,18.919954516879343,execution_stress,,KRW100M,UNLIMITED,,50,event,0.5,3,66666.66666666667,0.0025,0.0,True
A0_quarter__USD100K_C50,A0_quarter,diagnostics,full,2017-01-04,2026-09-22,2442,0.1725796091567308,-0.5034243372860462,0.5958430779750035,3.677590262623831,0.1534966939059092,0.0190829152508216,8.512624768644466,execution_stress,,USD100K,C50,,50,quarter,0.5,3,100000.0,0.005,0.01,True
A0_quarter__USD100K_C50,A0_quarter,diagnostics,2017_2022,2017-01-04,2022-12-30,1509,0.0525090000340575,-0.5034243372860462,0.321158235539298,0.3585959513675605,0.1124281175972994,-0.0599191175632418,8.336128807051526,execution_stress,,USD100K,C50,,50,quarter,0.5,3,100000.0,0.005,0.01,True
A0_quarter__USD100K_C50,A0_quarter,diagnostics,2023_2026,2023-01-03,2026-09-22,933,0.3964435887125905,-0.4011902726786842,0.9214425876218488,2.44295907691715,0.2231529414345989,0.1732906472779916,8.798082867298001,execution_stress,,USD100K,C50,,50,quarter,0.5,3,100000.0,0.005,0.01,True
A0_quarter__USD100K_C50,A0_quarter,diagnostics,2017,2017-01-04,2017-12-29,250,-0.1616313917764834,-0.2714627071996995,-0.7373477435373115,-0.1604575373106108,0.2120011745455907,-0.3736325663220742,9.975761147635223,execution_stress,,USD100K,C50,,50,quarter,0.5,3,100000.0,0.005,0.01,True
A0_quarter__USD100K_C50,A0_quarter,diagnostics,2018,2018-01-02,2018-12-31,251,-0.3462301337178749,-0.4242982756275668,-1.5192615500697777,-0.345126615687649,-0.0642984107744514,-0.2819317229434235,8.905910019878874,execution_stress,,USD100K,C50,,50,quarter,0.5,3,100000.0,0.005,0.01,True
A0_quarter__USD100K_C50,A0_quarter,diagnostics,2019,2019-01-02,2019-12-31,252,0.9897031204262796,-0.1425268732712652,2.8560349817396897,0.9897031204262796,0.3401954545671213,0.6495076658591583,5.623814646104856,execution_stress,,USD100K,C50,,50,quarter,0.5,3,100000.0,0.005,0.01,True
A0_quarter__USD100K_C50,A0_quarter,diagnostics,2020,2020-01-02,2020-12-31,253,0.3681626733324632,-0.3893375272075849,0.9415199919332724,0.3698656220013829,0.1813082709311855,0.1868544024012777,7.572328085025074,execution_stress,,USD100K,C50,,50,quarter,0.5,3,100000.0,0.005,0.01,True
A0_quarter__USD100K_C50,A0_quarter,diagnostics,2021,2021-01-04,2021-12-31,252,-0.1214586977949893,-0.3035469762720054,-0.1473883390052468,-0.1214586977949893,0.2861550585808201,-0.4076137563758094,10.63774022416596,execution_stress,,USD100K,C50,,50,quarter,0.5,3,100000.0,0.005,0.01,True
A0_quarter__USD100K_C50,A0_quarter,diagnostics,2022,2022-01-03,2022-12-30,251,0.0320869996002193,-0.3034112840083366,0.282497468251624,0.0319576570387492,-0.180528833522089,0.2126158331223083,7.315473446704225,execution_stress,,USD100K,C50,,50,quarter,0.5,3,100000.0,0.005,0.01,True
A0_quarter__USD100K_C50,A0_quarter,diagnostics,2023,2023-01-03,2023-12-29,250,0.1738691499509113,-0.2916312247239448,0.6820199152862265,0.172376628183235,0.2494116142532503,-0.075542464302339,7.646021311890607,execution_stress,,USD100K,C50,,50,quarter,0.5,3,100000.0,0.005,0.01,True
A0_quarter__USD100K_C50,A0_quarter,diagnostics,2024,2024-01-02,2024-12-31,252,0.7307746238091395,-0.3232364487505533,1.235099337668335,0.7307746238091395,0.2643074461050603,0.4664671777040792,9.543365384870794,execution_stress,,USD100K,C50,,50,quarter,0.5,3,100000.0,0.005,0.01,True
A0_quarter__USD100K_C50,A0_quarter,diagnostics,2025,2025-01-02,2025-12-31,250,0.5203442919365706,-0.3836018026124587,1.0500295705170108,0.5152977005774422,0.1785790013706134,0.3417652905659571,7.6765557165765825,execution_stress,,USD100K,C50,,50,quarter,0.5,3,100000.0,0.005,0.01,True
A0_quarter__USD100K_C50,A0_quarter,diagnostics,2026,2026-01-02,2026-09-22,181,0.170568232306655,-0.303487315157892,0.561506400503538,0.1197632895555254,0.193982242745804,-0.0234140104391489,10.90076785129722,execution_stress,,USD100K,C50,,50,quarter,0.5,3,100000.0,0.005,0.01,True
A0_quarter__USD100K_R5,A0_quarter,diagnostics,full,2017-01-04,2026-09-22,2442,0.1598268801335671,-0.4548567917332832,0.5701987720043076,3.207270915690182,0.1534966939059092,0.0063301862276579,8.838679734863236,execution_stress,,USD100K,R5,,50,quarter,0.5,3,100000.0,0.0025,0.05,True
A0_quarter__USD100K_R5,A0_quarter,diagnostics,2017_2022,2017-01-04,2022-12-30,1509,0.048868493216152,-0.4548567917332832,0.3107290266330593,0.3306981723754216,0.1124281175972994,-0.0635596243811473,8.676857424608217,execution_stress,,USD100K,R5,,50,quarter,0.5,3,100000.0,0.0025,0.05,True
A0_quarter__USD100K_R5,A0_quarter,diagnostics,2023_2026,2023-01-03,2026-09-22,933,0.3646675718239338,-0.3730496520033253,0.8790247277214346,2.161701881787219,0.2231529414345989,0.1415146303893348,9.100405207719422,execution_stress,,USD100K,R5,,50,quarter,0.5,3,100000.0,0.0025,0.05,True
A0_quarter__USD100K_R5,A0_quarter,diagnostics,2017,2017-01-04,2017-12-29,250,-0.0829903466090018,-0.2426957328384488,-0.3072296158534252,-0.082359596276573,0.2120011745455907,-0.2949915211545926,9.80841567604872,execution_stress,,USD100K,R5,,50,quarter,0.5,3,100000.0,0.0025,0.05,True
A0_quarter__USD100K_R5,A0_quarter,diagnostics,2018,2018-01-02,2018-12-31,251,-0.3391283458682453,-0.4203704308513604,-1.430179749590876,-0.3380412219451866,-0.0642984107744514,-0.2748299350937939,8.74849041626307,execution_stress,,USD100K,R5,,50,quarter,0.5,3,100000.0,0.0025,0.05,True
A0_quarter__USD100K_R5,A0_quarter,diagnostics,2019,2019-01-02,2019-12-31,252,1.0515371163847045,-0.1372077775813137,2.973266320702692,1.0515371163847045,0.3401954545671213,0.711341661817583,5.439536651661372,execution_stress,,USD100K,R5,,50,quarter,0.5,3,100000.0,0.0025,0.05,True
A0_quarter__USD100K_R5,A0_quarter,diagnostics,2020,2020-01-02,2020-12-31,253,0.4310705445842655,-0.3699332908660174,1.0525974553591335,0.4331074225690867,0.1813082709311855,0.24976227365308,7.655175673344528,execution_stress,,USD100K,R5,,50,quarter,0.5,3,100000.0,0.0025,0.05,True
A0_quarter__USD100K_R5,A0_quarter,diagnostics,2021,2021-01-04,2021-12-31,252,-0.158914853727481,-0.3306911678980831,-0.2418341251169651,-0.158914853727481,0.2861550585808201,-0.4450699123083012,10.722324522762625,execution_stress,,USD100K,R5,,50,quarter,0.5,3,100000.0,0.0025,0.05,True
A0_quarter__USD100K_R5,A0_quarter,diagnostics,2022,2022-01-03,2022-12-30,251,-0.1145412156800498,-0.3125267173717094,-0.1118255764489798,-0.1141136700265472,-0.180528833522089,0.0659876178420392,9.704599119237356,execution_stress,,USD100K,R5,,50,quarter,0.5,3,100000.0,0.0025,0.05,True
A0_quarter__USD100K_R5,A0_quarter,diagnostics,2023,2023-01-03,2023-12-29,250,0.2248366727513477,-0.3083963014501272,0.8223918304402846,0.2228667817684915,0.2494116142532503,-0.0245749415019025,7.880244227510502,execution_stress,,USD100K,R5,,50,quarter,0.5,3,100000.0,0.0025,0.05,True
A0_quarter__USD100K_R5,A0_quarter,diagnostics,2024,2024-01-02,2024-12-31,252,0.6552220387714356,-0.3553435241834527,1.1539976721287368,0.6552220387714356,0.2643074461050603,0.3909145926663753,9.99511354500948,execution_stress,,USD100K,R5,,50,quarter,0.5,3,100000.0,0.0025,0.05,True
A0_quarter__USD100K_R5,A0_quarter,diagnostics,2025,2025-01-02,2025-12-31,250,0.6920795530653625,-0.3302709728349816,1.304366057597411,0.6850310740637602,0.1785790013706134,0.5135005516947491,7.0111203945880245,execution_stress,,USD100K,R5,,50,quarter,0.5,3,100000.0,0.0025,0.05,True
A0_quarter__USD100K_R5,A0_quarter,diagnostics,2026,2026-01-02,2026-09-22,181,-0.1001641700849024,-0.3730496520033259,0.0821015076304719,-0.0730045650701484,0.193982242745804,-0.2941464128307064,12.42579165710056,execution_stress,,USD100K,R5,,50,quarter,0.5,3,100000.0,0.0025,0.05,True
A0_quarter__USD100K_UNLIMITED,A0_quarter,diagnostics,full,2017-01-04,2026-09-22,2442,0.1625965006933405,-0.4571671894731666,0.576546425422074,3.3056455756707117,0.1534966939059092,0.0090998067874312,8.83491716302381,execution_stress,,USD100K,UNLIMITED,,50,quarter,0.5,3,100000.0,0.0025,0.0,True
A0_quarter__USD100K_UNLIMITED,A0_quarter,diagnostics,2017_2022,2017-01-04,2022-12-30,1509,0.0401158618340953,-0.4571671894731666,0.2858875939338965,0.2655723062926873,0.1124281175972994,-0.0723122557632041,8.734805837929267,execution_stress,,USD100K,UNLIMITED,,50,quarter,0.5,3,100000.0,0.0025,0.0,True
A0_quarter__USD100K_UNLIMITED,A0_quarter,diagnostics,2023_2026,2023-01-03,2026-09-22,933,0.391951647256527,-0.3660747049701768,0.9216614325841836,2.402133212193539,0.2231529414345989,0.168798705821928,8.99683355055614,execution_stress,,USD100K,UNLIMITED,,50,quarter,0.5,3,100000.0,0.0025,0.0,True
A0_quarter__USD100K_UNLIMITED,A0_quarter,diagnostics,2017,2017-01-04,2017-12-29,250,-0.0829903466090018,-0.2426957328384488,-0.3072296158534252,-0.082359596276573,0.2120011745455907,-0.2949915211545926,9.80841567604872,execution_stress,,USD100K,UNLIMITED,,50,quarter,0.5,3,100000.0,0.0025,0.0,True
A0_quarter__USD100K_UNLIMITED,A0_quarter,diagnostics,2018,2018-01-02,2018-12-31,251,-0.3424306329594964,-0.4204635084522791,-1.448599613331421,-0.3413358480974716,-0.0642984107744514,-0.2781322221850449,8.863121571023253,execution_stress,,USD100K,UNLIMITED,,50,quarter,0.5,3,100000.0,0.0025,0.0,True
A0_quarter__USD100K_UNLIMITED,A0_quarter,diagnostics,2019,2019-01-02,2019-12-31,252,1.0136726630665618,-0.1384261681888234,2.9011497141050997,1.0136726630665618,0.3401954545671213,0.6734772084994405,5.742638940269805,execution_stress,,USD100K,UNLIMITED,,50,quarter,0.5,3,100000.0,0.0025,0.0,True
A0_quarter__USD100K_UNLIMITED,A0_quarter,diagnostics,2020,2020-01-02,2020-12-31,253,0.4000250422895175,-0.3847798491946819,0.9949002907986976,0.4018957139603394,0.1813082709311855,0.218716771358332,7.637560091041009,execution_stress,,USD100K,UNLIMITED,,50,quarter,0.5,3,100000.0,0.0025,0.0,True
A0_quarter__USD100K_UNLIMITED,A0_quarter,diagnostics,2021,2021-01-04,2021-12-31,252,-0.1617125870837715,-0.321042460584214,-0.2546706114392951,-0.1617125870837715,0.2861550585808201,-0.4478676456645917,10.68202706779791,execution_stress,,USD100K,UNLIMITED,,50,quarter,0.5,3,100000.0,0.0025,0.0,True
A0_quarter__USD100K_UNLIMITED,A0_quarter,diagnostics,2022,2022-01-03,2022-12-30,251,-0.1156154657197165,-0.3127181861988877,-0.1148409266532077,-0.1151841763927241,-0.180528833522089,0.0649133678023724,9.692255135576923,execution_stress,,USD100K,UNLIMITED,,50,quarter,0.5,3,100000.0,0.0025,0.0,True
A0_quarter__USD100K_UNLIMITED,A0_quarter,diagnostics,2023,2023-01-03,2023-12-29,250,0.2180382225060002,-0.3181322281166359,0.8006486814858235,0.2161329859802874,0.2494116142532503,-0.03137339174725,7.653898607937902,execution_stress,,USD100K,UNLIMITED,,50,quarter,0.5,3,100000.0,0.0025,0.0,True
A0_quarter__USD100K_UNLIMITED,A0_quarter,diagnostics,2024,2024-01-02,2024-12-31,252,0.6577052412161433,-0.3442471269116242,1.155033199643733,0.6577052412161433,0.2643074461050603,0.3933977951110829,10.554780606919737,execution_stress,,USD100K,UNLIMITED,,50,quarter,0.5,3,100000.0,0.0025,0.0,True
A0_quarter__USD100K_UNLIMITED,A0_quarter,diagnostics,2025,2025-01-02,2025-12-31,250,0.7667140408838973,-0.3299019436634915,1.3950285176503496,0.7587520781232338,0.1785790013706134,0.5881350395132838,6.420274328752682,execution_stress,,USD100K,UNLIMITED,,50,quarter,0.5,3,100000.0,0.0025,0.0,True
A0_quarter__USD100K_UNLIMITED,A0_quarter,diagnostics,2026,2026-01-02,2026-09-22,181,-0.0558947504354206,-0.3660747049701771,0.1607473033998425,-0.040470542408835,0.193982242745804,-0.2498769931812247,12.24142406382573,execution_stress,,USD100K,UNLIMITED,,50,quarter,0.5,3,100000.0,0.0025,0.0,True
A0_quarter__KRW50M_R1,A0_quarter,diagnostics,full,2017-01-04,2026-09-22,2442,0.1915478486695447,-0.4562602541970839,0.6365254479944358,4.46457701963268,0.1534966939059092,0.0380511547636355,8.478550219653378,execution_stress,,KRW50M,R1,,50,quarter,0.5,3,33333.333333333336,0.0025,0.01,True
A0_quarter__KRW50M_R1,A0_quarter,diagnostics,2017_2022,2017-01-04,2022-12-30,1509,0.0576242243964177,-0.4562602541970839,0.3355391377412507,0.3986165984072656,0.1124281175972994,-0.0548038932008816,8.487181341070569,execution_stress,,KRW50M,R1,,50,quarter,0.5,3,33333.333333333336,0.0025,0.01,True
A0_quarter__KRW50M_R1,A0_quarter,diagnostics,2023_2026,2023-01-03,2026-09-22,933,0.4449696264122675,-0.3528155182150705,0.9948909552536288,2.907130106889682,0.2231529414345989,0.2218166849776686,8.464590560255157,execution_stress,,KRW50M,R1,,50,quarter,0.5,3,33333.333333333336,0.0025,0.01,True
A0_quarter__KRW50M_R1,A0_quarter,diagnostics,2017,2017-01-04,2017-12-29,250,-0.0987297761159632,-0.2657487688719293,-0.3888983548047318,-0.0979859203036835,0.2120011745455907,-0.310730950661554,9.820984110483147,execution_stress,,KRW50M,R1,,50,quarter,0.5,3,33333.333333333336,0.0025,0.01,True
A0_quarter__KRW50M_R1,A0_quarter,diagnostics,2018,2018-01-02,2018-12-31,251,-0.3301693023402982,-0.4145547082946401,-1.362415600886686,-0.3291032904998769,-0.0642984107744514,-0.2658708915658467,8.832046593241381,execution_stress,,KRW50M,R1,,50,quarter,0.5,3,33333.333333333336,0.0025,0.01,True
A0_quarter__KRW50M_R1,A0_quarter,diagnostics,2019,2019-01-02,2019-12-31,252,1.05961827347135,-0.1382770617790681,2.9844623044307905,1.05961827347135,0.3401954545671213,0.7194228189042287,5.255226525788278,execution_stress,,KRW50M,R1,,50,quarter,0.5,3,33333.333333333336,0.0025,0.01,True
A0_quarter__KRW50M_R1,A0_quarter,diagnostics,2020,2020-01-02,2020-12-31,253,0.4350291632464369,-0.3721256074159186,1.0578992242566538,0.437087428617761,0.1813082709311855,0.2537208923152514,7.390577300046535,execution_stress,,KRW50M,R1,,50,quarter,0.5,3,33333.333333333336,0.0025,0.01,True
A0_quarter__KRW50M_R1,A0_quarter,diagnostics,2021,2021-01-04,2021-12-31,252,-0.1790257577867113,-0.3482635718026847,-0.3035526760585872,-0.1790257577867113,0.2861550585808201,-0.4651808163675315,10.914082435178084,execution_stress,,KRW50M,R1,,50,quarter,0.5,3,33333.333333333336,0.0025,0.01,True
A0_quarter__KRW50M_R1,A0_quarter,diagnostics,2022,2022-01-03,2022-12-30,251,-0.0490810340949844,-0.3078617775175061,0.0762009277744943,-0.0488911089553404,-0.180528833522089,0.1314477994271046,8.727430303090902,execution_stress,,KRW50M,R1,,50,quarter,0.5,3,33333.333333333336,0.0025,0.01,True
A0_quarter__KRW50M_R1,A0_quarter,diagnostics,2023,2023-01-03,2023-12-29,250,0.2770915675216678,-0.2965560720047325,0.983743735312422,0.2746149419095329,0.2494116142532503,0.0276799532684175,6.970561452370605,execution_stress,,KRW50M,R1,,50,quarter,0.5,3,33333.333333333336,0.0025,0.01,True
A0_quarter__KRW50M_R1,A0_quarter,diagnostics,2024,2024-01-02,2024-12-31,252,0.7707182514650723,-0.3528155182150709,1.2751908439495547,0.7707182514650723,0.2643074461050603,0.506410805360012,9.198313036753486,execution_stress,,KRW50M,R1,,50,quarter,0.5,3,33333.333333333336,0.0025,0.01,True
A0_quarter__KRW50M_R1,A0_quarter,diagnostics,2025,2025-01-02,2025-12-31,250,0.6396290397512072,-0.3440456498549102,1.222151225382436,0.6332071457022113,0.1785790013706134,0.4610500383805938,7.090106145606051,execution_stress,,KRW50M,R1,,50,quarter,0.5,3,33333.333333333336,0.0025,0.01,True
A0_quarter__KRW50M_R1,A0_quarter,diagnostics,2026,2026-01-02,2026-09-22,181,0.0844456408560265,-0.3389413558173996,0.4223133887676262,0.0599567209980551,0.193982242745804,-0.1095366018897774,11.405089546751498,execution_stress,,KRW50M,R1,,50,quarter,0.5,3,33333.333333333336,0.0025,0.01,True
A0_quarter__KRW50M_C50,A0_quarter,diagnostics,full,2017-01-04,2026-09-22,2442,0.1500741545086652,-0.476771749903688,0.5493269013260607,2.876701324056245,0.1534966939059092,-0.003422539397244,8.489211385935251,execution_stress,,KRW50M,C50,,50,quarter,0.5,3,33333.333333333336,0.005,0.01,True
A0_quarter__KRW50M_C50,A0_quarter,diagnostics,2017_2022,2017-01-04,2022-12-30,1509,0.0437939315925914,-0.476771749903688,0.2964717177919242,0.2926084819319927,0.1124281175972994,-0.0686341860047079,8.360587549649493,execution_stress,,KRW50M,C50,,50,quarter,0.5,3,33333.333333333336,0.005,0.01,True
A0_quarter__KRW50M_C50,A0_quarter,diagnostics,2023_2026,2023-01-03,2026-09-22,933,0.3453483627182889,-0.4031358702310627,0.8516990317872042,1.9991303463071517,0.2231529414345989,0.1221954212836899,8.697242863915115,execution_stress,,KRW50M,C50,,50,quarter,0.5,3,33333.333333333336,0.005,0.01,True
A0_quarter__KRW50M_C50,A0_quarter,diagnostics,2017,2017-01-04,2017-12-29,250,-0.1182106673908021,-0.2721263678315043,-0.4933407826654113,-0.1173298233462442,0.2120011745455907,-0.3302118419363928,9.835678514737364,execution_stress,,KRW50M,C50,,50,quarter,0.5,3,33333.333333333336,0.005,0.01,True
A0_quarter__KRW50M_C50,A0_quarter,diagnostics,2018,2018-01-02,2018-12-31,251,-0.3434847720733797,-0.4226612968651344,-1.439852867956973,-0.342387555534594,-0.0642984107744514,-0.2791863612989282,8.848586501740051,execution_stress,,KRW50M,C50,,50,quarter,0.5,3,33333.333333333336,0.005,0.01,True
A0_quarter__KRW50M_C50,A0_quarter,diagnostics,2019,2019-01-02,2019-12-31,252,1.0349467140785975,-0.1424569553327954,2.9342847016447613,1.0349467140785975,0.3401954545671213,0.6947512595114764,5.207115077927873,execution_stress,,KRW50M,C50,,50,quarter,0.5,3,33333.333333333336,0.005,0.01,True
A0_quarter__KRW50M_C50,A0_quarter,diagnostics,2020,2020-01-02,2020-12-31,253,0.4089477147628004,-0.3759173554079554,1.0133287142342489,0.410865876572617,0.1813082709311855,0.2276394438316149,7.368166643737896,execution_stress,,KRW50M,C50,,50,quarter,0.5,3,33333.333333333336,0.005,0.01,True
A0_quarter__KRW50M_C50,A0_quarter,diagnostics,2021,2021-01-04,2021-12-31,252,-0.1912360874656561,-0.3561729517756444,-0.3442982868497279,-0.1912360874656561,0.2861550585808201,-0.4773911460464762,10.606775046836123,execution_stress,,KRW50M,C50,,50,quarter,0.5,3,33333.333333333336,0.005,0.01,True
A0_quarter__KRW50M_C50,A0_quarter,diagnostics,2022,2022-01-03,2022-12-30,251,-0.0411169740084531,-0.3156302603239286,0.0958519852706128,-0.0409571994225375,-0.180528833522089,0.1394118595136358,8.314602786827791,execution_stress,,KRW50M,C50,,50,quarter,0.5,3,33333.333333333336,0.005,0.01,True
A0_quarter__KRW50M_C50,A0_quarter,diagnostics,2023,2023-01-03,2023-12-29,250,0.2632651686165035,-0.2984643338829801,0.945701225982994,0.2609242863433274,0.2494116142532503,0.0138535543632531,7.000001818378823,execution_stress,,KRW50M,C50,,50,quarter,0.5,3,33333.333333333336,0.005,0.01,True
A0_quarter__KRW50M_C50,A0_quarter,diagnostics,2024,2024-01-02,2024-12-31,252,0.6596316185306454,-0.3577391951457895,1.1852020879812422,0.6596316185306454,0.2643074461050603,0.3953241724255851,9.221087640895432,execution_stress,,KRW50M,C50,,50,quarter,0.5,3,33333.333333333336,0.005,0.01,True
A0_quarter__KRW50M_C50,A0_quarter,diagnostics,2025,2025-01-02,2025-12-31,250,0.6176715125283028,-0.346427952177008,1.1957797656079237,0.6115080442286989,0.1785790013706134,0.4390925111576893,7.126526244787628,execution_stress,,KRW50M,C50,,50,quarter,0.5,3,33333.333333333336,0.005,0.01,True
A0_quarter__KRW50M_C50,A0_quarter,diagnostics,2026,2026-01-02,2026-09-22,181,-0.1506611115880157,-0.4031358702310632,-0.0069392820183123,-0.1106716159302179,0.193982242745804,-0.3446433543338197,12.481665694671484,execution_stress,,KRW50M,C50,,50,quarter,0.5,3,33333.333333333336,0.005,0.01,True
A0_quarter__KRW50M_R5,A0_quarter,diagnostics,full,2017-01-04,2026-09-22,2442,0.1594525474154025,-0.4542668272920713,0.5696578489500872,3.194130738289457,0.1534966939059092,0.0059558535094932,8.558985324528173,execution_stress,,KRW50M,R5,,50,quarter,0.5,3,33333.333333333336,0.0025,0.05,True
A0_quarter__KRW50M_R5,A0_quarter,diagnostics,2017_2022,2017-01-04,2022-12-30,1509,0.0452698874201962,-0.4542668272920713,0.3006800848312618,0.303592116582619,0.1124281175972994,-0.0671582301771032,8.43323984486457,execution_stress,,KRW50M,R5,,50,quarter,0.5,3,33333.333333333336,0.0025,0.05,True
A0_quarter__KRW50M_R5,A0_quarter,diagnostics,2023_2026,2023-01-03,2026-09-22,933,0.3711154337488223,-0.3719490799296608,0.8906023273397311,2.2173643004871906,0.2231529414345989,0.1479624923142233,8.762361454016249,execution_stress,,KRW50M,R5,,50,quarter,0.5,3,33333.333333333336,0.0025,0.05,True
A0_quarter__KRW50M_R5,A0_quarter,diagnostics,2017,2017-01-04,2017-12-29,250,-0.083050352204253,-0.2443219099565536,-0.3072815248682215,-0.0824191665987226,0.2120011745455907,-0.2950515267498438,9.469350646283608,execution_stress,,KRW50M,R5,,50,quarter,0.5,3,33333.333333333336,0.0025,0.05,True
A0_quarter__KRW50M_R5,A0_quarter,diagnostics,2018,2018-01-02,2018-12-31,251,-0.3384420451671843,-0.4147804265274104,-1.4330395780846124,-0.3373565215955799,-0.0642984107744514,-0.2741436343927329,8.538393305918898,execution_stress,,KRW50M,R5,,50,quarter,0.5,3,33333.333333333336,0.0025,0.05,True
A0_quarter__KRW50M_R5,A0_quarter,diagnostics,2019,2019-01-02,2019-12-31,252,1.035672312932428,-0.1382003204372397,2.9294591330298703,1.035672312932428,0.3401954545671213,0.6954768583653066,5.502834027552948,execution_stress,,KRW50M,R5,,50,quarter,0.5,3,33333.333333333336,0.0025,0.05,True
A0_quarter__KRW50M_R5,A0_quarter,diagnostics,2020,2020-01-02,2020-12-31,253,0.4035786618091039,-0.3874494876557919,0.9984615184803948,0.4054682202039257,0.1813082709311855,0.2222703908779184,7.386341051836618,execution_stress,,KRW50M,R5,,50,quarter,0.5,3,33333.333333333336,0.0025,0.05,True
A0_quarter__KRW50M_R5,A0_quarter,diagnostics,2021,2021-01-04,2021-12-31,252,-0.160213147128569,-0.3197000817408553,-0.2481587653212426,-0.160213147128569,0.2861550585808201,-0.4463682057093892,10.331157706170686,execution_stress,,KRW50M,R5,,50,quarter,0.5,3,33333.333333333336,0.0025,0.05,True
A0_quarter__KRW50M_R5,A0_quarter,diagnostics,2022,2022-01-03,2022-12-30,251,-0.1080872766548163,-0.3087027617056899,-0.0939663154874902,-0.1076823307233749,-0.180528833522089,0.0724415568672727,9.38794558378913,execution_stress,,KRW50M,R5,,50,quarter,0.5,3,33333.333333333336,0.0025,0.05,True
A0_quarter__KRW50M_R5,A0_quarter,diagnostics,2023,2023-01-03,2023-12-29,250,0.2215288649550824,-0.3141804452000265,0.8117231068108064,0.2195904689606302,0.2494116142532503,-0.0278827492981679,7.438922892483801,execution_stress,,KRW50M,R5,,50,quarter,0.5,3,33333.333333333336,0.0025,0.05,True
A0_quarter__KRW50M_R5,A0_quarter,diagnostics,2024,2024-01-02,2024-12-31,252,0.6436297869496377,-0.3426074528204709,1.1409598098830969,0.6436297869496377,0.2643074461050603,0.3793223408445774,10.322373966108737,execution_stress,,KRW50M,R5,,50,quarter,0.5,3,33333.333333333336,0.0025,0.05,True
A0_quarter__KRW50M_R5,A0_quarter,diagnostics,2025,2025-01-02,2025-12-31,250,0.7251549789285894,-0.3281595748510513,1.3499950841560089,0.7177047938052907,0.1785790013706134,0.5465759775579759,6.218966365350334,execution_stress,,KRW50M,R5,,50,quarter,0.5,3,33333.333333333336,0.0025,0.05,True
A0_quarter__KRW50M_R5,A0_quarter,diagnostics,2026,2026-01-02,2026-09-22,181,-0.0901389441664691,-0.3719490799296605,0.0956402095239178,-0.0655981578243981,0.193982242745804,-0.2841211869122731,11.931340788283007,execution_stress,,KRW50M,R5,,50,quarter,0.5,3,33333.333333333336,0.0025,0.05,True
A0_quarter__KRW50M_UNLIMITED,A0_quarter,diagnostics,full,2017-01-04,2026-09-22,2442,0.166490867044152,-0.4542668272920713,0.585008508704221,3.4474601009242827,0.1534966939059092,0.0129941731382428,8.57250997432009,execution_stress,,KRW50M,UNLIMITED,,50,quarter,0.5,3,33333.333333333336,0.0025,0.0,True
A0_quarter__KRW50M_UNLIMITED,A0_quarter,diagnostics,2017_2022,2017-01-04,2022-12-30,1509,0.0452698874201962,-0.4542668272920713,0.3006800848312618,0.303592116582619,0.1124281175972994,-0.0671582301771032,8.43323984486457,execution_stress,,KRW50M,UNLIMITED,,50,quarter,0.5,3,33333.333333333336,0.0025,0.0,True
A0_quarter__KRW50M_UNLIMITED,A0_quarter,diagnostics,2023_2026,2023-01-03,2026-09-22,933,0.3930073324012721,-0.3650922394845423,0.9242592507137156,2.411696069920513,0.2231529414345989,0.1698543909666732,8.797760376622747,execution_stress,,KRW50M,UNLIMITED,,50,quarter,0.5,3,33333.333333333336,0.0025,0.0,True
A0_quarter__KRW50M_UNLIMITED,A0_quarter,diagnostics,2017,2017-01-04,2017-12-29,250,-0.083050352204253,-0.2443219099565536,-0.3072815248682215,-0.0824191665987226,0.2120011745455907,-0.2950515267498438,9.469350646283608,execution_stress,,KRW50M,UNLIMITED,,50,quarter,0.5,3,33333.333333333336,0.0025,0.0,True
A0_quarter__KRW50M_UNLIMITED,A0_quarter,diagnostics,2018,2018-01-02,2018-12-31,251,-0.3384420451671843,-0.4147804265274104,-1.4330395780846124,-0.3373565215955799,-0.0642984107744514,-0.2741436343927329,8.538393305918898,execution_stress,,KRW50M,UNLIMITED,,50,quarter,0.5,3,33333.333333333336,0.0025,0.0,True
A0_quarter__KRW50M_UNLIMITED,A0_quarter,diagnostics,2019,2019-01-02,2019-12-31,252,1.035672312932428,-0.1382003204372397,2.9294591330298703,1.035672312932428,0.3401954545671213,0.6954768583653066,5.502834027552948,execution_stress,,KRW50M,UNLIMITED,,50,quarter,0.5,3,33333.333333333336,0.0025,0.0,True
A0_quarter__KRW50M_UNLIMITED,A0_quarter,diagnostics,2020,2020-01-02,2020-12-31,253,0.4035786618091039,-0.3874494876557919,0.9984615184803948,0.4054682202039257,0.1813082709311855,0.2222703908779184,7.386341051836618,execution_stress,,KRW50M,UNLIMITED,,50,quarter,0.5,3,33333.333333333336,0.0025,0.0,True
A0_quarter__KRW50M_UNLIMITED,A0_quarter,diagnostics,2021,2021-01-04,2021-12-31,252,-0.160213147128569,-0.3197000817408553,-0.2481587653212426,-0.160213147128569,0.2861550585808201,-0.4463682057093892,10.331157706170686,execution_stress,,KRW50M,UNLIMITED,,50,quarter,0.5,3,33333.333333333336,0.0025,0.0,True
A0_quarter__KRW50M_UNLIMITED,A0_quarter,diagnostics,2022,2022-01-03,2022-12-30,251,-0.1080872766548163,-0.3087027617056899,-0.0939663154874902,-0.1076823307233749,-0.180528833522089,0.0724415568672727,9.38794558378913,execution_stress,,KRW50M,UNLIMITED,,50,quarter,0.5,3,33333.333333333336,0.0025,0.0,True
A0_quarter__KRW50M_UNLIMITED,A0_quarter,diagnostics,2023,2023-01-03,2023-12-29,250,0.2215288649550824,-0.3141804452000265,0.8117231068108064,0.2195904689606302,0.2494116142532503,-0.0278827492981679,7.438922892483801,execution_stress,,KRW50M,UNLIMITED,,50,quarter,0.5,3,33333.333333333336,0.0025,0.0,True
A0_quarter__KRW50M_UNLIMITED,A0_quarter,diagnostics,2024,2024-01-02,2024-12-31,252,0.6436297869496377,-0.3426074528204709,1.1409598098830969,0.6436297869496377,0.2643074461050603,0.3793223408445774,10.322373966108737,execution_stress,,KRW50M,UNLIMITED,,50,quarter,0.5,3,33333.333333333336,0.0025,0.0,True
A0_quarter__KRW50M_UNLIMITED,A0_quarter,diagnostics,2025,2025-01-02,2025-12-31,250,0.7731450159495377,-0.3281595748510513,1.4029834668123713,0.765103169934926,0.1785790013706134,0.5945660145789242,6.262209372528849,execution_stress,,KRW50M,UNLIMITED,,50,quarter,0.5,3,33333.333333333336,0.0025,0.0,True
A0_quarter__KRW50M_UNLIMITED,A0_quarter,diagnostics,2026,2026-01-02,2026-09-22,181,-0.0494445657590451,-0.3650922394845424,0.1711957906992031,-0.0357665012811984,0.193982242745804,-0.2434268085048491,12.054083567273263,execution_stress,,KRW50M,UNLIMITED,,50,quarter,0.5,3,33333.333333333336,0.0025,0.0,True
A0_quarter__KRW100M_R1,A0_quarter,diagnostics,full,2017-01-04,2026-09-22,2442,0.2197719804432187,-0.4538837495537293,0.6933548184184988,5.856164540416823,0.1534966939059092,0.0662752865373095,8.459053538507666,execution_stress,,KRW100M,R1,,50,quarter,0.5,3,66666.66666666667,0.0025,0.01,True
A0_quarter__KRW100M_R1,A0_quarter,diagnostics,2017_2022,2017-01-04,2022-12-30,1509,0.0644688814667282,-0.4538837495537293,0.35478593263244,0.4537000574169605,0.1124281175972994,-0.0479592361305711,8.452890066251735,execution_stress,,KRW100M,R1,,50,quarter,0.5,3,66666.66666666667,0.0025,0.01,True
A0_quarter__KRW100M_R1,A0_quarter,diagnostics,2023_2026,2023-01-03,2026-09-22,933,0.5203329660435587,-0.3764241970834155,1.0928888014682498,3.716354316308791,0.2231529414345989,0.2971800246089597,8.469022112606485,execution_stress,,KRW100M,R1,,50,quarter,0.5,3,66666.66666666667,0.0025,0.01,True
A0_quarter__KRW100M_R1,A0_quarter,diagnostics,2017,2017-01-04,2017-12-29,250,-0.0948457279157233,-0.2609064900409966,-0.370732468619258,-0.0941295835122407,0.2120011745455907,-0.3068469024613141,10.091087606118684,execution_stress,,KRW100M,R1,,50,quarter,0.5,3,66666.66666666667,0.0025,0.01,True
A0_quarter__KRW100M_R1,A0_quarter,diagnostics,2018,2018-01-02,2018-12-31,251,-0.3315292215174541,-0.4153166634214555,-1.369529868449011,-0.3304599743160092,-0.0642984107744514,-0.2672308107430027,9.03416024222506,execution_stress,,KRW100M,R1,,50,quarter,0.5,3,66666.66666666667,0.0025,0.01,True
A0_quarter__KRW100M_R1,A0_quarter,diagnostics,2019,2019-01-02,2019-12-31,252,1.035460944707478,-0.1411932555371309,2.9451380612090268,1.035460944707478,0.3401954545671213,0.6952654901403568,5.553391677259224,execution_stress,,KRW100M,R1,,50,quarter,0.5,3,66666.66666666667,0.0025,0.01,True
A0_quarter__KRW100M_R1,A0_quarter,diagnostics,2020,2020-01-02,2020-12-31,253,0.3738135292091666,-0.3791795142080491,0.9625103578768384,0.3755460099130761,0.1813082709311855,0.1925052582779811,7.170472278924471,execution_stress,,KRW100M,R1,,50,quarter,0.5,3,66666.66666666667,0.0025,0.01,True
A0_quarter__KRW100M_R1,A0_quarter,diagnostics,2021,2021-01-04,2021-12-31,252,-0.1465303175549374,-0.3302200448773424,-0.2168651068755351,-0.1465303175549374,0.2861550585808201,-0.4326853761357575,10.939317447684935,execution_stress,,KRW100M,R1,,50,quarter,0.5,3,66666.66666666667,0.0025,0.01,True
A0_quarter__KRW100M_R1,A0_quarter,diagnostics,2022,2022-01-03,2022-12-30,251,0.0030241653167855,-0.309138866511171,0.2136383296814865,0.0030121466050547,-0.180528833522089,0.1835529988388745,7.947301998374048,execution_stress,,KRW100M,R1,,50,quarter,0.5,3,66666.66666666667,0.0025,0.01,True
A0_quarter__KRW100M_R1,A0_quarter,diagnostics,2023,2023-01-03,2023-12-29,250,0.1768541085339501,-0.3046677093790352,0.6916239469315675,0.1753341016817182,0.2494116142532503,-0.0725575057193002,7.854771833129425,execution_stress,,KRW100M,R1,,50,quarter,0.5,3,66666.66666666667,0.0025,0.01,True
A0_quarter__KRW100M_R1,A0_quarter,diagnostics,2024,2024-01-02,2024-12-31,252,0.8108284467611113,-0.2950604080787625,1.3197857283087695,0.8108284467611113,0.2643074461050603,0.546521000656051,9.4155891757407,execution_stress,,KRW100M,R1,,50,quarter,0.5,3,66666.66666666667,0.0025,0.01,True
A0_quarter__KRW100M_R1,A0_quarter,diagnostics,2025,2025-01-02,2025-12-31,250,0.8270736504482528,-0.3764241970834154,1.3975335478372324,0.8183547918744576,0.1785790013706134,0.6484946490776393,6.806354940771825,execution_stress,,KRW100M,R1,,50,quarter,0.5,3,66666.66666666667,0.0025,0.01,True
A0_quarter__KRW100M_R1,A0_quarter,diagnostics,2026,2026-01-02,2026-09-22,181,0.3169839384761357,-0.302964507760719,0.778156227727855,0.2186785107767266,0.193982242745804,0.1230016957303317,10.296063344198242,execution_stress,,KRW100M,R1,,50,quarter,0.5,3,66666.66666666667,0.0025,0.01,True
A0_quarter__KRW100M_C50,A0_quarter,diagnostics,full,2017-01-04,2026-09-22,2442,0.1617377701878826,-0.475440428813107,0.5741628584248082,3.2749258171494136,0.1534966939059092,0.0082410762819733,8.568906651318168,execution_stress,,KRW100M,C50,,50,quarter,0.5,3,66666.66666666667,0.005,0.01,True
A0_quarter__KRW100M_C50,A0_quarter,diagnostics,2017_2022,2017-01-04,2022-12-30,1509,0.0424304660475816,-0.475440428813107,0.2928253716005446,0.2825305742196025,0.1124281175972994,-0.0699976515497178,8.46067867271179,execution_stress,,KRW100M,C50,,50,quarter,0.5,3,66666.66666666667,0.005,0.01,True
A0_quarter__KRW100M_C50,A0_quarter,diagnostics,2023_2026,2023-01-03,2026-09-22,933,0.384276568794863,-0.3634988360364701,0.9100128173052404,2.333196029069817,0.2231529414345989,0.1611236273602641,8.743950616716907,execution_stress,,KRW100M,C50,,50,quarter,0.5,3,66666.66666666667,0.005,0.01,True
A0_quarter__KRW100M_C50,A0_quarter,diagnostics,2017,2017-01-04,2017-12-29,250,-0.1176637534113792,-0.2679098542003887,-0.4930780890152999,-0.1167867092986699,0.2120011745455907,-0.32966492795697,10.106280321286558,execution_stress,,KRW100M,C50,,50,quarter,0.5,3,66666.66666666667,0.005,0.01,True
A0_quarter__KRW100M_C50,A0_quarter,diagnostics,2018,2018-01-02,2018-12-31,251,-0.3436743850808712,-0.4220496009767851,-1.4404099025085442,-0.3425767318556185,-0.0642984107744514,-0.2793759743064198,9.04919904750015,execution_stress,,KRW100M,C50,,50,quarter,0.5,3,66666.66666666667,0.005,0.01,True
A0_quarter__KRW100M_C50,A0_quarter,diagnostics,2019,2019-01-02,2019-12-31,252,1.000959030928121,-0.145870051352304,2.878116320826095,1.000959030928121,0.3401954545671213,0.660763576361,5.544757669528085,execution_stress,,KRW100M,C50,,50,quarter,0.5,3,66666.66666666667,0.005,0.01,True
A0_quarter__KRW100M_C50,A0_quarter,diagnostics,2020,2020-01-02,2020-12-31,253,0.3566083163860551,-0.3814127360949074,0.931372355816758,0.3582511708489453,0.1813082709311855,0.1753000454548696,7.1975565596883575,execution_stress,,KRW100M,C50,,50,quarter,0.5,3,66666.66666666667,0.005,0.01,True
A0_quarter__KRW100M_C50,A0_quarter,diagnostics,2021,2021-01-04,2021-12-31,252,-0.1822614984757109,-0.3470804942160778,-0.3152245031442766,-0.1822614984757109,0.2861550585808201,-0.468416557056531,10.955158614477362,execution_stress,,KRW100M,C50,,50,quarter,0.5,3,66666.66666666667,0.005,0.01,True
A0_quarter__KRW100M_C50,A0_quarter,diagnostics,2022,2022-01-03,2022-12-30,251,-0.0061664138628576,-0.3118205866861785,0.1915803385172587,-0.0061420192684973,-0.180528833522089,0.1743624196592313,7.92941977174258,execution_stress,,KRW100M,C50,,50,quarter,0.5,3,66666.66666666667,0.005,0.01,True
A0_quarter__KRW100M_C50,A0_quarter,diagnostics,2023,2023-01-03,2023-12-29,250,0.1581703876570606,-0.3064464414692399,0.6383542824566655,0.1568214318985374,0.2494116142532503,-0.0912412265961897,7.900530285309184,execution_stress,,KRW100M,C50,,50,quarter,0.5,3,66666.66666666667,0.005,0.01,True
A0_quarter__KRW100M_C50,A0_quarter,diagnostics,2024,2024-01-02,2024-12-31,252,0.5711485724753891,-0.3466237803021602,1.0826532737709078,0.5711485724753891,0.2643074461050603,0.3068411263703288,9.919279612425685,execution_stress,,KRW100M,C50,,50,quarter,0.5,3,66666.66666666667,0.005,0.01,True
A0_quarter__KRW100M_C50,A0_quarter,diagnostics,2025,2025-01-02,2025-12-31,250,0.5901690704124436,-0.3626128611851617,1.1554840199554848,0.5843259862188976,0.1785790013706134,0.4115900690418301,7.119791602246067,execution_stress,,KRW100M,C50,,50,quarter,0.5,3,66666.66666666667,0.005,0.01,True
A0_quarter__KRW100M_C50,A0_quarter,diagnostics,2026,2026-01-02,2026-09-22,181,0.2258981996732765,-0.314239698894997,0.6454929996491594,0.1575312619186037,0.193982242745804,0.0319159569274725,10.515839730258492,execution_stress,,KRW100M,C50,,50,quarter,0.5,3,66666.66666666667,0.005,0.01,True
A0_quarter__KRW100M_R5,A0_quarter,diagnostics,full,2017-01-04,2026-09-22,2442,0.1595326557988314,-0.4555058516076982,0.569411180415789,3.1969396782643544,0.1534966939059092,0.0060359618929222,8.779411647331148,execution_stress,,KRW100M,R5,,50,quarter,0.5,3,66666.66666666667,0.0025,0.05,True
A0_quarter__KRW100M_R5,A0_quarter,diagnostics,2017_2022,2017-01-04,2022-12-30,1509,0.050199833658431,-0.4555058516076982,0.3145243477260953,0.34084455751121,0.1124281175972994,-0.0622282839388683,8.61013367992725,execution_stress,,KRW100M,R5,,50,quarter,0.5,3,66666.66666666667,0.0025,0.05,True
A0_quarter__KRW100M_R5,A0_quarter,diagnostics,2023_2026,2023-01-03,2026-09-22,933,0.3609665837531863,-0.3730638525908609,0.8729377634544975,2.1300717557107705,0.2231529414345989,0.1378136423185874,9.053195626765753,execution_stress,,KRW100M,R5,,50,quarter,0.5,3,66666.66666666667,0.0025,0.05,True
A0_quarter__KRW100M_R5,A0_quarter,diagnostics,2017,2017-01-04,2017-12-29,250,-0.0820400552354304,-0.2428149453342981,-0.3025546065118313,-0.0814162023212048,0.2120011745455907,-0.2940412297810212,9.718663888502164,execution_stress,,KRW100M,R5,,50,quarter,0.5,3,66666.66666666667,0.0025,0.05,True
A0_quarter__KRW100M_R5,A0_quarter,diagnostics,2018,2018-01-02,2018-12-31,251,-0.3407547703786413,-0.4186086466938951,-1.4408660329763736,-0.3396638651469148,-0.0642984107744514,-0.2764563596041899,8.726223423825825,execution_stress,,KRW100M,R5,,50,quarter,0.5,3,66666.66666666667,0.0025,0.05,True
A0_quarter__KRW100M_R5,A0_quarter,diagnostics,2019,2019-01-02,2019-12-31,252,1.0591051399169973,-0.1358902164035548,2.990426934410054,1.0591051399169973,0.3401954545671213,0.718909685349876,5.371904393660028,execution_stress,,KRW100M,R5,,50,quarter,0.5,3,66666.66666666667,0.0025,0.05,True
A0_quarter__KRW100M_R5,A0_quarter,diagnostics,2020,2020-01-02,2020-12-31,253,0.4370650308952684,-0.3695947560205788,1.0618945425160533,0.439134312502234,0.1813082709311855,0.2557567599640828,7.623700263399521,execution_stress,,KRW100M,R5,,50,quarter,0.5,3,66666.66666666667,0.0025,0.05,True
A0_quarter__KRW100M_R5,A0_quarter,diagnostics,2021,2021-01-04,2021-12-31,252,-0.1582631974856875,-0.3291502973460081,-0.239780002036491,-0.1582631974856875,0.2861550585808201,-0.4444182560665076,10.598771907525377,execution_stress,,KRW100M,R5,,50,quarter,0.5,3,66666.66666666667,0.0025,0.05,True
A0_quarter__KRW100M_R5,A0_quarter,diagnostics,2022,2022-01-03,2022-12-30,251,-0.1142127749996694,-0.3129666858561255,-0.1105402751289531,-0.1137863749640875,-0.180528833522089,0.0663160585224196,9.638793135321094,execution_stress,,KRW100M,R5,,50,quarter,0.5,3,66666.66666666667,0.0025,0.05,True
A0_quarter__KRW100M_R5,A0_quarter,diagnostics,2023,2023-01-03,2023-12-29,250,0.2335864128859148,-0.3082781956611026,0.8456063454206428,0.2315328740138158,0.2494116142532503,-0.0158252013673354,7.813185627993769,execution_stress,,KRW100M,R5,,50,quarter,0.5,3,66666.66666666667,0.0025,0.05,True
A0_quarter__KRW100M_R5,A0_quarter,diagnostics,2024,2024-01-02,2024-12-31,252,0.6233330034160933,-0.3427132594849905,1.1194164418386838,0.6233330034160933,0.2643074461050603,0.359025557311033,10.288369653666816,execution_stress,,KRW100M,R5,,50,quarter,0.5,3,66666.66666666667,0.0025,0.05,True
A0_quarter__KRW100M_R5,A0_quarter,diagnostics,2025,2025-01-02,2025-12-31,250,0.6920676875871816,-0.3298988975689648,1.3002071172534593,0.6850193517899432,0.1785790013706134,0.5134886862165682,6.643278259397826,execution_stress,,KRW100M,R5,,50,quarter,0.5,3,66666.66666666667,0.0025,0.05,True
A0_quarter__KRW100M_R5,A0_quarter,diagnostics,2026,2026-01-02,2026-09-22,181,-0.0972222316428447,-0.3730638525908614,0.0865433783162781,-0.0708287291732445,0.193982242745804,-0.2912044743886487,12.37484196243376,execution_stress,,KRW100M,R5,,50,quarter,0.5,3,66666.66666666667,0.0025,0.05,True
A0_quarter__KRW100M_UNLIMITED,A0_quarter,diagnostics,full,2017-01-04,2026-09-22,2442,0.1638422445164111,-0.4555058516076982,0.5792837442244747,3.350562090351548,0.1534966939059092,0.0103455506105019,8.75841924049377,execution_stress,,KRW100M,UNLIMITED,,50,quarter,0.5,3,66666.66666666667,0.0025,0.0,True
A0_quarter__KRW100M_UNLIMITED,A0_quarter,diagnostics,2017_2022,2017-01-04,2022-12-30,1509,0.0424174956496925,-0.4555058516076982,0.292505302932104,0.282435020157866,0.1124281175972994,-0.0700106219476068,8.641988895144644,execution_stress,,KRW100M,UNLIMITED,,50,quarter,0.5,3,66666.66666666667,0.0025,0.0,True
A0_quarter__KRW100M_UNLIMITED,A0_quarter,diagnostics,2023_2026,2023-01-03,2026-09-22,933,0.3908774792337348,-0.365884778333679,0.9205316618867064,2.3924230249233163,0.2231529414345989,0.1677245377991358,8.946729413196703,execution_stress,,KRW100M,UNLIMITED,,50,quarter,0.5,3,66666.66666666667,0.0025,0.0,True
A0_quarter__KRW100M_UNLIMITED,A0_quarter,diagnostics,2017,2017-01-04,2017-12-29,250,-0.0820400552354304,-0.2428149453342981,-0.3025546065118313,-0.0814162023212048,0.2120011745455907,-0.2940412297810212,9.718663888502164,execution_stress,,KRW100M,UNLIMITED,,50,quarter,0.5,3,66666.66666666667,0.0025,0.0,True
A0_quarter__KRW100M_UNLIMITED,A0_quarter,diagnostics,2018,2018-01-02,2018-12-31,251,-0.3407547703786413,-0.4186086466938951,-1.4408660329763736,-0.3396638651469148,-0.0642984107744514,-0.2764563596041899,8.726223423825825,execution_stress,,KRW100M,UNLIMITED,,50,quarter,0.5,3,66666.66666666667,0.0025,0.0,True
A0_quarter__KRW100M_UNLIMITED,A0_quarter,diagnostics,2019,2019-01-02,2019-12-31,252,1.023805145688604,-0.1385589777150572,2.917021189008002,1.023805145688604,0.3401954545671213,0.6836096911214828,5.646426360077347,execution_stress,,KRW100M,UNLIMITED,,50,quarter,0.5,3,66666.66666666667,0.0025,0.0,True
A0_quarter__KRW100M_UNLIMITED,A0_quarter,diagnostics,2020,2020-01-02,2020-12-31,253,0.4015085502152513,-0.3861731633468095,0.9966218854329736,0.4033871020416868,0.1813082709311855,0.2202002792840658,7.568980408649248,execution_stress,,KRW100M,UNLIMITED,,50,quarter,0.5,3,66666.66666666667,0.0025,0.0,True
A0_quarter__KRW100M_UNLIMITED,A0_quarter,diagnostics,2021,2021-01-04,2021-12-31,252,-0.159126628710066,-0.3189180471094931,-0.2465889718733974,-0.159126628710066,0.2861550585808201,-0.4452816872908861,10.58460438377471,execution_stress,,KRW100M,UNLIMITED,,50,quarter,0.5,3,66666.66666666667,0.0025,0.0,True
A0_quarter__KRW100M_UNLIMITED,A0_quarter,diagnostics,2022,2022-01-03,2022-12-30,251,-0.1151617439604054,-0.3137672515275181,-0.1131710894446915,-0.1147320351875283,-0.180528833522089,0.0653670895616835,9.624069324416189,execution_stress,,KRW100M,UNLIMITED,,50,quarter,0.5,3,66666.66666666667,0.0025,0.0,True
A0_quarter__KRW100M_UNLIMITED,A0_quarter,diagnostics,2023,2023-01-03,2023-12-29,250,0.2188957363688854,-0.3184082199947399,0.8037593831448935,0.2169823611406609,0.2494116142532503,-0.0305158778843648,7.595757266247432,execution_stress,,KRW100M,UNLIMITED,,50,quarter,0.5,3,66666.66666666667,0.0025,0.0,True
A0_quarter__KRW100M_UNLIMITED,A0_quarter,diagnostics,2024,2024-01-02,2024-12-31,252,0.651115498525866,-0.3428174928076414,1.1487128615723068,0.651115498525866,0.2643074461050603,0.3868080524208057,10.517464039963826,execution_stress,,KRW100M,UNLIMITED,,50,quarter,0.5,3,66666.66666666667,0.0025,0.0,True
A0_quarter__KRW100M_UNLIMITED,A0_quarter,diagnostics,2025,2025-01-02,2025-12-31,250,0.7656437890156387,-0.3296733866972381,1.3936519920863382,0.7576951027474046,0.1785790013706134,0.5870647876450252,6.36500474884645,execution_stress,,KRW100M,UNLIMITED,,50,quarter,0.5,3,66666.66666666667,0.0025,0.0,True
A0_quarter__KRW100M_UNLIMITED,A0_quarter,diagnostics,2026,2026-01-02,2026-09-22,181,-0.054542670189305,-0.3658847783336784,0.162501066164543,-0.0394837385749683,0.193982242745804,-0.248524912935109,12.191751937393205,execution_stress,,KRW100M,UNLIMITED,,50,quarter,0.5,3,66666.66666666667,0.0025,0.0,True
A0_bimonth__USD100K_C50,A0_bimonth,diagnostics,full,2017-01-04,2026-09-22,2442,0.1869226070260818,-0.4796489446148511,0.6313826296326794,4.262456426696098,0.1534966939059092,0.0334259131201726,8.72399757937464,execution_stress,,USD100K,C50,,50,bimonth,0.5,3,100000.0,0.005,0.01,True
A0_bimonth__USD100K_C50,A0_bimonth,diagnostics,2017_2022,2017-01-04,2022-12-30,1509,0.0616269153475421,-0.4796489446148511,0.3468617788896839,0.4306135504148241,0.1124281175972994,-0.0508012022497572,8.5522541194119,execution_stress,,USD100K,C50,,50,bimonth,0.5,3,100000.0,0.005,0.01,True
A0_bimonth__USD100K_C50,A0_bimonth,diagnostics,2023_2026,2023-01-03,2026-09-22,933,0.4216229768531341,-0.3569201271495755,0.9766116819747256,2.6784611925213198,0.2231529414345989,0.1984700354185351,9.001769156098938,execution_stress,,USD100K,C50,,50,bimonth,0.5,3,100000.0,0.005,0.01,True
A0_bimonth__USD100K_C50,A0_bimonth,diagnostics,2017,2017-01-04,2017-12-29,250,-0.1389426417483086,-0.2584945220388289,-0.6078286885303311,-0.1379197397963368,0.2120011745455907,-0.3509438162938993,10.391669120026805,execution_stress,,USD100K,C50,,50,bimonth,0.5,3,100000.0,0.005,0.01,True
A0_bimonth__USD100K_C50,A0_bimonth,diagnostics,2018,2018-01-02,2018-12-31,251,-0.3327346371278886,-0.422771599487539,-1.4228711411595387,-0.3316625312981953,-0.0642984107744514,-0.2684362263534372,8.91721359687987,execution_stress,,USD100K,C50,,50,bimonth,0.5,3,100000.0,0.005,0.01,True
A0_bimonth__USD100K_C50,A0_bimonth,diagnostics,2019,2019-01-02,2019-12-31,252,1.0089915682788235,-0.1348049285429738,2.905329552687642,1.0089915682788235,0.3401954545671213,0.6687961137117022,5.8274123340358095,execution_stress,,USD100K,C50,,50,bimonth,0.5,3,100000.0,0.005,0.01,True
A0_bimonth__USD100K_C50,A0_bimonth,diagnostics,2020,2020-01-02,2020-12-31,253,0.3494143438296389,-0.3784345711867383,0.9176829979736252,0.3510199805201976,0.1813082709311855,0.1681060728984533,7.590543489321164,execution_stress,,USD100K,C50,,50,bimonth,0.5,3,100000.0,0.005,0.01,True
A0_bimonth__USD100K_C50,A0_bimonth,diagnostics,2021,2021-01-04,2021-12-31,252,-0.107118778856453,-0.2915962479129674,-0.102727519373946,-0.107118778856453,0.2861550585808201,-0.3932738374372732,10.978520726053766,execution_stress,,USD100K,C50,,50,bimonth,0.5,3,100000.0,0.005,0.01,True
A0_bimonth__USD100K_C50,A0_bimonth,diagnostics,2022,2022-01-03,2022-12-30,251,0.0246776460001336,-0.3035114485748703,0.2651264425873654,0.0245785251404915,-0.180528833522089,0.2052064795222227,7.624346372223834,execution_stress,,USD100K,C50,,50,bimonth,0.5,3,100000.0,0.005,0.01,True
A0_bimonth__USD100K_C50,A0_bimonth,diagnostics,2023,2023-01-03,2023-12-29,250,0.1611557509104262,-0.2908285451790038,0.6467439377949895,0.1597796220142306,0.2494116142532503,-0.088255863342824,7.995466127244899,execution_stress,,USD100K,C50,,50,bimonth,0.5,3,100000.0,0.005,0.01,True
A0_bimonth__USD100K_C50,A0_bimonth,diagnostics,2024,2024-01-02,2024-12-31,252,0.6587550075672539,-0.3135468678814043,1.2047324431749282,0.6587550075672539,0.2643074461050603,0.3944475614621936,9.581300876396334,execution_stress,,USD100K,C50,,50,bimonth,0.5,3,100000.0,0.005,0.01,True
A0_bimonth__USD100K_C50,A0_bimonth,diagnostics,2025,2025-01-02,2025-12-31,250,0.6830548752578955,-0.3478706060684146,1.2745718897541258,0.6761151262330671,0.1785790013706134,0.5044758738872821,7.635549492930173,execution_stress,,USD100K,C50,,50,bimonth,0.5,3,100000.0,0.005,0.01,True
A0_bimonth__USD100K_C50,A0_bimonth,diagnostics,2026,2026-01-02,2026-09-22,181,0.2012792929520523,-0.3268444895527429,0.6100984703799496,0.140787128983131,0.193982242745804,0.0072970502062483,11.47187235770534,execution_stress,,USD100K,C50,,50,bimonth,0.5,3,100000.0,0.005,0.01,True
A0_bimonth__USD100K_R5,A0_bimonth,diagnostics,full,2017-01-04,2026-09-22,2442,0.1580807050844104,-0.4468863767737717,0.5676600757963776,3.146289045101509,0.1534966939059092,0.0045840111785011,9.09543178576583,execution_stress,,USD100K,R5,,50,bimonth,0.5,3,100000.0,0.0025,0.05,True
A0_bimonth__USD100K_R5,A0_bimonth,diagnostics,2017_2022,2017-01-04,2022-12-30,1509,0.0525157256934469,-0.4468863767737717,0.3210197077497079,0.3586479383952425,0.1124281175972994,-0.0599123919038524,8.924669934079402,execution_stress,,USD100K,R5,,50,bimonth,0.5,3,100000.0,0.0025,0.05,True
A0_bimonth__USD100K_R5,A0_bimonth,diagnostics,2023_2026,2023-01-03,2026-09-22,933,0.3516864313874823,-0.3713856092486364,0.8630506030161956,2.0517759074502107,0.2231529414345989,0.1285334899528833,9.37161574524581,execution_stress,,USD100K,R5,,50,bimonth,0.5,3,100000.0,0.0025,0.05,True
A0_bimonth__USD100K_R5,A0_bimonth,diagnostics,2017,2017-01-04,2017-12-29,250,-0.0683227716980889,-0.2296459576191107,-0.2298978987534378,-0.0677993412084201,0.2120011745455907,-0.2803239462436797,10.00439671329112,execution_stress,,USD100K,R5,,50,bimonth,0.5,3,100000.0,0.0025,0.05,True
A0_bimonth__USD100K_R5,A0_bimonth,diagnostics,2018,2018-01-02,2018-12-31,251,-0.3389661415991889,-0.4186375450061527,-1.4356596917146351,-0.3378793956579076,-0.0642984107744514,-0.2746677308247375,8.966028762411652,execution_stress,,USD100K,R5,,50,bimonth,0.5,3,100000.0,0.0025,0.05,True
A0_bimonth__USD100K_R5,A0_bimonth,diagnostics,2019,2019-01-02,2019-12-31,252,1.0733281889005664,-0.1279909147814764,3.040625915066624,1.0733281889005664,0.3401954545671213,0.7331327343334451,5.705944971865573,execution_stress,,USD100K,R5,,50,bimonth,0.5,3,100000.0,0.0025,0.05,True
A0_bimonth__USD100K_R5,A0_bimonth,diagnostics,2020,2020-01-02,2020-12-31,253,0.4128905884672758,-0.3543134674047054,1.0358002499242152,0.4148298077769015,0.1813082709311855,0.2315823175360902,7.676188423554431,execution_stress,,USD100K,R5,,50,bimonth,0.5,3,100000.0,0.0025,0.05,True
A0_bimonth__USD100K_R5,A0_bimonth,diagnostics,2021,2021-01-04,2021-12-31,252,-0.1444001543628975,-0.3183128452621238,-0.1955162276782774,-0.1444001543628975,0.2861550585808201,-0.4305552129437177,11.06161155487258,execution_stress,,USD100K,R5,,50,bimonth,0.5,3,100000.0,0.0025,0.05,True
A0_bimonth__USD100K_R5,A0_bimonth,diagnostics,2022,2022-01-03,2022-12-30,251,-0.1234222297188378,-0.3162969386949902,-0.1335877793063057,-0.1229638898601795,-0.180528833522089,0.0571066038032511,10.15240883243198,execution_stress,,USD100K,R5,,50,bimonth,0.5,3,100000.0,0.0025,0.05,True
A0_bimonth__USD100K_R5,A0_bimonth,diagnostics,2023,2023-01-03,2023-12-29,250,0.2336099827776858,-0.3083300913368111,0.842879119890331,0.2315562179160237,0.2494116142532503,-0.0158016314755644,8.231648091374321,execution_stress,,USD100K,R5,,50,bimonth,0.5,3,100000.0,0.0025,0.05,True
A0_bimonth__USD100K_R5,A0_bimonth,diagnostics,2024,2024-01-02,2024-12-31,252,0.5674862254997435,-0.3561011020672971,1.0735115531851929,0.5674862254997435,0.2643074461050603,0.3031787793946832,10.161796079796446,execution_stress,,USD100K,R5,,50,bimonth,0.5,3,100000.0,0.0025,0.05,True
A0_bimonth__USD100K_R5,A0_bimonth,diagnostics,2025,2025-01-02,2025-12-31,250,0.6992034903919089,-0.3214148883982362,1.303513377717065,0.6920689150329489,0.1785790013706134,0.5206244890212954,7.172340839302903,execution_stress,,USD100K,R5,,50,bimonth,0.5,3,100000.0,0.0025,0.05,True
A0_bimonth__USD100K_R5,A0_bimonth,diagnostics,2026,2026-01-02,2026-09-22,181,-0.0903053852603698,-0.3713856092486362,0.0960805898742006,-0.0657209323875044,0.193982242745804,-0.2842876280061738,12.88368864937198,execution_stress,,USD100K,R5,,50,bimonth,0.5,3,100000.0,0.0025,0.05,True
A0_bimonth__USD100K_UNLIMITED,A0_bimonth,diagnostics,full,2017-01-04,2026-09-22,2442,0.1618765499678864,-0.4490572474686757,0.5764329662101485,3.279877094219072,0.1534966939059092,0.0083798560619772,9.109461695037604,execution_stress,,USD100K,UNLIMITED,,50,bimonth,0.5,3,100000.0,0.0025,0.0,True
A0_bimonth__USD100K_UNLIMITED,A0_bimonth,diagnostics,2017_2022,2017-01-04,2022-12-30,1509,0.0441363599432382,-0.4490572474686757,0.2972711388369156,0.2951498407982103,0.1124281175972994,-0.0682917576540611,8.97416288080599,execution_stress,,USD100K,UNLIMITED,,50,bimonth,0.5,3,100000.0,0.0025,0.0,True
A0_bimonth__USD100K_UNLIMITED,A0_bimonth,diagnostics,2023_2026,2023-01-03,2026-09-22,933,0.3810522854777476,-0.365432020484682,0.9104996165509344,2.3045420378396773,0.2231529414345989,0.1578993440431486,9.328289037669446,execution_stress,,USD100K,UNLIMITED,,50,bimonth,0.5,3,100000.0,0.0025,0.0,True
A0_bimonth__USD100K_UNLIMITED,A0_bimonth,diagnostics,2017,2017-01-04,2017-12-29,250,-0.0683227716980889,-0.2296459576191107,-0.2298978987534378,-0.0677993412084201,0.2120011745455907,-0.2803239462436797,10.00439671329112,execution_stress,,USD100K,UNLIMITED,,50,bimonth,0.5,3,100000.0,0.0025,0.0,True
A0_bimonth__USD100K_UNLIMITED,A0_bimonth,diagnostics,2018,2018-01-02,2018-12-31,251,-0.3418308259716798,-0.419071111631464,-1.4521737395937249,-0.3407374277251075,-0.0642984107744514,-0.2775324151972284,9.070869585739992,execution_stress,,USD100K,UNLIMITED,,50,bimonth,0.5,3,100000.0,0.0025,0.0,True
A0_bimonth__USD100K_UNLIMITED,A0_bimonth,diagnostics,2019,2019-01-02,2019-12-31,252,1.036306672224434,-0.1296854914714602,2.967409971783966,1.036306672224434,0.3401954545671213,0.6961112176573128,5.970823237722671,execution_stress,,USD100K,UNLIMITED,,50,bimonth,0.5,3,100000.0,0.0025,0.0,True
A0_bimonth__USD100K_UNLIMITED,A0_bimonth,diagnostics,2020,2020-01-02,2020-12-31,253,0.3815517894419622,-0.3738422421845128,0.9732864564635488,0.3833248615449145,0.1813082709311855,0.2002435185107767,7.658402643433137,execution_stress,,USD100K,UNLIMITED,,50,bimonth,0.5,3,100000.0,0.0025,0.0,True
A0_bimonth__USD100K_UNLIMITED,A0_bimonth,diagnostics,2021,2021-01-04,2021-12-31,252,-0.1465175552450849,-0.3074326454718245,-0.2058775929880149,-0.1465175552450849,0.2861550585808201,-0.432672613825905,11.016130741989484,execution_stress,,USD100K,UNLIMITED,,50,bimonth,0.5,3,100000.0,0.0025,0.0,True
A0_bimonth__USD100K_UNLIMITED,A0_bimonth,diagnostics,2022,2022-01-03,2022-12-30,251,-0.1238826036332425,-0.3167761395997699,-0.1350226301339454,-0.1234226771345272,-0.180528833522089,0.0566462298888464,10.142773191699884,execution_stress,,USD100K,UNLIMITED,,50,bimonth,0.5,3,100000.0,0.0025,0.0,True
A0_bimonth__USD100K_UNLIMITED,A0_bimonth,diagnostics,2023,2023-01-03,2023-12-29,250,0.2188309590970196,-0.3219910358313184,0.7982635360241046,0.2169181988384212,0.2494116142532503,-0.0305806551562306,7.998885786204738,execution_stress,,USD100K,UNLIMITED,,50,bimonth,0.5,3,100000.0,0.0025,0.0,True
A0_bimonth__USD100K_UNLIMITED,A0_bimonth,diagnostics,2024,2024-01-02,2024-12-31,252,0.585659856276056,-0.3374644992458351,1.0920115137710154,0.585659856276056,0.2643074461050603,0.3213524101709957,10.815623219043342,execution_stress,,USD100K,UNLIMITED,,50,bimonth,0.5,3,100000.0,0.0025,0.0,True
A0_bimonth__USD100K_UNLIMITED,A0_bimonth,diagnostics,2025,2025-01-02,2025-12-31,250,0.7820393866083881,-0.3095270437800852,1.4111201918526242,0.7738867568042522,0.1785790013706134,0.6034603852377747,6.6535845954957225,execution_stress,,USD100K,UNLIMITED,,50,bimonth,0.5,3,100000.0,0.0025,0.0,True
A0_bimonth__USD100K_UNLIMITED,A0_bimonth,diagnostics,2026,2026-01-02,2026-09-22,181,-0.0478227616565254,-0.3654320204846824,0.1716949978773029,-0.0345851559348929,0.193982242745804,-0.2418050044023294,12.78806091448373,execution_stress,,USD100K,UNLIMITED,,50,bimonth,0.5,3,100000.0,0.0025,0.0,True
A0_bimonth__KRW50M_R1,A0_bimonth,diagnostics,full,2017-01-04,2026-09-22,2442,0.1930485186925188,-0.4491037317005013,0.6420391965422996,4.531635428342965,0.1534966939059092,0.0395518247866095,8.701235026193268,execution_stress,,KRW50M,R1,,50,bimonth,0.5,3,33333.333333333336,0.0025,0.01,True
A0_bimonth__KRW50M_R1,A0_bimonth,diagnostics,2017_2022,2017-01-04,2022-12-30,1509,0.0649748847603619,-0.4491037317005013,0.3562022706861991,0.4578429033676463,0.1124281175972994,-0.0474532328369374,8.618112405736413,execution_stress,,KRW50M,R1,,50,bimonth,0.5,3,33333.333333333336,0.0025,0.01,True
A0_bimonth__KRW50M_R1,A0_bimonth,diagnostics,2023_2026,2023-01-03,2026-09-22,933,0.4335882339986807,-0.3498781578484347,0.984650032666024,2.79439747284483,0.2231529414345989,0.2104352925640817,8.835674505581691,execution_stress,,KRW50M,R1,,50,bimonth,0.5,3,33333.333333333336,0.0025,0.01,True
A0_bimonth__KRW50M_R1,A0_bimonth,diagnostics,2017,2017-01-04,2017-12-29,250,-0.0834765106218592,-0.2547159525839562,-0.3069611343201851,-0.0828422346065697,0.2120011745455907,-0.29547768516745,10.062615141671223,execution_stress,,KRW50M,R1,,50,bimonth,0.5,3,33333.333333333336,0.0025,0.01,True
A0_bimonth__KRW50M_R1,A0_bimonth,diagnostics,2018,2018-01-02,2018-12-31,251,-0.3314717793367179,-0.4184346549572507,-1.377975252647868,-0.3304026685736222,-0.0642984107744514,-0.2671733685622665,8.998748284204822,execution_stress,,KRW50M,R1,,50,bimonth,0.5,3,33333.333333333336,0.0025,0.01,True
A0_bimonth__KRW50M_R1,A0_bimonth,diagnostics,2019,2019-01-02,2019-12-31,252,1.0852040246972638,-0.1282835043960571,3.0601936468994086,1.0852040246972638,0.3401954545671213,0.7450085701301425,5.519192679880603,execution_stress,,KRW50M,R1,,50,bimonth,0.5,3,33333.333333333336,0.0025,0.01,True
A0_bimonth__KRW50M_R1,A0_bimonth,diagnostics,2020,2020-01-02,2020-12-31,253,0.4097801554177029,-0.3577521165915798,1.0307847374937695,0.4117027593382756,0.1813082709311855,0.2284718844865174,7.43726745693867,execution_stress,,KRW50M,R1,,50,bimonth,0.5,3,33333.333333333336,0.0025,0.01,True
A0_bimonth__KRW50M_R1,A0_bimonth,diagnostics,2021,2021-01-04,2021-12-31,252,-0.1617748776729145,-0.3351269973840453,-0.2491428088786842,-0.1617748776729145,0.2861550585808201,-0.4479299362537347,11.035237721296555,execution_stress,,KRW50M,R1,,50,bimonth,0.5,3,33333.333333333336,0.0025,0.01,True
A0_bimonth__KRW50M_R1,A0_bimonth,diagnostics,2022,2022-01-03,2022-12-30,251,-0.0380919836661536,-0.3113250965712946,0.1045983069884885,-0.0379437298116371,-0.180528833522089,0.1424368498559354,8.673493576896028,execution_stress,,KRW50M,R1,,50,bimonth,0.5,3,33333.333333333336,0.0025,0.01,True
A0_bimonth__KRW50M_R1,A0_bimonth,diagnostics,2023,2023-01-03,2023-12-29,250,0.2806280551774578,-0.3014168159524552,0.987172977629234,0.2781165199853201,0.2494116142532503,0.0312164409242075,7.367690578292952,execution_stress,,KRW50M,R1,,50,bimonth,0.5,3,33333.333333333336,0.0025,0.01,True
A0_bimonth__KRW50M_R1,A0_bimonth,diagnostics,2024,2024-01-02,2024-12-31,252,0.7042294828328266,-0.3498781578484343,1.226594396628714,0.7042294828328266,0.2643074461050603,0.4399220367277663,9.469253267115285,execution_stress,,KRW50M,R1,,50,bimonth,0.5,3,33333.333333333336,0.0025,0.01,True
A0_bimonth__KRW50M_R1,A0_bimonth,diagnostics,2025,2025-01-02,2025-12-31,250,0.6464973348396863,-0.3370074856479842,1.2304592401849912,0.6399941304699177,0.1785790013706134,0.4679183334690728,7.391122248927366,execution_stress,,KRW50M,R1,,50,bimonth,0.5,3,33333.333333333336,0.0025,0.01,True
A0_bimonth__KRW50M_R1,A0_bimonth,diagnostics,2026,2026-01-02,2026-09-22,181,0.0876274030391917,-0.3405630466172493,0.4266107372160408,0.0621895053505352,0.193982242745804,-0.1063548397066123,11.97640488171042,execution_stress,,KRW50M,R1,,50,bimonth,0.5,3,33333.333333333336,0.0025,0.01,True
A0_bimonth__KRW50M_C50,A0_bimonth,diagnostics,full,2017-01-04,2026-09-22,2442,0.1491828017760712,-0.474077140291075,0.5476849411762353,2.8476832172606183,0.1534966939059092,-0.004313892129838,8.76807584678929,execution_stress,,KRW50M,C50,,50,bimonth,0.5,3,33333.333333333336,0.005,0.01,True
A0_bimonth__KRW50M_C50,A0_bimonth,diagnostics,2017_2022,2017-01-04,2022-12-30,1509,0.0414176094115814,-0.474077140291075,0.2894308054321708,0.2750865981089951,0.1124281175972994,-0.0710105081857179,8.602708960748773,execution_stress,,KRW50M,C50,,50,bimonth,0.5,3,33333.333333333336,0.005,0.01,True
A0_bimonth__KRW50M_C50,A0_bimonth,diagnostics,2023_2026,2023-01-03,2026-09-22,933,0.3475794171282607,-0.4044417112453916,0.8549882223649894,2.0175858039500167,0.2231529414345989,0.1244264756936617,9.03553418659116,execution_stress,,KRW50M,C50,,50,bimonth,0.5,3,33333.333333333336,0.005,0.01,True
A0_bimonth__KRW50M_C50,A0_bimonth,diagnostics,2017,2017-01-04,2017-12-29,250,-0.1076247610705064,-0.2632591023408485,-0.4333331709285818,-0.1068179403139629,0.2120011745455907,-0.3196259356160972,10.074687816857876,execution_stress,,KRW50M,C50,,50,bimonth,0.5,3,33333.333333333336,0.005,0.01,True
A0_bimonth__KRW50M_C50,A0_bimonth,diagnostics,2018,2018-01-02,2018-12-31,251,-0.3469525733840873,-0.4251844935693245,-1.4667078362697266,-0.3458474046995976,-0.0642984107744514,-0.2826541626096359,8.96857853339685,execution_stress,,KRW50M,C50,,50,bimonth,0.5,3,33333.333333333336,0.005,0.01,True
A0_bimonth__KRW50M_C50,A0_bimonth,diagnostics,2019,2019-01-02,2019-12-31,252,1.0406141322725428,-0.1332985276033894,2.972997487177765,1.0406141322725428,0.3401954545671213,0.7004186777054215,5.503084555688936,execution_stress,,KRW50M,C50,,50,bimonth,0.5,3,33333.333333333336,0.005,0.01,True
A0_bimonth__KRW50M_C50,A0_bimonth,diagnostics,2020,2020-01-02,2020-12-31,253,0.3892724903603048,-0.360958267503731,0.9944673138268502,0.3910862340680479,0.1813082709311855,0.2079642194291193,7.450883808655435,execution_stress,,KRW50M,C50,,50,bimonth,0.5,3,33333.333333333336,0.005,0.01,True
A0_bimonth__KRW50M_C50,A0_bimonth,diagnostics,2021,2021-01-04,2021-12-31,252,-0.1858053450219186,-0.352236687892288,-0.3225157572154752,-0.1858053450219186,0.2861550585808201,-0.4719604036027387,10.961624489218163,execution_stress,,KRW50M,C50,,50,bimonth,0.5,3,33333.333333333336,0.005,0.01,True
A0_bimonth__KRW50M_C50,A0_bimonth,diagnostics,2022,2022-01-03,2022-12-30,251,-0.0559866458507755,-0.3147747706964132,0.057807526318827,-0.0557707906290666,-0.180528833522089,0.1245421876713135,8.675387939308397,execution_stress,,KRW50M,C50,,50,bimonth,0.5,3,33333.333333333336,0.005,0.01,True
A0_bimonth__KRW50M_C50,A0_bimonth,diagnostics,2023,2023-01-03,2023-12-29,250,0.2677192259089622,-0.3051295000267513,0.9488618875808998,0.265334744291591,0.2494116142532503,0.0183076116557119,7.362848104392617,execution_stress,,KRW50M,C50,,50,bimonth,0.5,3,33333.333333333336,0.005,0.01,True
A0_bimonth__KRW50M_C50,A0_bimonth,diagnostics,2024,2024-01-02,2024-12-31,252,0.6494889259087491,-0.3560253986313769,1.1725392663570184,0.6494889259087491,0.2643074461050603,0.3851814798036888,9.454931321441656,execution_stress,,KRW50M,C50,,50,bimonth,0.5,3,33333.333333333336,0.005,0.01,True
A0_bimonth__KRW50M_C50,A0_bimonth,diagnostics,2025,2025-01-02,2025-12-31,250,0.6202877834726648,-0.3446105777819619,1.1975238784023965,0.6140936454271502,0.1785790013706134,0.4417087821020513,7.454302331472312,execution_stress,,KRW50M,C50,,50,bimonth,0.5,3,33333.333333333336,0.005,0.01,True
A0_bimonth__KRW50M_C50,A0_bimonth,diagnostics,2026,2026-01-02,2026-09-22,181,-0.1421400423747499,-0.4044417112453914,0.0052832032713838,-0.104272180534102,0.193982242745804,-0.336122285120554,12.945983945414472,execution_stress,,KRW50M,C50,,50,bimonth,0.5,3,33333.333333333336,0.005,0.01,True
A0_bimonth__KRW50M_R5,A0_bimonth,diagnostics,full,2017-01-04,2026-09-22,2442,0.1581082418925341,-0.4492594631762672,0.567965231827706,3.147244531122923,0.1534966939059092,0.0046115479866248,8.865872456847855,execution_stress,,KRW50M,R5,,50,bimonth,0.5,3,33333.333333333336,0.0025,0.05,True
A0_bimonth__KRW50M_R5,A0_bimonth,diagnostics,2017_2022,2017-01-04,2022-12-30,1509,0.0478617527795532,-0.4492594631762672,0.3079247285009393,0.3230681612961397,0.1124281175972994,-0.0645663648177461,8.716812180636511,execution_stress,,KRW50M,R5,,50,bimonth,0.5,3,33333.333333333336,0.0025,0.05,True
A0_bimonth__KRW50M_R5,A0_bimonth,diagnostics,2023_2026,2023-01-03,2026-09-22,933,0.3614941116845493,-0.3728952237276097,0.8798307144201787,2.134566043113085,0.2231529414345989,0.1383411702499504,9.106957083646272,execution_stress,,KRW50M,R5,,50,bimonth,0.5,3,33333.333333333336,0.0025,0.05,True
A0_bimonth__KRW50M_R5,A0_bimonth,diagnostics,2017,2017-01-04,2017-12-29,250,-0.0696419733871073,-0.2337149656711183,-0.2369814668075724,-0.0691088156694507,0.2120011745455907,-0.281643147932698,9.786144728421345,execution_stress,,KRW50M,R5,,50,bimonth,0.5,3,33333.333333333336,0.0025,0.05,True
A0_bimonth__KRW50M_R5,A0_bimonth,diagnostics,2018,2018-01-02,2018-12-31,251,-0.341315146176067,-0.4163796083425276,-1.453755193145139,-0.3402229417924484,-0.0642984107744514,-0.2770167354016156,8.778353560459108,execution_stress,,KRW50M,R5,,50,bimonth,0.5,3,33333.333333333336,0.0025,0.05,True
A0_bimonth__KRW50M_R5,A0_bimonth,diagnostics,2019,2019-01-02,2019-12-31,252,1.049492158328043,-0.1296353928824153,2.98657462641408,1.049492158328043,0.3401954545671213,0.7092967037609217,5.776514145908303,execution_stress,,KRW50M,R5,,50,bimonth,0.5,3,33333.333333333336,0.0025,0.05,True
A0_bimonth__KRW50M_R5,A0_bimonth,diagnostics,2020,2020-01-02,2020-12-31,253,0.3891912700900113,-0.3738958934302224,0.9858791746196894,0.3910045850478916,0.1813082709311855,0.2078829991588258,7.444351998174466,execution_stress,,KRW50M,R5,,50,bimonth,0.5,3,33333.333333333336,0.0025,0.05,True
A0_bimonth__KRW50M_R5,A0_bimonth,diagnostics,2021,2021-01-04,2021-12-31,252,-0.1427566734338738,-0.3051622091504767,-0.1933614093405503,-0.1427566734338738,0.2861550585808201,-0.428911732014694,10.693264342085904,execution_stress,,KRW50M,R5,,50,bimonth,0.5,3,33333.333333333336,0.0025,0.05,True
A0_bimonth__KRW50M_R5,A0_bimonth,diagnostics,2022,2022-01-03,2022-12-30,251,-0.1189737317772177,-0.3114445200661208,-0.1203282785306368,-0.118530772476268,-0.180528833522089,0.0615551017448713,9.840483746164317,execution_stress,,KRW50M,R5,,50,bimonth,0.5,3,33333.333333333336,0.0025,0.05,True
A0_bimonth__KRW50M_R5,A0_bimonth,diagnostics,2023,2023-01-03,2023-12-29,250,0.2221791477466892,-0.3210807951360908,0.807730503781972,0.2202345656989064,0.2494116142532503,-0.027232466506561,7.815970098571538,execution_stress,,KRW50M,R5,,50,bimonth,0.5,3,33333.333333333336,0.0025,0.05,True
A0_bimonth__KRW50M_R5,A0_bimonth,diagnostics,2024,2024-01-02,2024-12-31,252,0.585266201150245,-0.3393297005144385,1.0918245776863276,0.585266201150245,0.2643074461050603,0.3209587550451847,10.582307853196571,execution_stress,,KRW50M,R5,,50,bimonth,0.5,3,33333.333333333336,0.0025,0.05,True
A0_bimonth__KRW50M_R5,A0_bimonth,diagnostics,2025,2025-01-02,2025-12-31,250,0.7439166731051927,-0.3088072047638104,1.3676566988508845,0.7362364083082504,0.1785790013706134,0.5653376717345793,6.482796071970785,execution_stress,,KRW50M,R5,,50,bimonth,0.5,3,33333.333333333336,0.0025,0.05,True
A0_bimonth__KRW50M_R5,A0_bimonth,diagnostics,2026,2026-01-02,2026-09-22,181,-0.091627192520412,-0.3728952237276095,0.0885550690809912,-0.066696182714294,0.193982242745804,-0.285609435266216,12.460540538126269,execution_stress,,KRW50M,R5,,50,bimonth,0.5,3,33333.333333333336,0.0025,0.05,True
A0_bimonth__KRW50M_UNLIMITED,A0_bimonth,diagnostics,full,2017-01-04,2026-09-22,2442,0.164960487687322,-0.4492594631762672,0.5832236102870275,3.39123886261837,0.1534966939059092,0.0114637937814128,8.876543952931678,execution_stress,,KRW50M,UNLIMITED,,50,bimonth,0.5,3,33333.333333333336,0.0025,0.0,True
A0_bimonth__KRW50M_UNLIMITED,A0_bimonth,diagnostics,2017_2022,2017-01-04,2022-12-30,1509,0.0478617527795532,-0.4492594631762672,0.3079247285009393,0.3230681612961397,0.1124281175972994,-0.0645663648177461,8.716812180636511,execution_stress,,KRW50M,UNLIMITED,,50,bimonth,0.5,3,33333.333333333336,0.0025,0.0,True
A0_bimonth__KRW50M_UNLIMITED,A0_bimonth,diagnostics,2023_2026,2023-01-03,2026-09-22,933,0.3826796315618848,-0.3638435169628115,0.9137245867082304,2.318981584680057,0.2231529414345989,0.1595266901272858,9.134888266322257,execution_stress,,KRW50M,UNLIMITED,,50,bimonth,0.5,3,33333.333333333336,0.0025,0.0,True
A0_bimonth__KRW50M_UNLIMITED,A0_bimonth,diagnostics,2017,2017-01-04,2017-12-29,250,-0.0696419733871073,-0.2337149656711183,-0.2369814668075724,-0.0691088156694507,0.2120011745455907,-0.281643147932698,9.786144728421345,execution_stress,,KRW50M,UNLIMITED,,50,bimonth,0.5,3,33333.333333333336,0.0025,0.0,True
A0_bimonth__KRW50M_UNLIMITED,A0_bimonth,diagnostics,2018,2018-01-02,2018-12-31,251,-0.341315146176067,-0.4163796083425276,-1.453755193145139,-0.3402229417924484,-0.0642984107744514,-0.2770167354016156,8.778353560459108,execution_stress,,KRW50M,UNLIMITED,,50,bimonth,0.5,3,33333.333333333336,0.0025,0.0,True
A0_bimonth__KRW50M_UNLIMITED,A0_bimonth,diagnostics,2019,2019-01-02,2019-12-31,252,1.049492158328043,-0.1296353928824153,2.98657462641408,1.049492158328043,0.3401954545671213,0.7092967037609217,5.776514145908303,execution_stress,,KRW50M,UNLIMITED,,50,bimonth,0.5,3,33333.333333333336,0.0025,0.0,True
A0_bimonth__KRW50M_UNLIMITED,A0_bimonth,diagnostics,2020,2020-01-02,2020-12-31,253,0.3891912700900113,-0.3738958934302224,0.9858791746196894,0.3910045850478916,0.1813082709311855,0.2078829991588258,7.444351998174466,execution_stress,,KRW50M,UNLIMITED,,50,bimonth,0.5,3,33333.333333333336,0.0025,0.0,True
A0_bimonth__KRW50M_UNLIMITED,A0_bimonth,diagnostics,2021,2021-01-04,2021-12-31,252,-0.1427566734338738,-0.3051622091504767,-0.1933614093405503,-0.1427566734338738,0.2861550585808201,-0.428911732014694,10.693264342085904,execution_stress,,KRW50M,UNLIMITED,,50,bimonth,0.5,3,33333.333333333336,0.0025,0.0,True
A0_bimonth__KRW50M_UNLIMITED,A0_bimonth,diagnostics,2022,2022-01-03,2022-12-30,251,-0.1189737317772177,-0.3114445200661208,-0.1203282785306368,-0.118530772476268,-0.180528833522089,0.0615551017448713,9.840483746164317,execution_stress,,KRW50M,UNLIMITED,,50,bimonth,0.5,3,33333.333333333336,0.0025,0.0,True
A0_bimonth__KRW50M_UNLIMITED,A0_bimonth,diagnostics,2023,2023-01-03,2023-12-29,250,0.2221791477466892,-0.3210807951360908,0.807730503781972,0.2202345656989064,0.2494116142532503,-0.027232466506561,7.815970098571538,execution_stress,,KRW50M,UNLIMITED,,50,bimonth,0.5,3,33333.333333333336,0.0025,0.0,True
A0_bimonth__KRW50M_UNLIMITED,A0_bimonth,diagnostics,2024,2024-01-02,2024-12-31,252,0.585266201150245,-0.3393297005144385,1.0918245776863276,0.585266201150245,0.2643074461050603,0.3209587550451847,10.582307853196571,execution_stress,,KRW50M,UNLIMITED,,50,bimonth,0.5,3,33333.333333333336,0.0025,0.0,True
A0_bimonth__KRW50M_UNLIMITED,A0_bimonth,diagnostics,2025,2025-01-02,2025-12-31,250,0.7815498061626971,-0.3088072047638104,1.4115577164789146,0.7734032833900131,0.1785790013706134,0.6029708047920836,6.475054158906886,execution_stress,,KRW50M,UNLIMITED,,50,bimonth,0.5,3,33333.333333333336,0.0025,0.0,True
A0_bimonth__KRW50M_UNLIMITED,A0_bimonth,diagnostics,2026,2026-01-02,2026-09-22,181,-0.0449557020129282,-0.3638435169628116,0.175686137150774,-0.0324981344570813,0.193982242745804,-0.2389379447587322,12.615210547533271,execution_stress,,KRW50M,UNLIMITED,,50,bimonth,0.5,3,33333.333333333336,0.0025,0.0,True
A0_bimonth__KRW100M_R1,A0_bimonth,diagnostics,full,2017-01-04,2026-09-22,2442,0.2076825484905111,-0.4463557964258408,0.6680296762901502,5.225318362963249,0.1534966939059092,0.0541858545846019,8.75747593493114,execution_stress,,KRW100M,R1,,50,bimonth,0.5,3,66666.66666666667,0.0025,0.01,True
A0_bimonth__KRW100M_R1,A0_bimonth,diagnostics,2017_2022,2017-01-04,2022-12-30,1509,0.0696523465243386,-0.4463557964258408,0.3693831516849409,0.4966069669441373,0.1124281175972994,-0.0427757710729608,8.677118498533412,execution_stress,,KRW100M,R1,,50,bimonth,0.5,3,66666.66666666667,0.0025,0.01,True
A0_bimonth__KRW100M_R1,A0_bimonth,diagnostics,2023_2026,2023-01-03,2026-09-22,933,0.4696172560780471,-0.3585344418680536,1.020104897535134,3.159621397242652,0.2231529414345989,0.2464643146434482,8.887443106982767,execution_stress,,KRW100M,R1,,50,bimonth,0.5,3,66666.66666666667,0.0025,0.01,True
A0_bimonth__KRW100M_R1,A0_bimonth,diagnostics,2017,2017-01-04,2017-12-29,250,-0.0803366290869215,-0.2492448808176032,-0.291872775113447,-0.079725159398366,0.2120011745455907,-0.2923378036325122,10.29238914013375,execution_stress,,KRW100M,R1,,50,bimonth,0.5,3,66666.66666666667,0.0025,0.01,True
A0_bimonth__KRW100M_R1,A0_bimonth,diagnostics,2018,2018-01-02,2018-12-31,251,-0.3321667673970651,-0.4174556337859926,-1.383946300757858,-0.3310960071903935,-0.0642984107744514,-0.2678683566226136,9.163849173648908,execution_stress,,KRW100M,R1,,50,bimonth,0.5,3,66666.66666666667,0.0025,0.01,True
A0_bimonth__KRW100M_R1,A0_bimonth,diagnostics,2019,2019-01-02,2019-12-31,252,1.0489260714187196,-0.132416403292636,2.999716395394088,1.0489260714187196,0.3401954545671213,0.7087306168515983,5.824033695288337,execution_stress,,KRW100M,R1,,50,bimonth,0.5,3,66666.66666666667,0.0025,0.01,True
A0_bimonth__KRW100M_R1,A0_bimonth,diagnostics,2020,2020-01-02,2020-12-31,253,0.3617952095631076,-0.3677879821868074,0.9504054373245716,0.3634649926983495,0.1813082709311855,0.1804869386319221,7.248083800451313,execution_stress,,KRW100M,R1,,50,bimonth,0.5,3,66666.66666666667,0.0025,0.01,True
A0_bimonth__KRW100M_R1,A0_bimonth,diagnostics,2021,2021-01-04,2021-12-31,252,-0.127261623334509,-0.3138824788958273,-0.1564544570362187,-0.127261623334509,0.2861550585808201,-0.4134166819153292,11.257573932071686,execution_stress,,KRW100M,R1,,50,bimonth,0.5,3,66666.66666666667,0.0025,0.01,True
A0_bimonth__KRW100M_R1,A0_bimonth,diagnostics,2022,2022-01-03,2022-12-30,251,-0.0028346496193123,-0.3080830650348307,0.1994640737193255,-0.0028234169044651,-0.180528833522089,0.1776941839027767,8.295689494257765,execution_stress,,KRW100M,R1,,50,bimonth,0.5,3,66666.66666666667,0.0025,0.01,True
A0_bimonth__KRW100M_R1,A0_bimonth,diagnostics,2023,2023-01-03,2023-12-29,250,0.1859710262843839,-0.3068737210155631,0.718288508709539,0.1843667041602326,0.2494116142532503,-0.0634405879688664,8.243438753052086,execution_stress,,KRW100M,R1,,50,bimonth,0.5,3,66666.66666666667,0.0025,0.01,True
A0_bimonth__KRW100M_R1,A0_bimonth,diagnostics,2024,2024-01-02,2024-12-31,252,0.7622681677264769,-0.284736510403062,1.2687362012208867,0.7622681677264769,0.2643074461050603,0.4979607216214166,9.370218799497763,execution_stress,,KRW100M,R1,,50,bimonth,0.5,3,66666.66666666667,0.0025,0.01,True
A0_bimonth__KRW100M_R1,A0_bimonth,diagnostics,2025,2025-01-02,2025-12-31,250,0.8392094677624107,-0.3527698688646759,1.399170960251372,0.830336525141721,0.1785790013706134,0.6606304663917972,7.15550350707143,execution_stress,,KRW100M,R1,,50,bimonth,0.5,3,66666.66666666667,0.0025,0.01,True
A0_bimonth__KRW100M_R1,A0_bimonth,diagnostics,2026,2026-01-02,2026-09-22,181,0.1258087632793998,-0.3585344418680539,0.4896457741859515,0.0888415147309573,0.193982242745804,-0.0681734794664041,11.496981858069642,execution_stress,,KRW100M,R1,,50,bimonth,0.5,3,66666.66666666667,0.0025,0.01,True
A0_bimonth__KRW100M_C50,A0_bimonth,diagnostics,full,2017-01-04,2026-09-22,2442,0.197711704197492,-0.4716033289280414,0.6485940047796317,4.744748695678587,0.1534966939059092,0.0442150102915828,8.681506245073178,execution_stress,,KRW100M,C50,,50,bimonth,0.5,3,66666.66666666667,0.005,0.01,True
A0_bimonth__KRW100M_C50,A0_bimonth,diagnostics,2017_2022,2017-01-04,2022-12-30,1509,0.0539270155013382,-0.4716033289280414,0.3251431676666579,0.3695934426106841,0.1124281175972994,-0.0585011020959611,8.64296222592159,execution_stress,,KRW100M,C50,,50,bimonth,0.5,3,66666.66666666667,0.005,0.01,True
A0_bimonth__KRW100M_C50,A0_bimonth,diagnostics,2023_2026,2023-01-03,2026-09-22,933,0.4729347037277025,-0.3680511681142373,1.0286033879149354,3.194491968892676,0.2231529414345989,0.2497817622931035,8.743845928781377,execution_stress,,KRW100M,C50,,50,bimonth,0.5,3,66666.66666666667,0.005,0.01,True
A0_bimonth__KRW100M_C50,A0_bimonth,diagnostics,2017,2017-01-04,2017-12-29,250,-0.1049712499103808,-0.2584050002526248,-0.4206821988623285,-0.1041831397544269,0.2120011745455907,-0.3169724244559716,10.285550010781314,execution_stress,,KRW100M,C50,,50,bimonth,0.5,3,66666.66666666667,0.005,0.01,True
A0_bimonth__KRW100M_C50,A0_bimonth,diagnostics,2018,2018-01-02,2018-12-31,251,-0.3475392525821076,-0.4244167723031734,-1.4729124321884834,-0.3464327457613976,-0.0642984107744514,-0.2832408418076562,9.18952316120062,execution_stress,,KRW100M,C50,,50,bimonth,0.5,3,66666.66666666667,0.005,0.01,True
A0_bimonth__KRW100M_C50,A0_bimonth,diagnostics,2019,2019-01-02,2019-12-31,252,1.015886587898149,-0.1366886891495378,2.932905197862076,1.015886587898149,0.3401954545671213,0.6756911333310276,5.815650918099264,execution_stress,,KRW100M,C50,,50,bimonth,0.5,3,66666.66666666667,0.005,0.01,True
A0_bimonth__KRW100M_C50,A0_bimonth,diagnostics,2020,2020-01-02,2020-12-31,253,0.3392961741266977,-0.3721736286460778,0.9098371481442552,0.3408497238874801,0.1813082709311855,0.1579879031955122,7.248321499640466,execution_stress,,KRW100M,C50,,50,bimonth,0.5,3,66666.66666666667,0.005,0.01,True
A0_bimonth__KRW100M_C50,A0_bimonth,diagnostics,2021,2021-01-04,2021-12-31,252,-0.1218850700906831,-0.3105356730527889,-0.1426066832466833,-0.1218850700906831,0.2861550585808201,-0.4080401286715033,11.02786231659078,execution_stress,,KRW100M,C50,,50,bimonth,0.5,3,66666.66666666667,0.005,0.01,True
A0_bimonth__KRW100M_C50,A0_bimonth,diagnostics,2022,2022-01-03,2022-12-30,251,-0.0144936502133685,-0.3114350395740796,0.1715559708408999,-0.0144365529002072,-0.180528833522089,0.1660351833087204,8.310284893259215,execution_stress,,KRW100M,C50,,50,bimonth,0.5,3,66666.66666666667,0.005,0.01,True
A0_bimonth__KRW100M_C50,A0_bimonth,diagnostics,2023,2023-01-03,2023-12-29,250,0.1676685718576209,-0.3092750804345159,0.6659304420898906,0.166232953209553,0.2494116142532503,-0.0817430423956293,8.275779204617596,execution_stress,,KRW100M,C50,,50,bimonth,0.5,3,66666.66666666667,0.005,0.01,True
A0_bimonth__KRW100M_C50,A0_bimonth,diagnostics,2024,2024-01-02,2024-12-31,252,0.6891986809426336,-0.2998671752566941,1.1951915732719591,0.6891986809426336,0.2643074461050603,0.4248912348375733,9.59139988680301,execution_stress,,KRW100M,C50,,50,bimonth,0.5,3,66666.66666666667,0.005,0.01,True
A0_bimonth__KRW100M_C50,A0_bimonth,diagnostics,2025,2025-01-02,2025-12-31,250,0.7344994133135465,-0.3680511681142375,1.2989843000612484,0.7269348337488097,0.1785790013706134,0.5559204119429331,7.269335662377784,execution_stress,,KRW100M,C50,,50,bimonth,0.5,3,66666.66666666667,0.005,0.01,True
A0_bimonth__KRW100M_C50,A0_bimonth,diagnostics,2026,2026-01-02,2026-09-22,181,0.3384709267626098,-0.2970439982171396,0.8098582698563977,0.2329270335414077,0.193982242745804,0.1444886840168058,10.246943443811167,execution_stress,,KRW100M,C50,,50,bimonth,0.5,3,66666.66666666667,0.005,0.01,True
A0_bimonth__KRW100M_R5,A0_bimonth,diagnostics,full,2017-01-04,2026-09-22,2442,0.1571027205508059,-0.4492893996796298,0.5653585601945305,3.1124821926987227,0.1534966939059092,0.0036060266448967,9.054905552905684,execution_stress,,KRW100M,R5,,50,bimonth,0.5,3,66666.66666666667,0.0025,0.05,True
A0_bimonth__KRW100M_R5,A0_bimonth,diagnostics,2017_2022,2017-01-04,2022-12-30,1509,0.0508674892565814,-0.4492893996796298,0.3163102675417091,0.3459570928418991,0.1124281175972994,-0.0615606283407179,8.859954218644617,execution_stress,,KRW100M,R5,,50,bimonth,0.5,3,66666.66666666667,0.0025,0.05,True
A0_bimonth__KRW100M_R5,A0_bimonth,diagnostics,2023_2026,2023-01-03,2026-09-22,933,0.3521237824394962,-0.3728694955961901,0.8626840990841546,2.0554333526453514,0.2231529414345989,0.1289708410048973,9.370212694813455,execution_stress,,KRW100M,R5,,50,bimonth,0.5,3,66666.66666666667,0.0025,0.05,True
A0_bimonth__KRW100M_R5,A0_bimonth,diagnostics,2017,2017-01-04,2017-12-29,250,-0.0703956175877912,-0.2316616030631282,-0.2406130923747926,-0.0698569094334836,0.2120011745455907,-0.282396792133382,9.934206490067396,execution_stress,,KRW100M,R5,,50,bimonth,0.5,3,66666.66666666667,0.0025,0.05,True
A0_bimonth__KRW100M_R5,A0_bimonth,diagnostics,2018,2018-01-02,2018-12-31,251,-0.3403732337102466,-0.4177052889368975,-1.4437143068762348,-0.3392832140964248,-0.0642984107744514,-0.2760748229357952,8.928374858506405,execution_stress,,KRW100M,R5,,50,bimonth,0.5,3,66666.66666666667,0.0025,0.05,True
A0_bimonth__KRW100M_R5,A0_bimonth,diagnostics,2019,2019-01-02,2019-12-31,252,1.0702953779495714,-0.1277765142157039,3.038058051247225,1.0702953779495714,0.3401954545671213,0.7300999233824501,5.641530325956916,execution_stress,,KRW100M,R5,,50,bimonth,0.5,3,66666.66666666667,0.0025,0.05,True
A0_bimonth__KRW100M_R5,A0_bimonth,diagnostics,2020,2020-01-02,2020-12-31,253,0.41270442653524,-0.355432197502217,1.0354828475049396,0.4146426506312326,0.1813082709311855,0.2313961556040544,7.637460814294978,execution_stress,,KRW100M,R5,,50,bimonth,0.5,3,66666.66666666667,0.0025,0.05,True
A0_bimonth__KRW100M_R5,A0_bimonth,diagnostics,2021,2021-01-04,2021-12-31,252,-0.1451081571433056,-0.3181230719267225,-0.1977405779696694,-0.1451081571433056,0.2861550585808201,-0.4312632157241257,10.948821473570291,execution_stress,,KRW100M,R5,,50,bimonth,0.5,3,66666.66666666667,0.0025,0.05,True
A0_bimonth__KRW100M_R5,A0_bimonth,diagnostics,2022,2022-01-03,2022-12-30,251,-0.1257325547136831,-0.3146887672473019,-0.1426281555804939,-0.1252662621648347,-0.180528833522089,0.0547962788084058,10.087852447949343,execution_stress,,KRW100M,R5,,50,bimonth,0.5,3,66666.66666666667,0.0025,0.05,True
A0_bimonth__KRW100M_R5,A0_bimonth,diagnostics,2023,2023-01-03,2023-12-29,250,0.234181696017814,-0.3112958078334693,0.8439934810178669,0.2321224484505444,0.2494116142532503,-0.0152299182354362,8.159493113187006,execution_stress,,KRW100M,R5,,50,bimonth,0.5,3,66666.66666666667,0.0025,0.05,True
A0_bimonth__KRW100M_R5,A0_bimonth,diagnostics,2024,2024-01-02,2024-12-31,252,0.5598718626431112,-0.3365079339461051,1.062560832073541,0.5598718626431112,0.2643074461050603,0.2955644165380509,10.49547450211941,execution_stress,,KRW100M,R5,,50,bimonth,0.5,3,66666.66666666667,0.0025,0.05,True
A0_bimonth__KRW100M_R5,A0_bimonth,diagnostics,2025,2025-01-02,2025-12-31,250,0.7106169268635725,-0.3153257724192544,1.3134777572404222,0.703343926684054,0.1785790013706134,0.532037925492959,6.929822275957311,execution_stress,,KRW100M,R5,,50,bimonth,0.5,3,66666.66666666667,0.0025,0.05,True
A0_bimonth__KRW100M_R5,A0_bimonth,diagnostics,2026,2026-01-02,2026-09-22,181,-0.091613703479085,-0.3728694955961896,0.0928601931489035,-0.066686228267538,0.193982242745804,-0.285595946224889,12.8465194609988,execution_stress,,KRW100M,R5,,50,bimonth,0.5,3,66666.66666666667,0.0025,0.05,True
A0_bimonth__KRW100M_UNLIMITED,A0_bimonth,diagnostics,full,2017-01-04,2026-09-22,2442,0.1617871651384828,-0.4492893996796298,0.5764147314555941,3.276687502673366,0.1534966939059092,0.0082904712325735,9.031702520483764,execution_stress,,KRW100M,UNLIMITED,,50,bimonth,0.5,3,66666.66666666667,0.0025,0.0,True
A0_bimonth__KRW100M_UNLIMITED,A0_bimonth,diagnostics,2017_2022,2017-01-04,2022-12-30,1509,0.0444867710071925,-0.4492893996796298,0.2982420691510198,0.2977547513842702,0.1124281175972994,-0.0679413465901068,8.889618121445269,execution_stress,,KRW100M,UNLIMITED,,50,bimonth,0.5,3,66666.66666666667,0.0025,0.0,True
A0_bimonth__KRW100M_UNLIMITED,A0_bimonth,diagnostics,2023_2026,2023-01-03,2026-09-22,933,0.3800250824092417,-0.365524025961421,0.9093164253656372,2.295451238465184,0.2231529414345989,0.1568721409746427,9.261504619250202,execution_stress,,KRW100M,UNLIMITED,,50,bimonth,0.5,3,66666.66666666667,0.0025,0.0,True
A0_bimonth__KRW100M_UNLIMITED,A0_bimonth,diagnostics,2017,2017-01-04,2017-12-29,250,-0.0703956175877912,-0.2316616030631282,-0.2406130923747926,-0.0698569094334836,0.2120011745455907,-0.282396792133382,9.934206490067396,execution_stress,,KRW100M,UNLIMITED,,50,bimonth,0.5,3,66666.66666666667,0.0025,0.0,True
A0_bimonth__KRW100M_UNLIMITED,A0_bimonth,diagnostics,2018,2018-01-02,2018-12-31,251,-0.3403732337102466,-0.4177052889368975,-1.4437143068762348,-0.3392832140964248,-0.0642984107744514,-0.2760748229357952,8.928374858506405,execution_stress,,KRW100M,UNLIMITED,,50,bimonth,0.5,3,66666.66666666667,0.0025,0.0,True
A0_bimonth__KRW100M_UNLIMITED,A0_bimonth,diagnostics,2019,2019-01-02,2019-12-31,252,1.0311406256418074,-0.1302321832281988,2.959780249932156,1.0311406256418074,0.3401954545671213,0.6909451710746861,5.91755818462229,execution_stress,,KRW100M,UNLIMITED,,50,bimonth,0.5,3,66666.66666666667,0.0025,0.0,True
A0_bimonth__KRW100M_UNLIMITED,A0_bimonth,diagnostics,2020,2020-01-02,2020-12-31,253,0.3844046186239267,-0.3728240100760212,0.978469414932135,0.3861926990456212,0.1813082709311855,0.2030963476927412,7.611089677093574,execution_stress,,KRW100M,UNLIMITED,,50,bimonth,0.5,3,66666.66666666667,0.0025,0.0,True
A0_bimonth__KRW100M_UNLIMITED,A0_bimonth,diagnostics,2021,2021-01-04,2021-12-31,252,-0.1440587500620279,-0.3056137456589716,-0.1982911448199297,-0.1440587500620279,0.2861550585808201,-0.4302138086428481,10.908268443872965,execution_stress,,KRW100M,UNLIMITED,,50,bimonth,0.5,3,66666.66666666667,0.0025,0.0,True
A0_bimonth__KRW100M_UNLIMITED,A0_bimonth,diagnostics,2022,2022-01-03,2022-12-30,251,-0.1242273855012956,-0.3143904014610454,-0.1380169010539375,-0.1237662713672985,-0.180528833522089,0.0563014480207934,10.05635870347998,execution_stress,,KRW100M,UNLIMITED,,50,bimonth,0.5,3,66666.66666666667,0.0025,0.0,True
A0_bimonth__KRW100M_UNLIMITED,A0_bimonth,diagnostics,2023,2023-01-03,2023-12-29,250,0.2143069695756772,-0.3201318331826022,0.7890150792366976,0.2124370912428075,0.2494116142532503,-0.0351046446775731,7.947917938735266,execution_stress,,KRW100M,UNLIMITED,,50,bimonth,0.5,3,66666.66666666667,0.0025,0.0,True
A0_bimonth__KRW100M_UNLIMITED,A0_bimonth,diagnostics,2024,2024-01-02,2024-12-31,252,0.5812277406186444,-0.3375740401190092,1.087085920552818,0.5812277406186444,0.2643074461050603,0.316920294513584,10.717994120382826,execution_stress,,KRW100M,UNLIMITED,,50,bimonth,0.5,3,66666.66666666667,0.0025,0.0,True
A0_bimonth__KRW100M_UNLIMITED,A0_bimonth,diagnostics,2025,2025-01-02,2025-12-31,250,0.782993846156137,-0.3096802126074851,1.4117971206074529,0.7748293073833066,0.1785790013706134,0.6044148447855235,6.596378112470513,execution_stress,,KRW100M,UNLIMITED,,50,bimonth,0.5,3,66666.66666666667,0.0025,0.0,True
A0_bimonth__KRW100M_UNLIMITED,A0_bimonth,diagnostics,2026,2026-01-02,2026-09-22,181,-0.0435682136298734,-0.3655240259614217,0.1796672462757976,-0.0314887726955295,0.193982242745804,-0.2375504563756774,12.729145185759783,execution_stress,,KRW100M,UNLIMITED,,50,bimonth,0.5,3,66666.66666666667,0.0025,0.0,True
A2_event__USD100K_C50,A2_event,diagnostics,full,2017-01-04,2026-09-22,2442,0.1242106332129415,-0.6302729539724441,0.4950084489160164,2.10984194306798,0.1534966939059092,-0.0292860606929676,14.896532254626528,execution_stress,,USD100K,C50,,50,event,0.5,3,100000.0,0.005,0.01,True
A2_event__USD100K_C50,A2_event,diagnostics,2017_2022,2017-01-04,2022-12-30,1509,0.0671190558716834,-0.5517598970538204,0.3611020012186521,0.4755073739638034,0.1124281175972994,-0.0453090617256159,14.71849118143683,execution_stress,,USD100K,C50,,50,event,0.5,3,100000.0,0.005,0.01,True
A2_event__USD100K_C50,A2_event,diagnostics,2023_2026,2023-01-03,2026-09-22,933,0.223084341551085,-0.426395028475909,0.6734609090117223,1.107642427237551,0.2231529414345989,-6.85998835139312e-05,15.184489360139136,execution_stress,,USD100K,C50,,50,event,0.5,3,100000.0,0.005,0.01,True
A2_event__USD100K_C50,A2_event,diagnostics,2017,2017-01-04,2017-12-29,250,0.0603475663511485,-0.1876844729479764,0.3924688836289735,0.0598545625977939,0.2120011745455907,-0.1516536081944421,12.152379804492602,execution_stress,,USD100K,C50,,50,event,0.5,3,100000.0,0.005,0.01,True
A2_event__USD100K_C50,A2_event,diagnostics,2018,2018-01-02,2018-12-31,251,-0.1990311517523425,-0.3657395450841575,-0.6561590947902735,-0.1983254378721999,-0.0642984107744514,-0.1347327409778911,13.669405404314949,execution_stress,,USD100K,C50,,50,event,0.5,3,100000.0,0.005,0.01,True
A2_event__USD100K_C50,A2_event,diagnostics,2019,2019-01-02,2019-12-31,252,0.7412421527829978,-0.1175011573336259,2.585974763106192,0.7412421527829978,0.3401954545671213,0.4010466982158764,10.89466226761217,execution_stress,,USD100K,C50,,50,event,0.5,3,100000.0,0.005,0.01,True
A2_event__USD100K_C50,A2_event,diagnostics,2020,2020-01-02,2020-12-31,253,0.4121145967786217,-0.3990775619077773,0.9616838918079588,0.4140496683165942,0.1813082709311855,0.2308063258474362,12.266046733614925,execution_stress,,USD100K,C50,,50,event,0.5,3,100000.0,0.005,0.01,True
A2_event__USD100K_C50,A2_event,diagnostics,2021,2021-01-04,2021-12-31,252,-0.0126899456955371,-0.3963870538041876,0.1758036702052209,-0.0126899456955371,0.2861550585808201,-0.2988450042763573,17.425398145277292,execution_stress,,USD100K,C50,,50,event,0.5,3,100000.0,0.005,0.01,True
A2_event__USD100K_C50,A2_event,diagnostics,2022,2022-01-03,2022-12-30,251,-0.2865925874420398,-0.3398057413100034,-0.576267007860872,-0.2856359166155172,-0.180528833522089,-0.1060637539199508,21.916822460275903,execution_stress,,USD100K,C50,,50,event,0.5,3,100000.0,0.005,0.01,True
A2_event__USD100K_C50,A2_event,diagnostics,2023,2023-01-03,2023-12-29,250,0.0496755143236407,-0.3357627753816672,0.3144157123249854,0.0492717078472868,0.2494116142532503,-0.1997360999296096,14.152573454224264,execution_stress,,USD100K,C50,,50,event,0.5,3,100000.0,0.005,0.01,True
A2_event__USD100K_C50,A2_event,diagnostics,2024,2024-01-02,2024-12-31,252,0.7372107014983964,-0.2908464623865011,1.503059794648426,0.7372107014983964,0.2643074461050603,0.4729032553933361,14.457930916637348,execution_stress,,USD100K,C50,,50,event,0.5,3,100000.0,0.005,0.01,True
A2_event__USD100K_C50,A2_event,diagnostics,2025,2025-01-02,2025-12-31,250,0.1449237978288189,-0.4263950284759091,0.5207805100970752,0.1436946819270328,0.1785790013706134,-0.0336552035417945,14.770562632795444,execution_stress,,USD100K,C50,,50,event,0.5,3,100000.0,0.005,0.01,True
A2_event__USD100K_C50,A2_event,diagnostics,2026,2026-01-02,2026-09-22,181,0.015332314069044,-0.3538188138457462,0.273510686191063,0.010988863897015,0.193982242745804,-0.17864992867676,18.19307160365897,execution_stress,,USD100K,C50,,50,event,0.5,3,100000.0,0.005,0.01,True
A2_event__USD100K_R5,A2_event,diagnostics,full,2017-01-04,2026-09-22,2442,0.1919448807283519,-0.541755912971275,0.63998029009178,4.48224734882003,0.1534966939059092,0.0384481868224426,15.068814955361344,execution_stress,,USD100K,R5,,50,event,0.5,3,100000.0,0.0025,0.05,True
A2_event__USD100K_R5,A2_event,diagnostics,2017_2022,2017-01-04,2022-12-30,1509,0.098541518894071,-0.4999937790523899,0.4449507336376281,0.7555489475009372,0.1124281175972994,-0.0138865987032283,14.723640858640003,execution_stress,,USD100K,R5,,50,event,0.5,3,100000.0,0.0025,0.05,True
A2_event__USD100K_R5,A2_event,diagnostics,2023_2026,2023-01-03,2026-09-22,933,0.3601131511391311,-0.4652599378782772,0.8891260230404393,2.122810877260999,0.2231529414345989,0.1369602097045321,15.627086886714512,execution_stress,,USD100K,R5,,50,event,0.5,3,100000.0,0.0025,0.05,True
A2_event__USD100K_R5,A2_event,diagnostics,2017,2017-01-04,2017-12-29,250,0.1011443719388331,-0.1712615762458105,0.5811739711877497,0.1003026681226442,0.2120011745455907,-0.1108568026067575,12.145766878697016,execution_stress,,USD100K,R5,,50,event,0.5,3,100000.0,0.0025,0.05,True
A2_event__USD100K_R5,A2_event,diagnostics,2018,2018-01-02,2018-12-31,251,-0.1735205278708653,-0.3578185524034518,-0.5444402398763311,-0.1728952493084491,-0.0642984107744514,-0.1092221170964139,13.619722916275196,execution_stress,,USD100K,R5,,50,event,0.5,3,100000.0,0.0025,0.05,True
A2_event__USD100K_R5,A2_event,diagnostics,2019,2019-01-02,2019-12-31,252,0.7776362188052477,-0.1156406044934511,2.6618800050874003,0.7776362188052477,0.3401954545671213,0.4374407642381264,10.777513900991078,execution_stress,,USD100K,R5,,50,event,0.5,3,100000.0,0.0025,0.05,True
A2_event__USD100K_R5,A2_event,diagnostics,2020,2020-01-02,2020-12-31,253,0.4755712351198853,-0.4260800146926682,1.0499204065062904,0.4778510258042157,0.1813082709311855,0.2942629641886998,12.75217813987346,execution_stress,,USD100K,R5,,50,event,0.5,3,100000.0,0.0025,0.05,True
A2_event__USD100K_R5,A2_event,diagnostics,2021,2021-01-04,2021-12-31,252,-0.0960296660287418,-0.3627806489771404,-0.0663382121378292,-0.0960296660287418,0.2861550585808201,-0.382184724609562,18.95421854027979,execution_stress,,USD100K,R5,,50,event,0.5,3,100000.0,0.0025,0.05,True
A2_event__USD100K_R5,A2_event,diagnostics,2022,2022-01-03,2022-12-30,251,-0.1883798429695846,-0.2942307663031156,-0.2895713690120081,-0.1877073277504822,-0.180528833522089,-0.0078510094474956,20.09674995792905,execution_stress,,USD100K,R5,,50,event,0.5,3,100000.0,0.0025,0.05,True
A2_event__USD100K_R5,A2_event,diagnostics,2023,2023-01-03,2023-12-29,250,0.1075232283479523,-0.3297015632385333,0.4636297933541916,0.1066259163716756,0.2494116142532503,-0.1418883859052979,14.023110885597342,execution_stress,,USD100K,R5,,50,event,0.5,3,100000.0,0.0025,0.05,True
A2_event__USD100K_R5,A2_event,diagnostics,2024,2024-01-02,2024-12-31,252,0.8175222446058812,-0.3007944804988017,1.6087810073786253,0.8175222446058812,0.2643074461050603,0.5532147985008209,15.744803439903816,execution_stress,,USD100K,R5,,50,event,0.5,3,100000.0,0.0025,0.05,True
A2_event__USD100K_R5,A2_event,diagnostics,2025,2025-01-02,2025-12-31,250,0.2596215383182867,-0.4527374262133572,0.6940825953693113,0.2573162306208547,0.1785790013706134,0.0810425369476732,15.396076760456868,execution_stress,,USD100K,R5,,50,event,0.5,3,100000.0,0.0025,0.05,True
A2_event__USD100K_R5,A2_event,diagnostics,2026,2026-01-02,2026-09-22,181,0.3414057331554219,-0.3419212390616103,0.8140989936318003,0.2348681512908346,0.193982242745804,0.1474234904096178,17.997705452681355,execution_stress,,USD100K,R5,,50,event,0.5,3,100000.0,0.0025,0.05,True
A2_event__USD100K_UNLIMITED,A2_event,diagnostics,full,2017-01-04,2026-09-22,2442,0.1795626763805877,-0.6487990095941119,0.608785904955491,3.954625778044704,0.1534966939059092,0.0260659824746785,15.42158553219627,execution_stress,,USD100K,UNLIMITED,,50,event,0.5,3,100000.0,0.0025,0.0,True
A2_event__USD100K_UNLIMITED,A2_event,diagnostics,2017_2022,2017-01-04,2022-12-30,1509,0.0449161075822597,-0.5933060160634633,0.3020750928464935,0.3009523320915488,0.1124281175972994,-0.0675120100150397,15.518543217619746,execution_stress,,USD100K,UNLIMITED,,50,event,0.5,3,100000.0,0.0025,0.0,True
A2_event__USD100K_UNLIMITED,A2_event,diagnostics,2023_2026,2023-01-03,2026-09-22,933,0.435021403959023,-0.4412912101700409,0.9900834821548146,2.80846066056787,0.2231529414345989,0.211868462524424,15.264769725868272,execution_stress,,USD100K,UNLIMITED,,50,event,0.5,3,100000.0,0.0025,0.0,True
A2_event__USD100K_UNLIMITED,A2_event,diagnostics,2017,2017-01-04,2017-12-29,250,0.1011443719388331,-0.1712615762458105,0.5811739711877497,0.1003026681226442,0.2120011745455907,-0.1108568026067575,12.145766878697016,execution_stress,,USD100K,UNLIMITED,,50,event,0.5,3,100000.0,0.0025,0.0,True
A2_event__USD100K_UNLIMITED,A2_event,diagnostics,2018,2018-01-02,2018-12-31,251,-0.1735205278708653,-0.3578185524034518,-0.5444402398763311,-0.1728952493084491,-0.0642984107744514,-0.1092221170964139,13.619722916275196,execution_stress,,USD100K,UNLIMITED,,50,event,0.5,3,100000.0,0.0025,0.0,True
A2_event__USD100K_UNLIMITED,A2_event,diagnostics,2019,2019-01-02,2019-12-31,252,0.7802183375757936,-0.115527723701192,2.6687665987020504,0.7802183375757936,0.3401954545671213,0.4400228830086723,10.788937535119512,execution_stress,,USD100K,UNLIMITED,,50,event,0.5,3,100000.0,0.0025,0.0,True
A2_event__USD100K_UNLIMITED,A2_event,diagnostics,2020,2020-01-02,2020-12-31,253,0.4760599456276755,-0.4255701726315479,1.0505965665988397,0.4783424340273186,0.1813082709311855,0.29475167469649,12.722693242534731,execution_stress,,USD100K,UNLIMITED,,50,event,0.5,3,100000.0,0.0025,0.0,True
A2_event__USD100K_UNLIMITED,A2_event,diagnostics,2021,2021-01-04,2021-12-31,252,-0.2020384427840212,-0.4143471782358093,-0.3724720598048436,-0.2020384427840212,0.2861550585808201,-0.4881935013648414,20.313342732369325,execution_stress,,USD100K,UNLIMITED,,50,event,0.5,3,100000.0,0.0025,0.0,True
A2_event__USD100K_UNLIMITED,A2_event,diagnostics,2022,2022-01-03,2022-12-30,251,-0.3203381147272008,-0.3758756125069804,-0.6502998337565241,-0.319295815858069,-0.180528833522089,-0.1398092812051118,23.52937659745176,execution_stress,,USD100K,UNLIMITED,,50,event,0.5,3,100000.0,0.0025,0.0,True
A2_event__USD100K_UNLIMITED,A2_event,diagnostics,2023,2023-01-03,2023-12-29,250,0.0887690500933024,-0.3359825498506349,0.4166234003737976,0.0880343984254841,0.2494116142532503,-0.1606425641599478,14.177330366471908,execution_stress,,USD100K,UNLIMITED,,50,event,0.5,3,100000.0,0.0025,0.0,True
A2_event__USD100K_UNLIMITED,A2_event,diagnostics,2024,2024-01-02,2024-12-31,252,0.8801237286304633,-0.2917742936351738,1.7086159520546975,0.8801237286304633,0.2643074461050603,0.615816282525403,14.859107144760191,execution_stress,,USD100K,UNLIMITED,,50,event,0.5,3,100000.0,0.0025,0.0,True
A2_event__USD100K_UNLIMITED,A2_event,diagnostics,2025,2025-01-02,2025-12-31,250,0.3912918662085534,-0.4341184122287844,0.871587120869036,0.3876502111942983,0.1785790013706134,0.2127128648379399,13.812808429744589,execution_stress,,USD100K,UNLIMITED,,50,event,0.5,3,100000.0,0.0025,0.0,True
A2_event__USD100K_UNLIMITED,A2_event,diagnostics,2026,2026-01-02,2026-09-22,181,0.5055989456779311,-0.3610601306107635,0.9825156588558006,0.3416536340316645,0.193982242745804,0.311616702932127,19.337019086748093,execution_stress,,USD100K,UNLIMITED,,50,event,0.5,3,100000.0,0.0025,0.0,True
A2_event__KRW50M_R1,A2_event,diagnostics,full,2017-01-04,2026-09-22,2442,0.2048807278357931,-0.6263984505414257,0.664283053474811,5.086764029740806,0.1534966939059092,0.0513840339298838,14.694376444620552,execution_stress,,KRW50M,R1,,50,event,0.5,3,33333.333333333336,0.0025,0.01,True
A2_event__KRW50M_R1,A2_event,diagnostics,2017_2022,2017-01-04,2022-12-30,1509,0.0830996165373845,-0.5715690614082549,0.4031163962272803,0.6128637959334653,0.1124281175972994,-0.0293285010599149,14.812998420797385,execution_stress,,KRW50M,R1,,50,event,0.5,3,33333.333333333336,0.0025,0.01,True
A2_event__KRW50M_R1,A2_event,diagnostics,2023_2026,2023-01-03,2026-09-22,933,0.4314909517302143,-0.4437163211778977,0.9971285322150923,2.773885956822548,0.2231529414345989,0.2083380102956153,14.502521608553192,execution_stress,,KRW50M,R1,,50,event,0.5,3,33333.333333333336,0.0025,0.01,True
A2_event__KRW50M_R1,A2_event,diagnostics,2017,2017-01-04,2017-12-29,250,0.1010359713756929,-0.1713471467742924,0.5826894184409294,0.1001952100421457,0.2120011745455907,-0.1109652031698977,11.755894690370196,execution_stress,,KRW50M,R1,,50,event,0.5,3,33333.333333333336,0.0025,0.01,True
A2_event__KRW50M_R1,A2_event,diagnostics,2018,2018-01-02,2018-12-31,251,-0.1698945706817869,-0.3567625387405162,-0.5317569047762825,-0.1692809798979034,-0.0642984107744514,-0.1055961599073355,13.007799234042867,execution_stress,,KRW50M,R1,,50,event,0.5,3,33333.333333333336,0.0025,0.01,True
A2_event__KRW50M_R1,A2_event,diagnostics,2019,2019-01-02,2019-12-31,252,0.7661831602062756,-0.1167291826272465,2.6390711482871865,0.7661831602062756,0.3401954545671213,0.4259877056391543,10.218264049268218,execution_stress,,KRW50M,R1,,50,event,0.5,3,33333.333333333336,0.0025,0.01,True
A2_event__KRW50M_R1,A2_event,diagnostics,2020,2020-01-02,2020-12-31,253,0.4366420507588349,-0.3907912956600418,1.0035810123591755,0.4387090426403492,0.1813082709311855,0.2553337798276494,12.054928619235133,execution_stress,,KRW50M,R1,,50,event,0.5,3,33333.333333333336,0.0025,0.01,True
A2_event__KRW50M_R1,A2_event,diagnostics,2021,2021-01-04,2021-12-31,252,0.0183472203262109,-0.3765511602782051,0.2499789968323736,0.0183472203262109,0.2861550585808201,-0.2678078382546092,18.44871312147269,execution_stress,,KRW50M,R1,,50,event,0.5,3,33333.333333333336,0.0025,0.01,True
A2_event__KRW50M_R1,A2_event,diagnostics,2022,2022-01-03,2022-12-30,251,-0.3190630202879227,-0.3718084449532662,-0.6473872615013052,-0.3180238383813758,-0.180528833522089,-0.1385341867658337,23.406008561564743,execution_stress,,KRW50M,R1,,50,event,0.5,3,33333.333333333336,0.0025,0.01,True
A2_event__KRW50M_R1,A2_event,diagnostics,2023,2023-01-03,2023-12-29,250,0.0980898838880954,-0.3323300781452822,0.440464132458449,0.0972747049691356,0.2494116142532503,-0.1513217303651548,13.52937613374718,execution_stress,,KRW50M,R1,,50,event,0.5,3,33333.333333333336,0.0025,0.01,True
A2_event__KRW50M_R1,A2_event,diagnostics,2024,2024-01-02,2024-12-31,252,0.8850190605005588,-0.2878925170582214,1.724052292156645,0.8850190605005588,0.2643074461050603,0.6207116143954985,14.255228853142013,execution_stress,,KRW50M,R1,,50,event,0.5,3,33333.333333333336,0.0025,0.01,True
A2_event__KRW50M_R1,A2_event,diagnostics,2025,2025-01-02,2025-12-31,250,0.5110193872386006,-0.4303841352926538,1.017151057536332,0.5060772853749287,0.1785790013706134,0.3324403858679872,14.173787530158064,execution_stress,,KRW50M,R1,,50,event,0.5,3,33333.333333333336,0.0025,0.01,True
A2_event__KRW50M_R1,A2_event,diagnostics,2026,2026-01-02,2026-09-22,181,0.3061413239466894,-0.3336837978659602,0.76206912705169,0.2114636840413326,0.193982242745804,0.1121590812008854,16.6449948829394,execution_stress,,KRW50M,R1,,50,event,0.5,3,33333.333333333336,0.0025,0.01,True
A2_event__KRW50M_C50,A2_event,diagnostics,full,2017-01-04,2026-09-22,2442,0.1391415659659307,-0.6715392656531518,0.5252530875386564,2.533986170074693,0.1534966939059092,-0.0143551279399785,14.789826672745646,execution_stress,,KRW50M,C50,,50,event,0.5,3,33333.333333333336,0.005,0.01,True
A2_event__KRW50M_C50,A2_event,diagnostics,2017_2022,2017-01-04,2022-12-30,1509,0.0417189089681979,-0.6013407570627343,0.2933112484777001,0.277297224431408,0.1124281175972994,-0.0707092086291014,14.708049536697551,execution_stress,,KRW50M,C50,,50,event,0.5,3,33333.333333333336,0.005,0.01,True
A2_event__KRW50M_C50,A2_event,diagnostics,2023_2026,2023-01-03,2026-09-22,933,0.3163619213024107,-0.4698359239023669,0.8199668098555372,1.7667688479068384,0.2231529414345989,0.0932089798678117,14.92209001497134,execution_stress,,KRW50M,C50,,50,event,0.5,3,33333.333333333336,0.005,0.01,True
A2_event__KRW50M_C50,A2_event,diagnostics,2017,2017-01-04,2017-12-29,250,0.0684856164159322,-0.1828426176448002,0.4322545479920636,0.0679240261052307,0.2120011745455907,-0.1435155581296585,11.754706732726016,execution_stress,,KRW50M,C50,,50,event,0.5,3,33333.333333333336,0.005,0.01,True
A2_event__KRW50M_C50,A2_event,diagnostics,2018,2018-01-02,2018-12-31,251,-0.1988386143749188,-0.3652765324868644,-0.657939018028902,-0.1981334956567707,-0.0642984107744514,-0.1345402036004673,12.940589521859604,execution_stress,,KRW50M,C50,,50,event,0.5,3,33333.333333333336,0.005,0.01,True
A2_event__KRW50M_C50,A2_event,diagnostics,2019,2019-01-02,2019-12-31,252,0.7067963959307346,-0.1155414047445213,2.482454519721505,0.7067963959307346,0.3401954545671213,0.3666009413636133,9.972678303151843,execution_stress,,KRW50M,C50,,50,event,0.5,3,33333.333333333336,0.005,0.01,True
A2_event__KRW50M_C50,A2_event,diagnostics,2020,2020-01-02,2020-12-31,253,0.38997509151517,-0.4030680178438559,0.9336929245825883,0.391792544941637,0.1813082709311855,0.2086668205839845,11.897898603550258,execution_stress,,KRW50M,C50,,50,event,0.5,3,33333.333333333336,0.005,0.01,True
A2_event__KRW50M_C50,A2_event,diagnostics,2021,2021-01-04,2021-12-31,252,-0.0254120514629991,-0.4010731995831816,0.1427312623504576,-0.0254120514629991,0.2861550585808201,-0.3115671100438193,18.396527633957646,execution_stress,,KRW50M,C50,,50,event,0.5,3,33333.333333333336,0.005,0.01,True
A2_event__KRW50M_C50,A2_event,diagnostics,2022,2022-01-03,2022-12-30,251,-0.3568509822765731,-0.3909424102393722,-0.7774559070500331,-0.3557235175686315,-0.180528833522089,-0.176322148754484,23.300692648838773,execution_stress,,KRW50M,C50,,50,event,0.5,3,33333.333333333336,0.005,0.01,True
A2_event__KRW50M_C50,A2_event,diagnostics,2023,2023-01-03,2023-12-29,250,0.0697944795320788,-0.3377214685669917,0.3673559422848652,0.0692218126412385,0.2494116142532503,-0.1796171347211714,13.374290372809789,execution_stress,,KRW50M,C50,,50,event,0.5,3,33333.333333333336,0.005,0.01,True
A2_event__KRW50M_C50,A2_event,diagnostics,2024,2024-01-02,2024-12-31,252,0.7509206856026678,-0.2996907219480775,1.5236726592367202,0.7509206856026678,0.2643074461050603,0.4866132394976075,14.916621008234154,execution_stress,,KRW50M,C50,,50,event,0.5,3,33333.333333333336,0.005,0.01,True
A2_event__KRW50M_C50,A2_event,diagnostics,2025,2025-01-02,2025-12-31,250,0.2604765496479007,-0.4575111847740022,0.6957981101698478,0.2581629014786153,0.1785790013706134,0.0818975482772872,14.970555810744507,execution_stress,,KRW50M,C50,,50,event,0.5,3,33333.333333333336,0.005,0.01,True
A2_event__KRW50M_C50,A2_event,diagnostics,2026,2026-01-02,2026-09-22,181,0.2511855766720472,-0.3412001954086358,0.6836076368933987,0.1746317033234845,0.193982242745804,0.0572033339262432,17.000607425440215,execution_stress,,KRW50M,C50,,50,event,0.5,3,33333.333333333336,0.005,0.01,True
A2_event__KRW50M_R5,A2_event,diagnostics,full,2017-01-04,2026-09-22,2442,0.1770087764829082,-0.6486380909978229,0.6038019767488196,3.851644931043727,0.1534966939059092,0.0235120825769989,14.7948598195503,execution_stress,,KRW50M,R5,,50,event,0.5,3,33333.333333333336,0.0025,0.05,True
A2_event__KRW50M_R5,A2_event,diagnostics,2017_2022,2017-01-04,2022-12-30,1509,0.0419935536422977,-0.5937337109192684,0.2940550527349241,0.2793150651239711,0.1124281175972994,-0.0704345639550017,14.862280768636412,execution_stress,,KRW50M,R5,,50,event,0.5,3,33333.333333333336,0.0025,0.05,True
A2_event__KRW50M_R5,A2_event,diagnostics,2023_2026,2023-01-03,2026-09-22,933,0.4333820028068829,-0.4408130338141497,0.9885958041854744,2.7923769236420144,0.2231529414345989,0.2102290613722839,14.685815647877265,execution_stress,,KRW50M,R5,,50,event,0.5,3,33333.333333333336,0.0025,0.05,True
A2_event__KRW50M_R5,A2_event,diagnostics,2017,2017-01-04,2017-12-29,250,0.0972675709050867,-0.1729077534824347,0.5654154676957673,0.096459521464679,0.2120011745455907,-0.114733603640504,11.639506817207142,execution_stress,,KRW50M,R5,,50,event,0.5,3,33333.333333333336,0.0025,0.05,True
A2_event__KRW50M_R5,A2_event,diagnostics,2018,2018-01-02,2018-12-31,251,-0.1716210984793136,-0.3566918696320281,-0.5383529467131094,-0.171001934638451,-0.0642984107744514,-0.1073226877048622,12.914263790156385,execution_stress,,KRW50M,R5,,50,event,0.5,3,33333.333333333336,0.0025,0.05,True
A2_event__KRW50M_R5,A2_event,diagnostics,2019,2019-01-02,2019-12-31,252,0.7684912292991639,-0.112465645368096,2.636920473792566,0.7684912292991639,0.3401954545671213,0.4282957747320426,9.717168421858483,execution_stress,,KRW50M,R5,,50,event,0.5,3,33333.333333333336,0.0025,0.05,True
A2_event__KRW50M_R5,A2_event,diagnostics,2020,2020-01-02,2020-12-31,253,0.4706659712073562,-0.4304876525718655,1.0442654672071892,0.472918720310453,0.1813082709311855,0.2893577002761707,12.135399379472272,execution_stress,,KRW50M,R5,,50,event,0.5,3,33333.333333333336,0.0025,0.05,True
A2_event__KRW50M_R5,A2_event,diagnostics,2021,2021-01-04,2021-12-31,252,-0.2039909938470394,-0.415127154142809,-0.3791326637834367,-0.2039909938470394,0.2861550585808201,-0.4901460524278596,19.80032405463913,execution_stress,,KRW50M,R5,,50,event,0.5,3,33333.333333333336,0.0025,0.05,True
A2_event__KRW50M_R5,A2_event,diagnostics,2022,2022-01-03,2022-12-30,251,-0.3222627929139111,-0.3757202438390736,-0.6586303430831895,-0.3212158071180514,-0.180528833522089,-0.1417339593918221,22.976735526523616,execution_stress,,KRW50M,R5,,50,event,0.5,3,33333.333333333336,0.0025,0.05,True
A2_event__KRW50M_R5,A2_event,diagnostics,2023,2023-01-03,2023-12-29,250,0.0934519355638385,-0.3372367351170621,0.4287423006500085,0.0926769042942725,0.2494116142532503,-0.1559596786894117,13.62866352135687,execution_stress,,KRW50M,R5,,50,event,0.5,3,33333.333333333336,0.0025,0.05,True
A2_event__KRW50M_R5,A2_event,diagnostics,2024,2024-01-02,2024-12-31,252,0.8644736148864784,-0.2892412633328375,1.691792143135539,0.8644736148864784,0.2643074461050603,0.6001661687814182,14.20011516516203,execution_stress,,KRW50M,R5,,50,event,0.5,3,33333.333333333336,0.0025,0.05,True
A2_event__KRW50M_R5,A2_event,diagnostics,2025,2025-01-02,2025-12-31,250,0.3897745455472485,-0.4336539385573045,0.8698340360567145,0.3861488662713583,0.1785790013706134,0.2111955441766351,13.318558726264136,execution_stress,,KRW50M,R5,,50,event,0.5,3,33333.333333333336,0.0025,0.05,True
A2_event__KRW50M_R5,A2_event,diagnostics,2026,2026-01-02,2026-09-22,181,0.5075946657272279,-0.3603483784239272,0.9858804934754616,0.3429307422673935,0.193982242745804,0.3136124229814239,18.71067080631716,execution_stress,,KRW50M,R5,,50,event,0.5,3,33333.333333333336,0.0025,0.05,True
A2_event__KRW50M_UNLIMITED,A2_event,diagnostics,full,2017-01-04,2026-09-22,2442,0.1770473675730914,-0.6486380909978229,0.6038807902198837,3.8531866433845297,0.1534966939059092,0.0235506736671822,14.80816071082647,execution_stress,,KRW50M,UNLIMITED,,50,event,0.5,3,33333.333333333336,0.0025,0.0,True
A2_event__KRW50M_UNLIMITED,A2_event,diagnostics,2017_2022,2017-01-04,2022-12-30,1509,0.0419935536422977,-0.5937337109192684,0.2940550527349241,0.2793150651239711,0.1124281175972994,-0.0704345639550017,14.862280768636412,execution_stress,,KRW50M,UNLIMITED,,50,event,0.5,3,33333.333333333336,0.0025,0.0,True
A2_event__KRW50M_UNLIMITED,A2_event,diagnostics,2023_2026,2023-01-03,2026-09-22,933,0.4335050140548147,-0.4409150657406687,0.9887645263586404,2.793582031267823,0.2231529414345989,0.2103520726202157,14.720628913146722,execution_stress,,KRW50M,UNLIMITED,,50,event,0.5,3,33333.333333333336,0.0025,0.0,True
A2_event__KRW50M_UNLIMITED,A2_event,diagnostics,2017,2017-01-04,2017-12-29,250,0.0972675709050867,-0.1729077534824347,0.5654154676957673,0.096459521464679,0.2120011745455907,-0.114733603640504,11.639506817207142,execution_stress,,KRW50M,UNLIMITED,,50,event,0.5,3,33333.333333333336,0.0025,0.0,True
A2_event__KRW50M_UNLIMITED,A2_event,diagnostics,2018,2018-01-02,2018-12-31,251,-0.1716210984793136,-0.3566918696320281,-0.5383529467131094,-0.171001934638451,-0.0642984107744514,-0.1073226877048622,12.914263790156385,execution_stress,,KRW50M,UNLIMITED,,50,event,0.5,3,33333.333333333336,0.0025,0.0,True
A2_event__KRW50M_UNLIMITED,A2_event,diagnostics,2019,2019-01-02,2019-12-31,252,0.7684912292991639,-0.112465645368096,2.636920473792566,0.7684912292991639,0.3401954545671213,0.4282957747320426,9.717168421858483,execution_stress,,KRW50M,UNLIMITED,,50,event,0.5,3,33333.333333333336,0.0025,0.0,True
A2_event__KRW50M_UNLIMITED,A2_event,diagnostics,2020,2020-01-02,2020-12-31,253,0.4706659712073562,-0.4304876525718655,1.0442654672071892,0.472918720310453,0.1813082709311855,0.2893577002761707,12.135399379472272,execution_stress,,KRW50M,UNLIMITED,,50,event,0.5,3,33333.333333333336,0.0025,0.0,True
A2_event__KRW50M_UNLIMITED,A2_event,diagnostics,2021,2021-01-04,2021-12-31,252,-0.2039909938470394,-0.415127154142809,-0.3791326637834367,-0.2039909938470394,0.2861550585808201,-0.4901460524278596,19.80032405463913,execution_stress,,KRW50M,UNLIMITED,,50,event,0.5,3,33333.333333333336,0.0025,0.0,True
A2_event__KRW50M_UNLIMITED,A2_event,diagnostics,2022,2022-01-03,2022-12-30,251,-0.3222627929139111,-0.3757202438390736,-0.6586303430831895,-0.3212158071180514,-0.180528833522089,-0.1417339593918221,22.976735526523616,execution_stress,,KRW50M,UNLIMITED,,50,event,0.5,3,33333.333333333336,0.0025,0.0,True
A2_event__KRW50M_UNLIMITED,A2_event,diagnostics,2023,2023-01-03,2023-12-29,250,0.0934519355638385,-0.3372367351170621,0.4287423006500085,0.0926769042942725,0.2494116142532503,-0.1559596786894117,13.62866352135687,execution_stress,,KRW50M,UNLIMITED,,50,event,0.5,3,33333.333333333336,0.0025,0.0,True
A2_event__KRW50M_UNLIMITED,A2_event,diagnostics,2024,2024-01-02,2024-12-31,252,0.8648303108878428,-0.2891771112457171,1.6925108049730355,0.8648303108878428,0.2643074461050603,0.6005228647827825,14.316134639313184,execution_stress,,KRW50M,UNLIMITED,,50,event,0.5,3,33333.333333333336,0.0025,0.0,True
A2_event__KRW50M_UNLIMITED,A2_event,diagnostics,2025,2025-01-02,2025-12-31,250,0.3895073308930588,-0.4337619754887803,0.8694551915812465,0.3858844637503791,0.1785790013706134,0.2109283295224453,13.31033356933829,execution_stress,,KRW50M,UNLIMITED,,50,event,0.5,3,33333.333333333336,0.0025,0.0,True
A2_event__KRW50M_UNLIMITED,A2_event,diagnostics,2026,2026-01-02,2026-09-22,181,0.5082605882536484,-0.3604620741125072,0.986604205272386,0.3433567757615623,0.193982242745804,0.3142783455078444,18.739953448536905,execution_stress,,KRW50M,UNLIMITED,,50,event,0.5,3,33333.333333333336,0.0025,0.0,True
A2_event__KRW100M_R1,A2_event,diagnostics,full,2017-01-04,2026-09-22,2442,0.1583507392771372,-0.609482145439008,0.5683674131692326,3.155667357437337,0.1534966939059092,0.004854045371228,15.114059729818408,execution_stress,,KRW100M,R1,,50,event,0.5,3,66666.66666666667,0.0025,0.01,True
A2_event__KRW100M_R1,A2_event,diagnostics,2017_2022,2017-01-04,2022-12-30,1509,0.0846566788884586,-0.5492613888368756,0.4068403495720161,0.6267979726493296,0.1124281175972994,-0.0277714387088408,15.020912014136352,execution_stress,,KRW100M,R1,,50,event,0.5,3,66666.66666666667,0.0025,0.01,True
A2_event__KRW100M_R1,A2_event,diagnostics,2023_2026,2023-01-03,2026-09-22,933,0.2882858057165849,-0.3899100105508953,0.7817444363470523,1.554507337299913,0.2231529414345989,0.0651328642819859,15.2647134307447,execution_stress,,KRW100M,R1,,50,event,0.5,3,66666.66666666667,0.0025,0.01,True
A2_event__KRW100M_R1,A2_event,diagnostics,2017,2017-01-04,2017-12-29,250,0.0946264538133625,-0.1756082167863497,0.5515979863780995,0.0938412701256508,0.2120011745455907,-0.1173747207322282,12.03694566320624,execution_stress,,KRW100M,R1,,50,event,0.5,3,66666.66666666667,0.0025,0.01,True
A2_event__KRW100M_R1,A2_event,diagnostics,2018,2018-01-02,2018-12-31,251,-0.1712764334462524,-0.3568657956304485,-0.5360166479863369,-0.1706583810130775,-0.0642984107744514,-0.106978022671801,13.486418674912404,execution_stress,,KRW100M,R1,,50,event,0.5,3,66666.66666666667,0.0025,0.01,True
A2_event__KRW100M_R1,A2_event,diagnostics,2019,2019-01-02,2019-12-31,252,0.7683994003111358,-0.1164206918221345,2.6479867065091915,0.7683994003111358,0.3401954545671213,0.4282039457440145,10.758056218683889,execution_stress,,KRW100M,R1,,50,event,0.5,3,66666.66666666667,0.0025,0.01,True
A2_event__KRW100M_R1,A2_event,diagnostics,2020,2020-01-02,2020-12-31,253,0.4415365011773344,-0.3927226449162465,1.0098278142492565,0.4436300186211472,0.1813082709311855,0.2602282302461489,12.340146650966869,execution_stress,,KRW100M,R1,,50,event,0.5,3,66666.66666666667,0.0025,0.01,True
A2_event__KRW100M_R1,A2_event,diagnostics,2021,2021-01-04,2021-12-31,252,0.0229145506518757,-0.3480355059979625,0.2622926704843821,0.0229145506518757,0.2861550585808201,-0.2632405079289444,18.1954032814528,execution_stress,,KRW100M,R1,,50,event,0.5,3,66666.66666666667,0.0025,0.01,True
A2_event__KRW100M_R1,A2_event,diagnostics,2022,2022-01-03,2022-12-30,251,-0.3143224662938244,-0.3735196674495208,-0.6093968479130577,-0.3132949554008329,-0.180528833522089,-0.1337936327717354,23.322310077283344,execution_stress,,KRW100M,R1,,50,event,0.5,3,66666.66666666667,0.0025,0.01,True
A2_event__KRW100M_R1,A2_event,diagnostics,2023,2023-01-03,2023-12-29,250,0.0888359508165541,-0.3330636081457039,0.4166588714155042,0.0881007233911541,0.2494116142532503,-0.1605756634366961,14.136893089627716,execution_stress,,KRW100M,R1,,50,event,0.5,3,66666.66666666667,0.0025,0.01,True
A2_event__KRW100M_R1,A2_event,diagnostics,2024,2024-01-02,2024-12-31,252,0.7833577865744887,-0.2879241613915447,1.570932622391349,0.7833577865744887,0.2643074461050603,0.5190503404694284,14.458668065017887,execution_stress,,KRW100M,R1,,50,event,0.5,3,66666.66666666667,0.0025,0.01,True
A2_event__KRW100M_R1,A2_event,diagnostics,2025,2025-01-02,2025-12-31,250,0.3102060509933015,-0.3899100105508949,0.7690616725073185,0.3073995590439782,0.1785790013706134,0.1316270496226881,14.355564062298878,execution_stress,,KRW100M,R1,,50,event,0.5,3,66666.66666666667,0.0025,0.01,True
A2_event__KRW100M_R1,A2_event,diagnostics,2026,2026-01-02,2026-09-22,181,0.0096354659139068,-0.3545611259308678,0.2679300919807037,0.0069113560743585,0.193982242745804,-0.1843467768318971,19.20043641170523,execution_stress,,KRW100M,R1,,50,event,0.5,3,66666.66666666667,0.0025,0.01,True
A2_event__KRW100M_C50,A2_event,diagnostics,full,2017-01-04,2026-09-22,2442,0.1447076962589164,-0.6516964330307926,0.5371027118900201,2.704918426998178,0.1534966939059092,-0.0087889976469928,14.99936732758938,execution_stress,,KRW100M,C50,,50,event,0.5,3,66666.66666666667,0.005,0.01,True
A2_event__KRW100M_C50,A2_event,diagnostics,2017_2022,2017-01-04,2022-12-30,1509,0.0450755461618788,-0.575350395702064,0.3028963446037892,0.3021414566554425,0.1124281175972994,-0.0673525714354206,14.949816442687856,execution_stress,,KRW100M,C50,,50,event,0.5,3,66666.66666666667,0.005,0.01,True
A2_event__KRW100M_C50,A2_event,diagnostics,2023_2026,2023-01-03,2026-09-22,933,0.3263444872225494,-0.3816674553340214,0.837598234949816,1.845250343625707,0.2231529414345989,0.1031915457879504,15.079509112494414,execution_stress,,KRW100M,C50,,50,event,0.5,3,66666.66666666667,0.005,0.01,True
A2_event__KRW100M_C50,A2_event,diagnostics,2017,2017-01-04,2017-12-29,250,0.0623162489047759,-0.1869550640326844,0.4021681870747911,0.0618066982475546,0.2120011745455907,-0.1496849256408148,12.010195425207083,execution_stress,,KRW100M,C50,,50,event,0.5,3,66666.66666666667,0.005,0.01,True
A2_event__KRW100M_C50,A2_event,diagnostics,2018,2018-01-02,2018-12-31,251,-0.1990056634355435,-0.3657242465455481,-0.6574728046805419,-0.1983000283331083,-0.0642984107744514,-0.134707252661092,13.483223554575586,execution_stress,,KRW100M,C50,,50,event,0.5,3,66666.66666666667,0.005,0.01,True
A2_event__KRW100M_C50,A2_event,diagnostics,2019,2019-01-02,2019-12-31,252,0.721222734052891,-0.1190388784476046,2.529556080564917,0.721222734052891,0.3401954545671213,0.3810272794857696,10.726418801338864,execution_stress,,KRW100M,C50,,50,event,0.5,3,66666.66666666667,0.005,0.01,True
A2_event__KRW100M_C50,A2_event,diagnostics,2020,2020-01-02,2020-12-31,253,0.3953440082077679,-0.399425396994109,0.9404784633107504,0.3971898561220182,0.1813082709311855,0.2140357372765824,12.279925404106503,execution_stress,,KRW100M,C50,,50,event,0.5,3,66666.66666666667,0.005,0.01,True
A2_event__KRW100M_C50,A2_event,diagnostics,2021,2021-01-04,2021-12-31,252,-0.0187186629393452,-0.3654219576430442,0.1619020462561247,-0.0187186629393452,0.2861550585808201,-0.3048737215201653,17.997290817181007,execution_stress,,KRW100M,C50,,50,event,0.5,3,66666.66666666667,0.005,0.01,True
A2_event__KRW100M_C50,A2_event,diagnostics,2022,2022-01-03,2022-12-30,251,-0.3529100422120176,-0.3930155112738031,-0.7387739692138531,-0.3517913826615922,-0.180528833522089,-0.1723812086899285,23.216092001632585,execution_stress,,KRW100M,C50,,50,event,0.5,3,66666.66666666667,0.005,0.01,True
A2_event__KRW100M_C50,A2_event,diagnostics,2023,2023-01-03,2023-12-29,250,0.0527341117124156,-0.3370374315699875,0.3225380180186531,0.0523048283225222,0.2494116142532503,-0.1966775025408347,14.0454437121075,execution_stress,,KRW100M,C50,,50,event,0.5,3,66666.66666666667,0.005,0.01,True
A2_event__KRW100M_C50,A2_event,diagnostics,2024,2024-01-02,2024-12-31,252,1.0556201616714942,-0.2817796001599207,1.810792177941588,1.0556201616714942,0.2643074461050603,0.7913127155664339,14.27444960730253,execution_stress,,KRW100M,C50,,50,event,0.5,3,66666.66666666667,0.005,0.01,True
A2_event__KRW100M_C50,A2_event,diagnostics,2025,2025-01-02,2025-12-31,250,0.3107158091488589,-0.3811327799392481,0.7701679345682428,0.3079041874729973,0.1785790013706134,0.1321368077782454,14.538576031766608,execution_stress,,KRW100M,C50,,50,event,0.5,3,66666.66666666667,0.005,0.01,True
A2_event__KRW100M_C50,A2_event,diagnostics,2026,2026-01-02,2026-09-22,181,0.0079178648652495,-0.3526360779232207,0.2676252098891275,0.0056807158233891,0.193982242745804,-0.1860643778805544,18.375777706897924,execution_stress,,KRW100M,C50,,50,event,0.5,3,66666.66666666667,0.005,0.01,True
A2_event__KRW100M_R5,A2_event,diagnostics,full,2017-01-04,2026-09-22,2442,0.1887164327358803,-0.5409591310644963,0.633855401527486,4.340035608694323,0.1534966939059092,0.035219738829971,14.904488022026031,execution_stress,,KRW100M,R5,,50,event,0.5,3,66666.66666666667,0.0025,0.05,True
A2_event__KRW100M_R5,A2_event,diagnostics,2017_2022,2017-01-04,2022-12-30,1509,0.0998006696883733,-0.4995743557831374,0.4482798511210094,0.7676327755604242,0.1124281175972994,-0.0126274479089261,14.565564940455085,execution_stress,,KRW100M,R5,,50,event,0.5,3,66666.66666666667,0.0025,0.05,True
A2_event__KRW100M_R5,A2_event,diagnostics,2023_2026,2023-01-03,2026-09-22,933,0.3479922207761723,-0.4652625732963686,0.8720090182274468,2.021009613832995,0.2231529414345989,0.1248392793415733,15.452649790611837,execution_stress,,KRW100M,R5,,50,event,0.5,3,66666.66666666667,0.0025,0.05,True
A2_event__KRW100M_R5,A2_event,diagnostics,2017,2017-01-04,2017-12-29,250,0.1012597833417314,-0.171191287711784,0.5819139943584295,0.1004170759952689,0.2120011745455907,-0.1107413912038592,12.016355344714942,execution_stress,,KRW100M,R5,,50,event,0.5,3,66666.66666666667,0.0025,0.05,True
A2_event__KRW100M_R5,A2_event,diagnostics,2018,2018-01-02,2018-12-31,251,-0.1728463897138877,-0.3575521304588805,-0.5422256185770121,-0.1722232793902907,-0.0642984107744514,-0.1085479789394363,13.41535833882408,execution_stress,,KRW100M,R5,,50,event,0.5,3,66666.66666666667,0.0025,0.05,True
A2_event__KRW100M_R5,A2_event,diagnostics,2019,2019-01-02,2019-12-31,252,0.7771345461917087,-0.1153113467926807,2.6632446318452354,0.7771345461917087,0.3401954545671213,0.4369390916245874,10.58267886397626,execution_stress,,KRW100M,R5,,50,event,0.5,3,66666.66666666667,0.0025,0.05,True
A2_event__KRW100M_R5,A2_event,diagnostics,2020,2020-01-02,2020-12-31,253,0.4828286798561816,-0.4246827768693254,1.060214058359626,0.4851485984334209,0.1813082709311855,0.3015204089249961,12.58121344580278,execution_stress,,KRW100M,R5,,50,event,0.5,3,66666.66666666667,0.0025,0.05,True
A2_event__KRW100M_R5,A2_event,diagnostics,2021,2021-01-04,2021-12-31,252,-0.0953971494638852,-0.3624252684335576,-0.0645385223290896,-0.0953971494638852,0.2861550585808201,-0.3815522080447053,18.84220928832039,execution_stress,,KRW100M,R5,,50,event,0.5,3,66666.66666666667,0.0025,0.05,True
A2_event__KRW100M_R5,A2_event,diagnostics,2022,2022-01-03,2022-12-30,251,-0.1878903462882256,-0.29402272394185,-0.2885584773363923,-0.1872193701085703,-0.180528833522089,-0.0073615127661366,19.96005936157882,execution_stress,,KRW100M,R5,,50,event,0.5,3,66666.66666666667,0.0025,0.05,True
A2_event__KRW100M_R5,A2_event,diagnostics,2023,2023-01-03,2023-12-29,250,0.0936916589066183,-0.3296871504923511,0.4291157658251338,0.0929145562983586,0.2494116142532503,-0.1557199553466319,14.031333944168669,execution_stress,,KRW100M,R5,,50,event,0.5,3,66666.66666666667,0.0025,0.05,True
A2_event__KRW100M_R5,A2_event,diagnostics,2024,2024-01-02,2024-12-31,252,0.7962542006160216,-0.2996175748173937,1.59741971682563,0.7962542006160216,0.2643074461050603,0.5319467545109613,15.1975494957219,execution_stress,,KRW100M,R5,,50,event,0.5,3,66666.66666666667,0.0025,0.05,True
A2_event__KRW100M_R5,A2_event,diagnostics,2025,2025-01-02,2025-12-31,250,0.2638805675745455,-0.4523248577462159,0.7002837115780712,0.261533668695741,0.1785790013706134,0.085301566203932,15.248525789300198,execution_stress,,KRW100M,R5,,50,event,0.5,3,66666.66666666667,0.0025,0.05,True
A2_event__KRW100M_R5,A2_event,diagnostics,2026,2026-01-02,2026-09-22,181,0.3187165246705243,-0.3424075029440238,0.7826802682222664,0.2198298441907409,0.193982242745804,0.1247342819247203,18.052899714650312,execution_stress,,KRW100M,R5,,50,event,0.5,3,66666.66666666667,0.0025,0.05,True
A2_event__KRW100M_UNLIMITED,A2_event,diagnostics,full,2017-01-04,2026-09-22,2442,0.1864857319789872,-0.6493670585453883,0.6204797511689142,4.243716237415192,0.1534966939059092,0.0329890380730779,15.267884600718777,execution_stress,,KRW100M,UNLIMITED,,50,event,0.5,3,66666.66666666667,0.0025,0.0,True
A2_event__KRW100M_UNLIMITED,A2_event,diagnostics,2017_2022,2017-01-04,2022-12-30,1509,0.0456130464295148,-0.5931591430868695,0.3039333109176548,0.3061569135733977,0.1124281175972994,-0.0668150711677846,15.3635539645015,execution_stress,,KRW100M,UNLIMITED,,50,event,0.5,3,66666.66666666667,0.0025,0.0,True
A2_event__KRW100M_UNLIMITED,A2_event,diagnostics,2023_2026,2023-01-03,2026-09-22,933,0.4556000538230413,-0.4413286093135262,1.0090168881457084,3.014614310825321,0.2231529414345989,0.2324471123884424,15.113152478587873,execution_stress,,KRW100M,UNLIMITED,,50,event,0.5,3,66666.66666666667,0.0025,0.0,True
A2_event__KRW100M_UNLIMITED,A2_event,diagnostics,2017,2017-01-04,2017-12-29,250,0.1012597833417314,-0.171191287711784,0.5819139943584295,0.1004170759952689,0.2120011745455907,-0.1107413912038592,12.016355344714942,execution_stress,,KRW100M,UNLIMITED,,50,event,0.5,3,66666.66666666667,0.0025,0.0,True
A2_event__KRW100M_UNLIMITED,A2_event,diagnostics,2018,2018-01-02,2018-12-31,251,-0.1728463897138877,-0.3575521304588805,-0.5422256185770121,-0.1722232793902907,-0.0642984107744514,-0.1085479789394363,13.41535833882408,execution_stress,,KRW100M,UNLIMITED,,50,event,0.5,3,66666.66666666667,0.0025,0.0,True
A2_event__KRW100M_UNLIMITED,A2_event,diagnostics,2019,2019-01-02,2019-12-31,252,0.7790101468895609,-0.1155090915506193,2.667860268529956,0.7790101468895609,0.3401954545671213,0.4388146923224396,10.572743563365982,execution_stress,,KRW100M,UNLIMITED,,50,event,0.5,3,66666.66666666667,0.0025,0.0,True
A2_event__KRW100M_UNLIMITED,A2_event,diagnostics,2020,2020-01-02,2020-12-31,253,0.4821379563711467,-0.4247438522770848,1.0592735598505076,0.4844540496835852,0.1813082709311855,0.3008296854399612,12.589667273410187,execution_stress,,KRW100M,UNLIMITED,,50,event,0.5,3,66666.66666666667,0.0025,0.0,True
A2_event__KRW100M_UNLIMITED,A2_event,diagnostics,2021,2021-01-04,2021-12-31,252,-0.2008002181139812,-0.413884846821531,-0.3686844073720772,-0.2008002181139812,0.2861550585808201,-0.4869552766948013,20.193555834160463,execution_stress,,KRW100M,UNLIMITED,,50,event,0.5,3,66666.66666666667,0.0025,0.0,True
A2_event__KRW100M_UNLIMITED,A2_event,diagnostics,2022,2022-01-03,2022-12-30,251,-0.3216474599051403,-0.376157491534097,-0.6551491249112912,-0.3206019702023468,-0.180528833522089,-0.1411186263830512,23.40225452135357,execution_stress,,KRW100M,UNLIMITED,,50,event,0.5,3,66666.66666666667,0.0025,0.0,True
A2_event__KRW100M_UNLIMITED,A2_event,diagnostics,2023,2023-01-03,2023-12-29,250,0.0884365339710218,-0.3364087219789282,0.4157876469614394,0.0877047435065052,0.2494116142532503,-0.1609750802822285,14.01476706872742,execution_stress,,KRW100M,UNLIMITED,,50,event,0.5,3,66666.66666666667,0.0025,0.0,True
A2_event__KRW100M_UNLIMITED,A2_event,diagnostics,2024,2024-01-02,2024-12-31,252,0.8853206919903831,-0.2912325391891687,1.7156357577144548,0.8853206919903831,0.2643074461050603,0.6210132458853228,14.68364491144018,execution_stress,,KRW100M,UNLIMITED,,50,event,0.5,3,66666.66666666667,0.0025,0.0,True
A2_event__KRW100M_UNLIMITED,A2_event,diagnostics,2025,2025-01-02,2025-12-31,250,0.3905607679280463,-0.4341415709454869,0.8706758813549577,0.3869268122076035,0.1785790013706134,0.2119817665574328,13.635833867051632,execution_stress,,KRW100M,UNLIMITED,,50,event,0.5,3,66666.66666666667,0.0025,0.0,True
A2_event__KRW100M_UNLIMITED,A2_event,diagnostics,2026,2026-01-02,2026-09-22,181,0.6158974086432312,-0.3612030716502743,1.0685519682498363,0.4115427240519902,0.193982242745804,0.4219151658974271,19.26874315411489,execution_stress,,KRW100M,UNLIMITED,,50,event,0.5,3,66666.66666666667,0.0025,0.0,True
A2_quarter__USD100K_C50,A2_quarter,diagnostics,full,2017-01-04,2026-09-22,2442,0.2268150493784428,-0.5830032157838332,0.7233497473467372,6.249560938778007,0.1534966939059092,0.0733183554725336,8.95402661895066,execution_stress,,USD100K,C50,,50,quarter,0.5,3,100000.0,0.005,0.01,True
A2_quarter__USD100K_C50,A2_quarter,diagnostics,2017_2022,2017-01-04,2022-12-30,1509,0.1092742791529353,-0.5467943270547626,0.4794437840301615,0.8607905017857684,0.1124281175972994,-0.0031538384443641,9.284404118797568,execution_stress,,USD100K,C50,,50,quarter,0.5,3,100000.0,0.005,0.01,True
A2_quarter__USD100K_C50,A2_quarter,diagnostics,2023_2026,2023-01-03,2026-09-22,933,0.443852446176691,-0.4635598138226841,1.0281623980884198,2.8959576222152514,0.2231529414345989,0.2206995047420921,8.41968616099891,execution_stress,,USD100K,C50,,50,quarter,0.5,3,100000.0,0.005,0.01,True
A2_quarter__USD100K_C50,A2_quarter,diagnostics,2017,2017-01-04,2017-12-29,250,0.058346908604385,-0.1800882966617438,0.3878624389416423,0.0578706910381621,0.2120011745455907,-0.1536542659412056,8.187069827989406,execution_stress,,USD100K,C50,,50,quarter,0.5,3,100000.0,0.005,0.01,True
A2_quarter__USD100K_C50,A2_quarter,diagnostics,2018,2018-01-02,2018-12-31,251,-0.1756383815975836,-0.3344972791844547,-0.6295566736086359,-0.1750063055143075,-0.0642984107744514,-0.1113399708231321,8.234084569611715,execution_stress,,USD100K,C50,,50,quarter,0.5,3,100000.0,0.005,0.01,True
A2_quarter__USD100K_C50,A2_quarter,diagnostics,2019,2019-01-02,2019-12-31,252,0.744491948962579,-0.1244722760166109,2.6008998832915373,0.744491948962579,0.3401954545671213,0.4042964943954577,7.444315668511532,execution_stress,,USD100K,C50,,50,quarter,0.5,3,100000.0,0.005,0.01,True
A2_quarter__USD100K_C50,A2_quarter,diagnostics,2020,2020-01-02,2020-12-31,253,0.5359176530899714,-0.3729829887535443,1.1832880382774538,0.5385353785451994,0.1813082709311855,0.3546093821587859,7.740338730717548,execution_stress,,USD100K,C50,,50,quarter,0.5,3,100000.0,0.005,0.01,True
A2_quarter__USD100K_C50,A2_quarter,diagnostics,2021,2021-01-04,2021-12-31,252,0.0007818661665919,-0.4154997607975467,0.2041459129363538,0.0007818661665919,0.2861550585808201,-0.2853731924142282,10.543057181892442,execution_stress,,USD100K,C50,,50,quarter,0.5,3,100000.0,0.005,0.01,True
A2_quarter__USD100K_C50,A2_quarter,diagnostics,2022,2022-01-03,2022-12-30,251,-0.2069532782514631,-0.2948341666997219,-0.4422762986594082,-0.2062232351548915,-0.180528833522089,-0.0264244447293741,13.567806669809956,execution_stress,,USD100K,C50,,50,quarter,0.5,3,100000.0,0.005,0.01,True
A2_quarter__USD100K_C50,A2_quarter,diagnostics,2023,2023-01-03,2023-12-29,250,0.1145656267747849,-0.3312962726645935,0.4891950098708222,0.1136065865292437,0.2494116142532503,-0.1348459874784653,7.817346832598639,execution_stress,,USD100K,C50,,50,quarter,0.5,3,100000.0,0.005,0.01,True
A2_quarter__USD100K_C50,A2_quarter,diagnostics,2024,2024-01-02,2024-12-31,252,1.482003110950171,-0.2271113383015801,2.0218596916447,1.482003110950171,0.2643074461050603,1.2176956648451107,7.007577729192622,execution_stress,,USD100K,C50,,50,quarter,0.5,3,100000.0,0.005,0.01,True
A2_quarter__USD100K_C50,A2_quarter,diagnostics,2025,2025-01-02,2025-12-31,250,0.1682719203138212,-0.4385930915886281,0.5633112496641585,0.1668307760461658,0.1785790013706134,-0.0103070810567922,9.276190145120024,execution_stress,,USD100K,C50,,50,quarter,0.5,3,100000.0,0.005,0.01,True
A2_quarter__USD100K_C50,A2_quarter,diagnostics,2026,2026-01-02,2026-09-22,181,0.3009671123547652,-0.2741696250615628,0.7835245347156875,0.2080147478881253,0.193982242745804,0.1069848696089612,10.034659425556772,execution_stress,,USD100K,C50,,50,quarter,0.5,3,100000.0,0.005,0.01,True
A2_quarter__USD100K_R5,A2_quarter,diagnostics,full,2017-01-04,2026-09-22,2442,0.2192843227322707,-0.5654956118862392,0.7009115940764824,5.829648513294616,0.1534966939059092,0.0657876288263614,9.519225061701736,execution_stress,,USD100K,R5,,50,quarter,0.5,3,100000.0,0.0025,0.05,True
A2_quarter__USD100K_R5,A2_quarter,diagnostics,2017_2022,2017-01-04,2022-12-30,1509,0.1053387011125568,-0.5356687325901788,0.471282111244427,0.8216060293664107,0.1124281175972994,-0.0070894164847425,9.572164603159518,execution_stress,,USD100K,R5,,50,quarter,0.5,3,100000.0,0.0025,0.05,True
A2_quarter__USD100K_R5,A2_quarter,diagnostics,2023_2026,2023-01-03,2026-09-22,933,0.4289604766839083,-0.4937745566677766,0.9794968449289384,2.7492456673906,0.2231529414345989,0.2058075352493094,9.43360258789703,execution_stress,,USD100K,R5,,50,quarter,0.5,3,100000.0,0.0025,0.05,True
A2_quarter__USD100K_R5,A2_quarter,diagnostics,2017,2017-01-04,2017-12-29,250,0.0941400775543725,-0.169685268628854,0.5577696240407513,0.0933590992578077,0.2120011745455907,-0.1178610969912181,8.239126118248512,execution_stress,,USD100K,R5,,50,quarter,0.5,3,100000.0,0.0025,0.05,True
A2_quarter__USD100K_R5,A2_quarter,diagnostics,2018,2018-01-02,2018-12-31,251,-0.157740916731812,-0.3280653661798803,-0.5470596891909212,-0.1571669569490349,-0.0642984107744514,-0.0934425059573605,8.272357997192984,execution_stress,,USD100K,R5,,50,quarter,0.5,3,100000.0,0.0025,0.05,True
A2_quarter__USD100K_R5,A2_quarter,diagnostics,2019,2019-01-02,2019-12-31,252,0.7584222918008567,-0.1244086889466555,2.606082042265051,0.7584222918008567,0.3401954545671213,0.4182268372337354,7.629736414306436,execution_stress,,USD100K,R5,,50,quarter,0.5,3,100000.0,0.0025,0.05,True
A2_quarter__USD100K_R5,A2_quarter,diagnostics,2020,2020-01-02,2020-12-31,253,0.6284372684367974,-0.3896168736168235,1.31033709718384,0.6315913504708364,0.1813082709311855,0.4471289975056118,8.223655728577166,execution_stress,,USD100K,R5,,50,quarter,0.5,3,100000.0,0.0025,0.05,True
A2_quarter__USD100K_R5,A2_quarter,diagnostics,2021,2021-01-04,2021-12-31,252,-0.1385383177691678,-0.3882520757376951,-0.2122167909672466,-0.1385383177691678,0.2861550585808201,-0.4246933763499879,12.319488330990763,execution_stress,,USD100K,R5,,50,quarter,0.5,3,100000.0,0.0025,0.05,True
A2_quarter__USD100K_R5,A2_quarter,diagnostics,2022,2022-01-03,2022-12-30,251,-0.2009149562077937,-0.3105168061344686,-0.4234657690073006,-0.2002034288708232,-0.180528833522089,-0.0203861226857047,12.750850454841546,execution_stress,,USD100K,R5,,50,quarter,0.5,3,100000.0,0.0025,0.05,True
A2_quarter__USD100K_R5,A2_quarter,diagnostics,2023,2023-01-03,2023-12-29,250,0.1129385126841158,-0.3175047520735322,0.482155314724542,0.1119937656512404,0.2494116142532503,-0.1364731015691345,8.899420771363886,execution_stress,,USD100K,R5,,50,quarter,0.5,3,100000.0,0.0025,0.05,True
A2_quarter__USD100K_R5,A2_quarter,diagnostics,2024,2024-01-02,2024-12-31,252,1.1809493093680108,-0.2634362283191406,1.7384979059034689,1.1809493093680108,0.2643074461050603,0.9166418632629504,8.893870146623224,execution_stress,,USD100K,R5,,50,quarter,0.5,3,100000.0,0.0025,0.05,True
A2_quarter__USD100K_R5,A2_quarter,diagnostics,2025,2025-01-02,2025-12-31,250,0.2732464811410771,-0.4630893948594577,0.7200526712631452,0.2708077240361242,0.1785790013706134,0.0946674797704636,9.447880420269934,execution_stress,,USD100K,R5,,50,quarter,0.5,3,100000.0,0.0025,0.05,True
A2_quarter__USD100K_R5,A2_quarter,diagnostics,2026,2026-01-02,2026-09-22,181,0.3137242693230799,-0.296801542635111,0.7887077282078907,0.2165112468966685,0.193982242745804,0.1197420265772759,10.903152705250944,execution_stress,,USD100K,R5,,50,quarter,0.5,3,100000.0,0.0025,0.05,True
A2_quarter__USD100K_UNLIMITED,A2_quarter,diagnostics,full,2017-01-04,2026-09-22,2442,0.2076733806329795,-0.6101015263228393,0.6680821086061528,5.224860424181388,0.1534966939059092,0.0541766867270703,9.713673548582468,execution_stress,,USD100K,UNLIMITED,,50,quarter,0.5,3,100000.0,0.0025,0.0,True
A2_quarter__USD100K_UNLIMITED,A2_quarter,diagnostics,2017_2022,2017-01-04,2022-12-30,1509,0.0836169925118759,-0.553814173688156,0.4100086941710737,0.6174827289971283,0.1124281175972994,-0.0288111250854234,9.938479627334935,execution_stress,,USD100K,UNLIMITED,,50,quarter,0.5,3,100000.0,0.0025,0.0,True
A2_quarter__USD100K_UNLIMITED,A2_quarter,diagnostics,2023_2026,2023-01-03,2026-09-22,933,0.4390793774592281,-0.4694153411278247,0.9702206424750848,2.8484864861839534,0.2231529414345989,0.2159264360246291,9.350080437288286,execution_stress,,USD100K,UNLIMITED,,50,quarter,0.5,3,100000.0,0.0025,0.0,True
A2_quarter__USD100K_UNLIMITED,A2_quarter,diagnostics,2017,2017-01-04,2017-12-29,250,0.0941400775543725,-0.169685268628854,0.5577696240407513,0.0933590992578077,0.2120011745455907,-0.1178610969912181,8.239126118248512,execution_stress,,USD100K,UNLIMITED,,50,quarter,0.5,3,100000.0,0.0025,0.0,True
A2_quarter__USD100K_UNLIMITED,A2_quarter,diagnostics,2018,2018-01-02,2018-12-31,251,-0.157740916731812,-0.3280653661798803,-0.5470596891909212,-0.1571669569490349,-0.0642984107744514,-0.0934425059573605,8.272357997192984,execution_stress,,USD100K,UNLIMITED,,50,quarter,0.5,3,100000.0,0.0025,0.0,True
A2_quarter__USD100K_UNLIMITED,A2_quarter,diagnostics,2019,2019-01-02,2019-12-31,252,0.7625576004290886,-0.1232647805696313,2.618773695809707,0.7625576004290886,0.3401954545671213,0.4223621458619673,7.639602785946551,execution_stress,,USD100K,UNLIMITED,,50,quarter,0.5,3,100000.0,0.0025,0.0,True
A2_quarter__USD100K_UNLIMITED,A2_quarter,diagnostics,2020,2020-01-02,2020-12-31,253,0.6287318413554546,-0.3893196226025106,1.311018899187642,0.6318876652514773,0.1813082709311855,0.447423570424269,8.231280292661781,execution_stress,,USD100K,UNLIMITED,,50,quarter,0.5,3,100000.0,0.0025,0.0,True
A2_quarter__USD100K_UNLIMITED,A2_quarter,diagnostics,2021,2021-01-04,2021-12-31,252,-0.1865535873901673,-0.401589574912061,-0.3742034851368548,-0.1865535873901673,0.2861550585808201,-0.4727086459709875,12.837745008051735,execution_stress,,USD100K,UNLIMITED,,50,quarter,0.5,3,100000.0,0.0025,0.0,True
A2_quarter__USD100K_UNLIMITED,A2_quarter,diagnostics,2022,2022-01-03,2022-12-30,251,-0.2506660174848345,-0.3218255697274068,-0.5808759219856542,-0.2498074479213287,-0.180528833522089,-0.0701371839627454,14.415206424939642,execution_stress,,USD100K,UNLIMITED,,50,quarter,0.5,3,100000.0,0.0025,0.0,True
A2_quarter__USD100K_UNLIMITED,A2_quarter,diagnostics,2023,2023-01-03,2023-12-29,250,0.0763191620239316,-0.3326152457975924,0.3852688105863789,0.0756910907039927,0.2494116142532503,-0.1730924522293186,9.089947304726463,execution_stress,,USD100K,UNLIMITED,,50,quarter,0.5,3,100000.0,0.0025,0.0,True
A2_quarter__USD100K_UNLIMITED,A2_quarter,diagnostics,2024,2024-01-02,2024-12-31,252,1.1597115079740117,-0.2534286182859667,1.7578769231538889,1.1597115079740117,0.2643074461050603,0.8954040618689512,8.432043962740778,execution_stress,,USD100K,UNLIMITED,,50,quarter,0.5,3,100000.0,0.0025,0.0,True
A2_quarter__USD100K_UNLIMITED,A2_quarter,diagnostics,2025,2025-01-02,2025-12-31,250,0.3405239425709319,-0.4412030910995468,0.8221611902810608,0.3374096714765744,0.1785790013706134,0.1619449412003184,8.957622581905825,execution_stress,,USD100K,UNLIMITED,,50,quarter,0.5,3,100000.0,0.0025,0.0,True
A2_quarter__USD100K_UNLIMITED,A2_quarter,diagnostics,2026,2026-01-02,2026-09-22,181,0.3471010647690364,-0.3329968188040051,0.7729654144392435,0.2386317049750337,0.193982242745804,0.1531188220232324,11.529599434923885,execution_stress,,USD100K,UNLIMITED,,50,quarter,0.5,3,100000.0,0.0025,0.0,True
A2_quarter__KRW50M_R1,A2_quarter,diagnostics,full,2017-01-04,2026-09-22,2442,0.241150707975261,-0.5844004444440603,0.7454074438153386,7.113425838396847,0.1534966939059092,0.0876540140693518,9.04664801682712,execution_stress,,KRW50M,R1,,50,quarter,0.5,3,33333.333333333336,0.0025,0.01,True
A2_quarter__KRW50M_R1,A2_quarter,diagnostics,2017_2022,2017-01-04,2022-12-30,1509,0.1222255591451693,-0.5542338545948251,0.5136110684766299,0.9947328596574624,0.1124281175972994,0.0097974415478698,9.154477786629345,execution_stress,,KRW50M,R1,,50,quarter,0.5,3,33333.333333333336,0.0025,0.01,True
A2_quarter__KRW50M_R1,A2_quarter,diagnostics,2023_2026,2023-01-03,2026-09-22,933,0.4607471565322614,-0.4738383426683297,1.0327981999417744,3.0674247677406177,0.2231529414345989,0.2375942150976624,8.87224809975149,execution_stress,,KRW50M,R1,,50,quarter,0.5,3,33333.333333333336,0.0025,0.01,True
A2_quarter__KRW50M_R1,A2_quarter,diagnostics,2017,2017-01-04,2017-12-29,250,0.0879037099320205,-0.1747975503149789,0.5305317106465964,0.0871765025947979,0.2120011745455907,-0.1240974646135701,8.04912712646683,execution_stress,,KRW50M,R1,,50,quarter,0.5,3,33333.333333333336,0.0025,0.01,True
A2_quarter__KRW50M_R1,A2_quarter,diagnostics,2018,2018-01-02,2018-12-31,251,-0.1591152023423188,-0.3311694242428051,-0.5498820191673347,-0.1585367262765789,-0.0642984107744514,-0.0948167915678673,8.120797440594037,execution_stress,,KRW50M,R1,,50,quarter,0.5,3,33333.333333333336,0.0025,0.01,True
A2_quarter__KRW50M_R1,A2_quarter,diagnostics,2019,2019-01-02,2019-12-31,252,0.7512138805581932,-0.1256930228616767,2.5889771103051724,0.7512138805581932,0.3401954545671213,0.4110184259910718,7.234545078195997,execution_stress,,KRW50M,R1,,50,quarter,0.5,3,33333.333333333336,0.0025,0.01,True
A2_quarter__KRW50M_R1,A2_quarter,diagnostics,2020,2020-01-02,2020-12-31,253,0.5693211620459488,-0.3662020282700833,1.2310296250330304,0.5721300371868285,0.1813082709311855,0.3880128911147633,7.706610444036515,execution_stress,,KRW50M,R1,,50,quarter,0.5,3,33333.333333333336,0.0025,0.01,True
A2_quarter__KRW50M_R1,A2_quarter,diagnostics,2021,2021-01-04,2021-12-31,252,-0.0037725992389953,-0.4062043963331168,0.1991005944762966,-0.0037725992389953,0.2861550585808201,-0.2899276578198154,11.07976518375606,execution_stress,,KRW50M,R1,,50,quarter,0.5,3,33333.333333333336,0.0025,0.01,True
A2_quarter__KRW50M_R1,A2_quarter,diagnostics,2022,2022-01-03,2022-12-30,251,-0.2057331784152135,-0.3099347333640119,-0.4403372680278897,-0.2050068619838863,-0.180528833522089,-0.0252043448931245,12.743133117389291,execution_stress,,KRW50M,R1,,50,quarter,0.5,3,33333.333333333336,0.0025,0.01,True
A2_quarter__KRW50M_R1,A2_quarter,diagnostics,2023,2023-01-03,2023-12-29,250,0.1021437621486571,-0.3176353155464306,0.4546306386448564,0.1012933652361014,0.2494116142532503,-0.1472678521045931,8.71688727768104,execution_stress,,KRW50M,R1,,50,quarter,0.5,3,33333.333333333336,0.0025,0.01,True
A2_quarter__KRW50M_R1,A2_quarter,diagnostics,2024,2024-01-02,2024-12-31,252,1.316793226516186,-0.2514540864979195,1.8518152813989288,1.316793226516186,0.2643074461050603,1.0524857804111256,8.293425993274623,execution_stress,,KRW50M,R1,,50,quarter,0.5,3,33333.333333333336,0.0025,0.01,True
A2_quarter__KRW50M_R1,A2_quarter,diagnostics,2025,2025-01-02,2025-12-31,250,0.2764675844370856,-0.4405306495811897,0.7319440325456218,0.2739971103416132,0.1785790013706134,0.0978885830664721,9.111961846857575,execution_stress,,KRW50M,R1,,50,quarter,0.5,3,33333.333333333336,0.0025,0.01,True
A2_quarter__KRW50M_R1,A2_quarter,diagnostics,2026,2026-01-02,2026-09-22,181,0.3663187768694698,-0.3001959646339764,0.8697264514531042,0.2512981091388078,0.193982242745804,0.1723365341236657,9.561612406786084,execution_stress,,KRW50M,R1,,50,quarter,0.5,3,33333.333333333336,0.0025,0.01,True
A2_quarter__KRW50M_C50,A2_quarter,diagnostics,full,2017-01-04,2026-09-22,2442,0.214164371243015,-0.6138923885830339,0.6889369268609956,5.556755037958959,0.1534966939059092,0.0606676773371057,9.14717609153135,execution_stress,,KRW50M,C50,,50,quarter,0.5,3,33333.333333333336,0.005,0.01,True
A2_quarter__KRW50M_C50,A2_quarter,diagnostics,2017_2022,2017-01-04,2022-12-30,1509,0.0982130638087634,-0.57292113528039,0.4484681510932129,0.7524081689890558,0.1124281175972994,-0.0142150537885359,9.162587705352491,execution_stress,,KRW50M,C50,,50,quarter,0.5,3,33333.333333333336,0.005,0.01,True
A2_quarter__KRW50M_C50,A2_quarter,diagnostics,2023_2026,2023-01-03,2026-09-22,933,0.428169567887446,-0.483264495765472,0.9837759788796472,2.74156840511734,0.2231529414345989,0.205016626452847,9.122249912264351,execution_stress,,KRW50M,C50,,50,quarter,0.5,3,33333.333333333336,0.005,0.01,True
A2_quarter__KRW50M_C50,A2_quarter,diagnostics,2017,2017-01-04,2017-12-29,250,0.0658998618246859,-0.1793542720990284,0.4253685392189168,0.065360117006729,0.2120011745455907,-0.1461013127209047,8.05939819788445,execution_stress,,KRW50M,C50,,50,quarter,0.5,3,33333.333333333336,0.005,0.01,True
A2_quarter__KRW50M_C50,A2_quarter,diagnostics,2018,2018-01-02,2018-12-31,251,-0.1746431325216988,-0.3353540504076712,-0.6227365769224894,-0.1740142481397751,-0.0642984107744514,-0.1103447217472474,8.136359936963327,execution_stress,,KRW50M,C50,,50,quarter,0.5,3,33333.333333333336,0.005,0.01,True
A2_quarter__KRW50M_C50,A2_quarter,diagnostics,2019,2019-01-02,2019-12-31,252,0.7062014261813008,-0.1279010041492096,2.472866745820667,0.7062014261813008,0.3401954545671213,0.3660059716141794,7.267493792465381,execution_stress,,KRW50M,C50,,50,quarter,0.5,3,33333.333333333336,0.005,0.01,True
A2_quarter__KRW50M_C50,A2_quarter,diagnostics,2020,2020-01-02,2020-12-31,253,0.5527204234935328,-0.3693311636936576,1.2070121884189893,0.5554339433489008,0.1813082709311855,0.3714121525623473,7.666546285245644,execution_stress,,KRW50M,C50,,50,quarter,0.5,3,33333.333333333336,0.005,0.01,True
A2_quarter__KRW50M_C50,A2_quarter,diagnostics,2021,2021-01-04,2021-12-31,252,-0.0304766426795322,-0.4228843115712913,0.1338075301472568,-0.0304766426795322,0.2861550585808201,-0.3166317012603523,11.095198375474173,execution_stress,,KRW50M,C50,,50,quarter,0.5,3,33333.333333333336,0.005,0.01,True
A2_quarter__KRW50M_C50,A2_quarter,diagnostics,2022,2022-01-03,2022-12-30,251,-0.2268160905924062,-0.3192313957491409,-0.512601954241722,-0.2260264314847349,-0.180528833522089,-0.0462872570703172,12.757905646374857,execution_stress,,KRW50M,C50,,50,quarter,0.5,3,33333.333333333336,0.005,0.01,True
A2_quarter__KRW50M_C50,A2_quarter,diagnostics,2023,2023-01-03,2023-12-29,250,0.0799926723155803,-0.3210695251898929,0.3954063123106995,0.0793332702652516,0.2494116142532503,-0.1694189419376699,8.680762603427459,execution_stress,,KRW50M,C50,,50,quarter,0.5,3,33333.333333333336,0.005,0.01,True
A2_quarter__KRW50M_C50,A2_quarter,diagnostics,2024,2024-01-02,2024-12-31,252,1.2563124736410711,-0.2526385222727797,1.8027267379710243,1.2563124736410711,0.2643074461050603,0.9920050275360108,8.368297010662202,execution_stress,,KRW50M,C50,,50,quarter,0.5,3,33333.333333333336,0.005,0.01,True
A2_quarter__KRW50M_C50,A2_quarter,diagnostics,2025,2025-01-02,2025-12-31,250,0.2696341707636092,-0.449798074138108,0.7193655938897285,0.2672309065342311,0.1785790013706134,0.0910551693929957,9.33217494184678,execution_stress,,KRW50M,C50,,50,quarter,0.5,3,33333.333333333336,0.005,0.01,True
A2_quarter__KRW50M_C50,A2_quarter,diagnostics,2026,2026-01-02,2026-09-22,181,0.3075352653546852,-0.3036891295338567,0.7820694534280614,0.2123921746495267,0.193982242745804,0.1135530226088812,10.491789696890637,execution_stress,,KRW50M,C50,,50,quarter,0.5,3,33333.333333333336,0.005,0.01,True
A2_quarter__KRW50M_R5,A2_quarter,diagnostics,full,2017-01-04,2026-09-22,2442,0.2102054676778999,-0.6067472811148293,0.6730652233683141,5.352493651722092,0.1534966939059092,0.0567087737719906,9.511487886989135,execution_stress,,KRW50M,R5,,50,quarter,0.5,3,33333.333333333336,0.0025,0.05,True
A2_quarter__KRW50M_R5,A2_quarter,diagnostics,2017_2022,2017-01-04,2022-12-30,1509,0.084728840001766,-0.5540953516344584,0.4130473973842779,0.6274461671064508,0.1124281175972994,-0.0276992775955333,9.742669772637903,execution_stress,,KRW50M,R5,,50,quarter,0.5,3,33333.333333333336,0.0025,0.05,True
A2_quarter__KRW50M_R5,A2_quarter,diagnostics,2023_2026,2023-01-03,2026-09-22,933,0.4445920017860321,-0.469395113108461,0.9775897110695384,2.903351017144011,0.2231529414345989,0.2214390603514331,9.137582779332128,execution_stress,,KRW50M,R5,,50,quarter,0.5,3,33333.333333333336,0.0025,0.05,True
A2_quarter__KRW50M_R5,A2_quarter,diagnostics,2017,2017-01-04,2017-12-29,250,0.0910490013450244,-0.172879556576887,0.5451742653271812,0.0902947098588913,0.2120011745455907,-0.1209521732005662,8.05028687968794,execution_stress,,KRW50M,R5,,50,quarter,0.5,3,33333.333333333336,0.0025,0.05,True
A2_quarter__KRW50M_R5,A2_quarter,diagnostics,2018,2018-01-02,2018-12-31,251,-0.1567279867907284,-0.3296704366334432,-0.5405911978041821,-0.1561573614545541,-0.0642984107744514,-0.0924295760162769,8.124487910536033,execution_stress,,KRW50M,R5,,50,quarter,0.5,3,33333.333333333336,0.0025,0.05,True
A2_quarter__KRW50M_R5,A2_quarter,diagnostics,2019,2019-01-02,2019-12-31,252,0.754914958845454,-0.1273589965851796,2.5932664569712647,0.754914958845454,0.3401954545671213,0.4147195042783327,7.238893145035192,execution_stress,,KRW50M,R5,,50,quarter,0.5,3,33333.333333333336,0.0025,0.05,True
A2_quarter__KRW50M_R5,A2_quarter,diagnostics,2020,2020-01-02,2020-12-31,253,0.6528345422899504,-0.3885312671194018,1.340283469775179,0.6561336068544985,0.1813082709311855,0.4715262713587649,8.066027651944733,execution_stress,,KRW50M,R5,,50,quarter,0.5,3,33333.333333333336,0.0025,0.05,True
A2_quarter__KRW50M_R5,A2_quarter,diagnostics,2021,2021-01-04,2021-12-31,252,-0.1868021214262878,-0.4014726170369429,-0.3755252275696417,-0.1868021214262878,0.2861550585808201,-0.4729571800071079,12.7515610196383,execution_stress,,KRW50M,R5,,50,quarter,0.5,3,33333.333333333336,0.0025,0.05,True
A2_quarter__KRW50M_R5,A2_quarter,diagnostics,2022,2022-01-03,2022-12-30,251,-0.2524294270258579,-0.3225796433607667,-0.5874279815734669,-0.2515658804785959,-0.180528833522089,-0.0719005935037688,14.229366756989362,execution_stress,,KRW50M,R5,,50,quarter,0.5,3,33333.333333333336,0.0025,0.05,True
A2_quarter__KRW50M_R5,A2_quarter,diagnostics,2023,2023-01-03,2023-12-29,250,0.0847134931132291,-0.3324638963929636,0.4080889503484098,0.0840136836868066,0.2494116142532503,-0.1646981211400211,8.90468338375529,execution_stress,,KRW50M,R5,,50,quarter,0.5,3,33333.333333333336,0.0025,0.05,True
A2_quarter__KRW50M_R5,A2_quarter,diagnostics,2024,2024-01-02,2024-12-31,252,1.1384871554509175,-0.2546938826437431,1.7407194832669406,1.1384871554509175,0.2643074461050603,0.8741797093458572,8.113071427156312,execution_stress,,KRW50M,R5,,50,quarter,0.5,3,33333.333333333336,0.0025,0.05,True
A2_quarter__KRW50M_R5,A2_quarter,diagnostics,2025,2025-01-02,2025-12-31,250,0.3469450992547966,-0.4411017756687756,0.8311044743280587,0.3437649469144292,0.1785790013706134,0.1683660978841832,8.794214120943629,execution_stress,,KRW50M,R5,,50,quarter,0.5,3,33333.333333333336,0.0025,0.05,True
A2_quarter__KRW50M_R5,A2_quarter,diagnostics,2026,2026-01-02,2026-09-22,181,0.3690025081611396,-0.3320779709129696,0.7975373481571514,0.2530629507254482,0.193982242745804,0.1750202654153356,11.359924625959968,execution_stress,,KRW50M,R5,,50,quarter,0.5,3,33333.333333333336,0.0025,0.05,True
A2_quarter__KRW50M_UNLIMITED,A2_quarter,diagnostics,full,2017-01-04,2026-09-22,2442,0.2102002948040366,-0.6067472811148293,0.6730590962700455,5.352230531595042,0.1534966939059092,0.0567036008981274,9.524814215554857,execution_stress,,KRW50M,UNLIMITED,,50,quarter,0.5,3,33333.333333333336,0.0025,0.0,True
A2_quarter__KRW50M_UNLIMITED,A2_quarter,diagnostics,2017_2022,2017-01-04,2022-12-30,1509,0.084728840001766,-0.5540953516344584,0.4130473973842779,0.6274461671064508,0.1124281175972994,-0.0276992775955333,9.742669772637903,execution_stress,,KRW50M,UNLIMITED,,50,quarter,0.5,3,33333.333333333336,0.0025,0.0,True
A2_quarter__KRW50M_UNLIMITED,A2_quarter,diagnostics,2023_2026,2023-01-03,2026-09-22,933,0.4445758403294986,-0.4693739342001983,0.977580292212292,2.903189340443198,0.2231529414345989,0.2214228988948996,9.172462623230832,execution_stress,,KRW50M,UNLIMITED,,50,quarter,0.5,3,33333.333333333336,0.0025,0.0,True
A2_quarter__KRW50M_UNLIMITED,A2_quarter,diagnostics,2017,2017-01-04,2017-12-29,250,0.0910490013450244,-0.172879556576887,0.5451742653271812,0.0902947098588913,0.2120011745455907,-0.1209521732005662,8.05028687968794,execution_stress,,KRW50M,UNLIMITED,,50,quarter,0.5,3,33333.333333333336,0.0025,0.0,True
A2_quarter__KRW50M_UNLIMITED,A2_quarter,diagnostics,2018,2018-01-02,2018-12-31,251,-0.1567279867907284,-0.3296704366334432,-0.5405911978041821,-0.1561573614545541,-0.0642984107744514,-0.0924295760162769,8.124487910536033,execution_stress,,KRW50M,UNLIMITED,,50,quarter,0.5,3,33333.333333333336,0.0025,0.0,True
A2_quarter__KRW50M_UNLIMITED,A2_quarter,diagnostics,2019,2019-01-02,2019-12-31,252,0.754914958845454,-0.1273589965851796,2.5932664569712647,0.754914958845454,0.3401954545671213,0.4147195042783327,7.238893145035192,execution_stress,,KRW50M,UNLIMITED,,50,quarter,0.5,3,33333.333333333336,0.0025,0.0,True
A2_quarter__KRW50M_UNLIMITED,A2_quarter,diagnostics,2020,2020-01-02,2020-12-31,253,0.6528345422899504,-0.3885312671194018,1.340283469775179,0.6561336068544985,0.1813082709311855,0.4715262713587649,8.066027651944733,execution_stress,,KRW50M,UNLIMITED,,50,quarter,0.5,3,33333.333333333336,0.0025,0.0,True
A2_quarter__KRW50M_UNLIMITED,A2_quarter,diagnostics,2021,2021-01-04,2021-12-31,252,-0.1868021214262878,-0.4014726170369429,-0.3755252275696417,-0.1868021214262878,0.2861550585808201,-0.4729571800071079,12.7515610196383,execution_stress,,KRW50M,UNLIMITED,,50,quarter,0.5,3,33333.333333333336,0.0025,0.0,True
A2_quarter__KRW50M_UNLIMITED,A2_quarter,diagnostics,2022,2022-01-03,2022-12-30,251,-0.2524294270258579,-0.3225796433607667,-0.5874279815734669,-0.2515658804785959,-0.180528833522089,-0.0719005935037688,14.229366756989362,execution_stress,,KRW50M,UNLIMITED,,50,quarter,0.5,3,33333.333333333336,0.0025,0.0,True
A2_quarter__KRW50M_UNLIMITED,A2_quarter,diagnostics,2023,2023-01-03,2023-12-29,250,0.0847134931132291,-0.3324638963929636,0.4080889503484098,0.0840136836868066,0.2494116142532503,-0.1646981211400211,8.90468338375529,execution_stress,,KRW50M,UNLIMITED,,50,quarter,0.5,3,33333.333333333336,0.0025,0.0,True
A2_quarter__KRW50M_UNLIMITED,A2_quarter,diagnostics,2024,2024-01-02,2024-12-31,252,1.1387219979162555,-0.2546848625228384,1.7408902743723855,1.1387219979162555,0.2643074461050603,0.8744145518111954,8.23921348408744,execution_stress,,KRW50M,UNLIMITED,,50,quarter,0.5,3,33333.333333333336,0.0025,0.0,True
A2_quarter__KRW50M_UNLIMITED,A2_quarter,diagnostics,2025,2025-01-02,2025-12-31,250,0.3469729429107346,-0.4410701646692716,0.8311160168932985,0.3437925043692691,0.1785790013706134,0.1683939415401212,8.794097345152334,execution_stress,,KRW50M,UNLIMITED,,50,quarter,0.5,3,33333.333333333336,0.0025,0.0,True
A2_quarter__KRW50M_UNLIMITED,A2_quarter,diagnostics,2026,2026-01-02,2026-09-22,181,0.3686752096096801,-0.3320850747272134,0.7972010852723103,0.2528477689973032,0.193982242745804,0.1746929668638761,11.364257719654294,execution_stress,,KRW50M,UNLIMITED,,50,quarter,0.5,3,33333.333333333336,0.0025,0.0,True
A2_quarter__KRW100M_R1,A2_quarter,diagnostics,full,2017-01-04,2026-09-22,2442,0.2126850606001236,-0.5852561251045432,0.6946827572086022,5.479750227654065,0.1534966939059092,0.0591883666942143,8.958632012295569,execution_stress,,KRW100M,R1,,50,quarter,0.5,3,66666.66666666667,0.0025,0.01,True
A2_quarter__KRW100M_R1,A2_quarter,diagnostics,2017_2022,2017-01-04,2022-12-30,1509,0.1287178151198698,-0.5564236256224337,0.5305727298961288,1.0648393226797914,0.1124281175972994,0.0162896975225703,9.292579045491758,execution_stress,,KRW100M,R1,,50,quarter,0.5,3,66666.66666666667,0.0025,0.01,True
A2_quarter__KRW100M_R1,A2_quarter,diagnostics,2023_2026,2023-01-03,2026-09-22,933,0.3619129559930509,-0.4484323344670387,0.9076197536353948,2.1381377507110284,0.2231529414345989,0.138760014558452,8.41851832194932,execution_stress,,KRW100M,R1,,50,quarter,0.5,3,66666.66666666667,0.0025,0.01,True
A2_quarter__KRW100M_R1,A2_quarter,diagnostics,2017,2017-01-04,2017-12-29,250,0.0853120264236502,-0.1754235950307047,0.5171343329288584,0.0846070823510685,0.2120011745455907,-0.1266891481219405,8.107036668303905,execution_stress,,KRW100M,R1,,50,quarter,0.5,3,66666.66666666667,0.0025,0.01,True
A2_quarter__KRW100M_R1,A2_quarter,diagnostics,2018,2018-01-02,2018-12-31,251,-0.1594227424472994,-0.3301441450790346,-0.5532358237251821,-0.1588432569355529,-0.0642984107744514,-0.095124331672848,8.22901606714545,execution_stress,,KRW100M,R1,,50,quarter,0.5,3,66666.66666666667,0.0025,0.01,True
A2_quarter__KRW100M_R1,A2_quarter,diagnostics,2019,2019-01-02,2019-12-31,252,0.7504136836398514,-0.1239628683684486,2.6015789556112523,0.7504136836398514,0.3401954545671213,0.4102182290727301,7.422666214074477,execution_stress,,KRW100M,R1,,50,quarter,0.5,3,66666.66666666667,0.0025,0.01,True
A2_quarter__KRW100M_R1,A2_quarter,diagnostics,2020,2020-01-02,2020-12-31,253,0.5646126043901565,-0.3671326604635114,1.2264254297238983,0.5673943618667121,0.1813082709311855,0.3833043334589709,7.72878454455562,execution_stress,,KRW100M,R1,,50,quarter,0.5,3,66666.66666666667,0.0025,0.01,True
A2_quarter__KRW100M_R1,A2_quarter,diagnostics,2021,2021-01-04,2021-12-31,252,0.0042196005265133,-0.4253829620304089,0.2170527719638685,0.0042196005265133,0.2861550585808201,-0.2819354580543067,11.036534938555937,execution_stress,,KRW100M,R1,,50,quarter,0.5,3,66666.66666666667,0.0025,0.01,True
A2_quarter__KRW100M_R1,A2_quarter,diagnostics,2022,2022-01-03,2022-12-30,251,-0.1791780910816086,-0.3023757577425411,-0.3372048972286098,-0.1785347019241785,-0.180528833522089,0.0013507424404803,13.239674898335233,execution_stress,,KRW100M,R1,,50,quarter,0.5,3,66666.66666666667,0.0025,0.01,True
A2_quarter__KRW100M_R1,A2_quarter,diagnostics,2023,2023-01-03,2023-12-29,250,0.1299770097850412,-0.3112827777760983,0.5267008903723441,0.1288816670039927,0.2494116142532503,-0.119434604468209,8.447872013709265,execution_stress,,KRW100M,R1,,50,quarter,0.5,3,66666.66666666667,0.0025,0.01,True
A2_quarter__KRW100M_R1,A2_quarter,diagnostics,2024,2024-01-02,2024-12-31,252,1.3076523471819677,-0.259127475410175,1.900548702201236,1.3076523471819677,0.2643074461050603,1.0433449010769074,7.347006068100845,execution_stress,,KRW100M,R1,,50,quarter,0.5,3,66666.66666666667,0.0025,0.01,True
A2_quarter__KRW100M_R1,A2_quarter,diagnostics,2025,2025-01-02,2025-12-31,250,0.2908455725355339,-0.4259874279189778,0.7557191502669068,0.2882327471921071,0.1785790013706134,0.1122665711649204,8.480974951278682,execution_stress,,KRW100M,R1,,50,quarter,0.5,3,66666.66666666667,0.0025,0.01,True
A2_quarter__KRW100M_R1,A2_quarter,diagnostics,2026,2026-01-02,2026-09-22,181,-0.0891899503390776,-0.3361752335217829,-0.0125101106893124,-0.0648982574221775,0.193982242745804,-0.2831721930848816,9.78353770149345,execution_stress,,KRW100M,R1,,50,quarter,0.5,3,66666.66666666667,0.0025,0.01,True
A2_quarter__KRW100M_C50,A2_quarter,diagnostics,full,2017-01-04,2026-09-22,2442,0.2015259231715886,-0.6084154430385944,0.6603225072179318,4.924506025208728,0.1534966939059092,0.0480292292656794,9.236884350960697,execution_stress,,KRW100M,C50,,50,quarter,0.5,3,66666.66666666667,0.005,0.01,True
A2_quarter__KRW100M_C50,A2_quarter,diagnostics,2017_2022,2017-01-04,2022-12-30,1509,0.0959527109186817,-0.5427513697644448,0.4422466135006365,0.7309207309389365,0.1124281175972994,-0.0164754066786176,9.446737047959465,execution_stress,,KRW100M,C50,,50,quarter,0.5,3,66666.66666666667,0.005,0.01,True
A2_quarter__KRW100M_C50,A2_quarter,diagnostics,2023_2026,2023-01-03,2026-09-22,933,0.3942247509087286,-0.4656700799778486,0.9272175022024616,2.4227483207708627,0.2231529414345989,0.1710718094741297,8.897476291184553,execution_stress,,KRW100M,C50,,50,quarter,0.5,3,66666.66666666667,0.005,0.01,True
A2_quarter__KRW100M_C50,A2_quarter,diagnostics,2017,2017-01-04,2017-12-29,250,0.0634624949144455,-0.1796367458292006,0.4129370819538583,0.0629432967569079,0.2120011745455907,-0.1485386796311452,8.110653979406026,execution_stress,,KRW100M,C50,,50,quarter,0.5,3,66666.66666666667,0.005,0.01,True
A2_quarter__KRW100M_C50,A2_quarter,diagnostics,2018,2018-01-02,2018-12-31,251,-0.1769628636275265,-0.3356557511895134,-0.6352536387569999,-0.176326547385711,-0.0642984107744514,-0.1126644528530751,8.238928990410471,execution_stress,,KRW100M,C50,,50,quarter,0.5,3,66666.66666666667,0.005,0.01,True
A2_quarter__KRW100M_C50,A2_quarter,diagnostics,2019,2019-01-02,2019-12-31,252,0.7159876332198185,-0.1258035822609079,2.5131165084939697,0.7159876332198185,0.3401954545671213,0.3757921786526972,7.428518863148263,execution_stress,,KRW100M,C50,,50,quarter,0.5,3,66666.66666666667,0.005,0.01,True
A2_quarter__KRW100M_C50,A2_quarter,diagnostics,2020,2020-01-02,2020-12-31,253,0.5351803308024845,-0.3707793784540222,1.1823516538610832,0.5377938694476556,0.1813082709311855,0.353872059871299,7.716184715446468,execution_stress,,KRW100M,C50,,50,quarter,0.5,3,66666.66666666667,0.005,0.01,True
A2_quarter__KRW100M_C50,A2_quarter,diagnostics,2021,2021-01-04,2021-12-31,252,0.0288118580430254,-0.3772627240782351,0.273005319199429,0.0288118580430254,0.2861550585808201,-0.2573432005377947,11.018518373225112,execution_stress,,KRW100M,C50,,50,quarter,0.5,3,66666.66666666667,0.005,0.01,True
A2_quarter__KRW100M_C50,A2_quarter,diagnostics,2022,2022-01-03,2022-12-30,251,-0.2726975957830395,-0.3319099064699309,-0.6370847352222738,-0.2717780368321569,-0.180528833522089,-0.0921687622609505,14.17786222052689,execution_stress,,KRW100M,C50,,50,quarter,0.5,3,66666.66666666667,0.005,0.01,True
A2_quarter__KRW100M_C50,A2_quarter,diagnostics,2023,2023-01-03,2023-12-29,250,0.0757965373954179,-0.3235920170258142,0.383923579037825,0.0751729154414337,0.2494116142532503,-0.1736150768578324,8.950421905688973,execution_stress,,KRW100M,C50,,50,quarter,0.5,3,66666.66666666667,0.005,0.01,True
A2_quarter__KRW100M_C50,A2_quarter,diagnostics,2024,2024-01-02,2024-12-31,252,1.5378213272134005,-0.2382741882252743,1.9875012853341636,1.5378213272134005,0.2643074461050603,1.2735138811083402,7.63602044633779,execution_stress,,KRW100M,C50,,50,quarter,0.5,3,66666.66666666667,0.005,0.01,True
A2_quarter__KRW100M_C50,A2_quarter,diagnostics,2025,2025-01-02,2025-12-31,250,0.2513829110994929,-0.4346354727687928,0.6835334965512161,0.2491577354517284,0.1785790013706134,0.0728039097288795,9.12740860125684,execution_stress,,KRW100M,C50,,50,quarter,0.5,3,66666.66666666667,0.005,0.01,True
A2_quarter__KRW100M_C50,A2_quarter,diagnostics,2026,2026-01-02,2026-09-22,181,0.0058462289334693,-0.3629232740431782,0.2474502256219939,0.0041956274813723,0.193982242745804,-0.1881360138123347,10.263041991500604,execution_stress,,KRW100M,C50,,50,quarter,0.5,3,66666.66666666667,0.005,0.01,True
A2_quarter__KRW100M_R5,A2_quarter,diagnostics,full,2017-01-04,2026-09-22,2442,0.2204575684344614,-0.5263774083015673,0.7076364805821291,5.8935990206574544,0.1534966939059092,0.0669608745285521,9.412950211574078,execution_stress,,KRW100M,R5,,50,quarter,0.5,3,66666.66666666667,0.0025,0.05,True
A2_quarter__KRW100M_R5,A2_quarter,diagnostics,2017_2022,2017-01-04,2022-12-30,1509,0.1225370083298758,-0.4933357329154075,0.5209176607603387,0.998050131751984,0.1124281175972994,0.0101088907325763,9.348163911088482,execution_stress,,KRW100M,R5,,50,quarter,0.5,3,66666.66666666667,0.0025,0.05,True
A2_quarter__KRW100M_R5,A2_quarter,diagnostics,2023_2026,2023-01-03,2026-09-22,933,0.3972321940572694,-0.4938947340654724,0.9400916028946046,2.450163192158161,0.2231529414345989,0.1740792526226704,9.517733199176185,execution_stress,,KRW100M,R5,,50,quarter,0.5,3,66666.66666666667,0.0025,0.05,True
A2_quarter__KRW100M_R5,A2_quarter,diagnostics,2017,2017-01-04,2017-12-29,250,0.0939684989253237,-0.1707948944616536,0.5576613700077776,0.0931890037559366,0.2120011745455907,-0.1180326756202669,8.193071087661496,execution_stress,,KRW100M,R5,,50,quarter,0.5,3,66666.66666666667,0.0025,0.05,True
A2_quarter__KRW100M_R5,A2_quarter,diagnostics,2018,2018-01-02,2018-12-31,251,-0.1567624747566146,-0.3284205996781781,-0.5418714813992097,-0.1561917358109319,-0.0642984107744514,-0.0924640639821632,8.238304233606913,execution_stress,,KRW100M,R5,,50,quarter,0.5,3,66666.66666666667,0.0025,0.05,True
A2_quarter__KRW100M_R5,A2_quarter,diagnostics,2019,2019-01-02,2019-12-31,252,0.7568679003218195,-0.1243019046348985,2.604113769827732,0.7568679003218195,0.3401954545671213,0.4166724457546982,7.49655594896016,execution_stress,,KRW100M,R5,,50,quarter,0.5,3,66666.66666666667,0.0025,0.05,True
A2_quarter__KRW100M_R5,A2_quarter,diagnostics,2020,2020-01-02,2020-12-31,253,0.6342466540260445,-0.3887683802235582,1.317947734757808,0.6374351272063077,0.1813082709311855,0.452938383094859,8.164321902680681,execution_stress,,KRW100M,R5,,50,quarter,0.5,3,66666.66666666667,0.0025,0.05,True
A2_quarter__KRW100M_R5,A2_quarter,diagnostics,2021,2021-01-04,2021-12-31,252,-0.1086804319894669,-0.365503057198453,-0.1363692835488955,-0.1086804319894669,0.2861550585808201,-0.3948354905702871,11.879813425749486,execution_stress,,KRW100M,R5,,50,quarter,0.5,3,66666.66666666667,0.0025,0.05,True
A2_quarter__KRW100M_R5,A2_quarter,diagnostics,2022,2022-01-03,2022-12-30,251,-0.155812747117096,-0.2699091976466462,-0.2876821170963636,-0.1552451387813351,-0.180528833522089,0.024716086404993,12.119038579588713,execution_stress,,KRW100M,R5,,50,quarter,0.5,3,66666.66666666667,0.0025,0.05,True
A2_quarter__KRW100M_R5,A2_quarter,diagnostics,2023,2023-01-03,2023-12-29,250,0.1059109426023405,-0.3177972167021827,0.464469176237823,0.1050277132095158,0.2494116142532503,-0.1435006716509097,8.931291530821614,execution_stress,,KRW100M,R5,,50,quarter,0.5,3,66666.66666666667,0.0025,0.05,True
A2_quarter__KRW100M_R5,A2_quarter,diagnostics,2024,2024-01-02,2024-12-31,252,1.1408815611182797,-0.2651593064304849,1.704827709900726,1.1408815611182797,0.2643074461050603,0.8765741150132194,8.667450232934483,execution_stress,,KRW100M,R5,,50,quarter,0.5,3,66666.66666666667,0.0025,0.05,True
A2_quarter__KRW100M_R5,A2_quarter,diagnostics,2025,2025-01-02,2025-12-31,250,0.2320369779648476,-0.4631385956375696,0.6609165675426698,0.2299982874011203,0.1785790013706134,0.0534579765942342,9.78210014685862,execution_stress,,KRW100M,R5,,50,quarter,0.5,3,66666.66666666667,0.0025,0.05,True
A2_quarter__KRW100M_R5,A2_quarter,diagnostics,2026,2026-01-02,2026-09-22,181,0.2676078165861331,-0.2919877952479217,0.7267644340207099,0.1856849824367228,0.193982242745804,0.073625573840329,11.146407164153755,execution_stress,,KRW100M,R5,,50,quarter,0.5,3,66666.66666666667,0.0025,0.05,True
A2_quarter__KRW100M_UNLIMITED,A2_quarter,diagnostics,full,2017-01-04,2026-09-22,2442,0.2114721036244939,-0.6088214102980851,0.6743254185807023,5.417216552047681,0.1534966939059092,0.0579754097185847,9.654438276381685,execution_stress,,KRW100M,UNLIMITED,,50,quarter,0.5,3,66666.66666666667,0.0025,0.0,True
A2_quarter__KRW100M_UNLIMITED,A2_quarter,diagnostics,2017_2022,2017-01-04,2022-12-30,1509,0.0837477305554725,-0.5536131822171775,0.4103717673444804,0.6186516501272661,0.1124281175972994,-0.0286803870418268,9.87915707958534,execution_stress,,KRW100M,UNLIMITED,,50,quarter,0.5,3,66666.66666666667,0.0025,0.0,True
A2_quarter__KRW100M_UNLIMITED,A2_quarter,diagnostics,2023_2026,2023-01-03,2026-09-22,933,0.4506742249027713,-0.4710716839017164,0.9817491171172592,2.964544534052849,0.2231529414345989,0.2275212834681723,9.290986321360972,execution_stress,,KRW100M,UNLIMITED,,50,quarter,0.5,3,66666.66666666667,0.0025,0.0,True
A2_quarter__KRW100M_UNLIMITED,A2_quarter,diagnostics,2017,2017-01-04,2017-12-29,250,0.0939684989253237,-0.1707948944616536,0.5576613700077776,0.0931890037559366,0.2120011745455907,-0.1180326756202669,8.193071087661496,execution_stress,,KRW100M,UNLIMITED,,50,quarter,0.5,3,66666.66666666667,0.0025,0.0,True
A2_quarter__KRW100M_UNLIMITED,A2_quarter,diagnostics,2018,2018-01-02,2018-12-31,251,-0.1567624747566146,-0.3284205996781781,-0.5418714813992097,-0.1561917358109319,-0.0642984107744514,-0.0924640639821632,8.238304233606913,execution_stress,,KRW100M,UNLIMITED,,50,quarter,0.5,3,66666.66666666667,0.0025,0.0,True
A2_quarter__KRW100M_UNLIMITED,A2_quarter,diagnostics,2019,2019-01-02,2019-12-31,252,0.7589314253055164,-0.1240975595016967,2.610037932639323,0.7589314253055164,0.3401954545671213,0.4187359707383951,7.498011432693707,execution_stress,,KRW100M,UNLIMITED,,50,quarter,0.5,3,66666.66666666667,0.0025,0.0,True
A2_quarter__KRW100M_UNLIMITED,A2_quarter,diagnostics,2020,2020-01-02,2020-12-31,253,0.6332304808440319,-0.3885887972444787,1.3166554915252942,0.6364129323950691,0.1813082709311855,0.4519222099128464,8.166166672979466,execution_stress,,KRW100M,UNLIMITED,,50,quarter,0.5,3,66666.66666666667,0.0025,0.0,True
A2_quarter__KRW100M_UNLIMITED,A2_quarter,diagnostics,2021,2021-01-04,2021-12-31,252,-0.1860723072202189,-0.401162210690661,-0.3728838967726697,-0.1860723072202189,0.2861550585808201,-0.4722273658010391,12.822129527536411,execution_stress,,KRW100M,UNLIMITED,,50,quarter,0.5,3,66666.66666666667,0.0025,0.0,True
A2_quarter__KRW100M_UNLIMITED,A2_quarter,diagnostics,2022,2022-01-03,2022-12-30,251,-0.2518534522820045,-0.3220879203392229,-0.5851907959289478,-0.2509915295369564,-0.180528833522089,-0.0713246187599154,14.361953021122616,execution_stress,,KRW100M,UNLIMITED,,50,quarter,0.5,3,66666.66666666667,0.0025,0.0,True
A2_quarter__KRW100M_UNLIMITED,A2_quarter,diagnostics,2023,2023-01-03,2023-12-29,250,0.0805643488071792,-0.3327006126857379,0.3967839636632257,0.0799000621779599,0.2494116142532503,-0.1688472654460711,9.01780603773792,execution_stress,,KRW100M,UNLIMITED,,50,quarter,0.5,3,66666.66666666667,0.0025,0.0,True
A2_quarter__KRW100M_UNLIMITED,A2_quarter,diagnostics,2024,2024-01-02,2024-12-31,252,1.213430832112698,-0.2541273799251239,1.767239301733845,1.213430832112698,0.2643074461050603,0.9491233860076378,8.373766926575282,execution_stress,,KRW100M,UNLIMITED,,50,quarter,0.5,3,66666.66666666667,0.0025,0.0,True
A2_quarter__KRW100M_UNLIMITED,A2_quarter,diagnostics,2025,2025-01-02,2025-12-31,250,0.3379780137659713,-0.4414507016283674,0.8182536910569249,0.3348897971481166,0.1785790013706134,0.1593990123953579,8.927872998264663,execution_stress,,KRW100M,UNLIMITED,,50,quarter,0.5,3,66666.66666666667,0.0025,0.0,True
A2_quarter__KRW100M_UNLIMITED,A2_quarter,diagnostics,2026,2026-01-02,2026-09-22,181,0.3529705152394857,-0.3326778289524633,0.7797427260007128,0.2425056310934856,0.193982242745804,0.1589882724936817,11.446857532221928,execution_stress,,KRW100M,UNLIMITED,,50,quarter,0.5,3,66666.66666666667,0.0025,0.0,True
A2_week__USD100K_C50,A2_week,diagnostics,full,2017-01-04,2026-09-22,2442,0.1415117032648207,-0.6092152210876021,0.5385170272767309,2.605887238894446,0.1534966939059092,-0.0119849906410884,13.495061704424051,execution_stress,,USD100K,C50,,50,week,0.5,3,100000.0,0.005,0.01,True
A2_week__USD100K_C50,A2_week,diagnostics,2017_2022,2017-01-04,2022-12-30,1509,0.0802897749964344,-0.5398723634345031,0.3979709207028869,0.5879700387555771,0.1124281175972994,-0.032138342600865,13.505202003046046,execution_stress,,USD100K,C50,,50,week,0.5,3,100000.0,0.005,0.01,True
A2_week__USD100K_C50,A2_week,diagnostics,2023_2026,2023-01-03,2026-09-22,933,0.2479587009593422,-0.4210880822125371,0.7240782650597567,1.2707526911025535,0.2231529414345989,0.0248057595247432,13.478661157135113,execution_stress,,USD100K,C50,,50,week,0.5,3,100000.0,0.005,0.01,True
A2_week__USD100K_C50,A2_week,diagnostics,2017,2017-01-04,2017-12-29,250,0.0534442825199068,-0.1905171593550286,0.3609744259322744,0.0530090736742028,0.2120011745455907,-0.1585568920256839,11.28056247261712,execution_stress,,USD100K,C50,,50,week,0.5,3,100000.0,0.005,0.01,True
A2_week__USD100K_C50,A2_week,diagnostics,2018,2018-01-02,2018-12-31,251,-0.1836656017024923,-0.3569510244499496,-0.6110176529159003,-0.1830079570858153,-0.0642984107744514,-0.1193671909280409,11.920155190489524,execution_stress,,USD100K,C50,,50,week,0.5,3,100000.0,0.005,0.01,True
A2_week__USD100K_C50,A2_week,diagnostics,2019,2019-01-02,2019-12-31,252,0.7419192110859909,-0.1145596108656866,2.629365849863526,0.7419192110859909,0.3401954545671213,0.4017237565188696,10.092020506855748,execution_stress,,USD100K,C50,,50,week,0.5,3,100000.0,0.005,0.01,True
A2_week__USD100K_C50,A2_week,diagnostics,2020,2020-01-02,2020-12-31,253,0.497515085981002,-0.3778919135991071,1.1379895760786345,0.4999166415950999,0.1813082709311855,0.3162068150498165,11.67389546076158,execution_stress,,USD100K,C50,,50,week,0.5,3,100000.0,0.005,0.01,True
A2_week__USD100K_C50,A2_week,diagnostics,2021,2021-01-04,2021-12-31,252,0.0614293178716931,-0.3375949279909302,0.3505152716680049,0.0614293178716931,0.2861550585808201,-0.224725740709127,15.258558671008316,execution_stress,,USD100K,C50,,50,week,0.5,3,100000.0,0.005,0.01,True
A2_week__USD100K_C50,A2_week,diagnostics,2022,2022-01-03,2022-12-30,251,-0.3354895818425671,-0.3797570857868457,-0.7905675506850242,-0.3344109750866835,-0.180528833522089,-0.1549607483204781,20.818361542768557,execution_stress,,USD100K,C50,,50,week,0.5,3,100000.0,0.005,0.01,True
A2_week__USD100K_C50,A2_week,diagnostics,2023,2023-01-03,2023-12-29,250,0.0835510720786387,-0.3484685890168735,0.4042536880132605,0.0828612273043629,0.2494116142532503,-0.1658605421746115,11.859402516562392,execution_stress,,USD100K,C50,,50,week,0.5,3,100000.0,0.005,0.01,True
A2_week__USD100K_C50,A2_week,diagnostics,2024,2024-01-02,2024-12-31,252,0.8250932632257155,-0.2663957133289196,1.632173354004629,0.8250932632257155,0.2643074461050603,0.5607858171206552,13.17546929902484,execution_stress,,USD100K,C50,,50,week,0.5,3,100000.0,0.005,0.01,True
A2_week__USD100K_C50,A2_week,diagnostics,2025,2025-01-02,2025-12-31,250,0.0797243677230827,-0.4206620261121008,0.4057636927122687,0.0790672573283632,0.1785790013706134,-0.0988546336475306,13.597226233251977,execution_stress,,USD100K,C50,,50,week,0.5,3,100000.0,0.005,0.01,True
A2_week__USD100K_C50,A2_week,diagnostics,2026,2026-01-02,2026-09-22,181,0.0913346951833271,-0.3371378797459822,0.4201411040985739,0.064788757569578,0.193982242745804,-0.1026475475624768,15.973565794470764,execution_stress,,USD100K,C50,,50,week,0.5,3,100000.0,0.005,0.01,True
A2_week__USD100K_R5,A2_week,diagnostics,full,2017-01-04,2026-09-22,2442,0.2179297599507694,-0.5191147908477638,0.7022203240204795,5.756476998400023,0.1534966939059092,0.0644330660448602,13.565903417028537,execution_stress,,USD100K,R5,,50,week,0.5,3,100000.0,0.0025,0.05,True
A2_week__USD100K_R5,A2_week,diagnostics,2017_2022,2017-01-04,2022-12-30,1509,0.1126639313400805,-0.486965393173366,0.4875099351246499,0.8950998940813957,0.1124281175972994,0.0002358137427811,13.342163649189242,execution_stress,,USD100K,R5,,50,week,0.5,3,100000.0,0.0025,0.05,True
A2_week__USD100K_R5,A2_week,diagnostics,2023_2026,2023-01-03,2026-09-22,933,0.409668738800748,-0.4663515480633846,0.9729719869782562,2.565235278362488,0.2231529414345989,0.1865157973661491,13.92777191613839,execution_stress,,USD100K,R5,,50,week,0.5,3,100000.0,0.0025,0.05,True
A2_week__USD100K_R5,A2_week,diagnostics,2017,2017-01-04,2017-12-29,250,0.093633903020964,-0.1736906414005902,0.5501255921472007,0.0928572994924452,0.2120011745455907,-0.1183672715246266,11.238319895551886,execution_stress,,USD100K,R5,,50,week,0.5,3,100000.0,0.0025,0.05,True
A2_week__USD100K_R5,A2_week,diagnostics,2018,2018-01-02,2018-12-31,251,-0.159885871446388,-0.349884561307226,-0.5052859450069458,-0.1593048666353768,-0.0642984107744514,-0.0955874606719365,11.912203847755803,execution_stress,,USD100K,R5,,50,week,0.5,3,100000.0,0.0025,0.05,True
A2_week__USD100K_R5,A2_week,diagnostics,2019,2019-01-02,2019-12-31,252,0.7669492795639088,-0.1132801587465704,2.6680796604021486,0.7669492795639088,0.3401954545671213,0.4267538249967875,10.25591864808505,execution_stress,,USD100K,R5,,50,week,0.5,3,100000.0,0.0025,0.05,True
A2_week__USD100K_R5,A2_week,diagnostics,2020,2020-01-02,2020-12-31,253,0.5624169307568598,-0.4000494036175095,1.2264416878080475,0.5651860621693758,0.1813082709311855,0.3811086598256743,12.099191376106411,execution_stress,,USD100K,R5,,50,week,0.5,3,100000.0,0.0025,0.05,True
A2_week__USD100K_R5,A2_week,diagnostics,2021,2021-01-04,2021-12-31,252,-0.0934978452703987,-0.3543941510485051,-0.0670956363047244,-0.0934978452703987,0.2861550585808201,-0.3796529038512188,16.580779578785133,execution_stress,,USD100K,R5,,50,week,0.5,3,100000.0,0.0025,0.05,True
A2_week__USD100K_R5,A2_week,diagnostics,2022,2022-01-03,2022-12-30,251,-0.1778829487174307,-0.28431517395689,-0.2827436798322278,-0.1772436919036686,-0.180528833522089,0.0026458848046583,17.967483807273634,execution_stress,,USD100K,R5,,50,week,0.5,3,100000.0,0.0025,0.05,True
A2_week__USD100K_R5,A2_week,diagnostics,2023,2023-01-03,2023-12-29,250,0.1674726242356981,-0.3172309454214032,0.6150882241866985,0.1660387995987748,0.2494116142532503,-0.0819389900175522,12.691337364851895,execution_stress,,USD100K,R5,,50,week,0.5,3,100000.0,0.0025,0.05,True
A2_week__USD100K_R5,A2_week,diagnostics,2024,2024-01-02,2024-12-31,252,0.8826575028253281,-0.2702553641703787,1.7021714795501912,0.8826575028253281,0.2643074461050603,0.6183500567202678,13.992793054978788,execution_stress,,USD100K,R5,,50,week,0.5,3,100000.0,0.0025,0.05,True
A2_week__USD100K_R5,A2_week,diagnostics,2025,2025-01-02,2025-12-31,250,0.3764841905189873,-0.4546315288824359,0.8597313746000137,0.3729978866433396,0.1785790013706134,0.1979051891483738,13.652126213595224,execution_stress,,USD100K,R5,,50,week,0.5,3,100000.0,0.0025,0.05,True
A2_week__USD100K_R5,A2_week,diagnostics,2026,2026-01-02,2026-09-22,181,0.2634075770182431,-0.3364566812029588,0.7056546571969747,0.1828617965850905,0.193982242745804,0.0694253342724391,15.925753885583877,execution_stress,,USD100K,R5,,50,week,0.5,3,100000.0,0.0025,0.05,True
A2_week__USD100K_UNLIMITED,A2_week,diagnostics,full,2017-01-04,2026-09-22,2442,0.2005450876275079,-0.6180995329327585,0.6608091508934977,4.877805656483848,0.1534966939059092,0.0470483937215986,13.981498179425778,execution_stress,,USD100K,UNLIMITED,,50,week,0.5,3,100000.0,0.0025,0.0,True
A2_week__USD100K_UNLIMITED,A2_week,diagnostics,2017_2022,2017-01-04,2022-12-30,1509,0.0641127620003214,-0.5727023940125164,0.3537472240535053,0.4507902523817018,0.1124281175972994,-0.0483153555969779,13.99703036104409,execution_stress,,USD100K,UNLIMITED,,50,week,0.5,3,100000.0,0.0025,0.0,True
A2_week__USD100K_UNLIMITED,A2_week,diagnostics,2023_2026,2023-01-03,2026-09-22,933,0.4591954681935664,-0.4371416673686257,1.0399727068525475,3.0514510259732663,0.2231529414345989,0.2360425267589674,13.956376998223174,execution_stress,,USD100K,UNLIMITED,,50,week,0.5,3,100000.0,0.0025,0.0,True
A2_week__USD100K_UNLIMITED,A2_week,diagnostics,2017,2017-01-04,2017-12-29,250,0.093633903020964,-0.1736906414005902,0.5501255921472007,0.0928572994924452,0.2120011745455907,-0.1183672715246266,11.238319895551886,execution_stress,,USD100K,UNLIMITED,,50,week,0.5,3,100000.0,0.0025,0.0,True
A2_week__USD100K_UNLIMITED,A2_week,diagnostics,2018,2018-01-02,2018-12-31,251,-0.159885871446388,-0.349884561307226,-0.5052859450069458,-0.1593048666353768,-0.0642984107744514,-0.0955874606719365,11.912203847755803,execution_stress,,USD100K,UNLIMITED,,50,week,0.5,3,100000.0,0.0025,0.0,True
A2_week__USD100K_UNLIMITED,A2_week,diagnostics,2019,2019-01-02,2019-12-31,252,0.7691589708189284,-0.1132499496736946,2.674595478482799,0.7691589708189284,0.3401954545671213,0.428963516251807,10.290069655942276,execution_stress,,USD100K,UNLIMITED,,50,week,0.5,3,100000.0,0.0025,0.0,True
A2_week__USD100K_UNLIMITED,A2_week,diagnostics,2020,2020-01-02,2020-12-31,253,0.5630665139601836,-0.3996853236590542,1.2274190685557973,0.5658393794724634,0.1813082709311855,0.3817582430289981,12.110680815512282,execution_stress,,USD100K,UNLIMITED,,50,week,0.5,3,100000.0,0.0025,0.0,True
A2_week__USD100K_UNLIMITED,A2_week,diagnostics,2021,2021-01-04,2021-12-31,252,-0.1827075642896801,-0.3977602016027236,-0.3274283419520644,-0.1827075642896801,0.2861550585808201,-0.4688626228705003,17.84316295368493,execution_stress,,USD100K,UNLIMITED,,50,week,0.5,3,100000.0,0.0025,0.0,True
A2_week__USD100K_UNLIMITED,A2_week,diagnostics,2022,2022-01-03,2022-12-30,251,-0.3035537134426899,-0.3616243119570029,-0.6383268962221891,-0.3025531953854065,-0.180528833522089,-0.1230248799206008,20.59123032346689,execution_stress,,USD100K,UNLIMITED,,50,week,0.5,3,100000.0,0.0025,0.0,True
A2_week__USD100K_UNLIMITED,A2_week,diagnostics,2023,2023-01-03,2023-12-29,250,0.1342711445287161,-0.3291180971713662,0.5345198390999434,0.1331375277330075,0.2494116142532503,-0.1151404697245341,12.893240092638244,execution_stress,,USD100K,UNLIMITED,,50,week,0.5,3,100000.0,0.0025,0.0,True
A2_week__USD100K_UNLIMITED,A2_week,diagnostics,2024,2024-01-02,2024-12-31,252,0.9311010875930056,-0.2596829225197177,1.7893941608146673,0.9311010875930056,0.2643074461050603,0.6667936414879452,13.582824346707726,execution_stress,,USD100K,UNLIMITED,,50,week,0.5,3,100000.0,0.0025,0.0,True
A2_week__USD100K_UNLIMITED,A2_week,diagnostics,2025,2025-01-02,2025-12-31,250,0.4298169399396072,-0.4327108623154456,0.9387053460000084,0.4257653425473622,0.1785790013706134,0.2512379385689938,12.762370676478414,execution_stress,,USD100K,UNLIMITED,,50,week,0.5,3,100000.0,0.0025,0.0,True
A2_week__USD100K_UNLIMITED,A2_week,diagnostics,2026,2026-01-02,2026-09-22,181,0.4387560582471672,-0.3595986331072218,0.910922481084798,0.2985985345591448,0.193982242745804,0.2447738155013632,17.594062495539827,execution_stress,,USD100K,UNLIMITED,,50,week,0.5,3,100000.0,0.0025,0.0,True
A2_week__KRW50M_R1,A2_week,diagnostics,full,2017-01-04,2026-09-22,2442,0.2204365891658826,-0.6040823042404766,0.7077008930562178,5.892450797354925,0.1534966939059092,0.0669398952599733,13.371614658365557,execution_stress,,KRW50M,R1,,50,week,0.5,3,33333.333333333336,0.0025,0.01,True
A2_week__KRW50M_R1,A2_week,diagnostics,2017_2022,2017-01-04,2022-12-30,1509,0.0972205225329909,-0.5569540436853697,0.4436484097458497,0.7429456430451651,0.1124281175972994,-0.0152075950643084,13.31165465965404,execution_stress,,KRW50M,R1,,50,week,0.5,3,33333.333333333336,0.0025,0.01,True
A2_week__KRW50M_R1,A2_week,diagnostics,2023_2026,2023-01-03,2026-09-22,933,0.4496790127126016,-0.4508131932641266,1.0435475176502516,2.954484079786249,0.2231529414345989,0.2265260712780026,13.468591762390938,execution_stress,,KRW50M,R1,,50,week,0.5,3,33333.333333333336,0.0025,0.01,True
A2_week__KRW50M_R1,A2_week,diagnostics,2017,2017-01-04,2017-12-29,250,0.0891313508218574,-0.1791480657709789,0.5313862419539831,0.0883935807533824,0.2120011745455907,-0.1228698237237333,10.870571000709614,execution_stress,,KRW50M,R1,,50,week,0.5,3,33333.333333333336,0.0025,0.01,True
A2_week__KRW50M_R1,A2_week,diagnostics,2018,2018-01-02,2018-12-31,251,-0.1588419067913407,-0.3486029531688251,-0.5025562529668208,-0.1582643281432483,-0.0642984107744514,-0.0945434960168892,11.44467224187982,execution_stress,,KRW50M,R1,,50,week,0.5,3,33333.333333333336,0.0025,0.01,True
A2_week__KRW50M_R1,A2_week,diagnostics,2019,2019-01-02,2019-12-31,252,0.7552246904940778,-0.1142169759760522,2.647663532143804,0.7552246904940778,0.3401954545671213,0.4150292359269565,9.80001398661476,execution_stress,,KRW50M,R1,,50,week,0.5,3,33333.333333333336,0.0025,0.01,True
A2_week__KRW50M_R1,A2_week,diagnostics,2020,2020-01-02,2020-12-31,253,0.512831643970971,-0.3709991422192058,1.1663542741657662,0.5153189516244445,0.1813082709311855,0.3315233730397855,11.31743845159675,execution_stress,,KRW50M,R1,,50,week,0.5,3,33333.333333333336,0.0025,0.01,True
A2_week__KRW50M_R1,A2_week,diagnostics,2021,2021-01-04,2021-12-31,252,0.0323977668093424,-0.362045705118081,0.2800286507479251,0.0323977668093424,0.2861550585808201,-0.2537572917714776,16.051000410576698,execution_stress,,KRW50M,R1,,50,week,0.5,3,33333.333333333336,0.0025,0.01,True
A2_week__KRW50M_R1,A2_week,diagnostics,2022,2022-01-03,2022-12-30,251,-0.308163611274745,-0.3645438797488689,-0.6524448361623294,-0.3071514568168149,-0.180528833522089,-0.1276347777526559,20.3954734748306,execution_stress,,KRW50M,R1,,50,week,0.5,3,33333.333333333336,0.0025,0.01,True
A2_week__KRW50M_R1,A2_week,diagnostics,2023,2023-01-03,2023-12-29,250,0.1495857961469502,-0.3200721725661866,0.572447404302207,0.1483146406105471,0.2494116142532503,-0.0998258181063,12.372293521804844,execution_stress,,KRW50M,R1,,50,week,0.5,3,33333.333333333336,0.0025,0.01,True
A2_week__KRW50M_R1,A2_week,diagnostics,2024,2024-01-02,2024-12-31,252,0.9971950017485818,-0.25492427346805,1.8700096856347548,0.9971950017485818,0.2643074461050603,0.7328875556435215,13.109072800043483,execution_stress,,KRW50M,R1,,50,week,0.5,3,33333.333333333336,0.0025,0.01,True
A2_week__KRW50M_R1,A2_week,diagnostics,2025,2025-01-02,2025-12-31,250,0.3825805369512034,-0.4403057698754937,0.8780582284256113,0.3790304254696739,0.1785790013706134,0.2040015355805899,13.073805139809012,execution_stress,,KRW50M,R1,,50,week,0.5,3,33333.333333333336,0.0025,0.01,True
A2_week__KRW50M_R1,A2_week,diagnostics,2026,2026-01-02,2026-09-22,181,0.364890815369894,-0.3307971336599208,0.8534882267627497,0.2503586730315013,0.193982242745804,0.1709085726240899,16.0286469795377,execution_stress,,KRW50M,R1,,50,week,0.5,3,33333.333333333336,0.0025,0.01,True
A2_week__KRW50M_C50,A2_week,diagnostics,full,2017-01-04,2026-09-22,2442,0.1621543415094035,-0.6440365239037464,0.5805097146963963,3.289803377773845,0.1534966939059092,0.0086576476034943,13.272040879704628,execution_stress,,KRW50M,C50,,50,week,0.5,3,33333.333333333336,0.005,0.01,True
A2_week__KRW50M_C50,A2_week,diagnostics,2017_2022,2017-01-04,2022-12-30,1509,0.0587076340380707,-0.5857254670676679,0.3386098323136863,0.4072177843379811,0.1124281175972994,-0.0537204835592286,13.2542520843536,execution_stress,,KRW50M,C50,,50,week,0.5,3,33333.333333333336,0.005,0.01,True
A2_week__KRW50M_C50,A2_week,diagnostics,2023_2026,2023-01-03,2026-09-22,933,0.351285867886572,-0.4698978901922976,0.8840547033909428,2.048428910946406,0.2231529414345989,0.128132926451973,13.300811825240215,execution_stress,,KRW50M,C50,,50,week,0.5,3,33333.333333333336,0.005,0.01,True
A2_week__KRW50M_C50,A2_week,diagnostics,2017,2017-01-04,2017-12-29,250,0.0610854244748197,-0.18875271845803,0.399113841409447,0.0605862223436635,0.2120011745455907,-0.1509157500707709,10.880596718611129,execution_stress,,KRW50M,C50,,50,week,0.5,3,33333.333333333336,0.005,0.01,True
A2_week__KRW50M_C50,A2_week,diagnostics,2018,2018-01-02,2018-12-31,251,-0.1821758747250808,-0.3551820674264107,-0.6057739308985293,-0.1815229517252019,-0.0642984107744514,-0.1178774639506293,11.40173945711028,execution_stress,,KRW50M,C50,,50,week,0.5,3,33333.333333333336,0.005,0.01,True
A2_week__KRW50M_C50,A2_week,diagnostics,2019,2019-01-02,2019-12-31,252,0.6955015590027929,-0.1179376775987117,2.4868210534369286,0.6955015590027929,0.3401954545671213,0.3553061044356715,9.662802351864144,execution_stress,,KRW50M,C50,,50,week,0.5,3,33333.333333333336,0.005,0.01,True
A2_week__KRW50M_C50,A2_week,diagnostics,2020,2020-01-02,2020-12-31,253,0.4651737860969187,-0.3759521429899651,1.0939016435367572,0.4673963355350665,0.1813082709311855,0.2838655151657332,11.30165570313732,execution_stress,,KRW50M,C50,,50,week,0.5,3,33333.333333333336,0.005,0.01,True
A2_week__KRW50M_C50,A2_week,diagnostics,2021,2021-01-04,2021-12-31,252,-0.0101087616212912,-0.3868763438855533,0.1749853214200391,-0.0101087616212912,0.2861550585808201,-0.2962638202021114,16.020024395760867,execution_stress,,KRW50M,C50,,50,week,0.5,3,33333.333333333336,0.005,0.01,True
A2_week__KRW50M_C50,A2_week,diagnostics,2022,2022-01-03,2022-12-30,251,-0.3428687480206331,-0.3806220091558232,-0.7739605701087253,-0.3417729517064098,-0.180528833522089,-0.1623399144985441,20.26808517373257,execution_stress,,KRW50M,C50,,50,week,0.5,3,33333.333333333336,0.005,0.01,True
A2_week__KRW50M_C50,A2_week,diagnostics,2023,2023-01-03,2023-12-29,250,0.1245997576028006,-0.3205659485815936,0.510102476746423,0.1235521616942629,0.2494116142532503,-0.1248118566504496,12.187805141130037,execution_stress,,KRW50M,C50,,50,week,0.5,3,33333.333333333336,0.005,0.01,True
A2_week__KRW50M_C50,A2_week,diagnostics,2024,2024-01-02,2024-12-31,252,0.7768947282004897,-0.2729073138511849,1.5863704100856817,0.7768947282004897,0.2643074461050603,0.5125872820954294,13.17811384212294,execution_stress,,KRW50M,C50,,50,week,0.5,3,33333.333333333336,0.005,0.01,True
A2_week__KRW50M_C50,A2_week,diagnostics,2025,2025-01-02,2025-12-31,250,0.3319138949604134,-0.4596276101292202,0.7989235942987666,0.3288875837965213,0.1785790013706134,0.1533348935898,13.175724409755428,execution_stress,,KRW50M,C50,,50,week,0.5,3,33333.333333333336,0.005,0.01,True
A2_week__KRW50M_C50,A2_week,diagnostics,2026,2026-01-02,2026-09-22,181,0.2133871242282319,-0.3386465903737787,0.6294261298046495,0.1490340261248832,0.193982242745804,0.0194048814824279,15.18171467962861,execution_stress,,KRW50M,C50,,50,week,0.5,3,33333.333333333336,0.005,0.01,True
A2_week__KRW50M_R5,A2_week,diagnostics,full,2017-01-04,2026-09-22,2442,0.2019879393782662,-0.6167082095767227,0.6641995224584208,4.946618995344686,0.1534966939059092,0.0484912454723569,13.504534623179527,execution_stress,,KRW50M,R5,,50,week,0.5,3,33333.333333333336,0.0025,0.05,True
A2_week__KRW50M_R5,A2_week,diagnostics,2017_2022,2017-01-04,2022-12-30,1509,0.0647025107652745,-0.5720886998890466,0.3554007342970759,0.4556116510517436,0.1124281175972994,-0.0477256068320248,13.52642005370995,execution_stress,,KRW50M,R5,,50,week,0.5,3,33333.333333333336,0.0025,0.05,True
A2_week__KRW50M_R5,A2_week,diagnostics,2023_2026,2023-01-03,2026-09-22,933,0.4624788699041542,-0.4373995982014144,1.0452286239166744,3.085305988756017,0.2231529414345989,0.2393259284695552,13.469137930070836,execution_stress,,KRW50M,R5,,50,week,0.5,3,33333.333333333336,0.0025,0.05,True
A2_week__KRW50M_R5,A2_week,diagnostics,2017,2017-01-04,2017-12-29,250,0.0894801378107073,-0.1787013838872199,0.5327508730545748,0.0887393647613739,0.2120011745455907,-0.1225210367348834,10.786322958277015,execution_stress,,KRW50M,R5,,50,week,0.5,3,33333.333333333336,0.0025,0.05,True
A2_week__KRW50M_R5,A2_week,diagnostics,2018,2018-01-02,2018-12-31,251,-0.1592562916865866,-0.3488755090949141,-0.5041637652697015,-0.1586773524647844,-0.0642984107744514,-0.0949578809121352,11.449297113188925,execution_stress,,KRW50M,R5,,50,week,0.5,3,33333.333333333336,0.0025,0.05,True
A2_week__KRW50M_R5,A2_week,diagnostics,2019,2019-01-02,2019-12-31,252,0.7618341499774766,-0.1136009681628992,2.658561007723146,0.7618341499774766,0.3401954545671213,0.4216386954103552,9.68140614823869,execution_stress,,KRW50M,R5,,50,week,0.5,3,33333.333333333336,0.0025,0.05,True
A2_week__KRW50M_R5,A2_week,diagnostics,2020,2020-01-02,2020-12-31,253,0.5784962409450314,-0.398215700166144,1.251775435763138,0.5813581193011235,0.1813082709311855,0.3971879700138458,11.582847100987104,execution_stress,,KRW50M,R5,,50,week,0.5,3,33333.333333333336,0.0025,0.05,True
A2_week__KRW50M_R5,A2_week,diagnostics,2021,2021-01-04,2021-12-31,252,-0.1831539203738544,-0.397151446407737,-0.3289237551622915,-0.1831539203738544,0.2861550585808201,-0.4693089789546746,17.477134514707345,execution_stress,,KRW50M,R5,,50,week,0.5,3,33333.333333333336,0.0025,0.05,True
A2_week__KRW50M_R5,A2_week,diagnostics,2022,2022-01-03,2022-12-30,251,-0.3027281829064817,-0.3612602628776893,-0.637021460437536,-0.3017297614449671,-0.180528833522089,-0.1221993493843927,20.185661284687257,execution_stress,,KRW50M,R5,,50,week,0.5,3,33333.333333333336,0.0025,0.05,True
A2_week__KRW50M_R5,A2_week,diagnostics,2023,2023-01-03,2023-12-29,250,0.1348292537675628,-0.329939215050632,0.5363773218216276,0.1336906530932347,0.2494116142532503,-0.1145823604856874,12.395292323858838,execution_stress,,KRW50M,R5,,50,week,0.5,3,33333.333333333336,0.0025,0.05,True
A2_week__KRW50M_R5,A2_week,diagnostics,2024,2024-01-02,2024-12-31,252,0.9441764656817808,-0.2585204863907633,1.8057030081069805,0.9441764656817808,0.2643074461050603,0.6798690195767205,12.922501071924051,execution_stress,,KRW50M,R5,,50,week,0.5,3,33333.333333333336,0.0025,0.05,True
A2_week__KRW50M_R5,A2_week,diagnostics,2025,2025-01-02,2025-12-31,250,0.4330896191661608,-0.4329450489499598,0.94291572845072,0.4290028187264512,0.1785790013706134,0.2545106177955474,12.43540884292099,execution_stress,,KRW50M,R5,,50,week,0.5,3,33333.333333333336,0.0025,0.05,True
A2_week__KRW50M_R5,A2_week,diagnostics,2026,2026-01-02,2026-09-22,181,0.4363888559272826,-0.3600824791249661,0.9087167714620428,0.2970635575504272,0.193982242745804,0.2424066131814786,17.141216170918636,execution_stress,,KRW50M,R5,,50,week,0.5,3,33333.333333333336,0.0025,0.05,True
A2_week__KRW50M_UNLIMITED,A2_week,diagnostics,full,2017-01-04,2026-09-22,2442,0.2021590820983885,-0.6167082095767227,0.6645186218896625,4.954828978400393,0.1534966939059092,0.0486623881924792,13.51665143711048,execution_stress,,KRW50M,UNLIMITED,,50,week,0.5,3,33333.333333333336,0.0025,0.0,True
A2_week__KRW50M_UNLIMITED,A2_week,diagnostics,2017_2022,2017-01-04,2022-12-30,1509,0.0647025107652745,-0.5720886998890466,0.3554007342970759,0.4556116510517436,0.1124281175972994,-0.0477256068320248,13.52642005370995,execution_stress,,KRW50M,UNLIMITED,,50,week,0.5,3,33333.333333333336,0.0025,0.0,True
A2_week__KRW50M_UNLIMITED,A2_week,diagnostics,2023_2026,2023-01-03,2026-09-22,933,0.4630239520294672,-0.4377208337249427,1.045867913729967,3.0909462177619824,0.2231529414345989,0.2398710105948682,13.5008520347004,execution_stress,,KRW50M,UNLIMITED,,50,week,0.5,3,33333.333333333336,0.0025,0.0,True
A2_week__KRW50M_UNLIMITED,A2_week,diagnostics,2017,2017-01-04,2017-12-29,250,0.0894801378107073,-0.1787013838872199,0.5327508730545748,0.0887393647613739,0.2120011745455907,-0.1225210367348834,10.786322958277015,execution_stress,,KRW50M,UNLIMITED,,50,week,0.5,3,33333.333333333336,0.0025,0.0,True
A2_week__KRW50M_UNLIMITED,A2_week,diagnostics,2018,2018-01-02,2018-12-31,251,-0.1592562916865866,-0.3488755090949141,-0.5041637652697015,-0.1586773524647844,-0.0642984107744514,-0.0949578809121352,11.449297113188925,execution_stress,,KRW50M,UNLIMITED,,50,week,0.5,3,33333.333333333336,0.0025,0.0,True
A2_week__KRW50M_UNLIMITED,A2_week,diagnostics,2019,2019-01-02,2019-12-31,252,0.7618341499774766,-0.1136009681628992,2.658561007723146,0.7618341499774766,0.3401954545671213,0.4216386954103552,9.68140614823869,execution_stress,,KRW50M,UNLIMITED,,50,week,0.5,3,33333.333333333336,0.0025,0.0,True
A2_week__KRW50M_UNLIMITED,A2_week,diagnostics,2020,2020-01-02,2020-12-31,253,0.5784962409450314,-0.398215700166144,1.251775435763138,0.5813581193011235,0.1813082709311855,0.3971879700138458,11.582847100987104,execution_stress,,KRW50M,UNLIMITED,,50,week,0.5,3,33333.333333333336,0.0025,0.0,True
A2_week__KRW50M_UNLIMITED,A2_week,diagnostics,2021,2021-01-04,2021-12-31,252,-0.1831539203738544,-0.397151446407737,-0.3289237551622915,-0.1831539203738544,0.2861550585808201,-0.4693089789546746,17.477134514707345,execution_stress,,KRW50M,UNLIMITED,,50,week,0.5,3,33333.333333333336,0.0025,0.0,True
A2_week__KRW50M_UNLIMITED,A2_week,diagnostics,2022,2022-01-03,2022-12-30,251,-0.3027281829064817,-0.3612602628776893,-0.637021460437536,-0.3017297614449671,-0.180528833522089,-0.1221993493843927,20.185661284687257,execution_stress,,KRW50M,UNLIMITED,,50,week,0.5,3,33333.333333333336,0.0025,0.0,True
A2_week__KRW50M_UNLIMITED,A2_week,diagnostics,2023,2023-01-03,2023-12-29,250,0.1348292537675628,-0.329939215050632,0.5363773218216276,0.1336906530932347,0.2494116142532503,-0.1145823604856874,12.395292323858838,execution_stress,,KRW50M,UNLIMITED,,50,week,0.5,3,33333.333333333336,0.0025,0.0,True
A2_week__KRW50M_UNLIMITED,A2_week,diagnostics,2024,2024-01-02,2024-12-31,252,0.945076129790254,-0.2587278195279219,1.8065499095501731,0.945076129790254,0.2643074461050603,0.6807686836851938,13.055572771422346,execution_stress,,KRW50M,UNLIMITED,,50,week,0.5,3,33333.333333333336,0.0025,0.0,True
A2_week__KRW50M_UNLIMITED,A2_week,diagnostics,2025,2025-01-02,2025-12-31,250,0.4344819263204991,-0.4332812994452728,0.9446988453307972,0.4303801315282183,0.1785790013706134,0.2559029249498856,12.4286039823338,execution_stress,,KRW50M,UNLIMITED,,50,week,0.5,3,33333.333333333336,0.0025,0.0,True
A2_week__KRW50M_UNLIMITED,A2_week,diagnostics,2026,2026-01-02,2026-09-22,181,0.4362961797263895,-0.360295246475974,0.908347691919603,0.2970034485599193,0.193982242745804,0.2423139369805855,17.12882062667892,execution_stress,,KRW50M,UNLIMITED,,50,week,0.5,3,33333.333333333336,0.0025,0.0,True
A2_week__KRW100M_R1,A2_week,diagnostics,full,2017-01-04,2026-09-22,2442,0.1955131394660667,-0.5993877569317465,0.6608110976551752,4.643371201149928,0.1534966939059092,0.0420164455601574,13.18122615473414,execution_stress,,KRW100M,R1,,50,week,0.5,3,66666.66666666667,0.0025,0.01,True
A2_week__KRW100M_R1,A2_week,diagnostics,2017_2022,2017-01-04,2022-12-30,1509,0.1063166296371627,-0.5703288172508545,0.466786667198935,0.8312779619335771,0.1124281175972994,-0.0061114879601367,13.28233529468282,execution_stress,,KRW100M,R1,,50,week,0.5,3,66666.66666666667,0.0025,0.01,True
A2_week__KRW100M_R1,A2_week,diagnostics,2023_2026,2023-01-03,2026-09-22,933,0.3552484639626252,-0.4029863211998136,0.9198962305060872,2.081657355386576,0.2231529414345989,0.1320955225280262,13.017695938032572,execution_stress,,KRW100M,R1,,50,week,0.5,3,66666.66666666667,0.0025,0.01,True
A2_week__KRW100M_R1,A2_week,diagnostics,2017,2017-01-04,2017-12-29,250,0.0864280393640373,-0.1805892796567813,0.5168090610811612,0.0857135144004166,0.2120011745455907,-0.1255731351815534,11.105647902262808,execution_stress,,KRW100M,R1,,50,week,0.5,3,66666.66666666667,0.0025,0.01,True
A2_week__KRW100M_R1,A2_week,diagnostics,2018,2018-01-02,2018-12-31,251,-0.1597873854700657,-0.3499598218816809,-0.506046497501887,-0.1592067036587563,-0.0642984107744514,-0.0954889746956143,11.776902742466705,execution_stress,,KRW100M,R1,,50,week,0.5,3,66666.66666666667,0.0025,0.01,True
A2_week__KRW100M_R1,A2_week,diagnostics,2019,2019-01-02,2019-12-31,252,0.7574740518661742,-0.1139650269943539,2.655939807118445,0.7574740518661742,0.3401954545671213,0.4172785972990529,10.20324347610826,execution_stress,,KRW100M,R1,,50,week,0.5,3,66666.66666666667,0.0025,0.01,True
A2_week__KRW100M_R1,A2_week,diagnostics,2020,2020-01-02,2020-12-31,253,0.5132991964821989,-0.3726136629606126,1.1666418279425776,0.5157891315635357,0.1813082709311855,0.3319909255510134,11.639413031447855,execution_stress,,KRW100M,R1,,50,week,0.5,3,66666.66666666667,0.0025,0.01,True
A2_week__KRW100M_R1,A2_week,diagnostics,2021,2021-01-04,2021-12-31,252,-0.0055249354418321,-0.4030694297211186,0.1958510034443496,-0.0055249354418321,0.2861550585808201,-0.2916799940226523,15.769181134218933,execution_stress,,KRW100M,R1,,50,week,0.5,3,66666.66666666667,0.0025,0.01,True
A2_week__KRW100M_R1,A2_week,diagnostics,2022,2022-01-03,2022-12-30,251,-0.2436078487064062,-0.3471766803890743,-0.4503196732096315,-0.2427693638785923,-0.180528833522089,-0.0630790151843172,19.206401980050888,execution_stress,,KRW100M,R1,,50,week,0.5,3,66666.66666666667,0.0025,0.01,True
A2_week__KRW100M_R1,A2_week,diagnostics,2023,2023-01-03,2023-12-29,250,0.1905316548304285,-0.3079254256705972,0.6719646923359235,0.188884947955634,0.2494116142532503,-0.0588799594228217,12.033298655878948,execution_stress,,KRW100M,R1,,50,week,0.5,3,66666.66666666667,0.0025,0.01,True
A2_week__KRW100M_R1,A2_week,diagnostics,2024,2024-01-02,2024-12-31,252,0.9115458319774918,-0.2597047338680984,1.7995835818098926,0.9115458319774918,0.2643074461050603,0.6472383858724315,12.110164262472864,execution_stress,,KRW100M,R1,,50,week,0.5,3,66666.66666666667,0.0025,0.01,True
A2_week__KRW100M_R1,A2_week,diagnostics,2025,2025-01-02,2025-12-31,250,0.2382101154193161,-0.4029863211998137,0.678542346735533,0.236112176525205,0.1785790013706134,0.0596311140487026,12.760397756568118,execution_stress,,KRW100M,R1,,50,week,0.5,3,66666.66666666667,0.0025,0.01,True
A2_week__KRW100M_R1,A2_week,diagnostics,2026,2026-01-02,2026-09-22,181,0.1375532459816604,-0.3297712509103484,0.5078999965787471,0.0969881092236515,0.193982242745804,-0.0564289967641435,15.996269684693171,execution_stress,,KRW100M,R1,,50,week,0.5,3,66666.66666666667,0.0025,0.01,True
A2_week__KRW100M_C50,A2_week,diagnostics,full,2017-01-04,2026-09-22,2442,0.1737909496831424,-0.6187679677891478,0.6070198546530086,3.724627465138056,0.1534966939059092,0.0202942557772332,13.50436480193919,execution_stress,,KRW100M,C50,,50,week,0.5,3,66666.66666666667,0.005,0.01,True
A2_week__KRW100M_C50,A2_week,diagnostics,2017_2022,2017-01-04,2022-12-30,1509,0.0654473608277026,-0.5552806553121796,0.3572357982209038,0.4617201232612449,0.1124281175972994,-0.0469807567695967,13.419423145988889,execution_stress,,KRW100M,C50,,50,week,0.5,3,66666.66666666667,0.005,0.01,True
A2_week__KRW100M_C50,A2_week,diagnostics,2023_2026,2023-01-03,2026-09-22,933,0.3728245949728628,-0.3745382781122334,0.9257662093589124,2.2322380939772097,0.2231529414345989,0.1496716535382638,13.64174632265624,execution_stress,,KRW100M,C50,,50,week,0.5,3,66666.66666666667,0.005,0.01,True
A2_week__KRW100M_C50,A2_week,diagnostics,2017,2017-01-04,2017-12-29,250,0.054166058450801,-0.1916933067844484,0.3647789440214312,0.0537248234587737,0.2120011745455907,-0.1578351160947897,11.124570542522989,execution_stress,,KRW100M,C50,,50,week,0.5,3,66666.66666666667,0.005,0.01,True
A2_week__KRW100M_C50,A2_week,diagnostics,2018,2018-01-02,2018-12-31,251,-0.1849878041363469,-0.3569619140269743,-0.6172367286871893,-0.1843259778710694,-0.0642984107744514,-0.1206893933618955,11.77191531091736,execution_stress,,KRW100M,C50,,50,week,0.5,3,66666.66666666667,0.005,0.01,True
A2_week__KRW100M_C50,A2_week,diagnostics,2019,2019-01-02,2019-12-31,252,0.7119940524881325,-0.1165805269078794,2.538018261889449,0.7119940524881325,0.3401954545671213,0.3717985979210112,10.145655094026951,execution_stress,,KRW100M,C50,,50,week,0.5,3,66666.66666666667,0.005,0.01,True
A2_week__KRW100M_C50,A2_week,diagnostics,2020,2020-01-02,2020-12-31,253,0.4736566559337798,-0.3772416338935038,1.1061347106464612,0.4759258842337777,0.1813082709311855,0.2923483850025943,11.5798275506467,execution_stress,,KRW100M,C50,,50,week,0.5,3,66666.66666666667,0.005,0.01,True
A2_week__KRW100M_C50,A2_week,diagnostics,2021,2021-01-04,2021-12-31,252,0.0106073534105322,-0.3508613220016107,0.2282706449596563,0.0106073534105322,0.2861550585808201,-0.2755477051702879,15.651989648685449,execution_stress,,KRW100M,C50,,50,week,0.5,3,66666.66666666667,0.005,0.01,True
A2_week__KRW100M_C50,A2_week,diagnostics,2022,2022-01-03,2022-12-30,251,-0.3350824031451118,-0.3780550170745806,-0.7228721354003252,-0.3340047543779749,-0.180528833522089,-0.1545535696230228,20.25224423565372,execution_stress,,KRW100M,C50,,50,week,0.5,3,66666.66666666667,0.005,0.01,True
A2_week__KRW100M_C50,A2_week,diagnostics,2023,2023-01-03,2023-12-29,250,0.115713607813032,-0.3253312397317366,0.4869483724144642,0.1147444720043882,0.2494116142532503,-0.1336980064402182,12.746789080125168,execution_stress,,KRW100M,C50,,50,week,0.5,3,66666.66666666667,0.005,0.01,True
A2_week__KRW100M_C50,A2_week,diagnostics,2024,2024-01-02,2024-12-31,252,1.1229021834324158,-0.2467494663696983,1.9395446045609384,1.1229021834324158,0.2643074461050603,0.8585947373273555,13.044527241938727,execution_stress,,KRW100M,C50,,50,week,0.5,3,66666.66666666667,0.005,0.01,True
A2_week__KRW100M_C50,A2_week,diagnostics,2025,2025-01-02,2025-12-31,250,0.383056068393603,-0.3745382781122325,0.8784709479424575,0.3795009708591375,0.1785790013706134,0.2044770670229896,12.784720836930616,execution_stress,,KRW100M,C50,,50,week,0.5,3,66666.66666666667,0.005,0.01,True
A2_week__KRW100M_C50,A2_week,diagnostics,2026,2026-01-02,2026-09-22,181,-0.0137662122435622,-0.354635058372256,0.2152876333257578,-0.0099069252182505,0.193982242745804,-0.2077484549893662,16.893099308319155,execution_stress,,KRW100M,C50,,50,week,0.5,3,66666.66666666667,0.005,0.01,True
A2_week__KRW100M_R5,A2_week,diagnostics,full,2017-01-04,2026-09-22,2442,0.21299186507605,-0.5181556224933167,0.6937437647859399,5.495653794089822,0.1534966939059092,0.0594951711701408,13.519031393127923,execution_stress,,KRW100M,R5,,50,week,0.5,3,66666.66666666667,0.0025,0.05,True
A2_week__KRW100M_R5,A2_week,diagnostics,2017_2022,2017-01-04,2022-12-30,1509,0.1138849710517706,-0.4865815882007328,0.4908716342073996,0.9075873895710488,0.1124281175972994,0.0014568534544712,13.214950059937989,execution_stress,,KRW100M,R5,,50,week,0.5,3,66666.66666666667,0.0025,0.05,True
A2_week__KRW100M_R5,A2_week,diagnostics,2023_2026,2023-01-03,2026-09-22,933,0.3922868040776033,-0.4662908035700588,0.95183809239937,2.405167086762125,0.2231529414345989,0.1691338626430043,14.010841395039629,execution_stress,,KRW100M,R5,,50,week,0.5,3,66666.66666666667,0.0025,0.05,True
A2_week__KRW100M_R5,A2_week,diagnostics,2017,2017-01-04,2017-12-29,250,0.0947136768496694,-0.1733727729155761,0.5553541289208973,0.0939277388191184,0.2120011745455907,-0.1172874976959212,11.117687938134956,execution_stress,,KRW100M,R5,,50,week,0.5,3,66666.66666666667,0.0025,0.05,True
A2_week__KRW100M_R5,A2_week,diagnostics,2018,2018-01-02,2018-12-31,251,-0.1594155121011765,-0.3494039236273704,-0.5041592903221598,-0.1588360503166546,-0.0642984107744514,-0.0951171013267251,11.767062513806952,execution_stress,,KRW100M,R5,,50,week,0.5,3,66666.66666666667,0.0025,0.05,True
A2_week__KRW100M_R5,A2_week,diagnostics,2019,2019-01-02,2019-12-31,252,0.7671522976575722,-0.1127727412192358,2.6703192060752885,0.7671522976575722,0.3401954545671213,0.4269568430904509,10.09032660582798,execution_stress,,KRW100M,R5,,50,week,0.5,3,66666.66666666667,0.0025,0.05,True
A2_week__KRW100M_R5,A2_week,diagnostics,2020,2020-01-02,2020-12-31,253,0.5685282592580039,-0.399361369349135,1.2355466628362402,0.5713325639371125,0.1813082709311855,0.3872199883268183,11.96689736163859,execution_stress,,KRW100M,R5,,50,week,0.5,3,66666.66666666667,0.0025,0.05,True
A2_week__KRW100M_R5,A2_week,diagnostics,2021,2021-01-04,2021-12-31,252,-0.092241539681742,-0.3536098752171369,-0.0636071009888923,-0.092241539681742,0.2861550585808201,-0.3783965982625622,16.509900349085413,execution_stress,,KRW100M,R5,,50,week,0.5,3,66666.66666666667,0.0025,0.05,True
A2_week__KRW100M_R5,A2_week,diagnostics,2022,2022-01-03,2022-12-30,251,-0.1782030510764397,-0.2846077971367754,-0.2840370014653465,-0.1775627721773062,-0.180528833522089,0.0023257824456492,17.838736015196833,execution_stress,,KRW100M,R5,,50,week,0.5,3,66666.66666666667,0.0025,0.05,True
A2_week__KRW100M_R5,A2_week,diagnostics,2023,2023-01-03,2023-12-29,250,0.1702564943804012,-0.3171381525089271,0.6220359067855881,0.1687971575970335,0.2494116142532503,-0.079155119872849,12.585591008297191,execution_stress,,KRW100M,R5,,50,week,0.5,3,66666.66666666667,0.0025,0.05,True
A2_week__KRW100M_R5,A2_week,diagnostics,2024,2024-01-02,2024-12-31,252,0.8784676779057055,-0.2693672501793173,1.6945895151945456,0.8784676779057055,0.2643074461050603,0.6141602318006452,13.834238037658842,execution_stress,,KRW100M,R5,,50,week,0.5,3,66666.66666666667,0.0025,0.05,True
A2_week__KRW100M_R5,A2_week,diagnostics,2025,2025-01-02,2025-12-31,250,0.3089211309207833,-0.4546217935811715,0.772028961020395,0.3061275622829231,0.1785790013706134,0.1303421295501698,13.74138341273156,execution_stress,,KRW100M,R5,,50,week,0.5,3,66666.66666666667,0.0025,0.05,True
A2_week__KRW100M_R5,A2_week,diagnostics,2026,2026-01-02,2026-09-22,181,0.2702138665015015,-0.3376053922875239,0.7187738221308647,0.1874353106259065,0.193982242745804,0.0762316237556974,16.597477518368805,execution_stress,,KRW100M,R5,,50,week,0.5,3,66666.66666666667,0.0025,0.05,True
A2_week__KRW100M_UNLIMITED,A2_week,diagnostics,full,2017-01-04,2026-09-22,2442,0.2008868756495805,-0.6181095782408437,0.6615758261404814,4.894041543283466,0.1534966939059092,0.0473901817436712,13.842662484505926,execution_stress,,KRW100M,UNLIMITED,,50,week,0.5,3,66666.66666666667,0.0025,0.0,True
A2_week__KRW100M_UNLIMITED,A2_week,diagnostics,2017_2022,2017-01-04,2022-12-30,1509,0.0645267104163322,-0.5730432354045504,0.354893519868773,0.4541730286040766,0.1124281175972994,-0.0479014071809671,13.86044560918751,execution_stress,,KRW100M,UNLIMITED,,50,week,0.5,3,66666.66666666667,0.0025,0.0,True
A2_week__KRW100M_UNLIMITED,A2_week,diagnostics,2023_2026,2023-01-03,2026-09-22,933,0.4593647398414202,-0.4367206949477796,1.0402191235817215,3.0531913516106157,0.2231529414345989,0.2362117984068212,13.813900710503232,execution_stress,,KRW100M,UNLIMITED,,50,week,0.5,3,66666.66666666667,0.0025,0.0,True
A2_week__KRW100M_UNLIMITED,A2_week,diagnostics,2017,2017-01-04,2017-12-29,250,0.0947136768496694,-0.1733727729155761,0.5553541289208973,0.0939277388191184,0.2120011745455907,-0.1172874976959212,11.117687938134956,execution_stress,,KRW100M,UNLIMITED,,50,week,0.5,3,66666.66666666667,0.0025,0.0,True
A2_week__KRW100M_UNLIMITED,A2_week,diagnostics,2018,2018-01-02,2018-12-31,251,-0.1594155121011765,-0.3494039236273704,-0.5041592903221598,-0.1588360503166546,-0.0642984107744514,-0.0951171013267251,11.767062513806952,execution_stress,,KRW100M,UNLIMITED,,50,week,0.5,3,66666.66666666667,0.0025,0.0,True
A2_week__KRW100M_UNLIMITED,A2_week,diagnostics,2019,2019-01-02,2019-12-31,252,0.7690854203536974,-0.1126916577340376,2.675581263229676,0.7690854203536974,0.3401954545671213,0.4288899657865761,10.123818689604851,execution_stress,,KRW100M,UNLIMITED,,50,week,0.5,3,66666.66666666667,0.0025,0.0,True
A2_week__KRW100M_UNLIMITED,A2_week,diagnostics,2020,2020-01-02,2020-12-31,253,0.5658925202430329,-0.3993427983487594,1.2317945589506762,0.5686816434588438,0.1813082709311855,0.3845842493118474,11.94353836389825,execution_stress,,KRW100M,UNLIMITED,,50,week,0.5,3,66666.66666666667,0.0025,0.0,True
A2_week__KRW100M_UNLIMITED,A2_week,diagnostics,2021,2021-01-04,2021-12-31,252,-0.1837651360684751,-0.3980986747881171,-0.3306291558589536,-0.1837651360684751,0.2861550585808201,-0.4699201946492952,17.71993349847765,execution_stress,,KRW100M,UNLIMITED,,50,week,0.5,3,66666.66666666667,0.0025,0.0,True
A2_week__KRW100M_UNLIMITED,A2_week,diagnostics,2022,2022-01-03,2022-12-30,251,-0.3033331850094412,-0.361728169993374,-0.6379981381750865,-0.3023332266481654,-0.180528833522089,-0.1228043514873521,20.494490005185742,execution_stress,,KRW100M,UNLIMITED,,50,week,0.5,3,66666.66666666667,0.0025,0.0,True
A2_week__KRW100M_UNLIMITED,A2_week,diagnostics,2023,2023-01-03,2023-12-29,250,0.1333014053558809,-0.3305696543756855,0.5321661300982531,0.1321764431291139,0.2494116142532503,-0.1161102088973693,12.754405526544996,execution_stress,,KRW100M,UNLIMITED,,50,week,0.5,3,66666.66666666667,0.0025,0.0,True
A2_week__KRW100M_UNLIMITED,A2_week,diagnostics,2024,2024-01-02,2024-12-31,252,0.935569323391968,-0.2598579024014331,1.7947113204126783,0.935569323391968,0.2643074461050603,0.6712618772869077,13.374880208294956,execution_stress,,KRW100M,UNLIMITED,,50,week,0.5,3,66666.66666666667,0.0025,0.0,True
A2_week__KRW100M_UNLIMITED,A2_week,diagnostics,2025,2025-01-02,2025-12-31,250,0.4311409334326848,-0.4322808512834417,0.940423779721607,0.4270751013888816,0.1785790013706134,0.2525619320620713,12.65037939212123,execution_stress,,KRW100M,UNLIMITED,,50,week,0.5,3,66666.66666666667,0.0025,0.0,True
A2_week__KRW100M_UNLIMITED,A2_week,diagnostics,2026,2026-01-02,2026-09-22,181,0.4348524895022612,-0.3604005079845276,0.9061900442890166,0.2960669422828406,0.193982242745804,0.2408702467564571,17.495598457141597,execution_stress,,KRW100M,UNLIMITED,,50,week,0.5,3,66666.66666666667,0.0025,0.0,True
B3_w50__USD100K_C50,B3_w50,diagnostics,full,2017-01-04,2026-09-22,2442,0.1946711761409667,-0.6610484992941044,0.6451358308502014,4.60497450229342,0.1534966939059092,0.0411744822350574,7.334562133492026,execution_stress,,USD100K,C50,,50,event,0.5,3,100000.0,0.005,0.01,True
B3_w50__USD100K_C50,B3_w50,diagnostics,2017_2022,2017-01-04,2022-12-30,1509,0.2110232304937742,-0.537341326542304,0.6987487916714575,2.147204286912655,0.1124281175972994,0.0985951128964748,6.893238025845895,execution_stress,,USD100K,C50,,50,event,0.5,3,100000.0,0.005,0.01,True
B3_w50__USD100K_C50,B3_w50,diagnostics,2023_2026,2023-01-03,2026-09-22,933,0.1686900034489302,-0.4730482163024846,0.5738465468941769,0.7809376167925228,0.2231529414345989,-0.0544629379856687,8.048343568045096,execution_stress,,USD100K,C50,,50,event,0.5,3,100000.0,0.005,0.01,True
B3_w50__USD100K_C50,B3_w50,diagnostics,2017,2017-01-04,2017-12-29,250,0.4452920190807246,-0.1107250027935473,1.890426031635005,0.4410734455856764,0.2120011745455907,0.2332908445351338,5.972779484193845,execution_stress,,USD100K,C50,,50,event,0.5,3,100000.0,0.005,0.01,True
B3_w50__USD100K_C50,B3_w50,diagnostics,2018,2018-01-02,2018-12-31,251,-0.2015437266136626,-0.2941547397428971,-0.6670751373517345,-0.200830262787693,-0.0642984107744514,-0.1372453158392111,5.735574646985009,execution_stress,,USD100K,C50,,50,event,0.5,3,100000.0,0.005,0.01,True
B3_w50__USD100K_C50,B3_w50,diagnostics,2019,2019-01-02,2019-12-31,252,0.497703591883712,-0.1819712558776464,1.8135045448695,0.497703591883712,0.3401954545671213,0.1575081373165907,6.773758667347028,execution_stress,,USD100K,C50,,50,event,0.5,3,100000.0,0.005,0.01,True
B3_w50__USD100K_C50,B3_w50,diagnostics,2020,2020-01-02,2020-12-31,253,1.3903258206459772,-0.4647117519861509,1.895310804876296,1.3986060055386282,0.1813082709311855,1.2090175497147917,6.29781828913656,execution_stress,,USD100K,C50,,50,event,0.5,3,100000.0,0.005,0.01,True
B3_w50__USD100K_C50,B3_w50,diagnostics,2021,2021-01-04,2021-12-31,252,-0.0521158986860423,-0.4877864238921008,0.1368603559703949,-0.0521158986860423,0.2861550585808201,-0.3382709572668625,7.9555731655559905,execution_stress,,USD100K,C50,,50,event,0.5,3,100000.0,0.005,0.01,True
B3_w50__USD100K_C50,B3_w50,diagnostics,2022,2022-01-03,2022-12-30,251,-0.1981758669737114,-0.2705575234834128,-0.4267798153988935,-0.1974727983066642,-0.180528833522089,-0.0176470334516224,8.621244719189823,execution_stress,,USD100K,C50,,50,event,0.5,3,100000.0,0.005,0.01,True
B3_w50__USD100K_C50,B3_w50,diagnostics,2023,2023-01-03,2023-12-29,250,0.1318899518348075,-0.3562490675298851,0.5810028728025532,0.1307775746517894,0.2494116142532503,-0.1175216624184427,7.745842925002355,execution_stress,,USD100K,C50,,50,event,0.5,3,100000.0,0.005,0.01,True
B3_w50__USD100K_C50,B3_w50,diagnostics,2024,2024-01-02,2024-12-31,252,0.1100688569864061,-0.1836103644814005,0.489074607200184,0.1100688569864061,0.2643074461050603,-0.1542385891186541,5.756991125434342,execution_stress,,USD100K,C50,,50,event,0.5,3,100000.0,0.005,0.01,True
B3_w50__USD100K_C50,B3_w50,diagnostics,2025,2025-01-02,2025-12-31,250,0.0178768711128134,-0.4642333473198248,0.2843958623597692,0.0177337405531878,0.1785790013706134,-0.1607021302578,8.41347400355094,execution_stress,,USD100K,C50,,50,event,0.5,3,100000.0,0.005,0.01,True
B3_w50__USD100K_C50,B3_w50,diagnostics,2026,2026-01-02,2026-09-22,181,0.5881311519308341,-0.3546796854582015,1.0497497462620948,0.3940791395270189,0.193982242745804,0.3941489091850301,11.152008581427053,execution_stress,,USD100K,C50,,50,event,0.5,3,100000.0,0.005,0.01,True
B3_w50__USD100K_R5,B3_w50,diagnostics,full,2017-01-04,2026-09-22,2442,0.219198234575898,-0.6254942378325822,0.7084759407258908,5.8249770961230185,0.1534966939059092,0.0657015406699887,7.068815057732009,execution_stress,,USD100K,R5,,50,event,0.5,3,100000.0,0.0025,0.05,True
B3_w50__USD100K_R5,B3_w50,diagnostics,2017_2022,2017-01-04,2022-12-30,1509,0.2487085071311598,-0.5626479951398414,0.7795475984507502,2.781099244872179,0.1124281175972994,0.1362803895338604,7.036289466220159,execution_stress,,USD100K,R5,,50,event,0.5,3,100000.0,0.0025,0.05,True
B3_w50__USD100K_R5,B3_w50,diagnostics,2023_2026,2023-01-03,2026-09-22,933,0.1729383443129339,-0.4938582213153443,0.6002699566584251,0.8050245852125781,0.2231529414345989,-0.0502145971216649,7.121420757186862,execution_stress,,USD100K,R5,,50,event,0.5,3,100000.0,0.0025,0.05,True
B3_w50__USD100K_R5,B3_w50,diagnostics,2017,2017-01-04,2017-12-29,250,0.4489050739051954,-0.1251703124272011,1.8640626059852148,0.4446473277232929,0.2120011745455907,0.2369038993596046,5.982847994784885,execution_stress,,USD100K,R5,,50,event,0.5,3,100000.0,0.0025,0.05,True
B3_w50__USD100K_R5,B3_w50,diagnostics,2018,2018-01-02,2018-12-31,251,-0.2217437897782639,-0.2910772441745692,-0.7820839620642155,-0.2209691647071482,-0.0642984107744514,-0.1574453790038125,6.132232182091069,execution_stress,,USD100K,R5,,50,event,0.5,3,100000.0,0.0025,0.05,True
B3_w50__USD100K_R5,B3_w50,diagnostics,2019,2019-01-02,2019-12-31,252,0.5735998355137599,-0.1578956948415435,2.0763186561031364,0.5735998355137599,0.3401954545671213,0.2334043809466386,6.761956946345776,execution_stress,,USD100K,R5,,50,event,0.5,3,100000.0,0.0025,0.05,True
B3_w50__USD100K_R5,B3_w50,diagnostics,2020,2020-01-02,2020-12-31,253,1.808246155726328,-0.4777069261860577,2.1516508085228825,1.819776440836816,0.1813082709311855,1.6269378847951423,6.0066828964635945,execution_stress,,USD100K,R5,,50,event,0.5,3,100000.0,0.0025,0.05,True
B3_w50__USD100K_R5,B3_w50,diagnostics,2021,2021-01-04,2021-12-31,252,-0.0286929790641784,-0.4703577789399008,0.1679340641208159,-0.0286929790641784,0.2861550585808201,-0.3148480376449986,7.721862419743986,execution_stress,,USD100K,R5,,50,event,0.5,3,100000.0,0.0025,0.05,True
B3_w50__USD100K_R5,B3_w50,diagnostics,2022,2022-01-03,2022-12-30,251,-0.2212372842827026,-0.3089719646698072,-0.4413278518497023,-0.2204641676642876,-0.180528833522089,-0.0407084507606135,9.614523008228009,execution_stress,,USD100K,R5,,50,event,0.5,3,100000.0,0.0025,0.05,True
B3_w50__USD100K_R5,B3_w50,diagnostics,2023,2023-01-03,2023-12-29,250,0.1567712578997515,-0.2899916999008727,0.6919677673313406,0.1554350163716655,0.2494116142532503,-0.0926403563534987,7.1869488456889945,execution_stress,,USD100K,R5,,50,event,0.5,3,100000.0,0.0025,0.05,True
B3_w50__USD100K_R5,B3_w50,diagnostics,2024,2024-01-02,2024-12-31,252,0.1738578165045277,-0.2343402120603719,0.6389475865634701,0.1738578165045277,0.2643074461050603,-0.0904496296005326,6.300081910180082,execution_stress,,USD100K,R5,,50,event,0.5,3,100000.0,0.0025,0.05,True
B3_w50__USD100K_R5,B3_w50,diagnostics,2025,2025-01-02,2025-12-31,250,0.3059644271746184,-0.4563362128701982,0.7905536254397794,0.3032005584538213,0.1785790013706134,0.127385425804005,7.342051411377819,execution_stress,,USD100K,R5,,50,event,0.5,3,100000.0,0.0025,0.05,True
B3_w50__USD100K_R5,B3_w50,diagnostics,2026,2026-01-02,2026-09-22,181,0.0296383488459375,-0.3011581068766881,0.298454882887616,0.0212000865049413,0.193982242745804,-0.1643438938998664,7.869695363664414,execution_stress,,USD100K,R5,,50,event,0.5,3,100000.0,0.0025,0.05,True
B3_w50__USD100K_UNLIMITED,B3_w50,diagnostics,full,2017-01-04,2026-09-22,2442,0.24633930140239,-0.5598736610887545,0.7578097564476406,7.448141739520823,0.1534966939059092,0.0928426074964807,7.50230659011368,execution_stress,,USD100K,UNLIMITED,,50,event,0.5,3,100000.0,0.0025,0.0,True
B3_w50__USD100K_UNLIMITED,B3_w50,diagnostics,2017_2022,2017-01-04,2022-12-30,1509,0.2701919912488253,-0.526411335449412,0.8266345796430503,3.187739714182829,0.1124281175972994,0.1577638736515259,6.962111614545947,execution_stress,,USD100K,UNLIMITED,,50,event,0.5,3,100000.0,0.0025,0.0,True
B3_w50__USD100K_UNLIMITED,B3_w50,diagnostics,2023_2026,2023-01-03,2026-09-22,933,0.2087052490777838,-0.4437585309560542,0.6611170649636352,1.017351200436135,0.2231529414345989,-0.014447692356815,8.375998142237703,execution_stress,,USD100K,UNLIMITED,,50,event,0.5,3,100000.0,0.0025,0.0,True
B3_w50__USD100K_UNLIMITED,B3_w50,diagnostics,2017,2017-01-04,2017-12-29,250,0.4489733841733956,-0.1251363851334204,1.8643078453531243,0.4447148966907526,0.2120011745455907,0.2369722096278048,5.996970018488755,execution_stress,,USD100K,UNLIMITED,,50,event,0.5,3,100000.0,0.0025,0.0,True
B3_w50__USD100K_UNLIMITED,B3_w50,diagnostics,2018,2018-01-02,2018-12-31,251,-0.221906838105483,-0.2912195515053788,-0.7828569725458185,-0.2211317277283636,-0.0642984107744514,-0.1576084273310316,6.126232078820794,execution_stress,,USD100K,UNLIMITED,,50,event,0.5,3,100000.0,0.0025,0.0,True
B3_w50__USD100K_UNLIMITED,B3_w50,diagnostics,2019,2019-01-02,2019-12-31,252,0.5736767563257124,-0.1579241420885657,2.07652411473869,0.5736767563257124,0.3401954545671213,0.233481301758591,6.76094672553071,execution_stress,,USD100K,UNLIMITED,,50,event,0.5,3,100000.0,0.0025,0.0,True
B3_w50__USD100K_UNLIMITED,B3_w50,diagnostics,2020,2020-01-02,2020-12-31,253,1.8082996455285605,-0.4777254936630445,2.151608543031044,1.8198303633957336,0.1813082709311855,1.6269913745973748,6.00662238012986,execution_stress,,USD100K,UNLIMITED,,50,event,0.5,3,100000.0,0.0025,0.0,True
B3_w50__USD100K_UNLIMITED,B3_w50,diagnostics,2021,2021-01-04,2021-12-31,252,-0.0401934824820797,-0.4604126221744528,0.1432185185029594,-0.0401934824820797,0.2861550585808201,-0.3263485410628999,8.73045085727373,execution_stress,,USD100K,UNLIMITED,,50,event,0.5,3,100000.0,0.0025,0.0,True
B3_w50__USD100K_UNLIMITED,B3_w50,diagnostics,2022,2022-01-03,2022-12-30,251,-0.1266709868965826,-0.2520800434891541,-0.1629729541850177,-0.1262014709317588,-0.180528833522089,0.0538578466255064,8.148972178900598,execution_stress,,USD100K,UNLIMITED,,50,event,0.5,3,100000.0,0.0025,0.0,True
B3_w50__USD100K_UNLIMITED,B3_w50,diagnostics,2023,2023-01-03,2023-12-29,250,0.0863771125997658,-0.3220843477926084,0.4458304913467861,0.085663025035253,0.2494116142532503,-0.1630345016534844,6.721838271347563,execution_stress,,USD100K,UNLIMITED,,50,event,0.5,3,100000.0,0.0025,0.0,True
B3_w50__USD100K_UNLIMITED,B3_w50,diagnostics,2024,2024-01-02,2024-12-31,252,0.2664530128760121,-0.2311172301467581,0.7920218193613943,0.2664530128760121,0.2643074461050603,0.0021455667709517,8.893074001812632,execution_stress,,USD100K,UNLIMITED,,50,event,0.5,3,100000.0,0.0025,0.0,True
B3_w50__USD100K_UNLIMITED,B3_w50,diagnostics,2025,2025-01-02,2025-12-31,250,0.1673941609020002,-0.4437585309560543,0.5574578265266623,0.1659610545686987,0.1785790013706134,-0.0111848404686132,8.292814103283034,execution_stress,,USD100K,UNLIMITED,,50,event,0.5,3,100000.0,0.0025,0.0,True
B3_w50__USD100K_UNLIMITED,B3_w50,diagnostics,2026,2026-01-02,2026-09-22,181,0.3771036724753833,-0.320502636880559,0.8975033454948571,0.2583844357424902,0.193982242745804,0.1831214297295793,10.055737704935602,execution_stress,,USD100K,UNLIMITED,,50,event,0.5,3,100000.0,0.0025,0.0,True
B3_w50__KRW50M_R1,B3_w50,diagnostics,full,2017-01-04,2026-09-22,2442,0.2039031274762777,-0.6367537204783926,0.6714077996629305,5.03907502881154,0.1534966939059092,0.0504064335703684,7.265292503058783,execution_stress,,KRW50M,R1,,50,event,0.5,3,33333.333333333336,0.0025,0.01,True
B3_w50__KRW50M_R1,B3_w50,diagnostics,2017_2022,2017-01-04,2022-12-30,1509,0.2196365232229009,-0.5766905041118034,0.715560264556448,2.283643308134284,0.1124281175972994,0.1072084056256015,6.76940674815568,execution_stress,,KRW50M,R1,,50,event,0.5,3,33333.333333333336,0.0025,0.01,True
B3_w50__KRW50M_R1,B3_w50,diagnostics,2023_2026,2023-01-03,2026-09-22,933,0.178884960022035,-0.4167851292469998,0.6068386085496195,0.8391385610768036,0.2231529414345989,-0.0442679814125639,8.067319945876344,execution_stress,,KRW50M,R1,,50,event,0.5,3,33333.333333333336,0.0025,0.01,True
B3_w50__KRW50M_R1,B3_w50,diagnostics,2017,2017-01-04,2017-12-29,250,0.4487225366002438,-0.1233617288146132,1.8659401261013813,0.4444667711830063,0.2120011745455907,0.2367213620546531,5.727024921023476,execution_stress,,KRW50M,R1,,50,event,0.5,3,33333.333333333336,0.0025,0.01,True
B3_w50__KRW50M_R1,B3_w50,diagnostics,2018,2018-01-02,2018-12-31,251,-0.2217534635556174,-0.2909521331610613,-0.782600624623692,-0.2209788096871674,-0.0642984107744514,-0.157455052781166,5.809264093509867,execution_stress,,KRW50M,R1,,50,event,0.5,3,33333.333333333336,0.0025,0.01,True
B3_w50__KRW50M_R1,B3_w50,diagnostics,2019,2019-01-02,2019-12-31,252,0.5579345648029446,-0.1580999942490331,2.045030811643738,0.5579345648029446,0.3401954545671213,0.2177391102358232,6.304824111254057,execution_stress,,KRW50M,R1,,50,event,0.5,3,33333.333333333336,0.0025,0.01,True
B3_w50__KRW50M_R1,B3_w50,diagnostics,2020,2020-01-02,2020-12-31,253,1.810821146604568,-0.4775307773106704,2.154978284425474,1.8223722691786488,0.1813082709311855,1.6295128756733823,5.706285175785012,execution_stress,,KRW50M,R1,,50,event,0.5,3,33333.333333333336,0.0025,0.01,True
B3_w50__KRW50M_R1,B3_w50,diagnostics,2021,2021-01-04,2021-12-31,252,-0.1308032634750111,-0.4966105030809056,-0.0574394394008215,-0.1308032634750111,0.2861550585808201,-0.4169583220558313,7.188474176088933,execution_stress,,KRW50M,R1,,50,event,0.5,3,33333.333333333336,0.0025,0.01,True
B3_w50__KRW50M_R1,B3_w50,diagnostics,2022,2022-01-03,2022-12-30,251,-0.2373053683914936,-0.2714790828168677,-0.5097152551713895,-0.2364850382376596,-0.180528833522089,-0.0567765348694045,9.885067519346748,execution_stress,,KRW50M,R1,,50,event,0.5,3,33333.333333333336,0.0025,0.01,True
B3_w50__KRW50M_R1,B3_w50,diagnostics,2023,2023-01-03,2023-12-29,250,0.1238352241145055,-0.3503508929169284,0.5551609728830668,0.1227944004192937,0.2494116142532503,-0.1255763901387447,7.896660391611833,execution_stress,,KRW50M,R1,,50,event,0.5,3,33333.333333333336,0.0025,0.01,True
B3_w50__KRW50M_R1,B3_w50,diagnostics,2024,2024-01-02,2024-12-31,252,0.2027441183956664,-0.2359199471288727,0.6785856576856962,0.2027441183956664,0.2643074461050603,-0.0615633277093938,8.01763375478992,execution_stress,,KRW50M,R1,,50,event,0.5,3,33333.333333333336,0.0025,0.01,True
B3_w50__KRW50M_R1,B3_w50,diagnostics,2025,2025-01-02,2025-12-31,250,0.2737351865837425,-0.4167851292469999,0.7398625559066739,0.2712916214972318,0.1785790013706134,0.095156185213129,7.431869735630996,execution_stress,,KRW50M,R1,,50,event,0.5,3,33333.333333333336,0.0025,0.01,True
B3_w50__KRW50M_R1,B3_w50,diagnostics,2026,2026-01-02,2026-09-22,181,0.1005831559940255,-0.2927782343342868,0.4382507669559772,0.0712622117767427,0.193982242745804,-0.0933990867517784,9.249907577264423,execution_stress,,KRW50M,R1,,50,event,0.5,3,33333.333333333336,0.0025,0.01,True
B3_w50__KRW50M_C50,B3_w50,diagnostics,full,2017-01-04,2026-09-22,2442,0.1920505911686709,-0.669441130953163,0.6398259984374338,4.486960732817265,0.1534966939059092,0.0385538972627617,7.2269754497433105,execution_stress,,KRW50M,C50,,50,event,0.5,3,33333.333333333336,0.005,0.01,True
B3_w50__KRW50M_C50,B3_w50,diagnostics,2017_2022,2017-01-04,2022-12-30,1509,0.1986504575711383,-0.593283946673532,0.6693656153651742,1.9595011762536536,0.1124281175972994,0.0862223399738388,6.742873718407522,execution_stress,,KRW50M,C50,,50,event,0.5,3,33333.333333333336,0.005,0.01,True
B3_w50__KRW50M_C50,B3_w50,diagnostics,2023_2026,2023-01-03,2026-09-22,933,0.1814530384457711,-0.4717115759333016,0.6012939546079761,0.8540153917975646,0.2231529414345989,-0.0416999029888278,8.009943844797656,execution_stress,,KRW50M,C50,,50,event,0.5,3,33333.333333333336,0.005,0.01,True
B3_w50__KRW50M_C50,B3_w50,diagnostics,2017,2017-01-04,2017-12-29,250,0.4299194574114775,-0.1289087218493005,1.8021933056509536,0.4258667581667998,0.2120011745455907,0.2179182828658867,5.705049711672548,execution_stress,,KRW50M,C50,,50,event,0.5,3,33333.333333333336,0.005,0.01,True
B3_w50__KRW50M_C50,B3_w50,diagnostics,2018,2018-01-02,2018-12-31,251,-0.2326786897879567,-0.300810783198747,-0.8331170763890515,-0.2318718183221131,-0.0642984107744514,-0.1683802790135052,5.820905890821664,execution_stress,,KRW50M,C50,,50,event,0.5,3,33333.333333333336,0.005,0.01,True
B3_w50__KRW50M_C50,B3_w50,diagnostics,2019,2019-01-02,2019-12-31,252,0.5289238037944632,-0.1608498580865557,1.9631991979202716,0.5289238037944632,0.3401954545671213,0.1887283492273419,6.206914354612048,execution_stress,,KRW50M,C50,,50,event,0.5,3,33333.333333333336,0.005,0.01,True
B3_w50__KRW50M_C50,B3_w50,diagnostics,2020,2020-01-02,2020-12-31,253,1.77213021367147,-0.4794192372698739,2.129530066879953,1.7833692388834883,0.1813082709311855,1.5908219427402843,5.66779950472438,execution_stress,,KRW50M,C50,,50,event,0.5,3,33333.333333333336,0.005,0.01,True
B3_w50__KRW50M_C50,B3_w50,diagnostics,2021,2021-01-04,2021-12-31,252,-0.1473456011856341,-0.5028773236415867,-0.0978314029047731,-0.1473456011856341,0.2861550585808201,-0.4335006597664542,7.20527887757247,execution_stress,,KRW50M,C50,,50,event,0.5,3,33333.333333333336,0.005,0.01,True
B3_w50__KRW50M_C50,B3_w50,diagnostics,2022,2022-01-03,2022-12-30,251,-0.2561829723978405,-0.2821133756288991,-0.5746560303868008,-0.2553088868345388,-0.180528833522089,-0.0756541388757514,9.856018587078928,execution_stress,,KRW50M,C50,,50,event,0.5,3,33333.333333333336,0.005,0.01,True
B3_w50__KRW50M_C50,B3_w50,diagnostics,2023,2023-01-03,2023-12-29,250,0.0669336859239537,-0.3354824096384295,0.3739682671349433,0.0663852128609903,0.2494116142532503,-0.1824779283292965,7.797711280206758,execution_stress,,KRW50M,C50,,50,event,0.5,3,33333.333333333336,0.005,0.01,True
B3_w50__KRW50M_C50,B3_w50,diagnostics,2024,2024-01-02,2024-12-31,252,0.2419920118630294,-0.2191945718909481,0.7590482776151937,0.2419920118630294,0.2643074461050603,-0.0223154342420308,7.150436765458382,execution_stress,,KRW50M,C50,,50,event,0.5,3,33333.333333333336,0.005,0.01,True
B3_w50__KRW50M_C50,B3_w50,diagnostics,2025,2025-01-02,2025-12-31,250,0.1589202951419621,-0.4235202962017516,0.543213565250713,0.1575645193201824,0.1785790013706134,-0.0196587062286512,6.720240823899949,execution_stress,,KRW50M,C50,,50,event,0.5,3,33333.333333333336,0.005,0.01,True
B3_w50__KRW50M_C50,B3_w50,diagnostics,2026,2026-01-02,2026-09-22,181,0.3028994553405428,-0.292753152984055,0.7504028258265724,0.2093032268849219,0.193982242745804,0.1089172125947388,11.281102299856489,execution_stress,,KRW50M,C50,,50,event,0.5,3,33333.333333333336,0.005,0.01,True
B3_w50__KRW50M_R5,B3_w50,diagnostics,full,2017-01-04,2026-09-22,2442,0.2133075880904156,-0.6444513551176361,0.6966041069388423,5.512056200830363,0.1534966939059092,0.0598108941845063,7.127342137624749,execution_stress,,KRW50M,R5,,50,event,0.5,3,33333.333333333336,0.0025,0.05,True
B3_w50__KRW50M_R5,B3_w50,diagnostics,2017_2022,2017-01-04,2022-12-30,1509,0.2478396265109996,-0.5415801623811034,0.7841462762819075,2.765372017075012,0.1124281175972994,0.1354115089137002,6.6427600942799065,execution_stress,,KRW50M,R5,,50,event,0.5,3,33333.333333333336,0.0025,0.05,True
B3_w50__KRW50M_R5,B3_w50,diagnostics,2023_2026,2023-01-03,2026-09-22,933,0.1594678657805053,-0.4300079134484209,0.5680153948075889,0.7294589143648609,0.2231529414345989,-0.0636850756540936,7.911087371716245,execution_stress,,KRW50M,R5,,50,event,0.5,3,33333.333333333336,0.0025,0.05,True
B3_w50__KRW50M_R5,B3_w50,diagnostics,2017,2017-01-04,2017-12-29,250,0.448284429674165,-0.1240990934891083,1.8638258174293725,0.4440334175441152,0.2120011745455907,0.2362832551285743,5.772287311100292,execution_stress,,KRW50M,R5,,50,event,0.5,3,33333.333333333336,0.0025,0.05,True
B3_w50__KRW50M_R5,B3_w50,diagnostics,2018,2018-01-02,2018-12-31,251,-0.2215630338525825,-0.2907915673173232,-0.7817223470609268,-0.2207889469513021,-0.0642984107744514,-0.1572646230781311,5.812892447346874,execution_stress,,KRW50M,R5,,50,event,0.5,3,33333.333333333336,0.0025,0.05,True
B3_w50__KRW50M_R5,B3_w50,diagnostics,2019,2019-01-02,2019-12-31,252,0.5594412135705218,-0.1577937298015866,2.0489927842151423,0.5594412135705218,0.3401954545671213,0.2192457590034005,6.299331789903176,execution_stress,,KRW50M,R5,,50,event,0.5,3,33333.333333333336,0.0025,0.05,True
B3_w50__KRW50M_R5,B3_w50,diagnostics,2020,2020-01-02,2020-12-31,253,1.810077664619345,-0.4773447523634829,2.1557344524796176,1.8216227697837977,0.1813082709311855,1.6287693936881595,5.716871096123975,execution_stress,,KRW50M,R5,,50,event,0.5,3,33333.333333333336,0.0025,0.05,True
B3_w50__KRW50M_R5,B3_w50,diagnostics,2021,2021-01-04,2021-12-31,252,-0.0345627432308708,-0.4658945794635758,0.1532604008692105,-0.0345627432308708,0.2861550585808201,-0.3207178018116909,7.505797769496647,execution_stress,,KRW50M,R5,,50,event,0.5,3,33333.333333333336,0.0025,0.05,True
B3_w50__KRW50M_R5,B3_w50,diagnostics,2022,2022-01-03,2022-12-30,251,-0.213007280821747,-0.2672004942382434,-0.4762953705710308,-0.2122588564841286,-0.180528833522089,-0.0324784472996579,8.75121957737499,execution_stress,,KRW50M,R5,,50,event,0.5,3,33333.333333333336,0.0025,0.05,True
B3_w50__KRW50M_R5,B3_w50,diagnostics,2023,2023-01-03,2023-12-29,250,0.0855427736482536,-0.3335052060590934,0.4347687521543444,0.0848358493674703,0.2494116142532503,-0.1638688406049966,7.457494159636065,execution_stress,,KRW50M,R5,,50,event,0.5,3,33333.333333333336,0.0025,0.05,True
B3_w50__KRW50M_R5,B3_w50,diagnostics,2024,2024-01-02,2024-12-31,252,0.1142869044104879,-0.226584450083595,0.4817722931803848,0.1142869044104879,0.2643074461050603,-0.1500205416945723,7.857493494787964,execution_stress,,KRW50M,R5,,50,event,0.5,3,33333.333333333336,0.0025,0.05,True
B3_w50__KRW50M_R5,B3_w50,diagnostics,2025,2025-01-02,2025-12-31,250,0.1859914748463413,-0.4258966278469361,0.593355111960212,0.1843869629883785,0.1785790013706134,0.0074124734757279,7.0830681722826485,execution_stress,,KRW50M,R5,,50,event,0.5,3,33333.333333333336,0.0025,0.05,True
B3_w50__KRW50M_R5,B3_w50,diagnostics,2026,2026-01-02,2026-09-22,181,0.3008976296642087,-0.2839896220565806,0.7819576421569451,0.2079684070539511,0.193982242745804,0.1069153869184047,9.755887149972434,execution_stress,,KRW50M,R5,,50,event,0.5,3,33333.333333333336,0.0025,0.05,True
B3_w50__KRW50M_UNLIMITED,B3_w50,diagnostics,full,2017-01-04,2026-09-22,2442,0.2456171860403879,-0.559755628710711,0.7567856624466249,7.400828413420964,0.1534966939059092,0.0921204921344787,7.265360879009659,execution_stress,,KRW50M,UNLIMITED,,50,event,0.5,3,33333.333333333336,0.0025,0.0,True
B3_w50__KRW50M_UNLIMITED,B3_w50,diagnostics,2017_2022,2017-01-04,2022-12-30,1509,0.2683234942310126,-0.5266399459683418,0.8234629239032776,3.150986251739924,0.1124281175972994,0.1558953766337132,6.673675096201474,execution_stress,,KRW50M,UNLIMITED,,50,event,0.5,3,33333.333333333336,0.0025,0.0,True
B3_w50__KRW50M_UNLIMITED,B3_w50,diagnostics,2023_2026,2023-01-03,2026-09-22,933,0.2097500685612872,-0.4435011465066369,0.6633386645978767,1.0238150415216856,0.2231529414345989,-0.0134028728733117,8.222331775320002,execution_stress,,KRW50M,UNLIMITED,,50,event,0.5,3,33333.333333333336,0.0025,0.0,True
B3_w50__KRW50M_UNLIMITED,B3_w50,diagnostics,2017,2017-01-04,2017-12-29,250,0.448284429674165,-0.1240990934891083,1.8638258174293725,0.4440334175441152,0.2120011745455907,0.2362832551285743,5.772287311100292,execution_stress,,KRW50M,UNLIMITED,,50,event,0.5,3,33333.333333333336,0.0025,0.0,True
B3_w50__KRW50M_UNLIMITED,B3_w50,diagnostics,2018,2018-01-02,2018-12-31,251,-0.2215630338525825,-0.2907915673173232,-0.7817223470609268,-0.2207889469513021,-0.0642984107744514,-0.1572646230781311,5.812892447346874,execution_stress,,KRW50M,UNLIMITED,,50,event,0.5,3,33333.333333333336,0.0025,0.0,True
B3_w50__KRW50M_UNLIMITED,B3_w50,diagnostics,2019,2019-01-02,2019-12-31,252,0.5594412135705218,-0.1577937298015866,2.0489927842151423,0.5594412135705218,0.3401954545671213,0.2192457590034005,6.299331789903176,execution_stress,,KRW50M,UNLIMITED,,50,event,0.5,3,33333.333333333336,0.0025,0.0,True
B3_w50__KRW50M_UNLIMITED,B3_w50,diagnostics,2020,2020-01-02,2020-12-31,253,1.810077664619345,-0.4773447523634829,2.1557344524796176,1.8216227697837977,0.1813082709311855,1.6287693936881595,5.716871096123975,execution_stress,,KRW50M,UNLIMITED,,50,event,0.5,3,33333.333333333336,0.0025,0.0,True
B3_w50__KRW50M_UNLIMITED,B3_w50,diagnostics,2021,2021-01-04,2021-12-31,252,-0.0405443533288756,-0.4618226285010899,0.1420226851114593,-0.0405443533288756,0.2861550585808201,-0.3266994119096957,8.554003492883094,execution_stress,,KRW50M,UNLIMITED,,50,event,0.5,3,33333.333333333336,0.0025,0.0,True
B3_w50__KRW50M_UNLIMITED,B3_w50,diagnostics,2022,2022-01-03,2022-12-30,251,-0.1266411559343537,-0.2523487850286308,-0.1633608324179173,-0.1261717423744069,-0.180528833522089,0.0538876775877352,7.884697249113067,execution_stress,,KRW50M,UNLIMITED,,50,event,0.5,3,33333.333333333336,0.0025,0.0,True
B3_w50__KRW50M_UNLIMITED,B3_w50,diagnostics,2023,2023-01-03,2023-12-29,250,0.0870708989498649,-0.3214840053208565,0.4484966109275111,0.0863508509876966,0.2494116142532503,-0.1623407153033853,6.578064250660663,execution_stress,,KRW50M,UNLIMITED,,50,event,0.5,3,33333.333333333336,0.0025,0.0,True
B3_w50__KRW50M_UNLIMITED,B3_w50,diagnostics,2024,2024-01-02,2024-12-31,252,0.2677991696589337,-0.2307699545653508,0.794935343930693,0.2677991696589337,0.2643074461050603,0.0034917235538733,8.715694645498047,execution_stress,,KRW50M,UNLIMITED,,50,event,0.5,3,33333.333333333336,0.0025,0.0,True
B3_w50__KRW50M_UNLIMITED,B3_w50,diagnostics,2025,2025-01-02,2025-12-31,250,0.1679099240347383,-0.4435011465066369,0.5583600514748542,0.1664720953157858,0.1785790013706134,-0.010669077335875,8.159821756357035,execution_stress,,KRW50M,UNLIMITED,,50,event,0.5,3,33333.333333333336,0.0025,0.0,True
B3_w50__KRW50M_UNLIMITED,B3_w50,diagnostics,2026,2026-01-02,2026-09-22,181,0.3791472453348041,-0.3199052447449828,0.9008849203725148,0.2597254213616313,0.193982242745804,0.1851650025890001,9.892867369909556,execution_stress,,KRW50M,UNLIMITED,,50,event,0.5,3,33333.333333333336,0.0025,0.0,True
B3_w50__KRW100M_R1,B3_w50,diagnostics,full,2017-01-04,2026-09-22,2442,0.1320957892421093,-0.7354539145279765,0.5152204263462641,2.327772473571001,0.1534966939059092,-0.0214009046637999,7.484813673953259,execution_stress,,KRW100M,R1,,50,event,0.5,3,66666.66666666667,0.0025,0.01,True
B3_w50__KRW100M_R1,B3_w50,diagnostics,2017_2022,2017-01-04,2022-12-30,1509,0.2204386188770024,-0.5357770556965524,0.7192106239359093,2.2965957839566475,0.1124281175972994,0.108010501279703,6.956603893218858,execution_stress,,KRW100M,R1,,50,event,0.5,3,66666.66666666667,0.0025,0.01,True
B3_w50__KRW100M_R1,B3_w50,diagnostics,2023_2026,2023-01-03,2026-09-22,933,0.0025455979657318,-0.5337488431155837,0.2058530299759166,0.0094572376043442,0.2231529414345989,-0.2206073434688671,8.339120811282532,execution_stress,,KRW100M,R1,,50,event,0.5,3,66666.66666666667,0.0025,0.01,True
B3_w50__KRW100M_R1,B3_w50,diagnostics,2017,2017-01-04,2017-12-29,250,0.4671409149055805,-0.1115262787003675,1.965033869228601,0.4626843802572133,0.2120011745455907,0.2551397403599897,5.738505896454913,execution_stress,,KRW100M,R1,,50,event,0.5,3,66666.66666666667,0.0025,0.01,True
B3_w50__KRW100M_R1,B3_w50,diagnostics,2018,2018-01-02,2018-12-31,251,-0.2340688699257836,-0.3259467814726232,-0.8195162815099589,-0.2332579428912745,-0.0642984107744514,-0.1697704591513322,5.663638929579863,execution_stress,,KRW100M,R1,,50,event,0.5,3,66666.66666666667,0.0025,0.01,True
B3_w50__KRW100M_R1,B3_w50,diagnostics,2019,2019-01-02,2019-12-31,252,0.535798722564107,-0.1633683587194221,1.932315588826423,0.535798722564107,0.3401954545671213,0.1956032679969856,6.767490423149485,execution_stress,,KRW100M,R1,,50,event,0.5,3,66666.66666666667,0.0025,0.01,True
B3_w50__KRW100M_R1,B3_w50,diagnostics,2020,2020-01-02,2020-12-31,253,1.5117560333637186,-0.4837915145497374,1.9448467256842807,1.5209525203701777,0.1813082709311855,1.330447762432533,6.519252905013891,execution_stress,,KRW100M,R1,,50,event,0.5,3,66666.66666666667,0.0025,0.01,True
B3_w50__KRW100M_R1,B3_w50,diagnostics,2021,2021-01-04,2021-12-31,252,-0.0456298284589682,-0.505563152564728,0.1441625057278373,-0.0456298284589682,0.2861550585808201,-0.3317848870397883,8.33998051869376,execution_stress,,KRW100M,R1,,50,event,0.5,3,66666.66666666667,0.0025,0.01,True
B3_w50__KRW100M_R1,B3_w50,diagnostics,2022,2022-01-03,2022-12-30,251,-0.2052067919154272,-0.2423639895227548,-0.4654369210863583,-0.2044820855658877,-0.180528833522089,-0.0246779583933381,8.704628554246899,execution_stress,,KRW100M,R1,,50,event,0.5,3,66666.66666666667,0.0025,0.01,True
B3_w50__KRW100M_R1,B3_w50,diagnostics,2023,2023-01-03,2023-12-29,250,-0.029678935867074,-0.3853199978752228,0.0403414011434889,-0.0294468915117963,0.2494116142532503,-0.2790905501203243,8.241623653029391,execution_stress,,KRW100M,R1,,50,event,0.5,3,66666.66666666667,0.0025,0.01,True
B3_w50__KRW100M_R1,B3_w50,diagnostics,2024,2024-01-02,2024-12-31,252,-0.0095418246595164,-0.2761474062511626,0.141336951725303,-0.0095418246595164,0.2643074461050603,-0.2738492707645767,8.052964883439572,execution_stress,,KRW100M,R1,,50,event,0.5,3,66666.66666666667,0.0025,0.01,True
B3_w50__KRW100M_R1,B3_w50,diagnostics,2025,2025-01-02,2025-12-31,250,0.0477204392678196,-0.4593084592136427,0.3419031176225072,0.0473328810626345,0.1785790013706134,-0.1308585621027937,8.560415224238099,execution_stress,,KRW100M,R1,,50,event,0.5,3,66666.66666666667,0.0025,0.01,True
B3_w50__KRW100M_R1,B3_w50,diagnostics,2026,2026-01-02,2026-09-22,181,0.0036862185407224,-0.2987344685766924,0.232728474929101,0.0026462683653785,0.193982242745804,-0.1902960242050815,8.566535066204187,execution_stress,,KRW100M,R1,,50,event,0.5,3,66666.66666666667,0.0025,0.01,True
B3_w50__KRW100M_C50,B3_w50,diagnostics,full,2017-01-04,2026-09-22,2442,0.2061665619723462,-0.609886795708226,0.6676343021509622,5.150003353992689,0.1534966939059092,0.052669868066437,7.389995381432765,execution_stress,,KRW100M,C50,,50,event,0.5,3,66666.66666666667,0.005,0.01,True
B3_w50__KRW100M_C50,B3_w50,diagnostics,2017_2022,2017-01-04,2022-12-30,1509,0.2206454713111902,-0.5604745795235885,0.7117018948931739,2.2999429917816894,0.1124281175972994,0.1082173537138908,7.059543652610375,execution_stress,,KRW100M,C50,,50,event,0.5,3,66666.66666666667,0.005,0.01,True
B3_w50__KRW100M_C50,B3_w50,diagnostics,2023_2026,2023-01-03,2026-09-22,933,0.1831115325962364,-0.4588996294549935,0.6059959434113448,0.8636695752953594,0.2231529414345989,-0.0400414088383624,7.92445589460853,execution_stress,,KRW100M,C50,,50,event,0.5,3,66666.66666666667,0.005,0.01,True
B3_w50__KRW100M_C50,B3_w50,diagnostics,2017,2017-01-04,2017-12-29,250,0.4460425546984834,-0.1120362695478528,1.8970255799328983,0.4418158497363826,0.2120011745455907,0.2340413801528926,5.736567906376356,execution_stress,,KRW100M,C50,,50,event,0.5,3,66666.66666666667,0.005,0.01,True
B3_w50__KRW100M_C50,B3_w50,diagnostics,2018,2018-01-02,2018-12-31,251,-0.2445120741678066,-0.3350014042382843,-0.8694649433263582,-0.2436710016683145,-0.0642984107744514,-0.1802136633933552,5.662751735725966,execution_stress,,KRW100M,C50,,50,event,0.5,3,66666.66666666667,0.005,0.01,True
B3_w50__KRW100M_C50,B3_w50,diagnostics,2019,2019-01-02,2019-12-31,252,0.5081070224958022,-0.1652442989531668,1.8568551522011696,0.5081070224958022,0.3401954545671213,0.1679115679286809,6.747248350158688,execution_stress,,KRW100M,C50,,50,event,0.5,3,66666.66666666667,0.005,0.01,True
B3_w50__KRW100M_C50,B3_w50,diagnostics,2020,2020-01-02,2020-12-31,253,1.4619136451213572,-0.4859567646640034,1.9062585419936449,1.470731119469689,0.1813082709311855,1.2806053741901715,6.38782953341527,execution_stress,,KRW100M,C50,,50,event,0.5,3,66666.66666666667,0.005,0.01,True
B3_w50__KRW100M_C50,B3_w50,diagnostics,2021,2021-01-04,2021-12-31,252,-0.0826716303293569,-0.4960184264088492,0.0734980219447528,-0.0826716303293569,0.2861550585808201,-0.3688266889101771,9.938020000476753,execution_stress,,KRW100M,C50,,50,event,0.5,3,66666.66666666667,0.005,0.01,True
B3_w50__KRW100M_C50,B3_w50,diagnostics,2022,2022-01-03,2022-12-30,251,-0.1151030989966586,-0.2613815544237643,-0.1150518568584705,-0.1146735945825229,-0.180528833522089,0.0654257345254304,7.874702044675515,execution_stress,,KRW100M,C50,,50,event,0.5,3,66666.66666666667,0.005,0.01,True
B3_w50__KRW100M_C50,B3_w50,diagnostics,2023,2023-01-03,2023-12-29,250,0.0822846137222801,-0.350986109666519,0.412731272346377,0.0816056142727497,0.2494116142532503,-0.1671270005309701,7.705377736791707,execution_stress,,KRW100M,C50,,50,event,0.5,3,66666.66666666667,0.005,0.01,True
B3_w50__KRW100M_C50,B3_w50,diagnostics,2024,2024-01-02,2024-12-31,252,0.2324102367593421,-0.2722370314304226,0.7313602010997037,0.2324102367593421,0.2643074461050603,-0.0318972093457181,6.734444886235169,execution_stress,,KRW100M,C50,,50,event,0.5,3,66666.66666666667,0.005,0.01,True
B3_w50__KRW100M_C50,B3_w50,diagnostics,2025,2025-01-02,2025-12-31,250,0.4135757926543051,-0.4588996294549936,0.929409905299238,0.4096980227121753,0.1785790013706134,0.2349967912836916,7.44666099904293,execution_stress,,KRW100M,C50,,50,event,0.5,3,66666.66666666667,0.005,0.01,True
B3_w50__KRW100M_C50,B3_w50,diagnostics,2026,2026-01-02,2026-09-22,181,-0.0114156425965061,-0.3051546080164876,0.2265931150755435,-0.008212581131116,0.193982242745804,-0.2053978853423101,10.54379864298252,execution_stress,,KRW100M,C50,,50,event,0.5,3,66666.66666666667,0.005,0.01,True
B3_w50__KRW100M_R5,B3_w50,diagnostics,full,2017-01-04,2026-09-22,2442,0.2419732326033092,-0.6312462105350108,0.7414347017825419,7.165680461001321,0.1534966939059092,0.0884765386974,7.526871401666618,execution_stress,,KRW100M,R5,,50,event,0.5,3,66666.66666666667,0.0025,0.05,True
B3_w50__KRW100M_R5,B3_w50,diagnostics,2017_2022,2017-01-04,2022-12-30,1509,0.2558523528363032,-0.5118522208624556,0.7988949472059182,2.9124937894284657,0.1124281175972994,0.1434242352390038,6.98159176340776,execution_stress,,KRW100M,R5,,50,event,0.5,3,66666.66666666667,0.0025,0.05,True
B3_w50__KRW100M_R5,B3_w50,diagnostics,2023_2026,2023-01-03,2026-09-22,933,0.2198495717427939,-0.5167684167939327,0.6689649467032357,1.0870781911692529,0.2231529414345989,-0.003303369691805,8.408786700844132,execution_stress,,KRW100M,R5,,50,event,0.5,3,66666.66666666667,0.0025,0.05,True
B3_w50__KRW100M_R5,B3_w50,diagnostics,2017,2017-01-04,2017-12-29,250,0.4490389624178796,-0.1249026551563188,1.8640739068297352,0.4447797632585408,0.2120011745455907,0.2370377878722889,5.938656041582219,execution_stress,,KRW100M,R5,,50,event,0.5,3,66666.66666666667,0.0025,0.05,True
B3_w50__KRW100M_R5,B3_w50,diagnostics,2018,2018-01-02,2018-12-31,251,-0.2217239136783174,-0.2909936130664414,-0.7820494874437373,-0.2209493477767605,-0.0642984107744514,-0.157425502903866,6.0576952157712975,execution_stress,,KRW100M,R5,,50,event,0.5,3,66666.66666666667,0.0025,0.05,True
B3_w50__KRW100M_R5,B3_w50,diagnostics,2019,2019-01-02,2019-12-31,252,0.5672850534648577,-0.1579563146607338,2.065314479327822,0.5672850534648577,0.3401954545671213,0.2270895988977364,6.631259135861384,execution_stress,,KRW100M,R5,,50,event,0.5,3,66666.66666666667,0.0025,0.05,True
B3_w50__KRW100M_R5,B3_w50,diagnostics,2020,2020-01-02,2020-12-31,253,1.8086021800566905,-0.4773444825196865,2.152484572897243,1.8201353456417,0.1813082709311855,1.627293909125505,5.90084826776323,execution_stress,,KRW100M,R5,,50,event,0.5,3,66666.66666666667,0.0025,0.05,True
B3_w50__KRW100M_R5,B3_w50,diagnostics,2021,2021-01-04,2021-12-31,252,0.0110203255103273,-0.4634118401732993,0.2554458309045234,0.0110203255103273,0.2861550585808201,-0.2751347330704927,8.244949988128134,execution_stress,,KRW100M,R5,,50,event,0.5,3,66666.66666666667,0.0025,0.05,True
B3_w50__KRW100M_R5,B3_w50,diagnostics,2022,2022-01-03,2022-12-30,251,-0.2229054595454899,-0.2574585295655909,-0.4960764505050576,-0.2221273797670384,-0.180528833522089,-0.0423766260234008,9.116960758719934,execution_stress,,KRW100M,R5,,50,event,0.5,3,66666.66666666667,0.0025,0.05,True
B3_w50__KRW100M_R5,B3_w50,diagnostics,2023,2023-01-03,2023-12-29,250,0.1172850613897074,-0.3127172782946381,0.5480397875021485,0.1163020908563248,0.2494116142532503,-0.1321265528635429,7.2483536239177,execution_stress,,KRW100M,R5,,50,event,0.5,3,66666.66666666667,0.0025,0.05,True
B3_w50__KRW100M_R5,B3_w50,diagnostics,2024,2024-01-02,2024-12-31,252,0.1715031863802767,-0.2095794004675747,0.6182475770226278,0.1715031863802767,0.2643074461050603,-0.0928042597247835,7.565464297350912,execution_stress,,KRW100M,R5,,50,event,0.5,3,66666.66666666667,0.0025,0.05,True
B3_w50__KRW100M_R5,B3_w50,diagnostics,2025,2025-01-02,2025-12-31,250,0.1173222264674316,-0.4689187247886149,0.4737309309078115,0.1163389285304798,0.1785790013706134,-0.0612567749031818,8.434384933872673,execution_stress,,KRW100M,R5,,50,event,0.5,3,66666.66666666667,0.0025,0.05,True
B3_w50__KRW100M_R5,B3_w50,diagnostics,2026,2026-01-02,2026-09-22,181,0.6447649265856752,-0.2680240500178446,1.142710738693618,0.4296095414143115,0.193982242745804,0.4507826838398712,11.150366571864923,execution_stress,,KRW100M,R5,,50,event,0.5,3,66666.66666666667,0.0025,0.05,True
B3_w50__KRW100M_UNLIMITED,B3_w50,diagnostics,full,2017-01-04,2026-09-22,2442,0.2457406849998518,-0.560358569721108,0.7567092245004847,7.408903237110501,0.1534966939059092,0.0922439910939425,7.436608236275122,execution_stress,,KRW100M,UNLIMITED,,50,event,0.5,3,66666.66666666667,0.0025,0.0,True
B3_w50__KRW100M_UNLIMITED,B3_w50,diagnostics,2017_2022,2017-01-04,2022-12-30,1509,0.2693015110904178,-0.5265160424902702,0.8250142020650038,3.1701902465320764,0.1124281175972994,0.1568733934931183,6.882115145384198,execution_stress,,KRW100M,UNLIMITED,,50,event,0.5,3,66666.66666666667,0.0025,0.0,True
B3_w50__KRW100M_UNLIMITED,B3_w50,diagnostics,2023_2026,2023-01-03,2026-09-22,933,0.2085563998214359,-0.4437546081295953,0.660837502046333,1.0164315630691725,0.2231529414345989,-0.014596541613163,8.33342503601189,execution_stress,,KRW100M,UNLIMITED,,50,event,0.5,3,66666.66666666667,0.0025,0.0,True
B3_w50__KRW100M_UNLIMITED,B3_w50,diagnostics,2017,2017-01-04,2017-12-29,250,0.4490389624178796,-0.1249026551563188,1.8640739068297352,0.4447797632585408,0.2120011745455907,0.2370377878722889,5.938656041582219,execution_stress,,KRW100M,UNLIMITED,,50,event,0.5,3,66666.66666666667,0.0025,0.0,True
B3_w50__KRW100M_UNLIMITED,B3_w50,diagnostics,2018,2018-01-02,2018-12-31,251,-0.2217930907395238,-0.2910591820612112,-0.7823526357819565,-0.2210183189120612,-0.0642984107744514,-0.1574946799650723,6.052969364233574,execution_stress,,KRW100M,UNLIMITED,,50,event,0.5,3,66666.66666666667,0.0025,0.0,True
B3_w50__KRW100M_UNLIMITED,B3_w50,diagnostics,2019,2019-01-02,2019-12-31,252,0.5673966698022932,-0.1579578538186233,2.0656185589160976,0.5673966698022932,0.3401954545671213,0.2272012152351719,6.630553135025194,execution_stress,,KRW100M,UNLIMITED,,50,event,0.5,3,66666.66666666667,0.0025,0.0,True
B3_w50__KRW100M_UNLIMITED,B3_w50,diagnostics,2020,2020-01-02,2020-12-31,253,1.8086315786556544,-0.4773415143792827,2.152492427130455,1.820164982103027,0.1813082709311855,1.627323307724469,5.900163425130634,execution_stress,,KRW100M,UNLIMITED,,50,event,0.5,3,66666.66666666667,0.0025,0.0,True
B3_w50__KRW100M_UNLIMITED,B3_w50,diagnostics,2021,2021-01-04,2021-12-31,252,-0.0404404398134883,-0.4604181893634463,0.1425551710433014,-0.0404404398134883,0.2861550585808201,-0.3265954983943084,8.688857342683198,execution_stress,,KRW100M,UNLIMITED,,50,event,0.5,3,66666.66666666667,0.0025,0.0,True
B3_w50__KRW100M_UNLIMITED,B3_w50,diagnostics,2022,2022-01-03,2022-12-30,251,-0.1268924507959958,-0.2521034594130288,-0.1639808834795268,-0.1264221747073748,-0.180528833522089,0.0536363827260931,8.079361141936293,execution_stress,,KRW100M,UNLIMITED,,50,event,0.5,3,66666.66666666667,0.0025,0.0,True
B3_w50__KRW100M_UNLIMITED,B3_w50,diagnostics,2023,2023-01-03,2023-12-29,250,0.0856473643367738,-0.3223550310025338,0.4432811912899895,0.0849395423608121,0.2494116142532503,-0.1637642499164764,6.676536641004101,execution_stress,,KRW100M,UNLIMITED,,50,event,0.5,3,66666.66666666667,0.0025,0.0,True
B3_w50__KRW100M_UNLIMITED,B3_w50,diagnostics,2024,2024-01-02,2024-12-31,252,0.2667368805769801,-0.2310323897636711,0.7926455469741227,0.2667368805769801,0.2643074461050603,0.0024294344719197,8.846999197988312,execution_stress,,KRW100M,UNLIMITED,,50,event,0.5,3,66666.66666666667,0.0025,0.0,True
B3_w50__KRW100M_UNLIMITED,B3_w50,diagnostics,2025,2025-01-02,2025-12-31,250,0.1677812154466986,-0.4437546081295954,0.5581148956112599,0.166344565365901,0.1785790013706134,-0.0107977859239147,8.255975879961033,execution_stress,,KRW100M,UNLIMITED,,50,event,0.5,3,66666.66666666667,0.0025,0.0,True
B3_w50__KRW100M_UNLIMITED,B3_w50,diagnostics,2026,2026-01-02,2026-09-22,181,0.3764474709151346,-0.3204295992799235,0.8965320701582321,0.2579537195963854,0.193982242745804,0.1824652281693306,10.013887461131246,execution_stress,,KRW100M,UNLIMITED,,50,event,0.5,3,66666.66666666667,0.0025,0.0,True
B3_w55__USD100K_C50,B3_w55,diagnostics,full,2017-01-04,2026-09-22,2442,0.192571219889063,-0.6078407303480274,0.6489796065606243,4.510227430345452,0.1534966939059092,0.0390745259831537,7.541440496272243,execution_stress,,USD100K,C50,,55,event,0.5,3,100000.0,0.005,0.01,True
B3_w55__USD100K_C50,B3_w55,diagnostics,2017_2022,2017-01-04,2022-12-30,1509,0.2268944372263182,-0.4724483563552866,0.7280537118130413,2.402404590352654,0.1124281175972994,0.1144663196290187,7.468365840679855,execution_stress,,USD100K,C50,,55,event,0.5,3,100000.0,0.005,0.01,True
B3_w55__USD100K_C50,B3_w55,diagnostics,2023_2026,2023-01-03,2026-09-22,933,0.1390787797669204,-0.5468336687329594,0.5265308622997655,0.6195097567083614,0.2231529414345989,-0.0840741616676785,7.6596287656065565,execution_stress,,USD100K,C50,,55,event,0.5,3,100000.0,0.005,0.01,True
B3_w55__USD100K_C50,B3_w55,diagnostics,2017,2017-01-04,2017-12-29,250,0.3456671515836627,-0.091401084800323,1.553751820445442,0.3425001302238482,0.2120011745455907,0.1336659770380719,6.691433547184913,execution_stress,,USD100K,C50,,55,event,0.5,3,100000.0,0.005,0.01,True
B3_w55__USD100K_C50,B3_w55,diagnostics,2018,2018-01-02,2018-12-31,251,-0.20972300361989,-0.3910979160239517,-0.5732990375105728,-0.2089845282731698,-0.0642984107744514,-0.1454245928454386,7.976812825840171,execution_stress,,USD100K,C50,,55,event,0.5,3,100000.0,0.005,0.01,True
B3_w55__USD100K_C50,B3_w55,diagnostics,2019,2019-01-02,2019-12-31,252,0.6753260682479876,-0.1523306460242361,2.3932113551851804,0.6753260682479876,0.3401954545671213,0.3351306136808663,5.095124388050044,execution_stress,,USD100K,C50,,55,event,0.5,3,100000.0,0.005,0.01,True
B3_w55__USD100K_C50,B3_w55,diagnostics,2020,2020-01-02,2020-12-31,253,1.101736267488536,-0.4604739697347306,1.6626443765576466,1.1079402219139545,0.1813082709311855,0.9204279965573504,6.144064167331429,execution_stress,,USD100K,C50,,55,event,0.5,3,100000.0,0.005,0.01,True
B3_w55__USD100K_C50,B3_w55,diagnostics,2021,2021-01-04,2021-12-31,252,0.1875600285718741,-0.3649335013857997,0.5900877955880096,0.1875600285718741,0.2861550585808201,-0.0985950300089459,8.9504447295798,execution_stress,,USD100K,C50,,55,event,0.5,3,100000.0,0.005,0.01,True
B3_w55__USD100K_C50,B3_w55,diagnostics,2022,2022-01-03,2022-12-30,251,-0.2368540747555898,-0.2878086690295141,-0.5589076556170113,-0.2360350525067676,-0.180528833522089,-0.0563252412335008,9.963322691339512,execution_stress,,USD100K,C50,,55,event,0.5,3,100000.0,0.005,0.01,True
B3_w55__USD100K_C50,B3_w55,diagnostics,2023,2023-01-03,2023-12-29,250,0.0157079000333999,-0.2897072584801869,0.1947706116321443,0.0155822678976422,0.2494116142532503,-0.2337037142198503,6.926712423736356,execution_stress,,USD100K,C50,,55,event,0.5,3,100000.0,0.005,0.01,True
B3_w55__USD100K_C50,B3_w55,diagnostics,2024,2024-01-02,2024-12-31,252,0.3472235079146584,-0.1981724369281894,1.0678061001986912,0.3472235079146584,0.2643074461050603,0.0829160618095981,6.771193098376418,execution_stress,,USD100K,C50,,55,event,0.5,3,100000.0,0.005,0.01,True
B3_w55__USD100K_C50,B3_w55,diagnostics,2025,2025-01-02,2025-12-31,250,0.0594556381439443,-0.4994194555426746,0.3562066419157402,0.0589701216395206,0.1785790013706134,-0.119123363226669,7.857259456640545,execution_stress,,USD100K,C50,,55,event,0.5,3,100000.0,0.005,0.01,True
B3_w55__USD100K_C50,B3_w55,diagnostics,2026,2026-01-02,2026-09-22,181,0.1676406343061647,-0.2931767979866373,0.557947640411809,0.1177510850511818,0.193982242745804,-0.0263416084396392,9.635911643236652,execution_stress,,USD100K,C50,,55,event,0.5,3,100000.0,0.005,0.01,True
B3_w55__USD100K_R5,B3_w55,diagnostics,full,2017-01-04,2026-09-22,2442,0.2946235146600244,-0.4591265760047069,0.8617689775324675,11.210229567158734,0.1534966939059092,0.1411268207541152,7.321844944100364,execution_stress,,USD100K,R5,,55,event,0.5,3,100000.0,0.0025,0.05,True
B3_w55__USD100K_R5,B3_w55,diagnostics,2017_2022,2017-01-04,2022-12-30,1509,0.3018680806311473,-0.4591265760047069,0.8995270014867374,3.853309433989831,0.1124281175972994,0.1894399630338479,6.938748562772814,execution_stress,,USD100K,R5,,55,event,0.5,3,100000.0,0.0025,0.05,True
B3_w55__USD100K_R5,B3_w55,diagnostics,2023_2026,2023-01-03,2026-09-22,933,0.2829916509822427,-0.4453359541534573,0.8093934611748208,1.515856393092344,0.2231529414345989,0.0598387095476438,7.941450988498299,execution_stress,,USD100K,R5,,55,event,0.5,3,100000.0,0.0025,0.05,True
B3_w55__USD100K_R5,B3_w55,diagnostics,2017,2017-01-04,2017-12-29,250,0.3672632369199236,-0.0910477051063015,1.7063810010506395,0.3638730412166613,0.2120011745455907,0.1552620623743328,6.407803124281891,execution_stress,,USD100K,R5,,55,event,0.5,3,100000.0,0.0025,0.05,True
B3_w55__USD100K_R5,B3_w55,diagnostics,2018,2018-01-02,2018-12-31,251,-0.2452287904836492,-0.3788058611933962,-0.7756460859477156,-0.2443856699598271,-0.0642984107744514,-0.1809303797091977,8.019108716056076,execution_stress,,USD100K,R5,,55,event,0.5,3,100000.0,0.0025,0.05,True
B3_w55__USD100K_R5,B3_w55,diagnostics,2019,2019-01-02,2019-12-31,252,0.6872167407887455,-0.1161866788506115,2.3928438728145296,0.6872167407887455,0.3401954545671213,0.3470212862216242,5.455737091836934,execution_stress,,USD100K,R5,,55,event,0.5,3,100000.0,0.0025,0.05,True
B3_w55__USD100K_R5,B3_w55,diagnostics,2020,2020-01-02,2020-12-31,253,1.7424327153367467,-0.4591265760047072,2.102969048438748,1.7534336518089528,0.1813082709311855,1.5611244444055612,5.526899975783119,execution_stress,,USD100K,R5,,55,event,0.5,3,100000.0,0.0025,0.05,True
B3_w55__USD100K_R5,B3_w55,diagnostics,2021,2021-01-04,2021-12-31,252,0.071338570731688,-0.328737100212554,0.3751239975639291,0.071338570731688,0.2861550585808201,-0.2148164878491321,8.596085957879971,execution_stress,,USD100K,R5,,55,event,0.5,3,100000.0,0.0025,0.05,True
B3_w55__USD100K_R5,B3_w55,diagnostics,2022,2022-01-03,2022-12-30,251,-0.0539894768489245,-0.2692345679488959,0.0427548370978495,-0.0537811003927629,-0.180528833522089,0.1265393566731645,7.635296454270273,execution_stress,,USD100K,R5,,55,event,0.5,3,100000.0,0.0025,0.05,True
B3_w55__USD100K_R5,B3_w55,diagnostics,2023,2023-01-03,2023-12-29,250,0.1344925936260037,-0.3181889160315879,0.5546250115387803,0.1333569995629271,0.2494116142532503,-0.1149190206272465,8.457961033110388,execution_stress,,USD100K,R5,,55,event,0.5,3,100000.0,0.0025,0.05,True
B3_w55__USD100K_R5,B3_w55,diagnostics,2024,2024-01-02,2024-12-31,252,0.2849749664133496,-0.2599689602514633,0.8991666404504001,0.2849749664133496,0.2643074461050603,0.0206675203082893,7.604609211678158,execution_stress,,USD100K,R5,,55,event,0.5,3,100000.0,0.0025,0.05,True
B3_w55__USD100K_R5,B3_w55,diagnostics,2025,2025-01-02,2025-12-31,250,0.3331305494880181,-0.4286389542906608,0.8649330714285016,0.3300918354874413,0.1785790013706134,0.1545515481174046,5.911413335810803,execution_stress,,USD100K,R5,,55,event,0.5,3,100000.0,0.0025,0.05,True
B3_w55__USD100K_R5,B3_w55,diagnostics,2026,2026-01-02,2026-09-22,181,0.4390693349425829,-0.2680716774765311,0.9343538575905064,0.2988016208209938,0.193982242745804,0.2450870921967789,10.500931815998443,execution_stress,,USD100K,R5,,55,event,0.5,3,100000.0,0.0025,0.05,True
B3_w55__USD100K_UNLIMITED,B3_w55,diagnostics,full,2017-01-04,2026-09-22,2442,0.2687599347287985,-0.5479112931591392,0.7995884157837094,9.04144366498404,0.1534966939059092,0.1152632408228893,7.639165899250243,execution_stress,,USD100K,UNLIMITED,,55,event,0.5,3,100000.0,0.0025,0.0,True
B3_w55__USD100K_UNLIMITED,B3_w55,diagnostics,2017_2022,2017-01-04,2022-12-30,1509,0.278335957737128,-0.5009203027909167,0.8341048246713973,3.3511138553596185,0.1124281175972994,0.1659078401398286,7.079709783571748,execution_stress,,USD100K,UNLIMITED,,55,event,0.5,3,100000.0,0.0025,0.0,True
B3_w55__USD100K_UNLIMITED,B3_w55,diagnostics,2023_2026,2023-01-03,2026-09-22,933,0.2534236251850879,-0.4476375843625846,0.7495044586956626,1.3077869250916483,0.2231529414345989,0.0302706837504889,8.544009713354052,execution_stress,,USD100K,UNLIMITED,,55,event,0.5,3,100000.0,0.0025,0.0,True
B3_w55__USD100K_UNLIMITED,B3_w55,diagnostics,2017,2017-01-04,2017-12-29,250,0.4328783568337164,-0.0910477051063015,1.9202656576749637,0.4287938306409087,0.2120011745455907,0.2208771822881257,6.483692440354671,execution_stress,,USD100K,UNLIMITED,,55,event,0.5,3,100000.0,0.0025,0.0,True
B3_w55__USD100K_UNLIMITED,B3_w55,diagnostics,2018,2018-01-02,2018-12-31,251,-0.2194759439082275,-0.331684268086395,-0.6919426346216337,-0.2187080829785754,-0.0642984107744514,-0.1551775331337761,6.934896220782905,execution_stress,,USD100K,UNLIMITED,,55,event,0.5,3,100000.0,0.0025,0.0,True
B3_w55__USD100K_UNLIMITED,B3_w55,diagnostics,2019,2019-01-02,2019-12-31,252,0.6787521004609351,-0.1583964692103341,2.344788406073818,0.6787521004609351,0.3401954545671213,0.3385566458938138,5.537786610507716,execution_stress,,USD100K,UNLIMITED,,55,event,0.5,3,100000.0,0.0025,0.0,True
B3_w55__USD100K_UNLIMITED,B3_w55,diagnostics,2020,2020-01-02,2020-12-31,253,1.6529916676371514,-0.4291655206427676,2.046510814399522,1.6632833718680229,0.1813082709311855,1.471683396705966,5.623184018832314,execution_stress,,USD100K,UNLIMITED,,55,event,0.5,3,100000.0,0.0025,0.0,True
B3_w55__USD100K_UNLIMITED,B3_w55,diagnostics,2021,2021-01-04,2021-12-31,252,0.1143961638087467,-0.3826311038418929,0.4651552594661977,0.1143961638087467,0.2861550585808201,-0.1717588947720734,8.309608962356034,execution_stress,,USD100K,UNLIMITED,,55,event,0.5,3,100000.0,0.0025,0.0,True
B3_w55__USD100K_UNLIMITED,B3_w55,diagnostics,2022,2022-01-03,2022-12-30,251,-0.2184636358280993,-0.3491312273333827,-0.388108412284805,-0.2176988026575016,-0.180528833522089,-0.0379348023060103,9.599564783977488,execution_stress,,USD100K,UNLIMITED,,55,event,0.5,3,100000.0,0.0025,0.0,True
B3_w55__USD100K_UNLIMITED,B3_w55,diagnostics,2023,2023-01-03,2023-12-29,250,0.1911872773736833,-0.347061394810099,0.6871396122890588,0.1895344660863573,0.2494116142532503,-0.0582243368795669,8.203078963500783,execution_stress,,USD100K,UNLIMITED,,55,event,0.5,3,100000.0,0.0025,0.0,True
B3_w55__USD100K_UNLIMITED,B3_w55,diagnostics,2024,2024-01-02,2024-12-31,252,0.2173243755832514,-0.3182510938560943,0.7199767782913601,0.2173243755832514,0.2643074461050603,-0.0469830705218088,7.973340599716046,execution_stress,,USD100K,UNLIMITED,,55,event,0.5,3,100000.0,0.0025,0.0,True
B3_w55__USD100K_UNLIMITED,B3_w55,diagnostics,2025,2025-01-02,2025-12-31,250,0.3845808971583113,-0.4296541605556417,0.9190252580195888,0.3810098027974624,0.1785790013706134,0.2060018957876979,6.727234282751948,execution_stress,,USD100K,UNLIMITED,,55,event,0.5,3,100000.0,0.0025,0.0,True
B3_w55__USD100K_UNLIMITED,B3_w55,diagnostics,2026,2026-01-02,2026-09-22,181,0.2207327967960388,-0.2682196115382484,0.6454920394395179,0.1540260140657856,0.193982242745804,0.0267505540502348,12.31878961252875,execution_stress,,USD100K,UNLIMITED,,55,event,0.5,3,100000.0,0.0025,0.0,True
B3_w55__KRW50M_R1,B3_w55,diagnostics,full,2017-01-04,2026-09-22,2442,0.2797447598038662,-0.4751572397599315,0.8221178706767579,9.916322780405483,0.1534966939059092,0.126248065897957,7.387402277727521,execution_stress,,KRW50M,R1,,55,event,0.5,3,33333.333333333336,0.0025,0.01,True
B3_w55__KRW50M_R1,B3_w55,diagnostics,2017_2022,2017-01-04,2022-12-30,1509,0.360919116920793,-0.4394105137329153,1.0020837624055827,5.329955344689008,0.1124281175972994,0.2484909993234936,6.651606739735343,execution_stress,,KRW50M,R1,,55,event,0.5,3,33333.333333333336,0.0025,0.01,True
B3_w55__KRW50M_R1,B3_w55,diagnostics,2023_2026,2023-01-03,2026-09-22,933,0.1585779946512473,-0.4751572397599312,0.5605240409666541,0.7245497299699819,0.2231529414345989,-0.0645749467833516,8.577451009592686,execution_stress,,KRW50M,R1,,55,event,0.5,3,33333.333333333336,0.0025,0.01,True
B3_w55__KRW50M_R1,B3_w55,diagnostics,2017,2017-01-04,2017-12-29,250,0.3722211603205489,-0.0910481115641109,1.72465147756728,0.3687793496586791,0.2120011745455907,0.1602199857749582,6.054354794169013,execution_stress,,KRW50M,R1,,55,event,0.5,3,33333.333333333336,0.0025,0.01,True
B3_w55__KRW50M_R1,B3_w55,diagnostics,2018,2018-01-02,2018-12-31,251,-0.2294957005220155,-0.3722309617076197,-0.7011444300374787,-0.2286981522823082,-0.0642984107744514,-0.1651972897475641,7.419696196782484,execution_stress,,KRW50M,R1,,55,event,0.5,3,33333.333333333336,0.0025,0.01,True
B3_w55__KRW50M_R1,B3_w55,diagnostics,2019,2019-01-02,2019-12-31,252,0.7227909251746931,-0.1019566596787899,2.4818307238660324,0.7227909251746931,0.3401954545671213,0.3825954706075718,4.956692995900585,execution_stress,,KRW50M,R1,,55,event,0.5,3,33333.333333333336,0.0025,0.01,True
B3_w55__KRW50M_R1,B3_w55,diagnostics,2020,2020-01-02,2020-12-31,253,2.073044877822309,-0.4394105137329153,2.2854199107283555,2.086765942345345,0.1813082709311855,1.8917366068911237,5.324626652832231,execution_stress,,KRW50M,R1,,55,event,0.5,3,33333.333333333336,0.0025,0.01,True
B3_w55__KRW50M_R1,B3_w55,diagnostics,2021,2021-01-04,2021-12-31,252,0.1396891654685745,-0.3597303094617762,0.5142009463807639,0.1396891654685745,0.2861550585808201,-0.1464658931122455,8.13417860979056,execution_stress,,KRW50M,R1,,55,event,0.5,3,33333.333333333336,0.0025,0.01,True
B3_w55__KRW50M_R1,B3_w55,diagnostics,2022,2022-01-03,2022-12-30,251,-0.0107604068272921,-0.2392718550016139,0.1657381392288062,-0.0107179364518565,-0.180528833522089,0.1697684266947968,8.029131229184271,execution_stress,,KRW50M,R1,,55,event,0.5,3,33333.333333333336,0.0025,0.01,True
B3_w55__KRW50M_R1,B3_w55,diagnostics,2023,2023-01-03,2023-12-29,250,0.1501805435243797,-0.2796386712793776,0.6002403357440964,0.1489040141378474,0.2494116142532503,-0.0992310707288706,7.690752302163802,execution_stress,,KRW50M,R1,,55,event,0.5,3,33333.333333333336,0.0025,0.01,True
B3_w55__KRW50M_R1,B3_w55,diagnostics,2024,2024-01-02,2024-12-31,252,0.2848510424858601,-0.2424580501788332,0.953882823116486,0.2848510424858601,0.2643074461050603,0.0205435963807998,7.113299156448979,execution_stress,,KRW50M,R1,,55,event,0.5,3,33333.333333333336,0.0025,0.01,True
B3_w55__KRW50M_R1,B3_w55,diagnostics,2025,2025-01-02,2025-12-31,250,0.1574332640831477,-0.475157239759931,0.5402304339254715,0.1560910084025886,0.1785790013706134,-0.0211457372874657,8.79782890371,execution_stress,,KRW50M,R1,,55,event,0.5,3,33333.333333333336,0.0025,0.01,True
B3_w55__KRW50M_R1,B3_w55,diagnostics,2026,2026-01-02,2026-09-22,181,0.014684129778995,-0.3151202167570216,0.2746719832451857,0.0105252528618926,0.193982242745804,-0.1792981129668089,11.536271287604317,execution_stress,,KRW50M,R1,,55,event,0.5,3,33333.333333333336,0.0025,0.01,True
B3_w55__KRW50M_C50,B3_w55,diagnostics,full,2017-01-04,2026-09-22,2442,0.2773039911039605,-0.4808651633321641,0.8301710814179353,9.716231444715078,0.1534966939059092,0.1238072971980512,7.046522463582196,execution_stress,,KRW50M,C50,,55,event,0.5,3,33333.333333333336,0.005,0.01,True
B3_w55__KRW50M_C50,B3_w55,diagnostics,2017_2022,2017-01-04,2022-12-30,1509,0.3372976400226495,-0.4401055535169367,0.956352957682931,4.699880543362393,0.1124281175972994,0.22486952242535,6.6224332271864,execution_stress,,KRW50M,C50,,55,event,0.5,3,33333.333333333336,0.005,0.01,True
B3_w55__KRW50M_C50,B3_w55,diagnostics,2023_2026,2023-01-03,2026-09-22,933,0.1859163515269375,-0.4808651633321641,0.6317084854641174,0.8800800057457878,0.2231529414345989,-0.0372365899076614,7.73242884913553,execution_stress,,KRW50M,C50,,55,event,0.5,3,33333.333333333336,0.005,0.01,True
B3_w55__KRW50M_C50,B3_w55,diagnostics,2017,2017-01-04,2017-12-29,250,0.3501713769556813,-0.0914514949406843,1.6430988993459568,0.3469580320877208,0.2120011745455907,0.1381702024100906,6.080956348287094,execution_stress,,KRW50M,C50,,55,event,0.5,3,33333.333333333336,0.005,0.01,True
B3_w55__KRW50M_C50,B3_w55,diagnostics,2018,2018-01-02,2018-12-31,251,-0.2457955971083664,-0.3768173977330081,-0.7708811159689761,-0.2449508588355901,-0.0642984107744514,-0.1814971863339149,7.354048852383277,execution_stress,,KRW50M,C50,,55,event,0.5,3,33333.333333333336,0.005,0.01,True
B3_w55__KRW50M_C50,B3_w55,diagnostics,2019,2019-01-02,2019-12-31,252,0.7053747599979425,-0.1020491316122903,2.435178576995156,0.7053747599979425,0.3401954545671213,0.3651793054308212,4.944751154043519,execution_stress,,KRW50M,C50,,55,event,0.5,3,33333.333333333336,0.005,0.01,True
B3_w55__KRW50M_C50,B3_w55,diagnostics,2020,2020-01-02,2020-12-31,253,2.019167559015192,-0.4401055535169365,2.2546700719834227,2.032435210359552,0.1813082709311855,1.8378592880840063,5.257364573554574,execution_stress,,KRW50M,C50,,55,event,0.5,3,33333.333333333336,0.005,0.01,True
B3_w55__KRW50M_C50,B3_w55,diagnostics,2021,2021-01-04,2021-12-31,252,0.1130331231299166,-0.3633806558538477,0.4626689847258689,0.1130331231299166,0.2861550585808201,-0.1731219354509034,8.107366084228097,execution_stress,,KRW50M,C50,,55,event,0.5,3,33333.333333333336,0.005,0.01,True
B3_w55__KRW50M_C50,B3_w55,diagnostics,2022,2022-01-03,2022-12-30,251,-0.026421726058014,-0.24199243788923,0.1242560286505462,-0.0263182699394231,-0.180528833522089,0.1541071074640749,7.999600038448389,execution_stress,,KRW50M,C50,,55,event,0.5,3,33333.333333333336,0.005,0.01,True
B3_w55__KRW50M_C50,B3_w55,diagnostics,2023,2023-01-03,2023-12-29,250,0.0824730823045674,-0.2939294241664937,0.4065000571226332,0.0817924696412655,0.2494116142532503,-0.1669385319486829,7.301857336994881,execution_stress,,KRW50M,C50,,55,event,0.5,3,33333.333333333336,0.005,0.01,True
B3_w55__KRW50M_C50,B3_w55,diagnostics,2024,2024-01-02,2024-12-31,252,0.4934342280927808,-0.2590021127364849,1.2953272898978574,0.4934342280927808,0.2643074461050603,0.2291267819877205,7.029703079942663,execution_stress,,KRW50M,C50,,55,event,0.5,3,33333.333333333336,0.005,0.01,True
B3_w55__KRW50M_C50,B3_w55,diagnostics,2025,2025-01-02,2025-12-31,250,0.0914358831176416,-0.480865163332164,0.4202846597240393,0.0906782552555294,0.1785790013706134,-0.0871431182529718,7.262065988192727,execution_stress,,KRW50M,C50,,55,event,0.5,3,33333.333333333336,0.005,0.01,True
B3_w55__KRW50M_C50,B3_w55,diagnostics,2026,2026-01-02,2026-09-22,181,0.0944394471237599,-0.2420275159032627,0.4246197717858698,0.0669636438797591,0.193982242745804,-0.099542795622044,9.955193971276223,execution_stress,,KRW50M,C50,,55,event,0.5,3,33333.333333333336,0.005,0.01,True
B3_w55__KRW50M_R5,B3_w55,diagnostics,full,2017-01-04,2026-09-22,2442,0.3145530921510717,-0.5324226139231707,0.9023572013236651,13.158480634725006,0.1534966939059092,0.1610563982451625,6.92987306854647,execution_stress,,KRW50M,R5,,55,event,0.5,3,33333.333333333336,0.0025,0.05,True
B3_w55__KRW50M_R5,B3_w55,diagnostics,2017_2022,2017-01-04,2022-12-30,1509,0.2852953581056314,-0.5047078575315578,0.8470911815693183,3.4948994427807527,0.1124281175972994,0.172867240508332,6.816036501173157,execution_stress,,KRW50M,R5,,55,event,0.5,3,33333.333333333336,0.0025,0.05,True
B3_w55__KRW50M_R5,B3_w55,diagnostics,2023_2026,2023-01-03,2026-09-22,933,0.3632897464097071,-0.4023169684891612,0.9898049401798934,2.149899305859873,0.2231529414345989,0.1401368049751081,7.113988159828707,execution_stress,,KRW50M,R5,,55,event,0.5,3,33333.333333333336,0.0025,0.05,True
B3_w55__KRW50M_R5,B3_w55,diagnostics,2017,2017-01-04,2017-12-29,250,0.4377330986681251,-0.0910481115641109,1.936622273239925,0.4335962493124283,0.2120011745455907,0.2257319241225344,6.140662006578781,execution_stress,,KRW50M,R5,,55,event,0.5,3,33333.333333333336,0.0025,0.05,True
B3_w55__KRW50M_R5,B3_w55,diagnostics,2018,2018-01-02,2018-12-31,251,-0.2175821327783681,-0.3318348034268679,-0.6845134491882191,-0.2168199403617537,-0.0642984107744514,-0.1532837220039167,6.512820433569285,execution_stress,,KRW50M,R5,,55,event,0.5,3,33333.333333333336,0.0025,0.05,True
B3_w55__KRW50M_R5,B3_w55,diagnostics,2019,2019-01-02,2019-12-31,252,0.6866166980010864,-0.1566678399713205,2.3683944066380977,0.6866166980010864,0.3401954545671213,0.3464212434339651,5.207771510109757,execution_stress,,KRW50M,R5,,55,event,0.5,3,33333.333333333336,0.0025,0.05,True
B3_w55__KRW50M_R5,B3_w55,diagnostics,2020,2020-01-02,2020-12-31,253,1.6492674123878357,-0.4296808020587244,2.044373606492375,1.659529843518234,0.1813082709311855,1.46795914145665,5.42238889111944,execution_stress,,KRW50M,R5,,55,event,0.5,3,33333.333333333336,0.0025,0.05,True
B3_w55__KRW50M_R5,B3_w55,diagnostics,2021,2021-01-04,2021-12-31,252,0.1117767183207116,-0.3823066180183296,0.460108516629355,0.1117767183207116,0.2861550585808201,-0.1743783402601084,8.093902305150921,execution_stress,,KRW50M,R5,,55,event,0.5,3,33333.333333333336,0.0025,0.05,True
B3_w55__KRW50M_R5,B3_w55,diagnostics,2022,2022-01-03,2022-12-30,251,-0.1979294785533588,-0.3557977573995023,-0.3136747611025405,-0.1972271725828297,-0.180528833522089,-0.0174006450312698,9.528404218728284,execution_stress,,KRW50M,R5,,55,event,0.5,3,33333.333333333336,0.0025,0.05,True
B3_w55__KRW50M_R5,B3_w55,diagnostics,2023,2023-01-03,2023-12-29,250,0.1565385185629599,-0.3413076496177636,0.6110990864618452,0.1552043907028899,0.2494116142532503,-0.0928730956902903,7.952081544283056,execution_stress,,KRW50M,R5,,55,event,0.5,3,33333.333333333336,0.0025,0.05,True
B3_w55__KRW50M_R5,B3_w55,diagnostics,2024,2024-01-02,2024-12-31,252,0.4110219969662358,-0.2847240930072938,1.1495830711298511,0.4110219969662358,0.2643074461050603,0.1467145508611755,7.37385558932016,execution_stress,,KRW50M,R5,,55,event,0.5,3,33333.333333333336,0.0025,0.05,True
B3_w55__KRW50M_R5,B3_w55,diagnostics,2025,2025-01-02,2025-12-31,250,0.5669633500734617,-0.4023169684891607,1.166194582382185,0.5613876962239837,0.1785790013706134,0.3883843487028482,5.658106809070132,execution_stress,,KRW50M,R5,,55,event,0.5,3,33333.333333333336,0.0025,0.05,True
B3_w55__KRW50M_R5,B3_w55,diagnostics,2026,2026-01-02,2026-09-22,181,0.3455952107513582,-0.1866159231750214,0.976407313407882,0.2376370525709119,0.193982242745804,0.1516129680055542,7.605482078857493,execution_stress,,KRW50M,R5,,55,event,0.5,3,33333.333333333336,0.0025,0.05,True
B3_w55__KRW50M_UNLIMITED,B3_w55,diagnostics,full,2017-01-04,2026-09-22,2442,0.2693455761840875,-0.5492568596204888,0.8009803625258018,9.08644908836352,0.1534966939059092,0.1158488822781782,7.396120239265335,execution_stress,,KRW50M,UNLIMITED,,55,event,0.5,3,33333.333333333336,0.0025,0.0,True
B3_w55__KRW50M_UNLIMITED,B3_w55,diagnostics,2017_2022,2017-01-04,2022-12-30,1509,0.2795031738454105,-0.5024389294737096,0.836750190312888,3.374958150335813,0.1124281175972994,0.1670750562481111,6.802532750934062,execution_stress,,KRW50M,UNLIMITED,,55,event,0.5,3,33333.333333333336,0.0025,0.0,True
B3_w55__KRW50M_UNLIMITED,B3_w55,diagnostics,2023_2026,2023-01-03,2026-09-22,933,0.2530874508668161,-0.4474086894111908,0.7490331226060748,1.305496130880543,0.2231529414345989,0.0299345094322172,8.356166884379903,execution_stress,,KRW50M,UNLIMITED,,55,event,0.5,3,33333.333333333336,0.0025,0.0,True
B3_w55__KRW50M_UNLIMITED,B3_w55,diagnostics,2017,2017-01-04,2017-12-29,250,0.4377330986681251,-0.0910481115641109,1.936622273239925,0.4335962493124283,0.2120011745455907,0.2257319241225344,6.140662006578781,execution_stress,,KRW50M,UNLIMITED,,55,event,0.5,3,33333.333333333336,0.0025,0.0,True
B3_w55__KRW50M_UNLIMITED,B3_w55,diagnostics,2018,2018-01-02,2018-12-31,251,-0.2175821327783681,-0.3318348034268679,-0.6845134491882191,-0.2168199403617537,-0.0642984107744514,-0.1532837220039167,6.512820433569285,execution_stress,,KRW50M,UNLIMITED,,55,event,0.5,3,33333.333333333336,0.0025,0.0,True
B3_w55__KRW50M_UNLIMITED,B3_w55,diagnostics,2019,2019-01-02,2019-12-31,252,0.6866166980010864,-0.1566678399713205,2.3683944066380977,0.6866166980010864,0.3401954545671213,0.3464212434339651,5.207771510109757,execution_stress,,KRW50M,UNLIMITED,,55,event,0.5,3,33333.333333333336,0.0025,0.0,True
B3_w55__KRW50M_UNLIMITED,B3_w55,diagnostics,2020,2020-01-02,2020-12-31,253,1.6492674123878357,-0.4296808020587244,2.044373606492375,1.659529843518234,0.1813082709311855,1.46795914145665,5.42238889111944,execution_stress,,KRW50M,UNLIMITED,,55,event,0.5,3,33333.333333333336,0.0025,0.0,True
B3_w55__KRW50M_UNLIMITED,B3_w55,diagnostics,2021,2021-01-04,2021-12-31,252,0.1110435960017024,-0.3823066180183296,0.458686436307134,0.1110435960017024,0.2861550585808201,-0.1751114625791177,8.137557289198238,execution_stress,,KRW50M,UNLIMITED,,55,event,0.5,3,33333.333333333336,0.0025,0.0,True
B3_w55__KRW50M_UNLIMITED,B3_w55,diagnostics,2022,2022-01-03,2022-12-30,251,-0.218898815099533,-0.3493311369512691,-0.3897468615959317,-0.2181326796950214,-0.180528833522089,-0.0383699815774439,9.403391409601916,execution_stress,,KRW50M,UNLIMITED,,55,event,0.5,3,33333.333333333336,0.0025,0.0,True
B3_w55__KRW50M_UNLIMITED,B3_w55,diagnostics,2023,2023-01-03,2023-12-29,250,0.1912372285790482,-0.346905883154209,0.6875016498745404,0.1895839520864903,0.2494116142532503,-0.058174385674202,8.018607696104715,execution_stress,,KRW50M,UNLIMITED,,55,event,0.5,3,33333.333333333336,0.0025,0.0,True
B3_w55__KRW50M_UNLIMITED,B3_w55,diagnostics,2024,2024-01-02,2024-12-31,252,0.2184041641759999,-0.3172712244174246,0.7224576763007243,0.2184041641759999,0.2643074461050603,-0.0459032819290603,7.798806752648549,execution_stress,,KRW50M,UNLIMITED,,55,event,0.5,3,33333.333333333336,0.0025,0.0,True
B3_w55__KRW50M_UNLIMITED,B3_w55,diagnostics,2025,2025-01-02,2025-12-31,250,0.3831098169883769,-0.4295677402178466,0.9170654027088536,0.3795541558071655,0.1785790013706134,0.2045308156177634,6.5834925270171984,execution_stress,,KRW50M,UNLIMITED,,55,event,0.5,3,33333.333333333336,0.0025,0.0,True
B3_w55__KRW50M_UNLIMITED,B3_w55,diagnostics,2026,2026-01-02,2026-09-22,181,0.2192605649251542,-0.2677048658351361,0.6430909639693635,0.1530261912293806,0.193982242745804,0.0252783221793502,12.046847213693567,execution_stress,,KRW50M,UNLIMITED,,55,event,0.5,3,33333.333333333336,0.0025,0.0,True
B3_w55__KRW100M_R1,B3_w55,diagnostics,full,2017-01-04,2026-09-22,2442,0.2517059814241875,-0.5365846722247547,0.7718409790027182,7.807324212945215,0.1534966939059092,0.0982092875182782,7.414593700208885,execution_stress,,KRW100M,R1,,55,event,0.5,3,66666.66666666667,0.0025,0.01,True
B3_w55__KRW100M_R1,B3_w55,diagnostics,2017_2022,2017-01-04,2022-12-30,1509,0.3060896413297651,-0.4588882285731146,0.8836878569708052,3.948314332127288,0.1124281175972994,0.1936615237324657,7.321716917272714,execution_stress,,KRW100M,R1,,55,event,0.5,3,66666.66666666667,0.0025,0.01,True
B3_w55__KRW100M_R1,B3_w55,diagnostics,2023_2026,2023-01-03,2026-09-22,933,0.1684995869158767,-0.5201065268786316,0.5932223027202521,0.7798635296393819,0.2231529414345989,-0.0546533545187222,7.564809204443271,execution_stress,,KRW100M,R1,,55,event,0.5,3,66666.66666666667,0.0025,0.01,True
B3_w55__KRW100M_R1,B3_w55,diagnostics,2017,2017-01-04,2017-12-29,250,0.3251938660226652,-0.0909787576890773,1.5117687171533774,0.3222359027690997,0.2120011745455907,0.1131926914770744,6.629242338539051,execution_stress,,KRW100M,R1,,55,event,0.5,3,66666.66666666667,0.0025,0.01,True
B3_w55__KRW100M_R1,B3_w55,diagnostics,2018,2018-01-02,2018-12-31,251,-0.1832140467275343,-0.3550315580765186,-0.507733189466681,-0.1825578321573635,-0.0642984107744514,-0.1189156359530829,7.348187304040163,execution_stress,,KRW100M,R1,,55,event,0.5,3,66666.66666666667,0.0025,0.01,True
B3_w55__KRW100M_R1,B3_w55,diagnostics,2019,2019-01-02,2019-12-31,252,0.6129819196462922,-0.1394629124994144,2.1249958099156903,0.6129819196462922,0.3401954545671213,0.2727864650791709,5.643484208469297,execution_stress,,KRW100M,R1,,55,event,0.5,3,66666.66666666667,0.0025,0.01,True
B3_w55__KRW100M_R1,B3_w55,diagnostics,2020,2020-01-02,2020-12-31,253,1.8074504599023893,-0.4588882285731144,2.1343148063444093,1.8189743079551937,0.1813082709311855,1.6261421889712038,5.555377027301718,execution_stress,,KRW100M,R1,,55,event,0.5,3,66666.66666666667,0.0025,0.01,True
B3_w55__KRW100M_R1,B3_w55,diagnostics,2021,2021-01-04,2021-12-31,252,0.2192442791478266,-0.3812098172142901,0.639913616837908,0.2192442791478266,0.2861550585808201,-0.0669107794329935,9.193664208117829,execution_stress,,KRW100M,R1,,55,event,0.5,3,66666.66666666667,0.0025,0.01,True
B3_w55__KRW100M_R1,B3_w55,diagnostics,2022,2022-01-03,2022-12-30,251,-0.1748198012891498,-0.2493677657544173,-0.354220158298634,-0.1741903499948675,-0.180528833522089,0.0057090322329391,9.570890204495582,execution_stress,,KRW100M,R1,,55,event,0.5,3,66666.66666666667,0.0025,0.01,True
B3_w55__KRW100M_R1,B3_w55,diagnostics,2023,2023-01-03,2023-12-29,250,0.1036183682892502,-0.3366216376654742,0.489280987463527,0.1027551316428037,0.2494116142532503,-0.1457932459640001,7.641087928025202,execution_stress,,KRW100M,R1,,55,event,0.5,3,66666.66666666667,0.0025,0.01,True
B3_w55__KRW100M_R1,B3_w55,diagnostics,2024,2024-01-02,2024-12-31,252,0.23557726346569,-0.2030609506087648,0.7720322258625039,0.23557726346569,0.2643074461050603,-0.0287301826393702,7.387711045031584,execution_stress,,KRW100M,R1,,55,event,0.5,3,66666.66666666667,0.0025,0.01,True
B3_w55__KRW100M_R1,B3_w55,diagnostics,2025,2025-01-02,2025-12-31,250,0.0922774415370784,-0.4402872663149676,0.4211704576786911,0.0915125525504343,0.1785790013706134,-0.086301559833535,6.352504141676224,execution_stress,,KRW100M,R1,,55,event,0.5,3,66666.66666666667,0.0025,0.01,True
B3_w55__KRW100M_R1,B3_w55,diagnostics,2026,2026-01-02,2026-09-22,181,0.284130554375311,-0.2265297034095674,0.7769011163203752,0.1967652609858541,0.193982242745804,0.0901483116295069,9.38047396117268,execution_stress,,KRW100M,R1,,55,event,0.5,3,66666.66666666667,0.0025,0.01,True
B3_w55__KRW100M_C50,B3_w55,diagnostics,full,2017-01-04,2026-09-22,2442,0.2632713340632755,-0.5312598975285563,0.7942834125987056,8.628325993401823,0.1534966939059092,0.1097746401573662,7.14950659906955,execution_stress,,KRW100M,C50,,55,event,0.5,3,66666.66666666667,0.005,0.01,True
B3_w55__KRW100M_C50,B3_w55,diagnostics,2017_2022,2017-01-04,2022-12-30,1509,0.3138783885471869,-0.4600007815070118,0.8966080487607395,4.127664996926133,0.1124281175972994,0.2014502709498875,7.03047117140741,execution_stress,,KRW100M,C50,,55,event,0.5,3,66666.66666666667,0.005,0.01,True
B3_w55__KRW100M_C50,B3_w55,diagnostics,2023_2026,2023-01-03,2026-09-22,933,0.1855143184275742,-0.4895212345787391,0.6298797077632832,0.8777213408390907,0.2231529414345989,-0.0376386230070246,7.342030136413783,execution_stress,,KRW100M,C50,,55,event,0.5,3,66666.66666666667,0.005,0.01,True
B3_w55__KRW100M_C50,B3_w55,diagnostics,2017,2017-01-04,2017-12-29,250,0.3065301281188699,-0.0913071050958047,1.4442274115919345,0.3037605810300152,0.2120011745455907,0.0945289535732791,6.60609722361771,execution_stress,,KRW100M,C50,,55,event,0.5,3,66666.66666666667,0.005,0.01,True
B3_w55__KRW100M_C50,B3_w55,diagnostics,2018,2018-01-02,2018-12-31,251,-0.1992616686549246,-0.3588349144981473,-0.5721213519642424,-0.1985552424531951,-0.0642984107744514,-0.1349632578804732,7.341224832890995,execution_stress,,KRW100M,C50,,55,event,0.5,3,66666.66666666667,0.005,0.01,True
B3_w55__KRW100M_C50,B3_w55,diagnostics,2019,2019-01-02,2019-12-31,252,0.5912168009327621,-0.1461903851098229,2.067756074147676,0.5912168009327621,0.3401954545671213,0.2510213463656408,5.605073941475652,execution_stress,,KRW100M,C50,,55,event,0.5,3,66666.66666666667,0.005,0.01,True
B3_w55__KRW100M_C50,B3_w55,diagnostics,2020,2020-01-02,2020-12-31,253,1.7692815645610689,-0.4600007815070119,2.108291509404156,1.7804976963811971,0.1813082709311855,1.5879732936298834,5.55907250798593,execution_stress,,KRW100M,C50,,55,event,0.5,3,66666.66666666667,0.005,0.01,True
B3_w55__KRW100M_C50,B3_w55,diagnostics,2021,2021-01-04,2021-12-31,252,0.2769980114093511,-0.3732022670682751,0.7315625986336006,0.2769980114093511,0.2861550585808201,-0.009157047171469,7.863387947498849,execution_stress,,KRW100M,C50,,55,event,0.5,3,66666.66666666667,0.005,0.01,True
B3_w55__KRW100M_C50,B3_w55,diagnostics,2022,2022-01-03,2022-12-30,251,-0.1319149264443427,-0.2413236779201784,-0.1892185771145977,-0.1314274716219983,-0.180528833522089,0.0486139070777462,9.2203646141502,execution_stress,,KRW100M,C50,,55,event,0.5,3,66666.66666666667,0.005,0.01,True
B3_w55__KRW100M_C50,B3_w55,diagnostics,2023,2023-01-03,2023-12-29,250,-0.046703625631437,-0.3472697676077685,-0.031435567198636,-0.0463416869018604,0.2494116142532503,-0.2961152398846873,8.104320253544897,execution_stress,,KRW100M,C50,,55,event,0.5,3,66666.66666666667,0.005,0.01,True
B3_w55__KRW100M_C50,B3_w55,diagnostics,2024,2024-01-02,2024-12-31,252,0.3085356566133026,-0.1969220194164266,0.9676227212682484,0.3085356566133026,0.2643074461050603,0.0442282105082423,6.347701756889223,execution_stress,,KRW100M,C50,,55,event,0.5,3,66666.66666666667,0.005,0.01,True
B3_w55__KRW100M_C50,B3_w55,diagnostics,2025,2025-01-02,2025-12-31,250,0.3722502385480228,-0.4472454770797474,0.9314313237234834,0.3688081247488648,0.1785790013706134,0.1936712371774094,6.215164184796371,execution_stress,,KRW100M,C50,,55,event,0.5,3,66666.66666666667,0.005,0.01,True
B3_w55__KRW100M_C50,B3_w55,diagnostics,2026,2026-01-02,2026-09-22,181,0.1408703964754301,-0.2791320942265044,0.511750016264735,0.099284761131283,0.193982242745804,-0.0531118462703739,9.22995671244562,execution_stress,,KRW100M,C50,,55,event,0.5,3,66666.66666666667,0.005,0.01,True
B3_w55__KRW100M_R5,B3_w55,diagnostics,full,2017-01-04,2026-09-22,2442,0.1899314317633194,-0.5704507784678611,0.6477928765119387,4.393162761566028,0.1534966939059092,0.0364347378574101,7.590991332300873,execution_stress,,KRW100M,R5,,55,event,0.5,3,66666.66666666667,0.0025,0.05,True
B3_w55__KRW100M_R5,B3_w55,diagnostics,2017_2022,2017-01-04,2022-12-30,1509,0.2279467536990007,-0.4736006233693549,0.7486995708444933,2.4199168794575594,0.1124281175972994,0.1155186361017013,7.250617932147185,execution_stress,,KRW100M,R5,,55,event,0.5,3,66666.66666666667,0.0025,0.05,True
B3_w55__KRW100M_R5,B3_w55,diagnostics,2023_2026,2023-01-03,2026-09-22,933,0.1309219587886041,-0.5496051435355253,0.5049345954653969,0.5769865033741564,0.2231529414345989,-0.0922309826459948,8.141498792999604,execution_stress,,KRW100M,R5,,55,event,0.5,3,66666.66666666667,0.0025,0.05,True
B3_w55__KRW100M_R5,B3_w55,diagnostics,2017,2017-01-04,2017-12-29,250,0.3664182416643102,-0.0909805431432815,1.7000393959485762,0.3630368287996171,0.2120011745455907,0.1544170671187195,6.304878543802538,execution_stress,,KRW100M,R5,,55,event,0.5,3,66666.66666666667,0.0025,0.05,True
B3_w55__KRW100M_R5,B3_w55,diagnostics,2018,2018-01-02,2018-12-31,251,-0.2654177795229618,-0.4027556040531422,-0.847725722001231,-0.2645180847826409,-0.0642984107744514,-0.2011193687485104,8.036344015696187,execution_stress,,KRW100M,R5,,55,event,0.5,3,66666.66666666667,0.0025,0.05,True
B3_w55__KRW100M_R5,B3_w55,diagnostics,2019,2019-01-02,2019-12-31,252,0.5809865844121389,-0.176450877976548,2.1066017138475868,0.5809865844121389,0.3401954545671213,0.2407911298450176,5.793991505375274,execution_stress,,KRW100M,R5,,55,event,0.5,3,66666.66666666667,0.0025,0.05,True
B3_w55__KRW100M_R5,B3_w55,diagnostics,2020,2020-01-02,2020-12-31,253,1.5824694732174254,-0.4697450294401646,2.042755866536873,1.5922104486190158,0.1813082709311855,1.40116120228624,5.7975202259018905,execution_stress,,KRW100M,R5,,55,event,0.5,3,66666.66666666667,0.0025,0.05,True
B3_w55__KRW100M_R5,B3_w55,diagnostics,2021,2021-01-04,2021-12-31,252,0.0463022737694827,-0.3629238941203418,0.3155596890341678,0.0463022737694827,0.2861550585808201,-0.2398527848113374,8.695114738706843,execution_stress,,KRW100M,R5,,55,event,0.5,3,66666.66666666667,0.0025,0.05,True
B3_w55__KRW100M_R5,B3_w55,diagnostics,2022,2022-01-03,2022-12-30,251,-0.2051509573860879,-0.2871992758666284,-0.420203528979976,-0.2044264219010264,-0.180528833522089,-0.0246221238639988,8.883717470350009,execution_stress,,KRW100M,R5,,55,event,0.5,3,66666.66666666667,0.0025,0.05,True
B3_w55__KRW100M_R5,B3_w55,diagnostics,2023,2023-01-03,2023-12-29,250,0.2325882615450156,-0.3481738355840763,0.779900475421847,0.2305442897589402,0.2494116142532503,-0.0168233527082346,8.236196538632269,execution_stress,,KRW100M,R5,,55,event,0.5,3,66666.66666666667,0.0025,0.05,True
B3_w55__KRW100M_R5,B3_w55,diagnostics,2024,2024-01-02,2024-12-31,252,0.1107778444229599,-0.3005750361706991,0.4767918144135269,0.1107778444229599,0.2643074461050603,-0.1535296016821004,7.381583617970451,execution_stress,,KRW100M,R5,,55,event,0.5,3,66666.66666666667,0.0025,0.05,True
B3_w55__KRW100M_R5,B3_w55,diagnostics,2025,2025-01-02,2025-12-31,250,0.0712097649153038,-0.4798920193949801,0.3820334108821679,0.0706251066397012,0.1785790013706134,-0.1073692364553096,7.566196254030519,execution_stress,,KRW100M,R5,,55,event,0.5,3,66666.66666666667,0.0025,0.05,True
B3_w55__KRW100M_R5,B3_w55,diagnostics,2026,2026-01-02,2026-09-22,181,0.1096893387569424,-0.2842892070844428,0.4549263647832249,0.0776211206918868,0.193982242745804,-0.0842929039888615,9.86332101643304,execution_stress,,KRW100M,R5,,55,event,0.5,3,66666.66666666667,0.0025,0.05,True
B3_w55__KRW100M_UNLIMITED,B3_w55,diagnostics,full,2017-01-04,2026-09-22,2442,0.2687860470675538,-0.5479716730342299,0.7997073772495208,9.043446505780985,0.1534966939059092,0.1152893531616445,7.573056986417053,execution_stress,,KRW100M,UNLIMITED,,55,event,0.5,3,66666.66666666667,0.0025,0.0,True
B3_w55__KRW100M_UNLIMITED,B3_w55,diagnostics,2017_2022,2017-01-04,2022-12-30,1509,0.278318001303385,-0.500962625038653,0.834146668056344,3.350747882386587,0.1124281175972994,0.1658898837060856,7.004196166995087,execution_stress,,KRW100M,UNLIMITED,,55,event,0.5,3,66666.66666666667,0.0025,0.0,True
B3_w55__KRW100M_UNLIMITED,B3_w55,diagnostics,2023_2026,2023-01-03,2026-09-22,933,0.2535196238122377,-0.4475344724365926,0.74973882165363,1.308441393821171,0.2231529414345989,0.0303666823776387,8.493111623617208,execution_stress,,KRW100M,UNLIMITED,,55,event,0.5,3,66666.66666666667,0.0025,0.0,True
B3_w55__KRW100M_UNLIMITED,B3_w55,diagnostics,2017,2017-01-04,2017-12-29,250,0.4326110015366593,-0.0909805431432815,1.9152198624884935,0.4285293530830447,0.2120011745455907,0.2206098269910685,6.426917028369494,execution_stress,,KRW100M,UNLIMITED,,55,event,0.5,3,66666.66666666667,0.0025,0.0,True
B3_w55__KRW100M_UNLIMITED,B3_w55,diagnostics,2018,2018-01-02,2018-12-31,251,-0.2196661075708655,-0.3323046844081234,-0.6921648768658325,-0.2188976784512591,-0.0642984107744514,-0.1553676967964141,6.779345899076704,execution_stress,,KRW100M,UNLIMITED,,55,event,0.5,3,66666.66666666667,0.0025,0.0,True
B3_w55__KRW100M_UNLIMITED,B3_w55,diagnostics,2019,2019-01-02,2019-12-31,252,0.6758879926213357,-0.1577201789874347,2.3401421091252224,0.6758879926213357,0.3401954545671213,0.3356925380542144,5.452806425527331,execution_stress,,KRW100M,UNLIMITED,,55,event,0.5,3,66666.66666666667,0.0025,0.0,True
B3_w55__KRW100M_UNLIMITED,B3_w55,diagnostics,2020,2020-01-02,2020-12-31,253,1.6592051128075798,-0.4293945060937366,2.051558424858645,1.6695457020037194,0.1813082709311855,1.4778968418763945,5.580838578096167,execution_stress,,KRW100M,UNLIMITED,,55,event,0.5,3,66666.66666666667,0.0025,0.0,True
B3_w55__KRW100M_UNLIMITED,B3_w55,diagnostics,2021,2021-01-04,2021-12-31,252,0.1134598094925261,-0.3812441942534226,0.4633577876818394,0.1134598094925261,0.2861550585808201,-0.172695249088294,8.261433113070652,execution_stress,,KRW100M,UNLIMITED,,55,event,0.5,3,66666.66666666667,0.0025,0.0,True
B3_w55__KRW100M_UNLIMITED,B3_w55,diagnostics,2022,2022-01-03,2022-12-30,251,-0.2180372592970846,-0.3489738020019185,-0.386749732135149,-0.2172737029488254,-0.180528833522089,-0.0375084257749955,9.534049459163104,execution_stress,,KRW100M,UNLIMITED,,55,event,0.5,3,66666.66666666667,0.0025,0.0,True
B3_w55__KRW100M_UNLIMITED,B3_w55,diagnostics,2023,2023-01-03,2023-12-29,250,0.1906391407695011,-0.3471692164475518,0.6858134291628182,0.1889914333022249,0.2494116142532503,-0.0587724734837491,8.153876749486228,execution_stress,,KRW100M,UNLIMITED,,55,event,0.5,3,66666.66666666667,0.0025,0.0,True
B3_w55__KRW100M_UNLIMITED,B3_w55,diagnostics,2024,2024-01-02,2024-12-31,252,0.2179957532601397,-0.3180936529146287,0.7215722552701362,0.2179957532601397,0.2643074461050603,-0.0463116928449205,7.932293535712825,execution_stress,,KRW100M,UNLIMITED,,55,event,0.5,3,66666.66666666667,0.0025,0.0,True
B3_w55__KRW100M_UNLIMITED,B3_w55,diagnostics,2025,2025-01-02,2025-12-31,250,0.3847139807299482,-0.4294793158993867,0.9192734779683112,0.3811414895766933,0.1785790013706134,0.2061349793593347,6.67797996260582,execution_stress,,KRW100M,UNLIMITED,,55,event,0.5,3,66666.66666666667,0.0025,0.0,True
B3_w55__KRW100M_UNLIMITED,B3_w55,diagnostics,2026,2026-01-02,2026-09-22,181,0.2208916267707645,-0.2682240035133503,0.6457801713339059,0.154133858448054,0.193982242745804,0.0269093840249605,12.249563512774651,execution_stress,,KRW100M,UNLIMITED,,55,event,0.5,3,66666.66666666667,0.0025,0.0,True
B3_beta60d3__USD100K_C50,B3_beta60d3,diagnostics,full,2017-01-04,2026-09-22,2442,0.191529105192268,-0.5527990766663693,0.6291319699655188,4.463744085493675,0.1534966939059092,0.0380324112863588,12.302576084584484,execution_stress,,USD100K,C50,,50,event,0.6,3,100000.0,0.005,0.01,True
B3_beta60d3__USD100K_C50,B3_beta60d3,diagnostics,2017_2022,2017-01-04,2022-12-30,1509,0.1498049394260694,-0.5344040080750747,0.5571028881806888,1.306870968902508,0.1124281175972994,0.03737682182877,12.160201242312516,execution_stress,,USD100K,C50,,50,event,0.6,3,100000.0,0.005,0.01,True
B3_beta60d3__USD100K_C50,B3_beta60d3,diagnostics,2023_2026,2023-01-03,2026-09-22,933,0.2622408308126915,-0.4928201428174042,0.7313545521050164,1.3684654058016257,0.2231529414345989,0.0390878893780926,12.532847935590272,execution_stress,,USD100K,C50,,50,event,0.6,3,100000.0,0.005,0.01,True
B3_beta60d3__USD100K_C50,B3_beta60d3,diagnostics,2017,2017-01-04,2017-12-29,250,0.1563562755455425,-0.1285502610976067,0.771882548431727,0.1550238025041133,0.2120011745455907,-0.0556448990000482,13.137796378976487,execution_stress,,USD100K,C50,,50,event,0.6,3,100000.0,0.005,0.01,True
B3_beta60d3__USD100K_C50,B3_beta60d3,diagnostics,2018,2018-01-02,2018-12-31,251,-0.2378638524927574,-0.3415849724595804,-0.7424785119767429,-0.2370419052455332,-0.0642984107744514,-0.173565441718306,10.062847923916546,execution_stress,,USD100K,C50,,50,event,0.6,3,100000.0,0.005,0.01,True
B3_beta60d3__USD100K_C50,B3_beta60d3,diagnostics,2019,2019-01-02,2019-12-31,252,0.6174872978901145,-0.1589101403958176,2.1324183351254176,0.6174872978901145,0.3401954545671213,0.2772918433229931,8.481372087597766,execution_stress,,USD100K,C50,,50,event,0.6,3,100000.0,0.005,0.01,True
B3_beta60d3__USD100K_C50,B3_beta60d3,diagnostics,2020,2020-01-02,2020-12-31,253,1.1793898203162847,-0.4282409477277349,1.7855595348552475,1.1861377159973836,0.1813082709311855,0.9980815493850992,14.883244807660938,execution_stress,,USD100K,C50,,50,event,0.6,3,100000.0,0.005,0.01,True
B3_beta60d3__USD100K_C50,B3_beta60d3,diagnostics,2021,2021-01-04,2021-12-31,252,-0.0553872365708375,-0.4030514137579172,0.1092673215779432,-0.0553872365708375,0.2861550585808201,-0.3415422951516577,13.76802799590708,execution_stress,,USD100K,C50,,50,event,0.6,3,100000.0,0.005,0.01,True
B3_beta60d3__USD100K_C50,B3_beta60d3,diagnostics,2022,2022-01-03,2022-12-30,251,-0.2170431936721411,-0.3344955374865798,-0.331347069352278,-0.2162826177127573,-0.180528833522089,-0.036514360150052,12.618366508450103,execution_stress,,USD100K,C50,,50,event,0.6,3,100000.0,0.005,0.01,True
B3_beta60d3__USD100K_C50,B3_beta60d3,diagnostics,2023,2023-01-03,2023-12-29,250,0.2543414836814037,-0.3871471105673483,0.7870279626435511,0.252087580730977,0.2494116142532503,0.0049298694281534,13.318639915089546,execution_stress,,USD100K,C50,,50,event,0.6,3,100000.0,0.005,0.01,True
B3_beta60d3__USD100K_C50,B3_beta60d3,diagnostics,2024,2024-01-02,2024-12-31,252,0.2980288348666062,-0.2443564794443294,0.8261053597323283,0.2980288348666062,0.2643074461050603,0.0337213887615459,11.552017243110194,execution_stress,,USD100K,C50,,50,event,0.6,3,100000.0,0.005,0.01,True
B3_beta60d3__USD100K_C50,B3_beta60d3,diagnostics,2025,2025-01-02,2025-12-31,250,0.0648321194890795,-0.4756313476156277,0.3881791908043394,0.0643013809933537,0.1785790013706134,-0.1137468818815339,12.340885455461962,execution_stress,,USD100K,C50,,50,event,0.6,3,100000.0,0.005,0.01,True
B3_beta60d3__USD100K_C50,B3_beta60d3,diagnostics,2026,2026-01-02,2026-09-22,181,0.548891685196776,-0.2687809996639924,1.0978944081691209,0.3692519624738921,0.193982242745804,0.354909442450972,13.078217878475566,execution_stress,,USD100K,C50,,50,event,0.6,3,100000.0,0.005,0.01,True
B3_beta60d3__USD100K_R5,B3_beta60d3,diagnostics,full,2017-01-04,2026-09-22,2442,0.2535661163701264,-0.452061141113372,0.7489817429533366,7.934979043286631,0.1534966939059092,0.1000694224642171,12.032176265459324,execution_stress,,USD100K,R5,,50,event,0.6,3,100000.0,0.0025,0.05,True
B3_beta60d3__USD100K_R5,B3_beta60d3,diagnostics,2017_2022,2017-01-04,2022-12-30,1509,0.2868476583978281,-0.452061141113372,0.8419770074190785,3.527504860775654,0.1124281175972994,0.1744195408005286,12.06580507714152,execution_stress,,USD100K,R5,,50,event,0.6,3,100000.0,0.0025,0.05,True
B3_beta60d3__USD100K_R5,B3_beta60d3,diagnostics,2023_2026,2023-01-03,2026-09-22,933,0.2015499362249928,-0.4185945793272648,0.6278270688784212,0.9734885589401434,0.2231529414345989,-0.0216030052096061,11.977786258140531,execution_stress,,USD100K,R5,,50,event,0.6,3,100000.0,0.0025,0.05,True
B3_beta60d3__USD100K_R5,B3_beta60d3,diagnostics,2017,2017-01-04,2017-12-29,250,0.2836486160092268,-0.0983005709950209,1.2591905087591986,0.2811072033094655,0.2120011745455907,0.0716474414636361,12.426901963899445,execution_stress,,USD100K,R5,,50,event,0.6,3,100000.0,0.0025,0.05,True
B3_beta60d3__USD100K_R5,B3_beta60d3,diagnostics,2018,2018-01-02,2018-12-31,251,-0.1090442891428504,-0.3349893009996384,-0.2477173332720211,-0.1086359803520893,-0.0642984107744514,-0.044745878368399,10.6892166691898,execution_stress,,USD100K,R5,,50,event,0.6,3,100000.0,0.0025,0.05,True
B3_beta60d3__USD100K_R5,B3_beta60d3,diagnostics,2019,2019-01-02,2019-12-31,252,0.5424775090261973,-0.1675568139697612,1.959225099547324,0.5424775090261973,0.3401954545671213,0.202282054459076,8.990558551656488,execution_stress,,USD100K,R5,,50,event,0.6,3,100000.0,0.0025,0.05,True
B3_beta60d3__USD100K_R5,B3_beta60d3,diagnostics,2020,2020-01-02,2020-12-31,253,1.2168143924568446,-0.4520611411133719,1.809981932113114,1.2238284101868384,0.1813082709311855,1.0355061215256591,14.397722247166708,execution_stress,,USD100K,R5,,50,event,0.6,3,100000.0,0.0025,0.05,True
B3_beta60d3__USD100K_R5,B3_beta60d3,diagnostics,2021,2021-01-04,2021-12-31,252,0.3131888717975277,-0.3785051223808985,0.7811122249752994,0.3131888717975277,0.2861550585808201,0.0270338132167076,13.126507167275149,execution_stress,,USD100K,R5,,50,event,0.6,3,100000.0,0.0025,0.05,True
B3_beta60d3__USD100K_R5,B3_beta60d3,diagnostics,2022,2022-01-03,2022-12-30,251,-0.1202683601513401,-0.3003457736641732,-0.0848482299189212,-0.1198209155253173,-0.180528833522089,0.0602604733707489,12.75480755681714,execution_stress,,USD100K,R5,,50,event,0.6,3,100000.0,0.0025,0.05,True
B3_beta60d3__USD100K_R5,B3_beta60d3,diagnostics,2023,2023-01-03,2023-12-29,250,0.1529739724025052,-0.3247496191098402,0.602604193713056,0.1516721706032535,0.2494116142532503,-0.0964376418507451,11.702093198411797,execution_stress,,USD100K,R5,,50,event,0.6,3,100000.0,0.0025,0.05,True
B3_beta60d3__USD100K_R5,B3_beta60d3,diagnostics,2024,2024-01-02,2024-12-31,252,0.1300931193223722,-0.3087908454201722,0.502347401100187,0.1300931193223722,0.2643074461050603,-0.134214326782688,11.500829068969663,execution_stress,,USD100K,R5,,50,event,0.6,3,100000.0,0.0025,0.05,True
B3_beta60d3__USD100K_R5,B3_beta60d3,diagnostics,2025,2025-01-02,2025-12-31,250,0.151779418197594,-0.4051592956289666,0.531373804933848,0.1504884301637277,0.1785790013706134,-0.0267995831730194,12.098698220136477,execution_stress,,USD100K,R5,,50,event,0.6,3,100000.0,0.0025,0.05,True
B3_beta60d3__USD100K_R5,B3_beta60d3,diagnostics,2026,2026-01-02,2026-09-22,181,0.4687418880093221,-0.3307779952243599,0.9669582897974724,0.3179813176621475,0.193982242745804,0.2747596452635181,12.855623197943054,execution_stress,,USD100K,R5,,50,event,0.6,3,100000.0,0.0025,0.05,True
B3_beta60d3__USD100K_UNLIMITED,B3_beta60d3,diagnostics,full,2017-01-04,2026-09-22,2442,0.2620591729022539,-0.4633227783898705,0.7595926865384267,8.539170204902788,0.1534966939059092,0.1085624789963446,11.799668697801769,execution_stress,,USD100K,UNLIMITED,,50,event,0.6,3,100000.0,0.0025,0.0,True
B3_beta60d3__USD100K_UNLIMITED,B3_beta60d3,diagnostics,2017_2022,2017-01-04,2022-12-30,1509,0.2462245283943349,-0.4633227783898705,0.7527361775826578,2.7362826053757865,0.1124281175972994,0.1337964107970355,12.012377602488776,execution_stress,,USD100K,UNLIMITED,,50,event,0.6,3,100000.0,0.0025,0.0,True
B3_beta60d3__USD100K_UNLIMITED,B3_beta60d3,diagnostics,2023_2026,2023-01-03,2026-09-22,933,0.2880965138575706,-0.4356434713848248,0.7744780529453025,1.55311795504381,0.2231529414345989,0.0649435724229716,11.455641112407664,execution_stress,,USD100K,UNLIMITED,,50,event,0.6,3,100000.0,0.0025,0.0,True
B3_beta60d3__USD100K_UNLIMITED,B3_beta60d3,diagnostics,2017,2017-01-04,2017-12-29,250,0.288125894079273,-0.0929508635941579,1.261569401667654,0.2855400922205995,0.2120011745455907,0.0761247195336822,12.044019514945234,execution_stress,,USD100K,UNLIMITED,,50,event,0.6,3,100000.0,0.0025,0.0,True
B3_beta60d3__USD100K_UNLIMITED,B3_beta60d3,diagnostics,2018,2018-01-02,2018-12-31,251,-0.1925523592471143,-0.3394600239850169,-0.5694661514278592,-0.1918667725861963,-0.0642984107744514,-0.1282539484726629,9.78503557184286,execution_stress,,USD100K,UNLIMITED,,50,event,0.6,3,100000.0,0.0025,0.0,True
B3_beta60d3__USD100K_UNLIMITED,B3_beta60d3,diagnostics,2019,2019-01-02,2019-12-31,252,0.5823186205787578,-0.1833610157113649,2.0719783024006646,0.5823186205787578,0.3401954545671213,0.2421231660116365,9.817365573296216,execution_stress,,USD100K,UNLIMITED,,50,event,0.6,3,100000.0,0.0025,0.0,True
B3_beta60d3__USD100K_UNLIMITED,B3_beta60d3,diagnostics,2020,2020-01-02,2020-12-31,253,1.174022767110822,-0.4633227783898709,1.7686627645298632,1.1807327078105183,0.1813082709311855,0.9927144961796364,14.233573115397832,execution_stress,,USD100K,UNLIMITED,,50,event,0.6,3,100000.0,0.0025,0.0,True
B3_beta60d3__USD100K_UNLIMITED,B3_beta60d3,diagnostics,2021,2021-01-04,2021-12-31,252,0.2248635314196243,-0.3765064875162174,0.646404330153037,0.2248635314196243,0.2861550585808201,-0.0612915271611957,13.101442475518509,execution_stress,,USD100K,UNLIMITED,,50,event,0.6,3,100000.0,0.0025,0.0,True
B3_beta60d3__USD100K_UNLIMITED,B3_beta60d3,diagnostics,2022,2022-01-03,2022-12-30,251,-0.1496304243354902,-0.3114350994806005,-0.1312903583913898,-0.1490832980155002,-0.180528833522089,0.0308984091865988,13.079662822269857,execution_stress,,USD100K,UNLIMITED,,50,event,0.6,3,100000.0,0.0025,0.0,True
B3_beta60d3__USD100K_UNLIMITED,B3_beta60d3,diagnostics,2023,2023-01-03,2023-12-29,250,0.2087668011493453,-0.316700431302458,0.7488939212366595,0.2069492563474742,0.2494116142532503,-0.040644813103905,11.364063465333905,execution_stress,,USD100K,UNLIMITED,,50,event,0.6,3,100000.0,0.0025,0.0,True
B3_beta60d3__USD100K_UNLIMITED,B3_beta60d3,diagnostics,2024,2024-01-02,2024-12-31,252,0.384535939698037,-0.260731684122654,0.9814224316205704,0.384535939698037,0.2643074461050603,0.1202284935929767,9.907586582655656,execution_stress,,USD100K,UNLIMITED,,50,event,0.6,3,100000.0,0.0025,0.0,True
B3_beta60d3__USD100K_UNLIMITED,B3_beta60d3,diagnostics,2025,2025-01-02,2025-12-31,250,0.1981940531269295,-0.4356434713848249,0.6024295359643365,0.1964758258280254,0.1785790013706134,0.019615051756316,10.781981259675598,execution_stress,,USD100K,UNLIMITED,,50,event,0.6,3,100000.0,0.0025,0.0,True
B3_beta60d3__USD100K_UNLIMITED,B3_beta60d3,diagnostics,2026,2026-01-02,2026-09-22,181,0.4054712165644658,-0.3875476216241034,0.8839210314760545,0.2769494529693241,0.193982242745804,0.2114889738186618,14.667901424280386,execution_stress,,USD100K,UNLIMITED,,50,event,0.6,3,100000.0,0.0025,0.0,True
B3_beta60d3__KRW50M_R1,B3_beta60d3,diagnostics,full,2017-01-04,2026-09-22,2442,0.2576915697645829,-0.5094129016097236,0.7508638964779559,8.224034710297525,0.1534966939059092,0.1041948758586737,11.948847101580172,execution_stress,,KRW50M,R1,,50,event,0.6,3,33333.333333333336,0.0025,0.01,True
B3_beta60d3__KRW50M_R1,B3_beta60d3,diagnostics,2017_2022,2017-01-04,2022-12-30,1509,0.2939566530732815,-0.4515866064312248,0.8447965524247038,3.679354951987688,0.1124281175972994,0.1815285354759821,11.658851025814766,execution_stress,,KRW50M,R1,,50,event,0.6,3,33333.333333333336,0.0025,0.01,True
B3_beta60d3__KRW50M_R1,B3_beta60d3,diagnostics,2023_2026,2023-01-03,2026-09-22,933,0.2011766036572133,-0.5094129016097231,0.625324693653662,0.9712192823456032,0.2231529414345989,-0.0219763377773856,12.417876124441904,execution_stress,,KRW50M,R1,,50,event,0.6,3,33333.333333333336,0.0025,0.01,True
B3_beta60d3__KRW50M_R1,B3_beta60d3,diagnostics,2017,2017-01-04,2017-12-29,250,0.2809514830612105,-0.0979641254816384,1.2529864951577343,0.2784367513957684,0.2120011745455907,0.0689503085156197,11.92077361476526,execution_stress,,KRW50M,R1,,50,event,0.6,3,33333.333333333336,0.0025,0.01,True
B3_beta60d3__KRW50M_R1,B3_beta60d3,diagnostics,2018,2018-01-02,2018-12-31,251,-0.109910898095482,-0.3351847703531256,-0.251246173036556,-0.1094995476225683,-0.0642984107744514,-0.0456124873210306,10.221066370425971,execution_stress,,KRW50M,R1,,50,event,0.6,3,33333.333333333336,0.0025,0.01,True
B3_beta60d3__KRW50M_R1,B3_beta60d3,diagnostics,2019,2019-01-02,2019-12-31,252,0.528796718859339,-0.1681438022132947,1.927669603376802,0.528796718859339,0.3401954545671213,0.1886012642922176,8.38269568950472,execution_stress,,KRW50M,R1,,50,event,0.6,3,33333.333333333336,0.0025,0.01,True
B3_beta60d3__KRW50M_R1,B3_beta60d3,diagnostics,2020,2020-01-02,2020-12-31,253,1.2227471226024251,-0.4515866064312245,1.81672983920364,1.2298035603046609,0.1813082709311855,1.0414388516712396,13.94345800585706,execution_stress,,KRW50M,R1,,50,event,0.6,3,33333.333333333336,0.0025,0.01,True
B3_beta60d3__KRW50M_R1,B3_beta60d3,diagnostics,2021,2021-01-04,2021-12-31,252,0.3633428528832609,-0.3709099320017182,0.8355175136911821,0.3633428528832609,0.2861550585808201,0.0771877943024408,13.180630789148736,execution_stress,,KRW50M,R1,,50,event,0.6,3,33333.333333333336,0.0025,0.01,True
B3_beta60d3__KRW50M_R1,B3_beta60d3,diagnostics,2022,2022-01-03,2022-12-30,251,-0.1160277715852957,-0.2881477840559548,-0.0519945234417823,-0.1155950467760497,-0.180528833522089,0.0645010619367932,12.294310705911322,execution_stress,,KRW50M,R1,,50,event,0.6,3,33333.333333333336,0.0025,0.01,True
B3_beta60d3__KRW50M_R1,B3_beta60d3,diagnostics,2023,2023-01-03,2023-12-29,250,0.1275983876048387,-0.3219259487893428,0.533659310192417,0.1265241904884015,0.2494116142532503,-0.1218132266484115,11.24905868638576,execution_stress,,KRW50M,R1,,50,event,0.6,3,33333.333333333336,0.0025,0.01,True
B3_beta60d3__KRW50M_R1,B3_beta60d3,diagnostics,2024,2024-01-02,2024-12-31,252,0.2783341009093194,-0.2643604718285973,0.8203066264423148,0.2783341009093194,0.2643074461050603,0.0140266548042591,10.814612354579362,execution_stress,,KRW50M,R1,,50,event,0.6,3,33333.333333333336,0.0025,0.01,True
B3_beta60d3__KRW50M_R1,B3_beta60d3,diagnostics,2025,2025-01-02,2025-12-31,250,-0.089846686953888,-0.4887412478540023,0.1004450081083315,-0.0891664022778347,0.1785790013706134,-0.2684256883245015,12.10719949507606,execution_stress,,KRW50M,R1,,50,event,0.6,3,33333.333333333336,0.0025,0.01,True
B3_beta60d3__KRW50M_R1,B3_beta60d3,diagnostics,2026,2026-01-02,2026-09-22,181,0.7632221309832654,-0.2699837861292118,1.2452215586970656,0.5028339601598419,0.193982242745804,0.5692398882374614,16.69354456013726,execution_stress,,KRW50M,R1,,50,event,0.6,3,33333.333333333336,0.0025,0.01,True
B3_beta60d3__KRW50M_C50,B3_beta60d3,diagnostics,full,2017-01-04,2026-09-22,2442,0.2144661564005183,-0.4545898757569037,0.678563882976552,5.572564735584596,0.1534966939059092,0.0609694624946091,11.570231983911132,execution_stress,,KRW50M,C50,,50,event,0.6,3,33333.333333333336,0.005,0.01,True
B3_beta60d3__KRW50M_C50,B3_beta60d3,diagnostics,2017_2022,2017-01-04,2022-12-30,1509,0.2502868893844154,-0.4545898757569037,0.7688050450411018,2.809808845566716,0.1124281175972994,0.137858771787116,11.622406371758125,execution_stress,,KRW50M,C50,,50,event,0.6,3,33333.333333333336,0.005,0.01,True
B3_beta60d3__KRW50M_C50,B3_beta60d3,diagnostics,2023_2026,2023-01-03,2026-09-22,933,0.1586903789326752,-0.4509948492200692,0.5539344039241829,0.7251691625507033,0.2231529414345989,-0.0644625625019237,11.485847041509082,execution_stress,,KRW50M,C50,,50,event,0.6,3,33333.333333333336,0.005,0.01,True
B3_beta60d3__KRW50M_C50,B3_beta60d3,diagnostics,2017,2017-01-04,2017-12-29,250,0.2433897190306795,-0.101549110625944,1.116509854757889,0.241241880820511,0.2120011745455907,0.0313885444850887,11.93805477649938,execution_stress,,KRW50M,C50,,50,event,0.6,3,33333.333333333336,0.005,0.01,True
B3_beta60d3__KRW50M_C50,B3_beta60d3,diagnostics,2018,2018-01-02,2018-12-31,251,-0.1302419840507745,-0.3384864740008232,-0.3307885079793898,-0.1297602385820647,-0.0642984107744514,-0.0659435732763231,10.230943515225691,execution_stress,,KRW50M,C50,,50,event,0.6,3,33333.333333333336,0.005,0.01,True
B3_beta60d3__KRW50M_C50,B3_beta60d3,diagnostics,2019,2019-01-02,2019-12-31,252,0.5005423389365495,-0.1730220624355956,1.849272788026957,0.5005423389365495,0.3401954545671213,0.1603468843694282,8.345453440810342,execution_stress,,KRW50M,C50,,50,event,0.6,3,33333.333333333336,0.005,0.01,True
B3_beta60d3__KRW50M_C50,B3_beta60d3,diagnostics,2020,2020-01-02,2020-12-31,253,1.156150942995772,-0.4545898757569037,1.7567335836713327,1.162734879336922,0.1813082709311855,0.9748426720645864,13.859367758539936,execution_stress,,KRW50M,C50,,50,event,0.6,3,33333.333333333336,0.005,0.01,True
B3_beta60d3__KRW50M_C50,B3_beta60d3,diagnostics,2021,2021-01-04,2021-12-31,252,0.2707213061091926,-0.3837940697319205,0.7186481269379867,0.2707213061091926,0.2861550585808201,-0.0154337524716274,12.976900098580394,execution_stress,,KRW50M,C50,,50,event,0.6,3,33333.333333333336,0.005,0.01,True
B3_beta60d3__KRW50M_C50,B3_beta60d3,diagnostics,2022,2022-01-03,2022-12-30,251,-0.1452571065922671,-0.3106730875139596,-0.1543751152470332,-0.1447245764892123,-0.180528833522089,0.0352717269298219,12.374811010754762,execution_stress,,KRW50M,C50,,50,event,0.6,3,33333.333333333336,0.005,0.01,True
B3_beta60d3__KRW50M_C50,B3_beta60d3,diagnostics,2023,2023-01-03,2023-12-29,250,0.1754468223331646,-0.3238058777562761,0.6655783009249049,0.1739397810038077,0.2494116142532503,-0.0739647919200856,11.06683559554708,execution_stress,,KRW50M,C50,,50,event,0.6,3,33333.333333333336,0.005,0.01,True
B3_beta60d3__KRW50M_C50,B3_beta60d3,diagnostics,2024,2024-01-02,2024-12-31,252,0.3227972432250963,-0.2919726275600309,0.8600724376553862,0.3227972432250963,0.2643074461050603,0.0584897971200359,10.51240751581703,execution_stress,,KRW50M,C50,,50,event,0.6,3,33333.333333333336,0.005,0.01,True
B3_beta60d3__KRW50M_C50,B3_beta60d3,diagnostics,2025,2025-01-02,2025-12-31,250,0.1261180756660302,-0.4509948492200691,0.4889619814167448,0.125057018425035,0.1785790013706134,-0.0524609257045831,10.598876219193428,execution_stress,,KRW50M,C50,,50,event,0.6,3,33333.333333333336,0.005,0.01,True
B3_beta60d3__KRW50M_C50,B3_beta60d3,diagnostics,2026,2026-01-02,2026-09-22,181,-0.017420553918058,-0.2492748992867534,0.200008339188753,-0.0125433192846878,0.193982242745804,-0.211402796663862,14.644975922966603,execution_stress,,KRW50M,C50,,50,event,0.6,3,33333.333333333336,0.005,0.01,True
B3_beta60d3__KRW50M_R5,B3_beta60d3,diagnostics,full,2017-01-04,2026-09-22,2442,0.3004137397883331,-0.4639209910613467,0.8304077412008398,11.74983425185576,0.1534966939059092,0.1469170458824238,11.53132847912666,execution_stress,,KRW50M,R5,,50,event,0.6,3,33333.333333333336,0.0025,0.05,True
B3_beta60d3__KRW50M_R5,B3_beta60d3,diagnostics,2017_2022,2017-01-04,2022-12-30,1509,0.2257889151394481,-0.4639209910613467,0.716940291759511,2.3840873959475264,0.1124281175972994,0.1133607975421486,11.5256776118455,execution_stress,,KRW50M,R5,,50,event,0.6,3,33333.333333333336,0.0025,0.05,True
B3_beta60d3__KRW50M_R5,B3_beta60d3,diagnostics,2023_2026,2023-01-03,2026-09-22,933,0.430844934290481,-0.401577316636843,0.9899968125194704,2.767584214025862,0.2231529414345989,0.207691992855882,11.540467984729316,execution_stress,,KRW50M,R5,,50,event,0.6,3,33333.333333333336,0.0025,0.05,True
B3_beta60d3__KRW50M_R5,B3_beta60d3,diagnostics,2017,2017-01-04,2017-12-29,250,0.2844479620547551,-0.0925498256250634,1.2507832844787106,0.2818986333701483,0.2120011745455907,0.0724467875091643,11.555627478404876,execution_stress,,KRW50M,R5,,50,event,0.6,3,33333.333333333336,0.0025,0.05,True
B3_beta60d3__KRW50M_R5,B3_beta60d3,diagnostics,2018,2018-01-02,2018-12-31,251,-0.1951496820529592,-0.3383223740848501,-0.5818147569476566,-0.1944560016789775,-0.0642984107744514,-0.1308512712785078,9.298438828729749,execution_stress,,KRW50M,R5,,50,event,0.6,3,33333.333333333336,0.0025,0.05,True
B3_beta60d3__KRW50M_R5,B3_beta60d3,diagnostics,2019,2019-01-02,2019-12-31,252,0.5629472612508211,-0.1836739394451499,2.031116263863305,0.5629472612508211,0.3401954545671213,0.2227518066836997,9.075290506940604,execution_stress,,KRW50M,R5,,50,event,0.6,3,33333.333333333336,0.0025,0.05,True
B3_beta60d3__KRW50M_R5,B3_beta60d3,diagnostics,2020,2020-01-02,2020-12-31,253,1.1898034611235309,-0.4629012710767879,1.7847261180721077,1.1966251510378343,0.1813082709311855,1.0084951901923451,13.753620242825802,execution_stress,,KRW50M,R5,,50,event,0.6,3,33333.333333333336,0.0025,0.05,True
B3_beta60d3__KRW50M_R5,B3_beta60d3,diagnostics,2021,2021-01-04,2021-12-31,252,0.1178880325955848,-0.3767418105047038,0.4734061054958622,0.1178880325955848,0.2861550585808201,-0.1682670259852352,12.737335368808337,execution_stress,,KRW50M,R5,,50,event,0.6,3,33333.333333333336,0.0025,0.05,True
B3_beta60d3__KRW50M_R5,B3_beta60d3,diagnostics,2022,2022-01-03,2022-12-30,251,-0.1466509087356324,-0.3103168141432804,-0.1248060349925015,-0.1461137171026378,-0.180528833522089,0.0338779247864565,12.721055213302035,execution_stress,,KRW50M,R5,,50,event,0.6,3,33333.333333333336,0.0025,0.05,True
B3_beta60d3__KRW50M_R5,B3_beta60d3,diagnostics,2023,2023-01-03,2023-12-29,250,0.2182344904587982,-0.3189482195846564,0.7717998781859161,0.2163273915638295,0.2494116142532503,-0.031177123794452,11.135645740367664,execution_stress,,KRW50M,R5,,50,event,0.6,3,33333.333333333336,0.0025,0.05,True
B3_beta60d3__KRW50M_R5,B3_beta60d3,diagnostics,2024,2024-01-02,2024-12-31,252,0.6827776643478616,-0.2805512237410552,1.3592482771737635,0.6827776643478616,0.2643074461050603,0.4184702182428013,10.42005877837184,execution_stress,,KRW50M,R5,,50,event,0.6,3,33333.333333333336,0.0025,0.05,True
B3_beta60d3__KRW50M_R5,B3_beta60d3,diagnostics,2025,2025-01-02,2025-12-31,250,0.2656004993782206,-0.4015773166368428,0.6991853275953305,0.2632367726612326,0.1785790013706134,0.0870214980076071,10.76522395641064,execution_stress,,KRW50M,R5,,50,event,0.6,3,33333.333333333336,0.0025,0.05,True
B3_beta60d3__KRW50M_R5,B3_beta60d3,diagnostics,2026,2026-01-02,2026-09-22,181,0.6890275278258722,-0.3592729297657767,1.2357041613793798,0.4571390030236262,0.193982242745804,0.4950452850800682,14.73030051606723,execution_stress,,KRW50M,R5,,50,event,0.6,3,33333.333333333336,0.0025,0.05,True
B3_beta60d3__KRW50M_UNLIMITED,B3_beta60d3,diagnostics,full,2017-01-04,2026-09-22,2442,0.249726690175245,-0.4639209910613467,0.7396249231803498,7.6732904273559,0.1534966939059092,0.0962299962693358,11.411838890891596,execution_stress,,KRW50M,UNLIMITED,,50,event,0.6,3,33333.333333333336,0.0025,0.0,True
B3_beta60d3__KRW50M_UNLIMITED,B3_beta60d3,diagnostics,2017_2022,2017-01-04,2022-12-30,1509,0.2257889151394481,-0.4639209910613467,0.716940291759511,2.3840873959475264,0.1124281175972994,0.1133607975421486,11.5256776118455,execution_stress,,KRW50M,UNLIMITED,,50,event,0.6,3,33333.333333333336,0.0025,0.0,True
B3_beta60d3__KRW50M_UNLIMITED,B3_beta60d3,diagnostics,2023_2026,2023-01-03,2026-09-22,933,0.2894361881575487,-0.435950489572483,0.7768112937090894,1.5629628944400968,0.2231529414345989,0.0662832467229497,11.227720316487046,execution_stress,,KRW50M,UNLIMITED,,50,event,0.6,3,33333.333333333336,0.0025,0.0,True
B3_beta60d3__KRW50M_UNLIMITED,B3_beta60d3,diagnostics,2017,2017-01-04,2017-12-29,250,0.2844479620547551,-0.0925498256250634,1.2507832844787106,0.2818986333701483,0.2120011745455907,0.0724467875091643,11.555627478404876,execution_stress,,KRW50M,UNLIMITED,,50,event,0.6,3,33333.333333333336,0.0025,0.0,True
B3_beta60d3__KRW50M_UNLIMITED,B3_beta60d3,diagnostics,2018,2018-01-02,2018-12-31,251,-0.1951496820529592,-0.3383223740848501,-0.5818147569476566,-0.1944560016789775,-0.0642984107744514,-0.1308512712785078,9.298438828729749,execution_stress,,KRW50M,UNLIMITED,,50,event,0.6,3,33333.333333333336,0.0025,0.0,True
B3_beta60d3__KRW50M_UNLIMITED,B3_beta60d3,diagnostics,2019,2019-01-02,2019-12-31,252,0.5629472612508211,-0.1836739394451499,2.031116263863305,0.5629472612508211,0.3401954545671213,0.2227518066836997,9.075290506940604,execution_stress,,KRW50M,UNLIMITED,,50,event,0.6,3,33333.333333333336,0.0025,0.0,True
B3_beta60d3__KRW50M_UNLIMITED,B3_beta60d3,diagnostics,2020,2020-01-02,2020-12-31,253,1.1898034611235309,-0.4629012710767879,1.7847261180721077,1.1966251510378343,0.1813082709311855,1.0084951901923451,13.753620242825802,execution_stress,,KRW50M,UNLIMITED,,50,event,0.6,3,33333.333333333336,0.0025,0.0,True
B3_beta60d3__KRW50M_UNLIMITED,B3_beta60d3,diagnostics,2021,2021-01-04,2021-12-31,252,0.1178880325955848,-0.3767418105047038,0.4734061054958622,0.1178880325955848,0.2861550585808201,-0.1682670259852352,12.737335368808337,execution_stress,,KRW50M,UNLIMITED,,50,event,0.6,3,33333.333333333336,0.0025,0.0,True
B3_beta60d3__KRW50M_UNLIMITED,B3_beta60d3,diagnostics,2022,2022-01-03,2022-12-30,251,-0.1466509087356324,-0.3103168141432804,-0.1248060349925015,-0.1461137171026378,-0.180528833522089,0.0338779247864565,12.721055213302035,execution_stress,,KRW50M,UNLIMITED,,50,event,0.6,3,33333.333333333336,0.0025,0.0,True
B3_beta60d3__KRW50M_UNLIMITED,B3_beta60d3,diagnostics,2023,2023-01-03,2023-12-29,250,0.2125196675964673,-0.3158024318096116,0.7588317002247995,0.210666694229223,0.2494116142532503,-0.0368919466567829,11.050609696746426,execution_stress,,KRW50M,UNLIMITED,,50,event,0.6,3,33333.333333333336,0.0025,0.0,True
B3_beta60d3__KRW50M_UNLIMITED,B3_beta60d3,diagnostics,2024,2024-01-02,2024-12-31,252,0.3900958049826624,-0.260085337546565,0.9910561046934762,0.3900958049826624,0.2643074461050603,0.1257883588776021,9.678586781617076,execution_stress,,KRW50M,UNLIMITED,,50,event,0.6,3,33333.333333333336,0.0025,0.0,True
B3_beta60d3__KRW50M_UNLIMITED,B3_beta60d3,diagnostics,2025,2025-01-02,2025-12-31,250,0.1926658665451284,-0.4359504895724828,0.5941293786704938,0.1909992779025298,0.1785790013706134,0.0140868651745149,10.611612825414587,execution_stress,,KRW50M,UNLIMITED,,50,event,0.6,3,33333.333333333336,0.0025,0.0,True
B3_beta60d3__KRW50M_UNLIMITED,B3_beta60d3,diagnostics,2026,2026-01-02,2026-09-22,181,0.4081220861390928,-0.3873286108565684,0.8873365783073558,0.2786788823388864,0.193982242745804,0.2141398433932888,14.480130142401425,execution_stress,,KRW50M,UNLIMITED,,50,event,0.6,3,33333.333333333336,0.0025,0.0,True
B3_beta60d3__KRW100M_R1,B3_beta60d3,diagnostics,full,2017-01-04,2026-09-22,2442,0.2642841610308539,-0.4886167124934226,0.7656542595517578,8.703392807622922,0.1534966939059092,0.1107874671249447,12.188639373120155,execution_stress,,KRW100M,R1,,50,event,0.6,3,66666.66666666667,0.0025,0.01,True
B3_beta60d3__KRW100M_R1,B3_beta60d3,diagnostics,2017_2022,2017-01-04,2022-12-30,1509,0.238641699670453,-0.4699379354402609,0.7428221367100574,2.602198855876696,0.1124281175972994,0.1262135820731535,11.933866903803834,execution_stress,,KRW100M,R1,,50,event,0.6,3,66666.66666666667,0.0025,0.01,True
B3_beta60d3__KRW100M_R1,B3_beta60d3,diagnostics,2023_2026,2023-01-03,2026-09-22,933,0.3068857248368628,-0.4886167124934223,0.8034049487608149,1.6937415717049142,0.2231529414345989,0.0837327834022638,12.600699026065849,execution_stress,,KRW100M,R1,,50,event,0.6,3,66666.66666666667,0.0025,0.01,True
B3_beta60d3__KRW100M_R1,B3_beta60d3,diagnostics,2017,2017-01-04,2017-12-29,250,0.3228466855310454,-0.1028250243674619,1.3988086073327854,0.3199125319121274,0.2120011745455907,0.1108455109854547,11.96172896070768,execution_stress,,KRW100M,R1,,50,event,0.6,3,66666.66666666667,0.0025,0.01,True
B3_beta60d3__KRW100M_R1,B3_beta60d3,diagnostics,2018,2018-01-02,2018-12-31,251,-0.1403017727723094,-0.3040267576699447,-0.3452159069103524,-0.1397858883240126,-0.0642984107744514,-0.076003361997858,10.186741063201964,execution_stress,,KRW100M,R1,,50,event,0.6,3,66666.66666666667,0.0025,0.01,True
B3_beta60d3__KRW100M_R1,B3_beta60d3,diagnostics,2019,2019-01-02,2019-12-31,252,0.6077038321131105,-0.1781320886148383,2.1610247415244705,0.6077038321131105,0.3401954545671213,0.2675083775459892,8.943341768998113,execution_stress,,KRW100M,R1,,50,event,0.6,3,66666.66666666667,0.0025,0.01,True
B3_beta60d3__KRW100M_R1,B3_beta60d3,diagnostics,2020,2020-01-02,2020-12-31,253,1.0422013086203463,-0.4681348229639955,1.6418900871002915,1.047995980562316,0.1813082709311855,0.860893037689161,14.492022011860954,execution_stress,,KRW100M,R1,,50,event,0.6,3,66666.66666666667,0.0025,0.01,True
B3_beta60d3__KRW100M_R1,B3_beta60d3,diagnostics,2021,2021-01-04,2021-12-31,252,0.1928526725326993,-0.3675736843990491,0.5981302052806048,0.1928526725326993,0.2861550585808201,-0.0933023860481208,13.50268747901441,execution_stress,,KRW100M,R1,,50,event,0.6,3,66666.66666666667,0.0025,0.01,True
B3_beta60d3__KRW100M_R1,B3_beta60d3,diagnostics,2022,2022-01-03,2022-12-30,251,-0.192904980221105,-0.3413923651918614,-0.2758144783132227,-0.1922182927901211,-0.180528833522089,-0.0123761466990159,12.502071598802363,execution_stress,,KRW100M,R1,,50,event,0.6,3,66666.66666666667,0.0025,0.01,True
B3_beta60d3__KRW100M_R1,B3_beta60d3,diagnostics,2023,2023-01-03,2023-12-29,250,0.2972873956089938,-0.3812244843378277,0.8772527562718048,0.2946103830634918,0.2494116142532503,0.0478757813557435,13.361440126098296,execution_stress,,KRW100M,R1,,50,event,0.6,3,66666.66666666667,0.0025,0.01,True
B3_beta60d3__KRW100M_R1,B3_beta60d3,diagnostics,2024,2024-01-02,2024-12-31,252,0.3314035783407929,-0.2425778389929205,0.8855678287980251,0.3314035783407929,0.2643074461050603,0.0670961322357326,11.53738239585696,execution_stress,,KRW100M,R1,,50,event,0.6,3,66666.66666666667,0.0025,0.01,True
B3_beta60d3__KRW100M_R1,B3_beta60d3,diagnostics,2025,2025-01-02,2025-12-31,250,0.0985779028219162,-0.4721130864721381,0.4454260759218649,0.0977584904728856,0.1785790013706134,-0.0800010985486971,12.349801808280224,execution_stress,,KRW100M,R1,,50,event,0.6,3,66666.66666666667,0.0025,0.01,True
B3_beta60d3__KRW100M_R1,B3_beta60d3,diagnostics,2026,2026-01-02,2026-09-22,181,0.6352114658998391,-0.2815326108858051,1.1827332240987076,0.4236404468986143,0.193982242745804,0.4412292231540351,13.376913502590345,execution_stress,,KRW100M,R1,,50,event,0.6,3,66666.66666666667,0.0025,0.01,True
B3_beta60d3__KRW100M_C50,B3_beta60d3,diagnostics,full,2017-01-04,2026-09-22,2442,0.1807013566915811,-0.5017055028311667,0.608018187578071,4.001169291057483,0.1534966939059092,0.0272046627856719,11.976088059232316,execution_stress,,KRW100M,C50,,50,event,0.6,3,66666.66666666667,0.005,0.01,True
B3_beta60d3__KRW100M_C50,B3_beta60d3,diagnostics,2017_2022,2017-01-04,2022-12-30,1509,0.1903588924508001,-0.5017055028311667,0.6437616926247168,1.8390078688106088,0.1124281175972994,0.0779307748535007,11.880092932065155,execution_stress,,KRW100M,C50,,50,event,0.6,3,66666.66666666667,0.005,0.01,True
B3_beta60d3__KRW100M_C50,B3_beta60d3,diagnostics,2023_2026,2023-01-03,2026-09-22,933,0.1652471779517899,-0.4964943557591564,0.5634834634551186,0.7615904999772647,0.2231529414345989,-0.057905763482809,12.13134705912004,execution_stress,,KRW100M,C50,,50,event,0.6,3,66666.66666666667,0.005,0.01,True
B3_beta60d3__KRW100M_C50,B3_beta60d3,diagnostics,2017,2017-01-04,2017-12-29,250,0.2818855003413458,-0.1083424477039033,1.2561097512230597,0.2793615340786561,0.2120011745455907,0.0698843257957551,11.943585729623072,execution_stress,,KRW100M,C50,,50,event,0.6,3,66666.66666666667,0.005,0.01,True
B3_beta60d3__KRW100M_C50,B3_beta60d3,diagnostics,2018,2018-01-02,2018-12-31,251,-0.1622573800892309,-0.3077988111782995,-0.4310828193409507,-0.161668611357082,-0.0642984107744514,-0.0979589693147795,10.167636612505664,execution_stress,,KRW100M,C50,,50,event,0.6,3,66666.66666666667,0.005,0.01,True
B3_beta60d3__KRW100M_C50,B3_beta60d3,diagnostics,2019,2019-01-02,2019-12-31,252,0.5697137563489987,-0.1825537736398824,2.059343930976195,0.5697137563489987,0.3401954545671213,0.2295183017818773,8.898813294603068,execution_stress,,KRW100M,C50,,50,event,0.6,3,66666.66666666667,0.005,0.01,True
B3_beta60d3__KRW100M_C50,B3_beta60d3,diagnostics,2020,2020-01-02,2020-12-31,253,0.967990963960764,-0.4735833339406806,1.5694388502642265,0.97328519890191,0.1813082709311855,0.7866826930295785,14.463904386771224,execution_stress,,KRW100M,C50,,50,event,0.6,3,66666.66666666667,0.005,0.01,True
B3_beta60d3__KRW100M_C50,B3_beta60d3,diagnostics,2021,2021-01-04,2021-12-31,252,0.0458180423865723,-0.372729350015118,0.3353583172050131,0.0458180423865723,0.2861550585808201,-0.2403370161942477,13.237518158201045,execution_stress,,KRW100M,C50,,50,event,0.6,3,66666.66666666667,0.005,0.01,True
B3_beta60d3__KRW100M_C50,B3_beta60d3,diagnostics,2022,2022-01-03,2022-12-30,251,-0.1835272590706987,-0.3596674128264894,-0.2287242326247195,-0.18287005247157,-0.180528833522089,-0.0029984255486097,12.555233770445708,execution_stress,,KRW100M,C50,,50,event,0.6,3,66666.66666666667,0.005,0.01,True
B3_beta60d3__KRW100M_C50,B3_beta60d3,diagnostics,2023,2023-01-03,2023-12-29,250,0.2179997358229195,-0.3553554797432693,0.767649363659266,0.2160948644647862,0.2494116142532503,-0.0314118784303307,12.343370669597336,execution_stress,,KRW100M,C50,,50,event,0.6,3,66666.66666666667,0.005,0.01,True
B3_beta60d3__KRW100M_C50,B3_beta60d3,diagnostics,2024,2024-01-02,2024-12-31,252,0.4655675795784564,-0.264254859447849,1.114748291274921,0.4655675795784564,0.2643074461050603,0.2012601334733961,10.542406189888911,execution_stress,,KRW100M,C50,,50,event,0.6,3,66666.66666666667,0.005,0.01,True
B3_beta60d3__KRW100M_C50,B3_beta60d3,diagnostics,2025,2025-01-02,2025-12-31,250,-0.1382973470994776,-0.4964943557591565,0.0030209221869944,-0.1372788079387797,0.1785790013706134,-0.316876348470091,12.744018404574785,execution_stress,,KRW100M,C50,,50,event,0.6,3,66666.66666666667,0.005,0.01,True
B3_beta60d3__KRW100M_C50,B3_beta60d3,diagnostics,2026,2026-01-02,2026-09-22,181,0.2084504243229006,-0.2605333185815873,0.6224504201729729,0.1456743489749656,0.193982242745804,0.0144681815770966,13.204492694828511,execution_stress,,KRW100M,C50,,50,event,0.6,3,66666.66666666667,0.005,0.01,True
B3_beta60d3__KRW100M_R5,B3_beta60d3,diagnostics,full,2017-01-04,2026-09-22,2442,0.325532664888867,-0.4632838145046156,0.8719057349365108,14.346932782920623,0.1534966939059092,0.1720359709829577,11.933826015290252,execution_stress,,KRW100M,R5,,50,event,0.6,3,66666.66666666667,0.0025,0.05,True
B3_beta60d3__KRW100M_R5,B3_beta60d3,diagnostics,2017_2022,2017-01-04,2022-12-30,1509,0.2862489003853325,-0.4632838145046156,0.8324776764204304,3.514904938528389,0.1124281175972994,0.1738207827880331,11.85298761327732,execution_stress,,KRW100M,R5,,50,event,0.6,3,66666.66666666667,0.0025,0.05,True
B3_beta60d3__KRW100M_R5,B3_beta60d3,diagnostics,2023_2026,2023-01-03,2026-09-22,933,0.39162416832762,-0.4015395777225445,0.9328589982519692,2.399170744871292,0.2231529414345989,0.168471226893021,12.064571083497666,execution_stress,,KRW100M,R5,,50,event,0.6,3,66666.66666666667,0.0025,0.05,True
B3_beta60d3__KRW100M_R5,B3_beta60d3,diagnostics,2017,2017-01-04,2017-12-29,250,0.2873565665458961,-0.0928345065724202,1.2593094809168468,0.2847784007577016,0.2120011745455907,0.0753553920003053,11.89166226645701,execution_stress,,KRW100M,R5,,50,event,0.6,3,66666.66666666667,0.0025,0.05,True
B3_beta60d3__KRW100M_R5,B3_beta60d3,diagnostics,2018,2018-01-02,2018-12-31,251,-0.1930908580110939,-0.3396719200911465,-0.5721252306953208,-0.1924035905742969,-0.0642984107744514,-0.1287924472366425,9.684027480731752,execution_stress,,KRW100M,R5,,50,event,0.6,3,66666.66666666667,0.0025,0.05,True
B3_beta60d3__KRW100M_R5,B3_beta60d3,diagnostics,2019,2019-01-02,2019-12-31,252,0.5732552686736141,-0.1836066455992916,2.051325376599276,0.5732552686736141,0.3401954545671213,0.2330598141064928,9.582787362155578,execution_stress,,KRW100M,R5,,50,event,0.6,3,66666.66666666667,0.0025,0.05,True
B3_beta60d3__KRW100M_R5,B3_beta60d3,diagnostics,2020,2020-01-02,2020-12-31,253,1.1768899916186055,-0.4632838145046155,1.771983929167704,1.1836202023131048,0.1813082709311855,0.99558172068742,14.052998152483342,execution_stress,,KRW100M,R5,,50,event,0.6,3,66666.66666666667,0.0025,0.05,True
B3_beta60d3__KRW100M_R5,B3_beta60d3,diagnostics,2021,2021-01-04,2021-12-31,252,0.4371710714720482,-0.378294539710546,0.9319673805761096,0.4371710714720482,0.2861550585808201,0.1510160128912281,13.238569127369225,execution_stress,,KRW100M,R5,,50,event,0.6,3,66666.66666666667,0.0025,0.05,True
B3_beta60d3__KRW100M_R5,B3_beta60d3,diagnostics,2022,2022-01-03,2022-12-30,251,-0.1191079745718854,-0.3008104678489062,-0.0819132532194906,-0.1186645498281674,-0.180528833522089,0.0614208589502035,12.654029785733131,execution_stress,,KRW100M,R5,,50,event,0.6,3,66666.66666666667,0.0025,0.05,True
B3_beta60d3__KRW100M_R5,B3_beta60d3,diagnostics,2023,2023-01-03,2023-12-29,250,0.2088301275708022,-0.3229238574109334,0.7475507557388545,0.2070119857010948,0.2494116142532503,-0.0405814866824481,11.4776752994795,execution_stress,,KRW100M,R5,,50,event,0.6,3,66666.66666666667,0.0025,0.05,True
B3_beta60d3__KRW100M_R5,B3_beta60d3,diagnostics,2024,2024-01-02,2024-12-31,252,0.688542141073627,-0.284598689222042,1.3677968203709807,0.688542141073627,0.2643074461050603,0.4242346949685667,10.74816132101584,execution_stress,,KRW100M,R5,,50,event,0.6,3,66666.66666666667,0.0025,0.05,True
B3_beta60d3__KRW100M_R5,B3_beta60d3,diagnostics,2025,2025-01-02,2025-12-31,250,0.2341007943598878,-0.4015395777225446,0.6557255767071761,0.232042322762539,0.1785790013706134,0.0555217929892744,11.668051784974727,execution_stress,,KRW100M,R5,,50,event,0.6,3,66666.66666666667,0.0025,0.05,True
B3_beta60d3__KRW100M_R5,B3_beta60d3,diagnostics,2026,2026-01-02,2026-09-22,181,0.5244602407404206,-0.3121559878700634,1.0420627690632145,0.3537044824186759,0.193982242745804,0.3304779979946166,15.255670701070576,execution_stress,,KRW100M,R5,,50,event,0.6,3,66666.66666666667,0.0025,0.05,True
B3_beta60d3__KRW100M_UNLIMITED,B3_beta60d3,diagnostics,full,2017-01-04,2026-09-22,2442,0.2614143458188342,-0.463274185085277,0.7585029394904416,8.49204478051175,0.1534966939059092,0.107917651912925,11.6923857112628,execution_stress,,KRW100M,UNLIMITED,,50,event,0.6,3,66666.66666666667,0.0025,0.0,True
B3_beta60d3__KRW100M_UNLIMITED,B3_beta60d3,diagnostics,2017_2022,2017-01-04,2022-12-30,1509,0.245822689356117,-0.463274185085277,0.7521040857063434,2.7290742697370587,0.1124281175972994,0.1333945717588176,11.87737380961654,execution_stress,,KRW100M,UNLIMITED,,50,event,0.6,3,66666.66666666667,0.0025,0.0,True
B3_beta60d3__KRW100M_UNLIMITED,B3_beta60d3,diagnostics,2023_2026,2023-01-03,2026-09-22,933,0.287045800771508,-0.4357516985711414,0.7727737998439097,1.5454158576415358,0.2231529414345989,0.063892859336909,11.39319274189968,execution_stress,,KRW100M,UNLIMITED,,50,event,0.6,3,66666.66666666667,0.0025,0.0,True
B3_beta60d3__KRW100M_UNLIMITED,B3_beta60d3,diagnostics,2017,2017-01-04,2017-12-29,250,0.2873565665458961,-0.0928345065724202,1.2593094809168468,0.2847784007577016,0.2120011745455907,0.0753553920003053,11.89166226645701,execution_stress,,KRW100M,UNLIMITED,,50,event,0.6,3,66666.66666666667,0.0025,0.0,True
B3_beta60d3__KRW100M_UNLIMITED,B3_beta60d3,diagnostics,2018,2018-01-02,2018-12-31,251,-0.1927327400463208,-0.3396740251962021,-0.570604737490445,-0.1920465902180318,-0.0642984107744514,-0.1284343292718693,9.675733048396651,execution_stress,,KRW100M,UNLIMITED,,50,event,0.6,3,66666.66666666667,0.0025,0.0,True
B3_beta60d3__KRW100M_UNLIMITED,B3_beta60d3,diagnostics,2019,2019-01-02,2019-12-31,252,0.573026207252427,-0.1836692393595609,2.050799735108187,0.573026207252427,0.3401954545671213,0.2328307526853057,9.576590391283698,execution_stress,,KRW100M,UNLIMITED,,50,event,0.6,3,66666.66666666667,0.0025,0.0,True
B3_beta60d3__KRW100M_UNLIMITED,B3_beta60d3,diagnostics,2020,2020-01-02,2020-12-31,253,1.176974373898565,-0.4632741850852769,1.7721206615099951,1.1837051813667516,0.1813082709311855,0.9956661029673796,14.05035094377376,execution_stress,,KRW100M,UNLIMITED,,50,event,0.6,3,66666.66666666667,0.0025,0.0,True
B3_beta60d3__KRW100M_UNLIMITED,B3_beta60d3,diagnostics,2021,2021-01-04,2021-12-31,252,0.2271764100571052,-0.3764804285998302,0.6499570423314167,0.2271764100571052,0.2861550585808201,-0.0589786485237149,13.064443336537394,execution_stress,,KRW100M,UNLIMITED,,50,event,0.6,3,66666.66666666667,0.0025,0.0,True
B3_beta60d3__KRW100M_UNLIMITED,B3_beta60d3,diagnostics,2022,2022-01-03,2022-12-30,251,-0.1483270928888443,-0.3110341850563991,-0.1281872314516674,-0.147784307233676,-0.180528833522089,0.0322017406332446,12.992642345672785,execution_stress,,KRW100M,UNLIMITED,,50,event,0.6,3,66666.66666666667,0.0025,0.0,True
B3_beta60d3__KRW100M_UNLIMITED,B3_beta60d3,diagnostics,2023,2023-01-03,2023-12-29,250,0.2082635375257753,-0.316661172011865,0.7477537496927364,0.206450736775247,0.2494116142532503,-0.041148076727475,11.274704138828438,execution_stress,,KRW100M,UNLIMITED,,50,event,0.6,3,66666.66666666667,0.0025,0.0,True
B3_beta60d3__KRW100M_UNLIMITED,B3_beta60d3,diagnostics,2024,2024-01-02,2024-12-31,252,0.3858794474543559,-0.2609408855050257,0.9837621824982368,0.3858794474543559,0.2643074461050603,0.1215720013492955,9.84524455655698,execution_stress,,KRW100M,UNLIMITED,,50,event,0.6,3,66666.66666666667,0.0025,0.0,True
B3_beta60d3__KRW100M_UNLIMITED,B3_beta60d3,diagnostics,2025,2025-01-02,2025-12-31,250,0.1938758144852992,-0.4357516985711415,0.595939114177344,0.1921979409379324,0.1785790013706134,0.0152968131146857,10.735930848590623,execution_stress,,KRW100M,UNLIMITED,,50,event,0.6,3,66666.66666666667,0.0025,0.0,True
B3_beta60d3__KRW100M_UNLIMITED,B3_beta60d3,diagnostics,2026,2026-01-02,2026-09-22,181,0.4054785353455703,-0.3875623540375223,0.8839271527299373,0.2769542290122799,0.193982242745804,0.2114962925997663,14.619825707653453,execution_stress,,KRW100M,UNLIMITED,,50,event,0.6,3,66666.66666666667,0.0025,0.0,True
