case,variant,phase,period,start,end,days,CAGR,MDD,Sharpe,totalReturn,SPY_CAGR,excessCAGR,annualTurnover,case_kind,case_start,case_capital,case_mode,case_sector,weight,frequency,beta_cut,beta_days,initial_capital,cost,participation,persist_orders,cashStartYear
A0_event,A0_event,baseline,full,2017-01-04,2026-09-22,2442,0.1916543240248358,-0.4775472244632911,0.6505706844545476,4.469310797964988,0.1534966939059092,0.0381576301189265,12.61674289197771,frozen_baseline,,,,,50,event,0.5,3,100000.0,0.0025,0.01,True,2017
A0_event,A0_event,baseline,2017_2022,2017-01-04,2022-12-30,1509,0.0778113808307945,-0.4775472244632911,0.3910107650238088,0.5662791858290235,0.1124281175972994,-0.0346167367665048,12.389189920431331,frozen_baseline,,,,,50,event,0.5,3,100000.0,0.0025,0.01,True,2017
A0_event,A0_event,baseline,2023_2026,2023-01-03,2026-09-22,933,0.4017788746377468,-0.3768762333280032,0.9901738767797708,2.491913094069571,0.2231529414345989,0.1786259332031479,12.984778726986791,frozen_baseline,,,,,50,event,0.5,3,100000.0,0.0025,0.01,True,2017
A0_event,A0_event,baseline,2017,2017-01-04,2017-12-29,250,-0.098577151613955,-0.241041440185712,-0.3885795947467607,-0.0978343822414642,0.2120011745455907,-0.3105783261595458,13.994117623260092,frozen_baseline,,,,,50,event,0.5,3,100000.0,0.0025,0.01,True,2017
A0_event,A0_event,baseline,2018,2018-01-02,2018-12-31,251,-0.3444174393995783,-0.4310592515590944,-1.4602392392893209,-0.3433180769808438,-0.0642984107744514,-0.2801190286251269,12.965696609635332,frozen_baseline,,,,,50,event,0.5,3,100000.0,0.0025,0.01,True,2017
A0_event,A0_event,baseline,2019,2019-01-02,2019-12-31,252,0.9057051845051884,-0.1457745767513946,2.790799418014271,0.9057051845051884,0.3401954545671213,0.5655097299380671,8.424847570728938,frozen_baseline,,,,,50,event,0.5,3,100000.0,0.0025,0.01,True,2017
A0_event,A0_event,baseline,2020,2020-01-02,2020-12-31,253,0.4171653795720413,-0.4176488031481994,1.010055297844633,0.4191274786268435,0.1813082709311855,0.2358571086408558,11.289569523310348,frozen_baseline,,,,,50,event,0.5,3,100000.0,0.0025,0.01,True,2017
A0_event,A0_event,baseline,2021,2021-01-04,2021-12-31,252,-0.0875284927395033,-0.2985441906446343,-0.0365009256456709,-0.0875284927395033,0.2861550585808201,-0.3736835513203235,15.89015057305799,frozen_baseline,,,,,50,event,0.5,3,100000.0,0.0025,0.01,True,2017
A0_event,A0_event,baseline,2022,2022-01-03,2022-12-30,251,0.0716442923928979,-0.3056574268176801,0.3754042615934447,0.0713500805663749,-0.180528833522089,0.252173125914987,11.787759814603865,frozen_baseline,,,,,50,event,0.5,3,100000.0,0.0025,0.01,True,2017
A0_event,A0_event,baseline,2023,2023-01-03,2023-12-29,250,0.2096073998140997,-0.2800584209079992,0.787021511501732,0.2077819273742469,0.2494116142532503,-0.0398042144391506,11.557720356218042,frozen_baseline,,,,,50,event,0.5,3,100000.0,0.0025,0.01,True,2017
A0_event,A0_event,baseline,2024,2024-01-02,2024-12-31,252,0.3585263361124731,-0.3230030807259582,0.946685487404226,0.3585263361124731,0.2643074461050603,0.0942188900074127,14.439519367233975,frozen_baseline,,,,,50,event,0.5,3,100000.0,0.0025,0.01,True,2017
A0_event,A0_event,baseline,2025,2025-01-02,2025-12-31,250,0.5971233267566631,-0.3630020840461063,1.1983892741522255,0.591199580294403,0.1785790013706134,0.4185443253860497,11.435697719613191,frozen_baseline,,,,,50,event,0.5,3,100000.0,0.0025,0.01,True,2017
A0_event,A0_event,baseline,2026,2026-01-02,2026-09-22,181,0.4990574837341661,-0.3125810967557059,1.013761106710875,0.3374642498408544,0.193982242745804,0.3050752409883621,15.070083717005012,frozen_baseline,,,,,50,event,0.5,3,100000.0,0.0025,0.01,True,2017
A0_quarter,A0_quarter,baseline,full,2017-01-04,2026-09-22,2442,0.2403761446744368,-0.4821288816156535,0.7453429089378876,7.064492551832425,0.1534966939059092,0.0868794507685275,8.246090360894442,frozen_baseline,,,,,50,quarter,0.5,3,100000.0,0.0025,0.01,True,2017
A0_quarter,A0_quarter,baseline,2017_2022,2017-01-04,2022-12-30,1509,0.0782810803239826,-0.4821288816156535,0.3931366554961492,0.5703709184411845,0.1124281175972994,-0.0341470372733168,8.413780390152157,frozen_baseline,,,,,50,quarter,0.5,3,100000.0,0.0025,0.01,True,2017
A0_quarter,A0_quarter,baseline,2023_2026,2023-01-03,2026-09-22,933,0.5556924373828516,-0.3635017938555631,1.1766618667191016,4.135406200617597,0.2231529414345989,0.3325394959482526,7.9748746544101,frozen_baseline,,,,,50,quarter,0.5,3,100000.0,0.0025,0.01,True,2017
A0_quarter,A0_quarter,baseline,2017,2017-01-04,2017-12-29,250,-0.140541877929432,-0.2640127911031776,-0.6182083753470698,-0.1395081800922585,0.2120011745455907,-0.3525430524750228,9.972694174277096,frozen_baseline,,,,,50,quarter,0.5,3,100000.0,0.0025,0.01,True,2017
A0_quarter,A0_quarter,baseline,2018,2018-01-02,2018-12-31,251,-0.332751874025173,-0.4136596309316606,-1.4387588449843485,-0.331679727380871,-0.0642984107744514,-0.2684534632507216,8.872390240945812,frozen_baseline,,,,,50,quarter,0.5,3,100000.0,0.0025,0.01,True,2017
A0_quarter,A0_quarter,baseline,2019,2019-01-02,2019-12-31,252,1.0169423194705347,-0.1388554728976949,2.9114061411908563,1.0169423194705347,0.3401954545671213,0.6767468649034134,5.617135824857282,frozen_baseline,,,,,50,quarter,0.5,3,100000.0,0.0025,0.01,True,2017
A0_quarter,A0_quarter,baseline,2020,2020-01-02,2020-12-31,253,0.3987667840409872,-0.3830483172704285,0.994518121407267,0.4006307769611237,0.1813082709311855,0.2174585131098017,7.559550513690914,frozen_baseline,,,,,50,quarter,0.5,3,100000.0,0.0025,0.01,True,2017
A0_quarter,A0_quarter,baseline,2021,2021-01-04,2021-12-31,252,-0.0731535805163725,-0.2767782657286494,-0.0030331265414246,-0.0731535805163725,0.2861550585808201,-0.3593086390971927,10.62555736645982,frozen_baseline,,,,,50,quarter,0.5,3,100000.0,0.0025,0.01,True,2017
A0_quarter,A0_quarter,baseline,2022,2022-01-03,2022-12-30,251,0.0430824433922825,-0.3079079659691505,0.3078791161207639,0.0429078649707699,-0.180528833522089,0.2236112769143715,7.850701794889324,frozen_baseline,,,,,50,quarter,0.5,3,100000.0,0.0025,0.01,True,2017
A0_quarter,A0_quarter,baseline,2023,2023-01-03,2023-12-29,250,0.254151264724459,-0.293234972712978,0.9094241646235444,0.251899210423141,0.2494116142532503,0.0047396504712087,7.008380462487493,frozen_baseline,,,,,50,quarter,0.5,3,100000.0,0.0025,0.01,True,2017
A0_quarter,A0_quarter,baseline,2024,2024-01-02,2024-12-31,252,0.9312738166674924,-0.2573034925902171,1.508239928555591,0.9312738166674924,0.2643074461050603,0.6669663705624322,8.78509257012988,frozen_baseline,,,,,50,quarter,0.5,3,100000.0,0.0025,0.01,True,2017
A0_quarter,A0_quarter,baseline,2025,2025-01-02,2025-12-31,250,0.5403579042480275,-0.3520317216282334,1.1269282662902875,0.5350855400938468,0.1785790013706134,0.3617789028774141,6.859741668373291,frozen_baseline,,,,,50,quarter,0.5,3,100000.0,0.0025,0.01,True,2017
A0_quarter,A0_quarter,baseline,2026,2026-01-02,2026-09-22,181,0.5716280488149017,-0.2497135305730542,1.1038610429714275,0.3836587767465098,0.193982242745804,0.3776458060690977,9.722012111473466,frozen_baseline,,,,,50,quarter,0.5,3,100000.0,0.0025,0.01,True,2017
A0_bimonth,A0_bimonth,baseline,full,2017-01-04,2026-09-22,2442,0.2315841177183792,-0.4561000258002707,0.7305226049773654,6.527313608140499,0.1534966939059092,0.07808742381247,8.56583714170416,frozen_baseline,,,,,50,bimonth,0.5,3,100000.0,0.0025,0.01,True,2017
A0_bimonth,A0_bimonth,baseline,2017_2022,2017-01-04,2022-12-30,1509,0.0726434518386727,-0.4561000258002707,0.377942579324,0.5218426498498299,0.1124281175972994,-0.0397846657586267,8.72331230712066,frozen_baseline,,,,,50,bimonth,0.5,3,100000.0,0.0025,0.01,True,2017
A0_bimonth,A0_bimonth,baseline,2023_2026,2023-01-03,2026-09-22,933,0.539997236096563,-0.3666020459277308,1.1624196164926486,3.946183896793333,0.2231529414345989,0.316844294661964,8.311142581561072,frozen_baseline,,,,,50,bimonth,0.5,3,100000.0,0.0025,0.01,True,2017
A0_bimonth,A0_bimonth,baseline,2017,2017-01-04,2017-12-29,250,-0.1162826205306087,-0.2499834274925902,-0.4842742597777996,-0.1154151843514521,0.2120011745455907,-0.3282837950761995,10.387810215795849,frozen_baseline,,,,,50,bimonth,0.5,3,100000.0,0.0025,0.01,True,2017
A0_bimonth,A0_bimonth,baseline,2018,2018-01-02,2018-12-31,251,-0.318096261527135,-0.4126310393933271,-1.3395070275687253,-0.3170594491587098,-0.0642984107744514,-0.2537978507526836,8.903116005202651,frozen_baseline,,,,,50,bimonth,0.5,3,100000.0,0.0025,0.01,True,2017
A0_bimonth,A0_bimonth,baseline,2019,2019-01-02,2019-12-31,252,1.0350881423344926,-0.1309484021436242,2.9589562541488115,1.0350881423344926,0.3401954545671213,0.6948926877673713,5.831333331865926,frozen_baseline,,,,,50,bimonth,0.5,3,100000.0,0.0025,0.01,True,2017
A0_bimonth,A0_bimonth,baseline,2020,2020-01-02,2020-12-31,253,0.3763626480250863,-0.3750385542932503,0.9642184367888484,0.3781084810921578,0.1813082709311855,0.1950543770939008,7.588314089453048,frozen_baseline,,,,,50,bimonth,0.5,3,100000.0,0.0025,0.01,True,2017
A0_bimonth,A0_bimonth,baseline,2021,2021-01-04,2021-12-31,252,-0.0649798254419987,-0.2849095169707988,0.0184151831687564,-0.0649798254419987,0.2861550585808201,-0.3511348840228189,10.825751949704372,frozen_baseline,,,,,50,bimonth,0.5,3,100000.0,0.0025,0.01,True,2017
A0_bimonth,A0_bimonth,baseline,2022,2022-01-03,2022-12-30,251,-0.0395156863163035,-0.3111217544276178,0.1007434615831733,-0.0393620055722588,-0.180528833522089,0.1410131472057855,8.822369102003638,frozen_baseline,,,,,50,bimonth,0.5,3,100000.0,0.0025,0.01,True,2017
A0_bimonth,A0_bimonth,baseline,2023,2023-01-03,2023-12-29,250,0.2607468398738291,-0.2904937834947063,0.9248060089911108,0.2584305541267688,0.2494116142532503,0.0113352256205787,7.327428913643704,frozen_baseline,,,,,50,bimonth,0.5,3,100000.0,0.0025,0.01,True,2017
A0_bimonth,A0_bimonth,baseline,2024,2024-01-02,2024-12-31,252,0.9007574798923998,-0.2696868545437247,1.4698201694472972,0.9007574798923998,0.2643074461050603,0.6364500337873396,9.231332933092784,frozen_baseline,,,,,50,bimonth,0.5,3,100000.0,0.0025,0.01,True,2017
A0_bimonth,A0_bimonth,baseline,2025,2025-01-02,2025-12-31,250,0.511096099191473,-0.3518393813328045,1.0955421927894071,0.5061531395764549,0.1785790013706134,0.3325170978208596,7.418930208400607,frozen_baseline,,,,,50,bimonth,0.5,3,100000.0,0.0025,0.01,True,2017
A0_bimonth,A0_bimonth,baseline,2026,2026-01-02,2026-09-22,181,0.5546712692203728,-0.2341312868419933,1.1071567203885735,0.3729197903980745,0.193982242745804,0.3606890264745688,9.621051651635469,frozen_baseline,,,,,50,bimonth,0.5,3,100000.0,0.0025,0.01,True,2017
A2_event,A2_event,baseline,full,2017-01-04,2026-09-22,2442,0.1543902739749283,-0.5972480205498706,0.5656889241617976,3.020008376741832,0.1534966939059092,0.000893580069019,14.747402483326846,frozen_baseline,,,,,50,event,0.5,3,100000.0,0.0025,0.01,True,2017
A2_event,A2_event,baseline,2017_2022,2017-01-04,2022-12-30,1509,0.0930068219333057,-0.5647493624973619,0.4295450535318367,0.7032462419252443,0.1124281175972994,-0.0194212956639936,15.151627347232456,frozen_baseline,,,,,50,event,0.5,3,100000.0,0.0025,0.01,True,2017
A2_event,A2_event,baseline,2023_2026,2023-01-03,2026-09-22,933,0.2610501144257222,-0.4646256398412569,0.7503312403319055,1.3602038729278854,0.2231529414345989,0.0378971729911232,14.093624005691732,frozen_baseline,,,,,50,event,0.5,3,100000.0,0.0025,0.01,True,2017
A2_event,A2_event,baseline,2017,2017-01-04,2017-12-29,250,0.0931523334440247,-0.1764798825277123,0.5443684453371477,0.0923798903166646,0.2120011745455907,-0.118848841101566,12.152947746978718,frozen_baseline,,,,,50,event,0.5,3,100000.0,0.0025,0.01,True,2017
A2_event,A2_event,baseline,2018,2018-01-02,2018-12-31,251,-0.1702478592781602,-0.3570792035617464,-0.5308610043955035,-0.1696331269576134,-0.0642984107744514,-0.1059494485037088,13.725566271434586,frozen_baseline,,,,,50,event,0.5,3,100000.0,0.0025,0.01,True,2017
A2_event,A2_event,baseline,2019,2019-01-02,2019-12-31,252,0.8534199857290539,-0.1101550863174078,2.860326461331796,0.8534199857290539,0.3401954545671213,0.5132245311619326,10.465587260193944,frozen_baseline,,,,,50,event,0.5,3,100000.0,0.0025,0.01,True,2017
A2_event,A2_event,baseline,2020,2020-01-02,2020-12-31,253,0.4616539175534859,-0.3887759038605431,1.0459797831631263,0.463857155600506,0.1813082709311855,0.2803456466223004,12.629713848100478,frozen_baseline,,,,,50,event,0.5,3,100000.0,0.0025,0.01,True,2017
A2_event,A2_event,baseline,2021,2021-01-04,2021-12-31,252,-0.0754434691905338,-0.4039258382395916,0.019579000407877,-0.0754434691905338,0.2861550585808201,-0.3615985277713539,18.059027242101543,frozen_baseline,,,,,50,event,0.5,3,100000.0,0.0025,0.01,True,2017
A2_event,A2_event,baseline,2022,2022-01-03,2022-12-30,251,-0.2523012912957667,-0.3347101226823057,-0.4785233680438703,-0.2514381058400913,-0.180528833522089,-0.0717724577736776,23.892155928092144,frozen_baseline,,,,,50,event,0.5,3,100000.0,0.0025,0.01,True,2017
A2_event,A2_event,baseline,2023,2023-01-03,2023-12-29,250,0.1291601783657474,-0.3356855784634638,0.5218337812555909,0.1280721015620392,0.2494116142532503,-0.1202514358875028,12.294646153026372,frozen_baseline,,,,,50,event,0.5,3,100000.0,0.0025,0.01,True,2017
A2_event,A2_event,baseline,2024,2024-01-02,2024-12-31,252,0.9393675793233052,-0.2524475196090099,1.8367869452572507,0.9393675793233052,0.2643074461050603,0.6750601332182449,13.049049835864658,frozen_baseline,,,,,50,event,0.5,3,100000.0,0.0025,0.01,True,2017
A2_event,A2_event,baseline,2025,2025-01-02,2025-12-31,250,0.0749771500209732,-0.4550430277863182,0.3976524563706691,0.0743604999012437,0.1785790013706134,-0.1036018513496401,15.117071165930255,frozen_baseline,,,,,50,event,0.5,3,100000.0,0.0025,0.01,True,2017
A2_event,A2_event,baseline,2026,2026-01-02,2026-09-22,181,0.0057951858442588,-0.3211177813653768,0.2445905598847485,0.0041590254807948,0.193982242745804,-0.1881870569015451,16.61912325377534,frozen_baseline,,,,,50,event,0.5,3,100000.0,0.0025,0.01,True,2017
A2_quarter,A2_quarter,baseline,full,2017-01-04,2026-09-22,2442,0.2642657473328433,-0.5842435184553176,0.7995333445025422,8.702023384786365,0.1534966939059092,0.1107690534269341,8.84877887616932,frozen_baseline,,,,,50,quarter,0.5,3,100000.0,0.0025,0.01,True,2017
A2_quarter,A2_quarter,baseline,2017_2022,2017-01-04,2022-12-30,1509,0.1247166396706263,-0.5611789125556846,0.5225908196604627,1.0213944365839849,0.1124281175972994,0.0122885220733268,9.433926586762972,frozen_baseline,,,,,50,quarter,0.5,3,100000.0,0.0025,0.01,True,2017
A2_quarter,A2_quarter,baseline,2023_2026,2023-01-03,2026-09-22,933,0.5275405557790054,-0.4196322894268255,1.1413427470766069,3.799668589759308,0.2231529414345989,0.3043876143444064,7.9023824181995215,frozen_baseline,,,,,50,quarter,0.5,3,100000.0,0.0025,0.01,True,2017
A2_quarter,A2_quarter,baseline,2017,2017-01-04,2017-12-29,250,0.0812687706325971,-0.1751942884631251,0.4974966761123233,0.0805984619349262,0.2120011745455907,-0.1307324039129935,8.180025084269342,frozen_baseline,,,,,50,quarter,0.5,3,100000.0,0.0025,0.01,True,2017
A2_quarter,A2_quarter,baseline,2018,2018-01-02,2018-12-31,251,-0.159172010562783,-0.3289477395741221,-0.5529415793664817,-0.1585933480006025,-0.0642984107744514,-0.0948735997883316,8.21835921827567,frozen_baseline,,,,,50,quarter,0.5,3,100000.0,0.0025,0.01,True,2017
A2_quarter,A2_quarter,baseline,2019,2019-01-02,2019-12-31,252,0.809009487568396,-0.1200266266182941,2.7654130370105783,0.809009487568396,0.3401954545671213,0.4688140330012746,7.215342112806769,frozen_baseline,,,,,50,quarter,0.5,3,100000.0,0.0025,0.01,True,2017
A2_quarter,A2_quarter,baseline,2020,2020-01-02,2020-12-31,253,0.5813451839765995,-0.3920504325676294,1.2443706036516091,0.5842235636647481,0.1813082709311855,0.400036913045414,8.255867242456048,frozen_baseline,,,,,50,quarter,0.5,3,100000.0,0.0025,0.01,True,2017
A2_quarter,A2_quarter,baseline,2021,2021-01-04,2021-12-31,252,-0.0344558049532374,-0.4211872623503929,0.108012329499319,-0.0344558049532374,0.2861550585808201,-0.3206108635340575,10.912622850474785,frozen_baseline,,,,,50,quarter,0.5,3,100000.0,0.0025,0.01,True,2017
A2_quarter,A2_quarter,baseline,2022,2022-01-03,2022-12-30,251,-0.1972642045062793,-0.2975295866984555,-0.4154959816781328,-0.1965639593901431,-0.180528833522089,-0.0167353709841903,13.828682077619382,frozen_baseline,,,,,50,quarter,0.5,3,100000.0,0.0025,0.01,True,2017
A2_quarter,A2_quarter,baseline,2023,2023-01-03,2023-12-29,250,0.1419723794656615,-0.3334356056070703,0.5600314886338144,0.1407698008782947,0.2494116142532503,-0.1074392347875887,7.81747620504597,frozen_baseline,,,,,50,quarter,0.5,3,100000.0,0.0025,0.01,True,2017
A2_quarter,A2_quarter,baseline,2024,2024-01-02,2024-12-31,252,1.5826489516153126,-0.2246509584895791,2.0740802351205323,1.5826489516153126,0.2643074461050603,1.3183415055102523,6.763535507732028,frozen_baseline,,,,,50,quarter,0.5,3,100000.0,0.0025,0.01,True,2017
A2_quarter,A2_quarter,baseline,2025,2025-01-02,2025-12-31,250,0.3015873699067177,-0.3916663099791507,0.774426188745686,0.2988673718761987,0.1785790013706134,0.1230083685361043,7.925211812763941,frozen_baseline,,,,,50,quarter,0.5,3,100000.0,0.0025,0.01,True,2017
A2_quarter,A2_quarter,baseline,2026,2026-01-02,2026-09-22,181,0.370803786945326,-0.2677276805786792,0.899281447378404,0.2542469383216086,0.193982242745804,0.176821544199522,9.573700794360246,frozen_baseline,,,,,50,quarter,0.5,3,100000.0,0.0025,0.01,True,2017
A2_week,A2_week,baseline,full,2017-01-04,2026-09-22,2442,0.2233871543307244,-0.5393638810176593,0.7237918320277116,6.055633989155283,0.1534966939059092,0.0698904604248151,12.91571716305833,frozen_baseline,,,,,50,week,0.5,3,100000.0,0.0025,0.01,True,2017
A2_week,A2_week,baseline,2017_2022,2017-01-04,2022-12-30,1509,0.1145878026816709,-0.5165176228322845,0.490499593472441,0.9148062321345308,0.1124281175972994,0.0021596850843714,13.346207870000034,frozen_baseline,,,,,50,week,0.5,3,100000.0,0.0025,0.01,True,2017
A2_week,A2_week,baseline,2023_2026,2023-01-03,2026-09-22,933,0.4222818396751413,-0.3697521328487229,1.0316155197535135,2.684777013332571,0.2231529414345989,0.1991288982405423,12.21945727369602,frozen_baseline,,,,,50,week,0.5,3,100000.0,0.0025,0.01,True,2017
A2_week,A2_week,baseline,2017,2017-01-04,2017-12-29,250,0.0849831774339533,-0.1806182280199597,0.5091751319600843,0.0842810547844141,0.2120011745455907,-0.1270179971116374,11.279608216276486,frozen_baseline,,,,,50,week,0.5,3,100000.0,0.0025,0.01,True,2017
A2_week,A2_week,baseline,2018,2018-01-02,2018-12-31,251,-0.1594003884648153,-0.3500548956631699,-0.5038153454672215,-0.1588209763110664,-0.0642984107744514,-0.0951019776903638,11.897086817735667,frozen_baseline,,,,,50,week,0.5,3,100000.0,0.0025,0.01,True,2017
A2_week,A2_week,baseline,2019,2019-01-02,2019-12-31,252,0.8499046749153589,-0.1078944196107859,2.893195853878629,0.8499046749153589,0.3401954545671213,0.5097092203482376,9.751936073274145,frozen_baseline,,,,,50,week,0.5,3,100000.0,0.0025,0.01,True,2017
A2_week,A2_week,baseline,2020,2020-01-02,2020-12-31,253,0.4311540075920268,-0.3842269172156681,1.0380134108848946,0.433191336055335,0.1813082709311855,0.2498457366608413,12.47422745255187,frozen_baseline,,,,,50,week,0.5,3,100000.0,0.0025,0.01,True,2017
A2_week,A2_week,baseline,2021,2021-01-04,2021-12-31,252,0.0191034841104968,-0.3547622869269594,0.2490171541235477,0.0191034841104968,0.2861550585808201,-0.2670515744703232,14.92440328644864,frozen_baseline,,,,,50,week,0.5,3,100000.0,0.0025,0.01,True,2017
A2_week,A2_week,baseline,2022,2022-01-03,2022-12-30,251,-0.2237776287238926,-0.3160413407928759,-0.4083716487436066,-0.2229969597033892,-0.180528833522089,-0.0432487952018035,19.75673213690641,frozen_baseline,,,,,50,week,0.5,3,100000.0,0.0025,0.01,True,2017
A2_week,A2_week,baseline,2023,2023-01-03,2023-12-29,250,0.1752591861461956,-0.3360043245722304,0.6399052697465659,0.1737538725343899,0.2494116142532503,-0.0741524281070546,11.173723189270838,frozen_baseline,,,,,50,week,0.5,3,100000.0,0.0025,0.01,True,2017
A2_week,A2_week,baseline,2024,2024-01-02,2024-12-31,252,1.0382262828352138,-0.2386562585149076,1.9533423853226453,1.0382262828352138,0.2643074461050603,0.7739188367301535,11.38246363616006,frozen_baseline,,,,,50,week,0.5,3,100000.0,0.0025,0.01,True,2017
A2_week,A2_week,baseline,2025,2025-01-02,2025-12-31,250,0.3299821018149507,-0.3697521328487223,0.8302296428554323,0.3269754658243884,0.1785790013706134,0.1514031004443372,11.474496514387962,frozen_baseline,,,,,50,week,0.5,3,100000.0,0.0025,0.01,True,2017
A2_week,A2_week,baseline,2026,2026-01-02,2026-09-22,181,0.2305686514496436,-0.3140832654500679,0.6655065016266473,0.1606970546532822,0.193982242745804,0.0365864087038396,15.858109801830675,frozen_baseline,,,,,50,week,0.5,3,100000.0,0.0025,0.01,True,2017
B3_w50,B3_w50,baseline,full,2017-01-04,2026-09-22,2442,0.1903223049524491,-0.5739697527364074,0.6449090693474839,4.410354609351548,0.1534966939059092,0.0368256110465399,7.370848979035836,frozen_baseline,,,,,50,event,0.5,3,100000.0,0.0025,0.01,True,2017
B3_w50,B3_w50,baseline,2017_2022,2017-01-04,2022-12-30,1509,0.2902312121445667,-0.4825843902039421,0.8493401066287986,3.599258204829834,0.1124281175972994,0.1778030945472672,7.251904211782131,frozen_baseline,,,,,50,event,0.5,3,100000.0,0.0025,0.01,True,2017
B3_w50,B3_w50,baseline,2023_2026,2023-01-03,2026-09-22,933,0.0448454308252834,-0.4438959132202206,0.3053033734502969,0.1763537441037717,0.2231529414345989,-0.1783075106093155,7.563225885558706,frozen_baseline,,,,,50,event,0.5,3,100000.0,0.0025,0.01,True,2017
B3_w50,B3_w50,baseline,2017,2017-01-04,2017-12-29,250,0.4668045379907983,-0.1102877442384248,1.9607631396245595,0.4623516863549717,0.2120011745455907,0.2548033634452076,5.9699720838611405,frozen_baseline,,,,,50,event,0.5,3,100000.0,0.0025,0.01,True,2017
B3_w50,B3_w50,baseline,2018,2018-01-02,2018-12-31,251,-0.189687666543488,-0.2837026837507085,-0.6141512214115464,-0.1890110450919513,-0.0642984107744514,-0.1253892557690366,5.752883520343542,frozen_baseline,,,,,50,event,0.5,3,100000.0,0.0025,0.01,True,2017
B3_w50,B3_w50,baseline,2019,2019-01-02,2019-12-31,252,0.5141306585395493,-0.160604792097983,1.8798892100609124,0.5141306585395493,0.3401954545671213,0.173935203972428,6.477135914131221,frozen_baseline,,,,,50,event,0.5,3,100000.0,0.0025,0.01,True,2017
B3_w50,B3_w50,baseline,2020,2020-01-02,2020-12-31,253,1.6388534372985415,-0.4584194821108134,2.068255976695045,1.6490341245439164,0.1813082709311855,1.457545166367356,6.640174277241241,frozen_baseline,,,,,50,event,0.5,3,100000.0,0.0025,0.01,True,2017
B3_w50,B3_w50,baseline,2021,2021-01-04,2021-12-31,252,0.1499368154118809,-0.4596148430596977,0.5302162708982717,0.1499368154118809,0.2861550585808201,-0.1362182431689391,7.216978015126454,frozen_baseline,,,,,50,event,0.5,3,100000.0,0.0025,0.01,True,2017
B3_w50,B3_w50,baseline,2022,2022-01-03,2022-12-30,251,-0.1597739882126149,-0.3120811270251787,-0.177680686436306,-0.1591933503431721,-0.180528833522089,0.0207548453094741,11.45727437726197,frozen_baseline,,,,,50,event,0.5,3,100000.0,0.0025,0.01,True,2017
B3_w50,B3_w50,baseline,2023,2023-01-03,2023-12-29,250,0.0764800332660424,-0.3545635812974277,0.405600984771021,0.0758505919664376,0.2494116142532503,-0.1729315809872078,8.180488366347202,frozen_baseline,,,,,50,event,0.5,3,100000.0,0.0025,0.01,True,2017
B3_w50,B3_w50,baseline,2024,2024-01-02,2024-12-31,252,0.112734184340139,-0.1947889691403014,0.4779311832241557,0.112734184340139,0.2643074461050603,-0.1515732617649212,5.982309263132688,frozen_baseline,,,,,50,event,0.5,3,100000.0,0.0025,0.01,True,2017
B3_w50,B3_w50,baseline,2025,2025-01-02,2025-12-31,250,-0.1239046389557472,-0.4438959132202206,-0.0749369989289995,-0.122984392591753,0.1785790013706134,-0.3024836403263606,7.9233931529064785,frozen_baseline,,,,,50,event,0.5,3,100000.0,0.0025,0.01,True,2017
B3_w50,B3_w50,baseline,2026,2026-01-02,2026-09-22,181,0.1715480684663388,-0.2480088206629721,0.5819032276375332,0.1204364363653602,0.193982242745804,-0.0224341742794651,8.414239983996774,frozen_baseline,,,,,50,event,0.5,3,100000.0,0.0025,0.01,True,2017
B3_w55,B3_w55,baseline,full,2017-01-04,2026-09-22,2442,0.2902665080473756,-0.5105472578972599,0.8532366048481853,10.81779155839231,0.1534966939059092,0.1367698141414663,7.619820074145013,frozen_baseline,,,,,55,event,0.5,3,100000.0,0.0025,0.01,True,2017
B3_w55,B3_w55,baseline,2017_2022,2017-01-04,2022-12-30,1509,0.266587086446802,-0.4689868365860936,0.8156747140219581,3.1170722566909825,0.1124281175972994,0.1541589688495026,7.60781916992044,frozen_baseline,,,,,55,event,0.5,3,100000.0,0.0025,0.01,True,2017
B3_w55,B3_w55,baseline,2023_2026,2023-01-03,2026-09-22,933,0.3295053548713131,-0.4564293575238384,0.9108563155317098,1.8704357906729112,0.2231529414345989,0.1063524134367142,7.639229896733314,frozen_baseline,,,,,55,event,0.5,3,100000.0,0.0025,0.01,True,2017
B3_w55,B3_w55,baseline,2017,2017-01-04,2017-12-29,250,0.4648733923890424,-0.0911008468993791,1.966143475483767,0.4604416732698051,0.2120011745455907,0.2528722178434517,6.705494915459554,frozen_baseline,,,,,55,event,0.5,3,100000.0,0.0025,0.01,True,2017
B3_w55,B3_w55,baseline,2018,2018-01-02,2018-12-31,251,-0.2032049408825005,-0.4006275922625606,-0.5625129673068923,-0.202486370271932,-0.0642984107744514,-0.1389065301080491,7.528192317507211,frozen_baseline,,,,,55,event,0.5,3,100000.0,0.0025,0.01,True,2017
B3_w55,B3_w55,baseline,2019,2019-01-02,2019-12-31,252,0.5486592041986194,-0.1693642936582616,2.0377746068114915,0.5486592041986194,0.3401954545671213,0.208463749631498,5.740353442693587,frozen_baseline,,,,,55,event,0.5,3,100000.0,0.0025,0.01,True,2017
B3_w55,B3_w55,baseline,2020,2020-01-02,2020-12-31,253,1.137626993142601,-0.4598983568613473,1.701690346328958,1.1440809521852784,0.1813082709311855,0.9563187222114156,5.971877486052992,frozen_baseline,,,,,55,event,0.5,3,100000.0,0.0025,0.01,True,2017
B3_w55,B3_w55,baseline,2021,2021-01-04,2021-12-31,252,0.2043124485662844,-0.3827770413233665,0.6169801424870252,0.2043124485662844,0.2861550585808201,-0.0818426100145357,10.170034636141114,frozen_baseline,,,,,55,event,0.5,3,100000.0,0.0025,0.01,True,2017
B3_w55,B3_w55,baseline,2022,2022-01-03,2022-12-30,251,-0.1164797261896986,-0.2233436787093335,-0.1861225940125639,-0.1160454287310279,-0.180528833522089,0.0640491073323904,9.537634768976064,frozen_baseline,,,,,55,event,0.5,3,100000.0,0.0025,0.01,True,2017
B3_w55,B3_w55,baseline,2023,2023-01-03,2023-12-29,250,0.0571095572055202,-0.3348166040056474,0.3341357243132496,0.0566437065380904,0.2494116142532503,-0.19230205704773,8.025752621341661,frozen_baseline,,,,,55,event,0.5,3,100000.0,0.0025,0.01,True,2017
B3_w55,B3_w55,baseline,2024,2024-01-02,2024-12-31,252,0.7170334531588187,-0.1880358435329305,1.7124785335279171,0.7170334531588187,0.2643074461050603,0.4527260070537584,4.985945198467158,frozen_baseline,,,,,55,event,0.5,3,100000.0,0.0025,0.01,True,2017
B3_w55,B3_w55,baseline,2025,2025-01-02,2025-12-31,250,0.2818676946269931,-0.4371968032467089,0.7626953294075691,0.2793439044588135,0.1785790013706134,0.1032886932563796,7.403248164668113,frozen_baseline,,,,,55,event,0.5,3,100000.0,0.0025,0.01,True,2017
B3_w55,B3_w55,baseline,2026,2026-01-02,2026-09-22,181,0.3441289224851116,-0.2719880053062244,0.8580997263759945,0.2366682328795097,0.193982242745804,0.1501466797393076,11.125376282519415,frozen_baseline,,,,,55,event,0.5,3,100000.0,0.0025,0.01,True,2017
B3_beta60d3,B3_beta60d3,baseline,full,2017-01-04,2026-09-22,2442,0.2452168596954294,-0.460863552881548,0.731909736254977,7.374701362372994,0.1534966939059092,0.0917201657895201,12.508671244431204,frozen_baseline,,,,,50,event,0.6,3,100000.0,0.0025,0.01,True,2017
B3_beta60d3,B3_beta60d3,baseline,2017_2022,2017-01-04,2022-12-30,1509,0.2281389055688252,-0.4601398712580176,0.7298190632965478,2.423122697179991,0.1124281175972994,0.1157107879715257,12.236076246876255,frozen_baseline,,,,,50,event,0.6,3,100000.0,0.0025,0.01,True,2017
B3_beta60d3,B3_beta60d3,baseline,2023_2026,2023-01-03,2026-09-22,933,0.2733422033105592,-0.4608635528815481,0.7444973424290201,1.4465092557950587,0.2231529414345989,0.0501892618759602,12.949556401248364,frozen_baseline,,,,,50,event,0.6,3,100000.0,0.0025,0.01,True,2017
B3_beta60d3,B3_beta60d3,baseline,2017,2017-01-04,2017-12-29,250,0.1946074450303918,-0.1141277071548529,0.9194393613138192,0.1929227430558899,0.2120011745455907,-0.0173937295151989,13.153136012618116,frozen_baseline,,,,,50,event,0.6,3,100000.0,0.0025,0.01,True,2017
B3_beta60d3,B3_beta60d3,baseline,2018,2018-01-02,2018-12-31,251,-0.2178640574945562,-0.3366336822534475,-0.6565238539818012,-0.2171010200771962,-0.0642984107744514,-0.1535656467201048,10.065742840903535,frozen_baseline,,,,,50,event,0.6,3,100000.0,0.0025,0.01,True,2017
B3_beta60d3,B3_beta60d3,baseline,2019,2019-01-02,2019-12-31,252,0.6526187943597865,-0.154851918626214,2.2222203136170533,0.6526187943597865,0.3401954545671213,0.3124233397926652,8.529553678352718,frozen_baseline,,,,,50,event,0.6,3,100000.0,0.0025,0.01,True,2017
B3_beta60d3,B3_beta60d3,baseline,2020,2020-01-02,2020-12-31,253,1.2801441449812812,-0.4186640630041086,1.8739306935581532,1.2876142237348265,0.1813082709311855,1.0988358740500956,14.836826307924817,frozen_baseline,,,,,50,event,0.6,3,100000.0,0.0025,0.01,True,2017
B3_beta60d3,B3_beta60d3,baseline,2021,2021-01-04,2021-12-31,252,0.0527051252592138,-0.3613538831626848,0.3365383122813269,0.0527051252592138,0.2861550585808201,-0.2334499333216062,13.50646269901003,frozen_baseline,,,,,50,event,0.6,3,100000.0,0.0025,0.01,True,2017
B3_beta60d3,B3_beta60d3,baseline,2022,2022-01-03,2022-12-30,251,-0.079339000780727,-0.3093706889145636,0.0569181101239282,-0.0790369474375626,-0.180528833522089,0.1011898327413619,13.317372180536124,frozen_baseline,,,,,50,event,0.6,3,100000.0,0.0025,0.01,True,2017
B3_beta60d3,B3_beta60d3,baseline,2023,2023-01-03,2023-12-29,250,0.5517148327004169,-0.3108638013766164,1.3241819078640782,0.546313442311936,0.2494116142532503,0.3023032184471665,12.477795726715197,frozen_baseline,,,,,50,event,0.6,3,100000.0,0.0025,0.01,True,2017
B3_beta60d3,B3_beta60d3,baseline,2024,2024-01-02,2024-12-31,252,0.4704259179808534,-0.246748380207516,1.1152592962809498,0.4704259179808534,0.2643074461050603,0.2061184718757931,10.67816203203234,frozen_baseline,,,,,50,event,0.6,3,100000.0,0.0025,0.01,True,2017
B3_beta60d3,B3_beta60d3,baseline,2025,2025-01-02,2025-12-31,250,-0.0339353978662798,-0.4583774629603422,0.205928051573811,-0.0336706555179936,0.1785790013706134,-0.2125143992368933,12.84170281673268,frozen_baseline,,,,,50,event,0.6,3,100000.0,0.0025,0.01,True,2017
B3_beta60d3,B3_beta60d3,baseline,2026,2026-01-02,2026-09-22,181,0.1614281612223189,-0.3953747895559132,0.5450177930374643,0.1134763954351871,0.193982242745804,-0.032554081523485,16.912511902931517,frozen_baseline,,,,,50,event,0.6,3,100000.0,0.0025,0.01,True,2017
A0_event__fresh2018,A0_event,diagnostics,full,2018-01-02,2026-09-22,2192,0.2267879777949766,-0.4247016810568272,0.7134571272653912,4.917712265637551,0.1470062225581181,0.0797817552368584,13.33083863763601,fresh_cash,2018-01-01,,,,50,event,0.5,3,100000.0,0.0025,0.01,True,2018
A0_event__fresh2018,A0_event,diagnostics,2017_2022,2018-01-02,2022-12-30,1259,0.1252284989124039,-0.4247016810568272,0.5041112837828265,0.8030189005022503,0.0936515438773053,0.0315769550350986,13.705847753402049,fresh_cash,2018-01-01,,,,50,event,0.5,3,100000.0,0.0025,0.01,True,2018
A0_event__fresh2018,A0_event,diagnostics,2023_2026,2023-01-03,2026-09-22,933,0.3785142263759189,-0.3375705322879356,0.962777475520586,2.2821132734599217,0.2231529414345989,0.1553612849413199,12.824797397818816,fresh_cash,2018-01-01,,,,50,event,0.5,3,100000.0,0.0025,0.01,True,2018
A0_event__fresh2018,A0_event,diagnostics,2018,2018-01-02,2018-12-31,251,-0.3169734776457696,-0.4126691672795782,-1.2033169095824574,-0.3159394240442009,-0.0642984107744514,-0.2526750668713182,19.602769400374637,fresh_cash,2018-01-01,,,,50,event,0.5,3,100000.0,0.0025,0.01,True,2018
A0_event__fresh2018,A0_event,diagnostics,2019,2019-01-02,2019-12-31,252,0.9571295965180192,-0.1291603001916578,2.876494689666527,0.9571295965180192,0.3401954545671213,0.616934141950898,8.851809091732369,fresh_cash,2018-01-01,,,,50,event,0.5,3,100000.0,0.0025,0.01,True,2018
A0_event__fresh2018,A0_event,diagnostics,2020,2020-01-02,2020-12-31,253,0.4632650875721935,-0.424701681056827,1.0667154073718397,0.4654771609427517,0.1813082709311855,0.281956816641008,11.28432388804767,fresh_cash,2018-01-01,,,,50,event,0.5,3,100000.0,0.0025,0.01,True,2018
A0_event__fresh2018,A0_event,diagnostics,2021,2021-01-04,2021-12-31,252,-0.0594844854897319,-0.3252349501487747,0.0603249432698926,-0.0594844854897319,0.2861550585808201,-0.3456395440705521,15.84062441855026,fresh_cash,2018-01-01,,,,50,event,0.5,3,100000.0,0.0025,0.01,True,2018
A0_event__fresh2018,A0_event,diagnostics,2022,2022-01-03,2022-12-30,251,-0.0229854321014142,-0.3080367972410154,0.1558320769324342,-0.0228952723087692,-0.180528833522089,0.1575434014206748,12.979840692318175,fresh_cash,2018-01-01,,,,50,event,0.5,3,100000.0,0.0025,0.01,True,2018
A0_event__fresh2018,A0_event,diagnostics,2023,2023-01-03,2023-12-29,250,0.1366962988373028,-0.2739024321866918,0.5899974601546466,0.1355410098883844,0.2494116142532503,-0.1127153154159474,12.214327360053463,fresh_cash,2018-01-01,,,,50,event,0.5,3,100000.0,0.0025,0.01,True,2018
A0_event__fresh2018,A0_event,diagnostics,2024,2024-01-02,2024-12-31,252,0.3492560059929372,-0.3216144982329817,0.9196387160956236,0.3492560059929372,0.2643074461050603,0.0849485598878769,14.696291022771955,fresh_cash,2018-01-01,,,,50,event,0.5,3,100000.0,0.0025,0.01,True,2018
A0_event__fresh2018,A0_event,diagnostics,2025,2025-01-02,2025-12-31,250,0.5424902104892191,-0.3250287703174805,1.1489684864246656,0.5371936711237351,0.1785790013706134,0.3639112091186056,10.225396197934405,fresh_cash,2018-01-01,,,,50,event,0.5,3,100000.0,0.0025,0.01,True,2018
A0_event__fresh2018,A0_event,diagnostics,2026,2026-01-02,2026-09-22,181,0.5873186234383061,-0.2654884055638346,1.1397962419279055,0.3935668104506087,0.193982242745804,0.3933363806925021,14.652705773090911,fresh_cash,2018-01-01,,,,50,event,0.5,3,100000.0,0.0025,0.01,True,2018
A0_event__fresh2019,A0_event,diagnostics,full,2019-01-02,2026-09-22,1941,0.3476249220779661,-0.4141561583815412,0.916432830980565,8.953826328055623,0.1776083447700516,0.1700165773079145,13.493074900846931,fresh_cash,2019-01-01,,,,50,event,0.5,3,100000.0,0.0025,0.01,True,2019
A0_event__fresh2019,A0_event,diagnostics,2017_2022,2019-01-02,2022-12-30,1008,0.3180089539694981,-0.3830890302918834,0.8998489558222746,2.017681793718429,0.1369651872411974,0.1810437667283007,13.600011436158248,fresh_cash,2019-01-01,,,,50,event,0.5,3,100000.0,0.0025,0.01,True,2019
A0_event__fresh2019,A0_event,diagnostics,2023_2026,2023-01-03,2026-09-22,933,0.3803699133098597,-0.4012305589736153,0.9361953123668416,2.298500971432899,0.2231529414345989,0.1572169718752607,13.377542181025062,fresh_cash,2019-01-01,,,,50,event,0.5,3,100000.0,0.0025,0.01,True,2019
A0_event__fresh2019,A0_event,diagnostics,2019,2019-01-02,2019-12-31,252,0.9717263413154856,-0.1818137492485905,2.735869860025151,0.9717263413154856,0.3401954545671213,0.6315308867483642,15.19564928698354,fresh_cash,2019-01-01,,,,50,event,0.5,3,100000.0,0.0025,0.01,True,2019
A0_event__fresh2019,A0_event,diagnostics,2020,2020-01-02,2020-12-31,253,0.523948862944253,-0.3804372460810432,1.2054257737532317,0.5264987999580433,0.1813082709311855,0.3426405920130675,9.427368042713676,fresh_cash,2019-01-01,,,,50,event,0.5,3,100000.0,0.0025,0.01,True,2019
A0_event__fresh2019,A0_event,diagnostics,2021,2021-01-04,2021-12-31,252,0.0180463041605143,-0.3253810031297537,0.260283880184464,0.0180463041605143,0.2861550585808201,-0.2681087544203058,16.563935414896548,fresh_cash,2019-01-01,,,,50,event,0.5,3,100000.0,0.0025,0.01,True,2019
A0_event__fresh2019,A0_event,diagnostics,2022,2022-01-03,2022-12-30,251,-0.0152264794242206,-0.3329001201796322,0.1765450843401892,-0.0151665174253646,-0.180528833522089,0.1653023540978684,13.22817556959033,fresh_cash,2019-01-01,,,,50,event,0.5,3,100000.0,0.0025,0.01,True,2019
A0_event__fresh2019,A0_event,diagnostics,2023,2023-01-03,2023-12-29,250,0.1277529979525411,-0.3102398422158328,0.5392306010495584,0.1266774275671862,0.2494116142532503,-0.1216586163007091,12.420788712412364,fresh_cash,2019-01-01,,,,50,event,0.5,3,100000.0,0.0025,0.01,True,2019
A0_event__fresh2019,A0_event,diagnostics,2024,2024-01-02,2024-12-31,252,0.4637710871064511,-0.2831677499258705,1.083087753369692,0.4637710871064511,0.2643074461050603,0.1994636410013908,13.115735560099113,fresh_cash,2019-01-01,,,,50,event,0.5,3,100000.0,0.0025,0.01,True,2019
A0_event__fresh2019,A0_event,diagnostics,2025,2025-01-02,2025-12-31,250,0.437975914967059,-0.3762229477098942,0.9782389114956414,0.4338364452164189,0.1785790013706134,0.2593969135964455,12.863293465835968,fresh_cash,2019-01-01,,,,50,event,0.5,3,100000.0,0.0025,0.01,True,2019
A0_event__fresh2019,A0_event,diagnostics,2026,2026-01-02,2026-09-22,181,0.589439195975352,-0.2930965940019668,1.1012127567048409,0.3949037542606088,0.193982242745804,0.395456953229548,15.773817398836036,fresh_cash,2019-01-01,,,,50,event,0.5,3,100000.0,0.0025,0.01,True,2019
A0_event__fresh2020,A0_event,diagnostics,full,2020-01-02,2026-09-22,1689,0.3036011224422732,-0.4337598877656022,0.8264542546530854,4.912127841936735,0.1551029114210942,0.148498211021179,13.580333032390334,fresh_cash,2020-01-01,,,,50,event,0.5,3,100000.0,0.0025,0.01,True,2020
A0_event__fresh2020,A0_event,diagnostics,2017_2022,2020-01-02,2022-12-30,756,0.1848635871088439,-0.4337598877656022,0.6069491848656322,0.6634320279743464,0.0763169411184632,0.1085466459903807,14.978575391942732,fresh_cash,2020-01-01,,,,50,event,0.5,3,100000.0,0.0025,0.01,True,2020
A0_event__fresh2020,A0_event,diagnostics,2023_2026,2023-01-03,2026-09-22,933,0.4084861810990403,-0.3614655128405071,1.00652234933734,2.554174587546122,0.2231529414345989,0.1853332396644413,12.447352085100285,fresh_cash,2020-01-01,,,,50,event,0.5,3,100000.0,0.0025,0.01,True,2020
A0_event__fresh2020,A0_event,diagnostics,2020,2020-01-02,2020-12-31,253,0.7083793061885253,-0.4337598877656022,1.3417819840419265,0.712013778862908,0.1813082709311855,0.5270710352573398,16.541149234695858,fresh_cash,2020-01-01,,,,50,event,0.5,3,100000.0,0.0025,0.01,True,2020
A0_event__fresh2020,A0_event,diagnostics,2021,2021-01-04,2021-12-31,252,-0.0615196762793512,-0.3282233408549507,0.0443672014179682,-0.0615196762793512,0.2861550585808201,-0.3476747348601714,15.745992065474804,fresh_cash,2020-01-01,,,,50,event,0.5,3,100000.0,0.0025,0.01,True,2020
A0_event__fresh2020,A0_event,diagnostics,2022,2022-01-03,2022-12-30,251,0.0354584634883505,-0.3115809856617079,0.2944977386395727,0.0353152995233361,-0.180528833522089,0.2159872970104396,12.633076651119532,fresh_cash,2020-01-01,,,,50,event,0.5,3,100000.0,0.0025,0.01,True,2020
A0_event__fresh2020,A0_event,diagnostics,2023,2023-01-03,2023-12-29,250,0.1572777100152926,-0.2822338579961113,0.6547111540559795,0.1559368677703325,0.2494116142532503,-0.0921339042379576,11.39867167041912,fresh_cash,2020-01-01,,,,50,event,0.5,3,100000.0,0.0025,0.01,True,2020
A0_event__fresh2020,A0_event,diagnostics,2024,2024-01-02,2024-12-31,252,0.4581768097494436,-0.3142582779600588,1.1144998430938848,0.4581768097494436,0.2643074461050603,0.1938693636443833,14.228136868881034,fresh_cash,2020-01-01,,,,50,event,0.5,3,100000.0,0.0025,0.01,True,2020
A0_event__fresh2020,A0_event,diagnostics,2025,2025-01-02,2025-12-31,250,0.5650225183265534,-0.3550849829482756,1.1525521136011736,0.5594691096331155,0.1785790013706134,0.3864435169559399,10.1718787086412,fresh_cash,2020-01-01,,,,50,event,0.5,3,100000.0,0.0025,0.01,True,2020
A0_event__fresh2020,A0_event,diagnostics,2026,2026-01-02,2026-09-22,181,0.5219884373050192,-0.2971056508338646,1.054897209246378,0.3521276011747412,0.193982242745804,0.3280061945592152,14.55940005345562,fresh_cash,2020-01-01,,,,50,event,0.5,3,100000.0,0.0025,0.01,True,2020
A0_event__fresh2021,A0_event,diagnostics,full,2021-01-04,2026-09-22,1436,0.2636283831750114,-0.4033939773176487,0.7426806390177637,2.7937536092100306,0.1505465532613841,0.1130818299136273,14.686158319991256,fresh_cash,2021-01-01,,,,50,event,0.5,3,100000.0,0.0025,0.01,True,2021
A0_event__fresh2021,A0_event,diagnostics,2017_2022,2021-01-04,2022-12-30,503,0.0398317678566626,-0.4033939773176487,0.3090111363585008,0.0810825292197228,0.0270890421995209,0.0127427256571417,16.37185470434083,fresh_cash,2021-01-01,,,,50,event,0.5,3,100000.0,0.0025,0.01,True,2021
A0_event__fresh2021,A0_event,diagnostics,2023_2026,2023-01-03,2026-09-22,933,0.4036517330886309,-0.3793257809045169,0.9622583390890636,2.5092173878234623,0.2231529414345989,0.1804987916540319,13.777363806242242,fresh_cash,2021-01-01,,,,50,event,0.5,3,100000.0,0.0025,0.01,True,2021
A0_event__fresh2021,A0_event,diagnostics,2021,2021-01-04,2021-12-31,252,-0.0559987737127803,-0.4033939773176487,0.1022794020648887,-0.0559987737127803,0.2861550585808201,-0.3421538322936005,21.12318689975064,fresh_cash,2021-01-01,,,,50,event,0.5,3,100000.0,0.0025,0.01,True,2021
A0_event__fresh2021,A0_event,diagnostics,2022,2022-01-03,2022-12-30,251,0.145831869472838,-0.2941813300026616,0.5347293966329875,0.1452130559953255,-0.180528833522089,0.326360702994927,11.601592898590734,fresh_cash,2021-01-01,,,,50,event,0.5,3,100000.0,0.0025,0.01,True,2021
A0_event__fresh2021,A0_event,diagnostics,2023,2023-01-03,2023-12-29,250,0.1318335438635072,-0.3146229706724429,0.5582956613830335,0.1307216693473287,0.2494116142532503,-0.1175780703897431,12.873764333723786,fresh_cash,2021-01-01,,,,50,event,0.5,3,100000.0,0.0025,0.01,True,2021
A0_event__fresh2021,A0_event,diagnostics,2024,2024-01-02,2024-12-31,252,0.3956161523708741,-0.3225268635731929,0.9911546090564974,0.3956161523708741,0.2643074461050603,0.1313087062658138,16.417272427389637,fresh_cash,2021-01-01,,,,50,event,0.5,3,100000.0,0.0025,0.01,True,2021
A0_event__fresh2021,A0_event,diagnostics,2025,2025-01-02,2025-12-31,250,0.8283009944919724,-0.3793257809045166,1.3749622796805543,0.8195665814182809,0.1785790013706134,0.6497219931213589,10.817193073496224,fresh_cash,2021-01-01,,,,50,event,0.5,3,100000.0,0.0025,0.01,True,2021
A0_event__fresh2021,A0_event,diagnostics,2026,2026-01-02,2026-09-22,181,0.3221934597731242,-0.33750223114811,0.7762687446058144,0.2221390426973271,0.193982242745804,0.1282112170273202,15.438610097882988,fresh_cash,2021-01-01,,,,50,event,0.5,3,100000.0,0.0025,0.01,True,2021
A0_event__fresh2022,A0_event,diagnostics,full,2022-01-03,2026-09-22,1184,0.3362557607018175,-0.4000936728455394,0.8629928860556539,2.903743288627379,0.1235829931174639,0.2126727675843536,15.055393043792058,fresh_cash,2022-01-01,,,,50,event,0.5,3,100000.0,0.0025,0.01,True,2022
A0_event__fresh2022,A0_event,diagnostics,2017_2022,2022-01-03,2022-12-30,251,-0.0175402446649697,-0.3723126480385447,0.1889289002910573,-0.0174712521346878,-0.180528833522089,0.1629885888571193,19.445982930994905,fresh_cash,2022-01-01,,,,50,event,0.5,3,100000.0,0.0025,0.01,True,2022
A0_event__fresh2022,A0_event,diagnostics,2023_2026,2023-01-03,2026-09-22,933,0.4515249666818732,-0.3617757475165832,1.0443931123060874,2.97315935753417,0.2231529414345989,0.2283720252472743,13.874216128799649,fresh_cash,2022-01-01,,,,50,event,0.5,3,100000.0,0.0025,0.01,True,2022
A0_event__fresh2022,A0_event,diagnostics,2022,2022-01-03,2022-12-30,251,-0.0175402446649697,-0.3723126480385447,0.1889289002910573,-0.0174712521346878,-0.180528833522089,0.1629885888571193,19.445982930994905,fresh_cash,2022-01-01,,,,50,event,0.5,3,100000.0,0.0025,0.01,True,2022
A0_event__fresh2022,A0_event,diagnostics,2023,2023-01-03,2023-12-29,250,0.2052932609485356,-0.3265871727770471,0.7686402985061354,0.2035084261386752,0.2494116142532503,-0.0441183533047147,12.64075536713522,fresh_cash,2022-01-01,,,,50,event,0.5,3,100000.0,0.0025,0.01,True,2022
A0_event__fresh2022,A0_event,diagnostics,2024,2024-01-02,2024-12-31,252,0.4571393170151669,-0.2583179413651011,1.06060711470293,0.4571393170151669,0.2643074461050603,0.1928318709101066,16.245682687493897,fresh_cash,2022-01-01,,,,50,event,0.5,3,100000.0,0.0025,0.01,True,2022
A0_event__fresh2022,A0_event,diagnostics,2025,2025-01-02,2025-12-31,250,0.9629116141992256,-0.3154188096335258,1.590168025338152,0.9524329824553022,0.1785790013706134,0.7843326128286121,10.466598264215476,fresh_cash,2022-01-01,,,,50,event,0.5,3,100000.0,0.0025,0.01,True,2022
A0_event__fresh2022,A0_event,diagnostics,2026,2026-01-02,2026-09-22,181,0.2301377567172784,-0.3617757475165839,0.647364467487464,0.1604051213243198,0.193982242745804,0.0361555139714744,16.982835376154352,fresh_cash,2022-01-01,,,,50,event,0.5,3,100000.0,0.0025,0.01,True,2022
A0_event__fresh2023,A0_event,diagnostics,full,2023-01-03,2026-09-22,933,0.4203615581043589,-0.3623704485607035,0.981501815983992,2.6663913558440804,0.2231529414345989,0.1972086166697599,15.584078404654232,fresh_cash,2023-01-01,,,,50,event,0.5,3,100000.0,0.0025,0.01,True,2023
A0_event__fresh2023,A0_event,diagnostics,2023_2026,2023-01-03,2026-09-22,933,0.4203615581043589,-0.3623704485607035,0.981501815983992,2.6663913558440804,0.2231529414345989,0.1972086166697599,15.584078404654232,fresh_cash,2023-01-01,,,,50,event,0.5,3,100000.0,0.0025,0.01,True,2023
A0_event__fresh2023,A0_event,diagnostics,2023,2023-01-03,2023-12-29,250,0.1495431277305472,-0.3513638757640005,0.5669515322611169,0.1482723576323323,0.2494116142532503,-0.099868486522703,20.206074935964555,fresh_cash,2023-01-01,,,,50,event,0.5,3,100000.0,0.0025,0.01,True,2023
A0_event__fresh2023,A0_event,diagnostics,2024,2024-01-02,2024-12-31,252,0.4524263484374005,-0.2988624291477824,1.071207445676316,0.4524263484374005,0.2643074461050603,0.1881189023323402,14.134026244048496,fresh_cash,2023-01-01,,,,50,event,0.5,3,100000.0,0.0025,0.01,True,2023
A0_event__fresh2023,A0_event,diagnostics,2025,2025-01-02,2025-12-31,250,0.9192316426244864,-0.3161733353644298,1.5074193534060396,0.9093271690996628,0.1785790013706134,0.740652641253873,10.938062627059203,fresh_cash,2023-01-01,,,,50,event,0.5,3,100000.0,0.0025,0.01,True,2023
A0_event__fresh2023,A0_event,diagnostics,2026,2026-01-02,2026-09-22,181,0.2168406063715784,-0.3623704485607036,0.6277638015233777,0.1513820083469961,0.193982242745804,0.0228583636257744,17.636111310973675,fresh_cash,2023-01-01,,,,50,event,0.5,3,100000.0,0.0025,0.01,True,2023
A0_quarter__fresh2018,A0_quarter,diagnostics,full,2018-01-02,2026-09-22,2192,0.2331054785071251,-0.4563143364873071,0.7081625736321314,5.188102979245336,0.1470062225581181,0.086099255949007,9.087138739556124,fresh_cash,2018-01-01,,,,50,quarter,0.5,3,100000.0,0.0025,0.01,True,2018
A0_quarter__fresh2018,A0_quarter,diagnostics,2017_2022,2018-01-02,2022-12-30,1259,0.0955216801018654,-0.4096587418082342,0.4336500825892242,0.5774211397525413,0.0936515438773053,0.0018701362245601,9.233808120197205,fresh_cash,2018-01-01,,,,50,quarter,0.5,3,100000.0,0.0025,0.01,True,2018
A0_quarter__fresh2018,A0_quarter,diagnostics,2023_2026,2023-01-03,2026-09-22,933,0.4465449312083152,-0.4247266956310804,1.0007339340033248,2.9229238301041724,0.2231529414345989,0.2233919897737162,8.889221536740346,fresh_cash,2018-01-01,,,,50,quarter,0.5,3,100000.0,0.0025,0.01,True,2018
A0_quarter__fresh2018,A0_quarter,diagnostics,2018,2018-01-02,2018-12-31,251,-0.335984342667923,-0.4081833024447862,-1.3492094940464,-0.334904573193985,-0.0642984107744514,-0.2716859318934715,13.894931973251587,fresh_cash,2018-01-01,,,,50,quarter,0.5,3,100000.0,0.0025,0.01,True,2018
A0_quarter__fresh2018,A0_quarter,diagnostics,2019,2019-01-02,2019-12-31,252,1.0718800056002653,-0.1225790188229536,3.0028857250492287,1.0718800056002653,0.3401954545671213,0.731684551033144,5.847888453777499,fresh_cash,2018-01-01,,,,50,quarter,0.5,3,100000.0,0.0025,0.01,True,2018
A0_quarter__fresh2018,A0_quarter,diagnostics,2020,2020-01-02,2020-12-31,253,0.4099519483909928,-0.3956180745858468,0.996255115589612,0.4118754692858164,0.1813082709311855,0.2286436774598073,7.530692451630188,fresh_cash,2018-01-01,,,,50,quarter,0.5,3,100000.0,0.0025,0.01,True,2018
A0_quarter__fresh2018,A0_quarter,diagnostics,2021,2021-01-04,2021-12-31,252,-0.0850415568498526,-0.3327801616595535,-0.0186693927947921,-0.0850415568498526,0.2861550585808201,-0.3711966154306727,10.139656424467166,fresh_cash,2018-01-01,,,,50,quarter,0.5,3,100000.0,0.0025,0.01,True,2018
A0_quarter__fresh2018,A0_quarter,diagnostics,2022,2022-01-03,2022-12-30,251,-0.1142887194130202,-0.3159369338531002,-0.0958256790172649,-0.1138620544366242,-0.180528833522089,0.0662401141090688,8.779322703036007,fresh_cash,2018-01-01,,,,50,quarter,0.5,3,100000.0,0.0025,0.01,True,2018
A0_quarter__fresh2018,A0_quarter,diagnostics,2023,2023-01-03,2023-12-29,250,0.1709265961202122,-0.2988509830292942,0.6710959081650131,0.1694611105603867,0.2494116142532503,-0.0784850181330381,7.847840659640492,fresh_cash,2018-01-01,,,,50,quarter,0.5,3,100000.0,0.0025,0.01,True,2018
A0_quarter__fresh2018,A0_quarter,diagnostics,2024,2024-01-02,2024-12-31,252,0.7636738673963104,-0.3124305416473409,1.2967428966197634,0.7636738673963104,0.2643074461050603,0.4993664212912501,9.848368106386246,fresh_cash,2018-01-01,,,,50,quarter,0.5,3,100000.0,0.0025,0.01,True,2018
A0_quarter__fresh2018,A0_quarter,diagnostics,2025,2025-01-02,2025-12-31,250,0.5198682132067605,-0.3951108615187495,1.0648296301445896,0.5148269674066894,0.1785790013706134,0.341289211836147,7.652750823156019,fresh_cash,2018-01-01,,,,50,quarter,0.5,3,100000.0,0.0025,0.01,True,2018
A0_quarter__fresh2018,A0_quarter,diagnostics,2026,2026-01-02,2026-09-22,181,0.3728255933459217,-0.2761416446576823,0.8532661934320548,0.2555753575932915,0.193982242745804,0.1788433506001177,10.700039007018123,fresh_cash,2018-01-01,,,,50,quarter,0.5,3,100000.0,0.0025,0.01,True,2018
A0_quarter__fresh2019,A0_quarter,diagnostics,full,2019-01-02,2026-09-22,1941,0.3498781534221535,-0.5250231033041,0.912582251807864,9.082736193365642,0.1776083447700516,0.1722698086521019,8.954246022381865,fresh_cash,2019-01-01,,,,50,quarter,0.5,3,100000.0,0.0025,0.01,True,2019
A0_quarter__fresh2019,A0_quarter,diagnostics,2017_2022,2019-01-02,2022-12-30,1008,0.2748450095977914,-0.4901566466614212,0.8164837598407277,1.6413718979206258,0.1369651872411974,0.137879822356594,9.26284706566886,fresh_cash,2019-01-01,,,,50,quarter,0.5,3,100000.0,0.0025,0.01,True,2019
A0_quarter__fresh2019,A0_quarter,diagnostics,2023_2026,2023-01-03,2026-09-22,933,0.4359135942489578,-0.4047728718449375,1.006000115977711,2.8172345974086865,0.2231529414345989,0.2127606528143588,8.62083782127437,fresh_cash,2019-01-01,,,,50,quarter,0.5,3,100000.0,0.0025,0.01,True,2019
A0_quarter__fresh2019,A0_quarter,diagnostics,2019,2019-01-02,2019-12-31,252,0.9902924560977762,-0.1604500060354965,2.736828288793104,0.9902924560977762,0.3401954545671213,0.6500970015306549,11.636971695094196,fresh_cash,2019-01-01,,,,50,quarter,0.5,3,100000.0,0.0025,0.01,True,2019
A0_quarter__fresh2019,A0_quarter,diagnostics,2020,2020-01-02,2020-12-31,253,0.4909586319156207,-0.3510339048587195,1.1677502896937633,0.4933236709426689,0.1813082709311855,0.3096503609844352,5.996105747593567,fresh_cash,2019-01-01,,,,50,quarter,0.5,3,100000.0,0.0025,0.01,True,2019
A0_quarter__fresh2019,A0_quarter,diagnostics,2021,2021-01-04,2021-12-31,252,-0.1173008487773366,-0.4410055836229941,-0.0494387217802708,-0.1173008487773366,0.2861550585808201,-0.4034559073581567,11.428897269672593,fresh_cash,2019-01-01,,,,50,quarter,0.5,3,100000.0,0.0025,0.01,True,2019
A0_quarter__fresh2019,A0_quarter,diagnostics,2022,2022-01-03,2022-12-30,251,0.0068336801227513,-0.3011737940147072,0.2218300565814444,0.0068064702654022,-0.180528833522089,0.1873625136448403,7.99735501566458,fresh_cash,2019-01-01,,,,50,quarter,0.5,3,100000.0,0.0025,0.01,True,2019
A0_quarter__fresh2019,A0_quarter,diagnostics,2023,2023-01-03,2023-12-29,250,0.079649034450882,-0.2946457280906401,0.410464219480755,0.078992567401871,0.2494116142532503,-0.1697625798023683,7.917589823132313,fresh_cash,2019-01-01,,,,50,quarter,0.5,3,100000.0,0.0025,0.01,True,2019
A0_quarter__fresh2019,A0_quarter,diagnostics,2024,2024-01-02,2024-12-31,252,0.9953954140391073,-0.2608029640431974,1.547000432321296,0.9953954140391073,0.2643074461050603,0.731087967934047,9.042893635299947,fresh_cash,2019-01-01,,,,50,quarter,0.5,3,100000.0,0.0025,0.01,True,2019
A0_quarter__fresh2019,A0_quarter,diagnostics,2025,2025-01-02,2025-12-31,250,0.4022203416554144,-0.3686325274295272,0.9309180000383828,0.3984632386819038,0.1785790013706134,0.2236413402848009,7.510087160088873,fresh_cash,2019-01-01,,,,50,quarter,0.5,3,100000.0,0.0025,0.01,True,2019
A0_quarter__fresh2019,A0_quarter,diagnostics,2026,2026-01-02,2026-09-22,181,0.3914687230192337,-0.2869434976391439,0.8897566645900765,0.267798909788185,0.193982242745804,0.1974864802734297,10.538747211867976,fresh_cash,2019-01-01,,,,50,quarter,0.5,3,100000.0,0.0025,0.01,True,2019
A0_quarter__fresh2020,A0_quarter,diagnostics,full,2020-01-02,2026-09-22,1689,0.2859416340510572,-0.4090845289131319,0.7759613339717221,4.395633907368051,0.1551029114210942,0.130838722629963,9.324642071389382,fresh_cash,2020-01-01,,,,50,quarter,0.5,3,100000.0,0.0025,0.01,True,2020
A0_quarter__fresh2020,A0_quarter,diagnostics,2017_2022,2020-01-02,2022-12-30,756,0.1288207139995856,-0.406782732054795,0.4978379636657714,0.4383842220036076,0.0763169411184632,0.0525037728811224,10.367888605956722,fresh_cash,2020-01-01,,,,50,quarter,0.5,3,100000.0,0.0025,0.01,True,2020
A0_quarter__fresh2020,A0_quarter,diagnostics,2023_2026,2023-01-03,2026-09-22,933,0.4291592626691496,-0.4090845289131326,0.978501121479661,2.7511770671762195,0.2231529414345989,0.2060063212345506,8.479310474247999,fresh_cash,2020-01-01,,,,50,quarter,0.5,3,100000.0,0.0025,0.01,True,2020
A0_quarter__fresh2020,A0_quarter,diagnostics,2020,2020-01-02,2020-12-31,253,0.7347629244045284,-0.3961153408033627,1.3798378791656225,0.7385592554972906,0.1813082709311855,0.5534546534733429,12.066279245733933,fresh_cash,2020-01-01,,,,50,quarter,0.5,3,100000.0,0.0025,0.01,True,2020
A0_quarter__fresh2020,A0_quarter,diagnostics,2021,2021-01-04,2021-12-31,252,-0.1310721523055327,-0.3410399843486343,-0.1490496031548517,-0.1310721523055327,0.2861550585808201,-0.4172272108863528,10.602505825633791,fresh_cash,2020-01-01,,,,50,quarter,0.5,3,100000.0,0.0025,0.01,True,2020
A0_quarter__fresh2020,A0_quarter,diagnostics,2022,2022-01-03,2022-12-30,251,-0.0480440701217883,-0.3127749452673629,0.077694933788009,-0.0478580558640456,-0.180528833522089,0.1324847634003007,8.420413023397938,fresh_cash,2020-01-01,,,,50,quarter,0.5,3,100000.0,0.0025,0.01,True,2020
A0_quarter__fresh2020,A0_quarter,diagnostics,2023,2023-01-03,2023-12-29,250,0.2544431182408115,-0.2928461002107504,0.910302409965988,0.2521882274586888,0.2494116142532503,0.0050315039875612,7.01478609885065,fresh_cash,2020-01-01,,,,50,quarter,0.5,3,100000.0,0.0025,0.01,True,2020
A0_quarter__fresh2020,A0_quarter,diagnostics,2024,2024-01-02,2024-12-31,252,0.8511691551215499,-0.3081382211592771,1.3780731427410813,0.8511691551215499,0.2643074461050603,0.5868617090164896,9.178482094801886,fresh_cash,2020-01-01,,,,50,quarter,0.5,3,100000.0,0.0025,0.01,True,2020
A0_quarter__fresh2020,A0_quarter,diagnostics,2025,2025-01-02,2025-12-31,250,0.5137576359547118,-0.3810080607242119,1.0517426118480466,0.5087848975689306,0.1785790013706134,0.3351786345840983,7.049353029443499,fresh_cash,2020-01-01,,,,50,quarter,0.5,3,100000.0,0.0025,0.01,True,2020
A0_quarter__fresh2020,A0_quarter,diagnostics,2026,2026-01-02,2026-09-22,181,0.1024502311152419,-0.3418297884605158,0.4470231281142783,0.0725672073058334,0.193982242745804,-0.091532011630562,11.50378122933575,fresh_cash,2020-01-01,,,,50,quarter,0.5,3,100000.0,0.0025,0.01,True,2020
A0_quarter__fresh2021,A0_quarter,diagnostics,full,2021-01-04,2026-09-22,1436,0.2946110116681719,-0.4085498188729294,0.7948324023359177,3.355279111626465,0.1505465532613841,0.1440644584067878,9.26888823078366,fresh_cash,2021-01-01,,,,50,quarter,0.5,3,100000.0,0.0025,0.01,True,2021
A0_quarter__fresh2021,A0_quarter,diagnostics,2017_2022,2021-01-04,2022-12-30,503,0.0059943075403527,-0.4085498188729294,0.2295725563442791,0.0120005459897329,0.0270890421995209,-0.0210947346591681,11.18423896619894,fresh_cash,2021-01-01,,,,50,quarter,0.5,3,100000.0,0.0025,0.01,True,2021
A0_quarter__fresh2021,A0_quarter,diagnostics,2023_2026,2023-01-03,2026-09-22,933,0.4831895535009769,-0.3771600116845656,1.0729980824915994,3.3036331639199004,0.2231529414345989,0.2600366120663779,8.236282207296105,fresh_cash,2021-01-01,,,,50,quarter,0.5,3,100000.0,0.0025,0.01,True,2021
A0_quarter__fresh2021,A0_quarter,diagnostics,2021,2021-01-04,2021-12-31,252,-0.1303442121117994,-0.4003819461375274,-0.0860104463471162,-0.1303442121117994,0.2861550585808201,-0.4164992706926196,15.553759584586436,fresh_cash,2021-01-01,,,,50,quarter,0.5,3,100000.0,0.0025,0.01,True,2021
A0_quarter__fresh2021,A0_quarter,diagnostics,2022,2022-01-03,2022-12-30,251,0.1643824189733902,-0.2877562256864515,0.5768905795762409,0.1636794236110246,-0.180528833522089,0.3449112524954792,6.797309899132614,fresh_cash,2021-01-01,,,,50,quarter,0.5,3,100000.0,0.0025,0.01,True,2021
A0_quarter__fresh2021,A0_quarter,diagnostics,2023,2023-01-03,2023-12-29,250,0.2442810849935175,-0.3112723585438728,0.877151024271428,0.2421246424094441,0.2494116142532503,-0.0051305292597327,7.450470386679345,fresh_cash,2021-01-01,,,,50,quarter,0.5,3,100000.0,0.0025,0.01,True,2021
A0_quarter__fresh2021,A0_quarter,diagnostics,2024,2024-01-02,2024-12-31,252,0.5570527312608942,-0.2873001764323872,1.148470401313357,0.5570527312608942,0.2643074461050603,0.2927452851558338,9.135775738826608,fresh_cash,2021-01-01,,,,50,quarter,0.5,3,100000.0,0.0025,0.01,True,2021
A0_quarter__fresh2021,A0_quarter,diagnostics,2025,2025-01-02,2025-12-31,250,0.8340830033844089,-0.3771600116845656,1.4034871438140062,0.8252752263973686,0.1785790013706134,0.6555040020137954,6.615452440735509,fresh_cash,2021-01-01,,,,50,quarter,0.5,3,100000.0,0.0025,0.01,True,2021
A0_quarter__fresh2021,A0_quarter,diagnostics,2026,2026-01-02,2026-09-22,181,0.3176141572213067,-0.3027452692209595,0.7790493429597969,0.2190973513580492,0.193982242745804,0.1236319144755027,10.30803926170855,fresh_cash,2021-01-01,,,,50,quarter,0.5,3,100000.0,0.0025,0.01,True,2021
A0_quarter__fresh2022,A0_quarter,diagnostics,full,2022-01-03,2026-09-22,1184,0.3700075439204822,-0.3944877528506924,0.8897940764979837,3.389154665583052,0.1235829931174639,0.2464245508030182,9.750636140658296,fresh_cash,2022-01-01,,,,50,quarter,0.5,3,100000.0,0.0025,0.01,True,2022
A0_quarter__fresh2022,A0_quarter,diagnostics,2017_2022,2022-01-03,2022-12-30,251,-0.0105049123311719,-0.3399421582699565,0.1959035023547839,-0.0104634450277365,-0.180528833522089,0.1700239211909171,13.356454549578208,fresh_cash,2022-01-01,,,,50,quarter,0.5,3,100000.0,0.0025,0.01,True,2022
A0_quarter__fresh2022,A0_quarter,diagnostics,2023_2026,2023-01-03,2026-09-22,933,0.49533551493617,-0.3647896359205738,1.056258516066338,3.43556596623766,0.2231529414345989,0.272182573501571,8.780582099244683,fresh_cash,2022-01-01,,,,50,quarter,0.5,3,100000.0,0.0025,0.01,True,2022
A0_quarter__fresh2022,A0_quarter,diagnostics,2022,2022-01-03,2022-12-30,251,-0.0105049123311719,-0.3399421582699565,0.1959035023547839,-0.0104634450277365,-0.180528833522089,0.1700239211909171,13.356454549578208,fresh_cash,2022-01-01,,,,50,quarter,0.5,3,100000.0,0.0025,0.01,True,2022
A0_quarter__fresh2022,A0_quarter,diagnostics,2023,2023-01-03,2023-12-29,250,0.2226259710128393,-0.3263209884798461,0.8137199352904435,0.2206771368184141,0.2494116142532503,-0.0267856432404109,8.260097368279673,fresh_cash,2022-01-01,,,,50,quarter,0.5,3,100000.0,0.0025,0.01,True,2022
A0_quarter__fresh2022,A0_quarter,diagnostics,2024,2024-01-02,2024-12-31,252,0.7612920691856331,-0.2864000706197295,1.2632642581741906,0.7612920691856331,0.2643074461050603,0.4969846230805728,9.616897024568464,fresh_cash,2022-01-01,,,,50,quarter,0.5,3,100000.0,0.0025,0.01,True,2022
A0_quarter__fresh2022,A0_quarter,diagnostics,2025,2025-01-02,2025-12-31,250,0.6759353706643545,-0.3647896359205738,1.2434344360697789,0.6690811303118851,0.1785790013706134,0.497356369293741,7.563829063495273,fresh_cash,2022-01-01,,,,50,quarter,0.5,3,100000.0,0.0025,0.01,True,2022
A0_quarter__fresh2022,A0_quarter,diagnostics,2026,2026-01-02,2026-09-22,181,0.3432079712911642,-0.3045023612693137,0.8101186585886149,0.2360595811547541,0.193982242745804,0.1492257285453602,10.01570961580277,fresh_cash,2022-01-01,,,,50,quarter,0.5,3,100000.0,0.0025,0.01,True,2022
A0_quarter__fresh2023,A0_quarter,diagnostics,full,2023-01-03,2026-09-22,933,0.4454926565367305,-0.3573221874310194,0.9933952485740084,2.912368756604644,0.2231529414345989,0.2223397151021315,10.135373971745512,fresh_cash,2023-01-01,,,,50,quarter,0.5,3,100000.0,0.0025,0.01,True,2023
A0_quarter__fresh2023,A0_quarter,diagnostics,2023_2026,2023-01-03,2026-09-22,933,0.4454926565367305,-0.3573221874310194,0.9933952485740084,2.912368756604644,0.2231529414345989,0.2223397151021315,10.135373971745512,fresh_cash,2023-01-01,,,,50,quarter,0.5,3,100000.0,0.0025,0.01,True,2023
A0_quarter__fresh2023,A0_quarter,diagnostics,2023,2023-01-03,2023-12-29,250,0.1135049903716582,-0.3467712213035322,0.4801136524686424,0.1125552692971676,0.2494116142532503,-0.135906623881592,14.16934730502694,fresh_cash,2023-01-01,,,,50,quarter,0.5,3,100000.0,0.0025,0.01,True,2023
A0_quarter__fresh2023,A0_quarter,diagnostics,2024,2024-01-02,2024-12-31,252,0.683354321568759,-0.296787076240314,1.2147496035995624,0.683354321568759,0.2643074461050603,0.4190468754636987,8.93318362123205,fresh_cash,2023-01-01,,,,50,quarter,0.5,3,100000.0,0.0025,0.01,True,2023
A0_quarter__fresh2023,A0_quarter,diagnostics,2025,2025-01-02,2025-12-31,250,0.6865147774008824,-0.3521504498908888,1.276392041019576,0.6795333879606251,0.1785790013706134,0.507935776030269,7.156719636506621,fresh_cash,2023-01-01,,,,50,quarter,0.5,3,100000.0,0.0025,0.01,True,2023
A0_quarter__fresh2023,A0_quarter,diagnostics,2026,2026-01-02,2026-09-22,181,0.354948242564874,-0.2980934961886167,0.830360488582126,0.2438098938607149,0.193982242745804,0.16096599981907,10.351518827097763,fresh_cash,2023-01-01,,,,50,quarter,0.5,3,100000.0,0.0025,0.01,True,2023
A0_bimonth__fresh2018,A0_bimonth,diagnostics,full,2018-01-02,2026-09-22,2192,0.2400538374257417,-0.4448152009065442,0.7281081520570568,5.498069996815974,0.1470062225581181,0.0930476148676235,9.150810568857258,fresh_cash,2018-01-01,,,,50,bimonth,0.5,3,100000.0,0.0025,0.01,True,2018
A0_bimonth__fresh2018,A0_bimonth,diagnostics,2017_2022,2018-01-02,2022-12-30,1259,0.0941505750462652,-0.4174407097642304,0.4304873515558352,0.5675824652337094,0.0936515438773053,0.0004990311689598,9.445560251359248,fresh_cash,2018-01-01,,,,50,bimonth,0.5,3,100000.0,0.0025,0.01,True,2018
A0_bimonth__fresh2018,A0_bimonth,diagnostics,2023_2026,2023-01-03,2026-09-22,933,0.468247087350556,-0.3600472537162896,1.0508009063479102,3.145281119770111,0.2231529414345989,0.245094145915957,8.753072251311698,fresh_cash,2018-01-01,,,,50,bimonth,0.5,3,100000.0,0.0025,0.01,True,2018
A0_bimonth__fresh2018,A0_bimonth,diagnostics,2018,2018-01-02,2018-12-31,251,-0.3432301627298965,-0.4174407097642304,-1.3767336819591718,-0.3421335329078054,-0.0642984107744514,-0.278931751955445,14.003734799311829,fresh_cash,2018-01-01,,,,50,bimonth,0.5,3,100000.0,0.0025,0.01,True,2018
A0_bimonth__fresh2018,A0_bimonth,diagnostics,2019,2019-01-02,2019-12-31,252,1.0737624824297582,-0.1121654410831779,3.0350160225752565,1.0737624824297582,0.3401954545671213,0.733567027862637,6.097873185121617,fresh_cash,2018-01-01,,,,50,bimonth,0.5,3,100000.0,0.0025,0.01,True,2018
A0_bimonth__fresh2018,A0_bimonth,diagnostics,2020,2020-01-02,2020-12-31,253,0.3941950156066067,-0.3869611814625296,0.9778448549201998,0.3960347799235981,0.1813082709311855,0.2128867446754212,7.525572977116461,fresh_cash,2018-01-01,,,,50,bimonth,0.5,3,100000.0,0.0025,0.01,True,2018
A0_bimonth__fresh2018,A0_bimonth,diagnostics,2021,2021-01-04,2021-12-31,252,-0.0682032810877083,-0.3191328090471231,0.0257335823446087,-0.0682032810877083,0.2861550585808201,-0.3543583396685285,10.475728126504176,fresh_cash,2018-01-01,,,,50,bimonth,0.5,3,100000.0,0.0025,0.01,True,2018
A0_bimonth__fresh2018,A0_bimonth,diagnostics,2022,2022-01-03,2022-12-30,251,-0.1171202775431627,-0.3133074388415621,-0.1036914369283426,-0.1166837527482631,-0.180528833522089,0.0634085559789262,9.149424016310194,fresh_cash,2018-01-01,,,,50,bimonth,0.5,3,100000.0,0.0025,0.01,True,2018
A0_bimonth__fresh2018,A0_bimonth,diagnostics,2023,2023-01-03,2023-12-29,250,0.1735073406451712,-0.2947742904334838,0.677558948559994,0.1720181463146748,0.2494116142532503,-0.075904273608079,8.195189893669609,fresh_cash,2018-01-01,,,,50,bimonth,0.5,3,100000.0,0.0025,0.01,True,2018
A0_bimonth__fresh2018,A0_bimonth,diagnostics,2024,2024-01-02,2024-12-31,252,0.6243144035718384,-0.3098248402921176,1.1786374311671086,0.6243144035718384,0.2643074461050603,0.3600069574667781,10.056390268211093,fresh_cash,2018-01-01,,,,50,bimonth,0.5,3,100000.0,0.0025,0.01,True,2018
A0_bimonth__fresh2018,A0_bimonth,diagnostics,2025,2025-01-02,2025-12-31,250,0.71212054812541,-0.3384293223154256,1.3174989693923074,0.7048292670814993,0.1785790013706134,0.5335415467547966,7.118960557051955,fresh_cash,2018-01-01,,,,50,bimonth,0.5,3,100000.0,0.0025,0.01,True,2018
A0_bimonth__fresh2018,A0_bimonth,diagnostics,2026,2026-01-02,2026-09-22,181,0.4058991324862731,-0.2964185808553548,0.9106610620730664,0.2772286878101391,0.193982242745804,0.211916889740469,9.966124034277504,fresh_cash,2018-01-01,,,,50,bimonth,0.5,3,100000.0,0.0025,0.01,True,2018
A0_bimonth__fresh2019,A0_bimonth,diagnostics,full,2019-01-02,2026-09-22,1941,0.3404424599309683,-0.5097324586770206,0.8989074597569379,8.55243140950273,0.1776083447700516,0.1628341151609167,9.188350182852842,fresh_cash,2019-01-01,,,,50,bimonth,0.5,3,100000.0,0.0025,0.01,True,2019
A0_bimonth__fresh2019,A0_bimonth,diagnostics,2017_2022,2019-01-02,2022-12-30,1008,0.2861276522355285,-0.4509011861119065,0.843631787799644,1.7361273250507372,0.1369651872411974,0.149162464994331,9.630750120180409,fresh_cash,2019-01-01,,,,50,bimonth,0.5,3,100000.0,0.0025,0.01,True,2019
A0_bimonth__fresh2019,A0_bimonth,diagnostics,2023_2026,2023-01-03,2026-09-22,933,0.401704075009901,-0.3686879524882224,0.9554519988123809,2.491223278260847,0.2231529414345989,0.178551133575302,8.710387549598627,fresh_cash,2019-01-01,,,,50,bimonth,0.5,3,100000.0,0.0025,0.01,True,2019
A0_bimonth__fresh2019,A0_bimonth,diagnostics,2019,2019-01-02,2019-12-31,252,1.1030072029357538,-0.1663368403716814,2.948599950366943,1.1030072029357538,0.3401954545671213,0.7628117483686325,12.047440847929884,fresh_cash,2019-01-01,,,,50,bimonth,0.5,3,100000.0,0.0025,0.01,True,2019
A0_bimonth__fresh2019,A0_bimonth,diagnostics,2020,2020-01-02,2020-12-31,253,0.4299375564785928,-0.3526364454566765,1.0732541237981434,0.4319683212595475,0.1813082709311855,0.2486292855474072,6.268816759990911,fresh_cash,2019-01-01,,,,50,bimonth,0.5,3,100000.0,0.0025,0.01,True,2019
A0_bimonth__fresh2019,A0_bimonth,diagnostics,2021,2021-01-04,2021-12-31,252,-0.0451416329641276,-0.3922007396815173,0.1153195263888903,-0.0451416329641276,0.2861550585808201,-0.3312966915449478,11.643323548383554,fresh_cash,2019-01-01,,,,50,bimonth,0.5,3,100000.0,0.0025,0.01,True,2019
A0_bimonth__fresh2019,A0_bimonth,diagnostics,2022,2022-01-03,2022-12-30,251,-0.048656815290885,-0.3081133841580866,0.0848991702732914,-0.0484684895410709,-0.180528833522089,0.1318720182312039,8.572561167303443,fresh_cash,2019-01-01,,,,50,bimonth,0.5,3,100000.0,0.0025,0.01,True,2019
A0_bimonth__fresh2019,A0_bimonth,diagnostics,2023,2023-01-03,2023-12-29,250,0.0726687910538392,-0.2895189331262069,0.38459207394009,0.0720717553847372,0.2494116142532503,-0.176742823199411,8.576426445521307,fresh_cash,2019-01-01,,,,50,bimonth,0.5,3,100000.0,0.0025,0.01,True,2019
A0_bimonth__fresh2019,A0_bimonth,diagnostics,2024,2024-01-02,2024-12-31,252,0.853096362416891,-0.2933358162949672,1.3832247178908064,0.853096362416891,0.2643074461050603,0.5887889163118307,9.151563016348188,fresh_cash,2019-01-01,,,,50,bimonth,0.5,3,100000.0,0.0025,0.01,True,2019
A0_bimonth__fresh2019,A0_bimonth,diagnostics,2025,2025-01-02,2025-12-31,250,0.5004026839143356,-0.3430509751087733,1.0764706878945265,0.4955789967443975,0.1785790013706134,0.3218236825437222,7.281542842197953,fresh_cash,2019-01-01,,,,50,bimonth,0.5,3,100000.0,0.0025,0.01,True,2019
A0_bimonth__fresh2019,A0_bimonth,diagnostics,2026,2026-01-02,2026-09-22,181,0.2517660759388869,-0.2990878176849573,0.698608531806531,0.1750231127836377,0.193982242745804,0.0577838331930828,10.254725865889274,fresh_cash,2019-01-01,,,,50,bimonth,0.5,3,100000.0,0.0025,0.01,True,2019
A0_bimonth__fresh2020,A0_bimonth,diagnostics,full,2020-01-02,2026-09-22,1689,0.3139184870521481,-0.4114267787800958,0.8309552134462024,5.2329083604285325,0.1551029114210942,0.1588155756310538,9.411702706929187,fresh_cash,2020-01-01,,,,50,bimonth,0.5,3,100000.0,0.0025,0.01,True,2020
A0_bimonth__fresh2020,A0_bimonth,diagnostics,2017_2022,2020-01-02,2022-12-30,756,0.1238893536976373,-0.4114267787800958,0.4880454904619487,0.4196153016320252,0.0763169411184632,0.0475724125791741,10.75711777864948,fresh_cash,2020-01-01,,,,50,bimonth,0.5,3,100000.0,0.0025,0.01,True,2020
A0_bimonth__fresh2020,A0_bimonth,diagnostics,2023_2026,2023-01-03,2026-09-22,933,0.4912223299360303,-0.3541541252039716,1.0856541401069044,3.390561550909629,0.2231529414345989,0.2680693885014313,8.321527150422714,fresh_cash,2020-01-01,,,,50,bimonth,0.5,3,100000.0,0.0025,0.01,True,2020
A0_bimonth__fresh2020,A0_bimonth,diagnostics,2020,2020-01-02,2020-12-31,253,0.7141729893433468,-0.369729086411585,1.3806497823582056,0.7178428666212531,0.1813082709311855,0.5328647184121613,12.239061334278604,fresh_cash,2020-01-01,,,,50,bimonth,0.5,3,100000.0,0.0025,0.01,True,2020
A0_bimonth__fresh2020,A0_bimonth,diagnostics,2021,2021-01-04,2021-12-31,252,-0.1168218750712655,-0.3329797573595635,-0.1047907527112415,-0.1168218750712655,0.2861550585808201,-0.4029769336520856,10.803883189993376,fresh_cash,2020-01-01,,,,50,bimonth,0.5,3,100000.0,0.0025,0.01,True,2020
A0_bimonth__fresh2020,A0_bimonth,diagnostics,2022,2022-01-03,2022-12-30,251,-0.06454274393905,-0.3079181816391219,0.0380389610107027,-0.0642950383525748,-0.180528833522089,0.115986089583039,9.216414180112308,fresh_cash,2020-01-01,,,,50,bimonth,0.5,3,100000.0,0.0025,0.01,True,2020
A0_bimonth__fresh2020,A0_bimonth,diagnostics,2023,2023-01-03,2023-12-29,250,0.2655161473922922,-0.2904134551365303,0.9365935378883532,0.2631532464049351,0.2494116142532503,0.0161045331390419,7.320541141912996,fresh_cash,2020-01-01,,,,50,bimonth,0.5,3,100000.0,0.0025,0.01,True,2020
A0_bimonth__fresh2020,A0_bimonth,diagnostics,2024,2024-01-02,2024-12-31,252,0.6975032154989187,-0.3053315094400649,1.2615043047417482,0.6975032154989187,0.2643074461050603,0.4331957693938584,9.45077168302226,fresh_cash,2020-01-01,,,,50,bimonth,0.5,3,100000.0,0.0025,0.01,True,2020
A0_bimonth__fresh2020,A0_bimonth,diagnostics,2025,2025-01-02,2025-12-31,250,0.7017366553936282,-0.3510557324558911,1.294627226908189,0.6945714089744941,0.1785790013706134,0.5231576540230147,6.730107931395359,fresh_cash,2020-01-01,,,,50,bimonth,0.5,3,100000.0,0.0025,0.01,True,2020
A0_bimonth__fresh2020,A0_bimonth,diagnostics,2026,2026-01-02,2026-09-22,181,0.3014731553397942,-0.3151146348198467,0.7695467474714254,0.2083522275202289,0.193982242745804,0.1074909125939902,10.329989496661288,fresh_cash,2020-01-01,,,,50,bimonth,0.5,3,100000.0,0.0025,0.01,True,2020
A0_bimonth__fresh2021,A0_bimonth,diagnostics,full,2021-01-04,2026-09-22,1436,0.2750230490857046,-0.4148311635439974,0.7498997882950201,2.9928713256066053,0.1505465532613841,0.1244764958243205,9.97816811760706,fresh_cash,2021-01-01,,,,50,bimonth,0.5,3,100000.0,0.0025,0.01,True,2021
A0_bimonth__fresh2021,A0_bimonth,diagnostics,2017_2022,2021-01-04,2022-12-30,503,0.0082060240446912,-0.4148311635439974,0.2358286774734841,0.0164464223112519,0.0270890421995209,-0.0188830181548296,11.431512713519666,fresh_cash,2021-01-01,,,,50,bimonth,0.5,3,100000.0,0.0025,0.01,True,2021
A0_bimonth__fresh2021,A0_bimonth,diagnostics,2023_2026,2023-01-03,2026-09-22,933,0.4470766662447252,-0.3593642515754485,0.9931777601077664,2.928265413662808,0.2231529414345989,0.2239237248101262,9.194639359038955,fresh_cash,2021-01-01,,,,50,bimonth,0.5,3,100000.0,0.0025,0.01,True,2021
A0_bimonth__fresh2021,A0_bimonth,diagnostics,2021,2021-01-04,2021-12-31,252,-0.1137501081799395,-0.4148311635439974,-0.0417747810906653,-0.1137501081799395,0.2861550585808201,-0.3999051667607597,15.907062540508736,fresh_cash,2021-01-01,,,,50,bimonth,0.5,3,100000.0,0.0025,0.01,True,2021
A0_bimonth__fresh2021,A0_bimonth,diagnostics,2022,2022-01-03,2022-12-30,251,0.1475337329154273,-0.2871368749228258,0.540095821660485,0.1469072455668376,-0.180528833522089,0.3280625664375164,6.9381320107258615,fresh_cash,2021-01-01,,,,50,bimonth,0.5,3,100000.0,0.0025,0.01,True,2021
A0_bimonth__fresh2021,A0_bimonth,diagnostics,2023,2023-01-03,2023-12-29,250,0.135366689576178,-0.3144685169680984,0.5697536918729491,0.1342232875951177,0.2494116142532503,-0.1140449246770722,8.70421392708169,fresh_cash,2021-01-01,,,,50,bimonth,0.5,3,100000.0,0.0025,0.01,True,2021
A0_bimonth__fresh2021,A0_bimonth,diagnostics,2024,2024-01-02,2024-12-31,252,0.7422744911136252,-0.2710294219612236,1.258606209791395,0.7422744911136252,0.2643074461050603,0.4779670450085649,10.043942014401896,fresh_cash,2021-01-01,,,,50,bimonth,0.5,3,100000.0,0.0025,0.01,True,2021
A0_bimonth__fresh2021,A0_bimonth,diagnostics,2025,2025-01-02,2025-12-31,250,0.8508142855816525,-0.3530818856221315,1.4210407962791902,0.8417934138950456,0.1785790013706134,0.6722352842110391,7.05552382982366,fresh_cash,2021-01-01,,,,50,bimonth,0.5,3,100000.0,0.0025,0.01,True,2021
A0_bimonth__fresh2021,A0_bimonth,diagnostics,2026,2026-01-02,2026-09-22,181,0.112106320807688,-0.3593642515754484,0.4670791539543327,0.0793064430744636,0.193982242745804,-0.0818759219381159,11.644147486893536,fresh_cash,2021-01-01,,,,50,bimonth,0.5,3,100000.0,0.0025,0.01,True,2021
A0_bimonth__fresh2022,A0_bimonth,diagnostics,full,2022-01-03,2026-09-22,1184,0.3477049418987998,-0.3989097180130267,0.8598936200339737,3.0634035164153417,0.1235829931174639,0.2241219487813359,10.203958027677988,fresh_cash,2022-01-01,,,,50,bimonth,0.5,3,100000.0,0.0025,0.01,True,2022
A0_bimonth__fresh2022,A0_bimonth,diagnostics,2017_2022,2022-01-03,2022-12-30,251,-0.0383403874911216,-0.3475963885279117,0.1314400015158957,-0.0381911861672019,-0.180528833522089,0.1421884460309673,13.808622741357356,fresh_cash,2022-01-01,,,,50,bimonth,0.5,3,100000.0,0.0025,0.01,True,2022
A0_bimonth__fresh2022,A0_bimonth,diagnostics,2023_2026,2023-01-03,2026-09-22,933,0.475797228956804,-0.3287153569314539,1.036711904323312,3.224751798876465,0.2231529414345989,0.252644287522205,9.234214358724588,fresh_cash,2022-01-01,,,,50,bimonth,0.5,3,100000.0,0.0025,0.01,True,2022
A0_bimonth__fresh2022,A0_bimonth,diagnostics,2022,2022-01-03,2022-12-30,251,-0.0383403874911216,-0.3475963885279117,0.1314400015158957,-0.0381911861672019,-0.180528833522089,0.1421884460309673,13.808622741357356,fresh_cash,2022-01-01,,,,50,bimonth,0.5,3,100000.0,0.0025,0.01,True,2022
A0_bimonth__fresh2022,A0_bimonth,diagnostics,2023,2023-01-03,2023-12-29,250,0.2224658047679926,-0.3270013627297324,0.8098226130954249,0.2205184949264242,0.2494116142532503,-0.0269458094852577,8.599167909343958,fresh_cash,2022-01-01,,,,50,bimonth,0.5,3,100000.0,0.0025,0.01,True,2022
A0_bimonth__fresh2022,A0_bimonth,diagnostics,2024,2024-01-02,2024-12-31,252,0.6677972562672272,-0.2955363214110722,1.1657518150426402,0.6677972562672272,0.2643074461050603,0.4034898101621669,10.190810651317207,fresh_cash,2022-01-01,,,,50,bimonth,0.5,3,100000.0,0.0025,0.01,True,2022
A0_bimonth__fresh2022,A0_bimonth,diagnostics,2025,2025-01-02,2025-12-31,250,0.7282629897562947,-0.328715356931454,1.319250684052553,0.7207748003395031,0.1785790013706134,0.5496839883856812,7.501420458875896,fresh_cash,2022-01-01,,,,50,bimonth,0.5,3,100000.0,0.0025,0.01,True,2022
A0_bimonth__fresh2022,A0_bimonth,diagnostics,2026,2026-01-02,2026-09-22,181,0.298122946202874,-0.2994515067943908,0.7565565203375205,0.2061172872621395,0.193982242745804,0.10414070345707,11.172876356370946,fresh_cash,2022-01-01,,,,50,bimonth,0.5,3,100000.0,0.0025,0.01,True,2022
A0_bimonth__fresh2023,A0_bimonth,diagnostics,full,2023-01-03,2026-09-22,933,0.4099117007748192,-0.3517751686465113,0.9399618590038068,2.5675108560926234,0.2231529414345989,0.1867587593402202,10.650162238455966,fresh_cash,2023-01-01,,,,50,bimonth,0.5,3,100000.0,0.0025,0.01,True,2023
A0_bimonth__fresh2023,A0_bimonth,diagnostics,2023_2026,2023-01-03,2026-09-22,933,0.4099117007748192,-0.3517751686465113,0.9399618590038068,2.5675108560926234,0.2231529414345989,0.1867587593402202,10.650162238455966,fresh_cash,2023-01-01,,,,50,bimonth,0.5,3,100000.0,0.0025,0.01,True,2023
A0_bimonth__fresh2023,A0_bimonth,diagnostics,2023,2023-01-03,2023-12-29,250,0.120733255760181,-0.3517751686465113,0.4955762679313132,0.1197198671977479,0.2494116142532503,-0.1286783584930693,14.575497059979488,fresh_cash,2023-01-01,,,,50,bimonth,0.5,3,100000.0,0.0025,0.01,True,2023
A0_bimonth__fresh2023,A0_bimonth,diagnostics,2024,2024-01-02,2024-12-31,252,0.6436035101818665,-0.2987562861828657,1.165436030438002,0.6436035101818665,0.2643074461050603,0.3792960640768061,9.4087248751507,fresh_cash,2023-01-01,,,,50,bimonth,0.5,3,100000.0,0.0025,0.01,True,2023
A0_bimonth__fresh2023,A0_bimonth,diagnostics,2025,2025-01-02,2025-12-31,250,0.6332164204886324,-0.343227985898793,1.2083693295934466,0.6268702385780811,0.1785790013706134,0.4546374191180189,7.613364499083898,fresh_cash,2023-01-01,,,,50,bimonth,0.5,3,100000.0,0.0025,0.01,True,2023
A0_bimonth__fresh2023,A0_bimonth,diagnostics,2026,2026-01-02,2026-09-22,181,0.2763202451076973,-0.3076433469058118,0.7218095639367478,0.1915326435996855,0.193982242745804,0.0823380023618933,11.151311105942504,fresh_cash,2023-01-01,,,,50,bimonth,0.5,3,100000.0,0.0025,0.01,True,2023
A2_event__fresh2018,A2_event,diagnostics,full,2018-01-02,2026-09-22,2192,0.1970355707086466,-0.5918003010701376,0.6461581457604326,3.7797744925455135,0.1470062225581181,0.0500293481505285,15.510093095996975,fresh_cash,2018-01-01,,,,50,event,0.5,3,100000.0,0.0025,0.01,True,2018
A2_event__fresh2018,A2_event,diagnostics,2017_2022,2018-01-02,2022-12-30,1259,0.1217890029454336,-0.5649280683125935,0.4943255737241508,0.7756519024124302,0.0936515438773053,0.0281374590681282,16.530780674884717,fresh_cash,2018-01-01,,,,50,event,0.5,3,100000.0,0.0025,0.01,True,2018
A2_event__fresh2018,A2_event,diagnostics,2023_2026,2023-01-03,2026-09-22,933,0.3066367519406285,-0.4568852725901575,0.8240704512858101,1.691842069975341,0.2231529414345989,0.0834838105060296,14.13276655599734,fresh_cash,2018-01-01,,,,50,event,0.5,3,100000.0,0.0025,0.01,True,2018
A2_event__fresh2018,A2_event,diagnostics,2018,2018-01-02,2018-12-31,251,-0.0299818235915554,-0.3325759212076348,0.044492287945767,-0.0298646426716919,-0.0642984107744514,0.0343165871828959,17.710254288780444,fresh_cash,2018-01-01,,,,50,event,0.5,3,100000.0,0.0025,0.01,True,2018
A2_event__fresh2018,A2_event,diagnostics,2019,2019-01-02,2019-12-31,252,0.783230361213215,-0.1101004902129585,2.678558296831921,0.783230361213215,0.3401954545671213,0.4430349066460937,10.475541683521037,fresh_cash,2018-01-01,,,,50,event,0.5,3,100000.0,0.0025,0.01,True,2018
A2_event__fresh2018,A2_event,diagnostics,2020,2020-01-02,2020-12-31,253,0.4610772580299607,-0.3885813386404001,1.0451697638776078,0.4632773355168742,0.1813082709311855,0.2797689870987752,12.652555776280671,fresh_cash,2018-01-01,,,,50,event,0.5,3,100000.0,0.0025,0.01,True,2018
A2_event__fresh2018,A2_event,diagnostics,2021,2021-01-04,2021-12-31,252,-0.0760087134358917,-0.404157282114805,0.01807782675857,-0.0760087134358917,0.2861550585808201,-0.3621637720167119,18.07458437807594,fresh_cash,2018-01-01,,,,50,event,0.5,3,100000.0,0.0025,0.01,True,2018
A2_event__fresh2018,A2_event,diagnostics,2022,2022-01-03,2022-12-30,251,-0.2416900967855881,-0.3346285236273022,-0.4459228170074944,-0.2408571142428847,-0.180528833522089,-0.0611612632634991,23.789843283962217,fresh_cash,2018-01-01,,,,50,event,0.5,3,100000.0,0.0025,0.01,True,2018
A2_event__fresh2018,A2_event,diagnostics,2023,2023-01-03,2023-12-29,250,0.1290133667941524,-0.335771054668202,0.5214710390193122,0.1279265954337711,0.2494116142532503,-0.1203982474590978,12.305522118548902,fresh_cash,2018-01-01,,,,50,event,0.5,3,100000.0,0.0025,0.01,True,2018
A2_event__fresh2018,A2_event,diagnostics,2024,2024-01-02,2024-12-31,252,0.952955918045214,-0.2525875137366773,1.8546151035723049,0.952955918045214,0.2643074461050603,0.6886484719401538,13.104407431201963,fresh_cash,2018-01-01,,,,50,event,0.5,3,100000.0,0.0025,0.01,True,2018
A2_event__fresh2018,A2_event,diagnostics,2025,2025-01-02,2025-12-31,250,0.0992558450279892,-0.4547445521563991,0.4412736021547833,0.0984305488864003,0.1785790013706134,-0.0793231563426242,14.464534403785104,fresh_cash,2018-01-01,,,,50,event,0.5,3,100000.0,0.0025,0.01,True,2018
A2_event__fresh2018,A2_event,diagnostics,2026,2026-01-02,2026-09-22,181,0.1600241328211973,-0.3435846086563816,0.5438116533789559,0.112509417461978,0.193982242745804,-0.0339581099246066,17.630090571818343,fresh_cash,2018-01-01,,,,50,event,0.5,3,100000.0,0.0025,0.01,True,2018
A2_event__fresh2019,A2_event,diagnostics,full,2019-01-02,2026-09-22,1941,0.2202714773430625,-0.6986237257074718,0.6772834296443774,3.6336218924974366,0.1776083447700516,0.0426631325730109,16.328764824174623,fresh_cash,2019-01-01,,,,50,event,0.5,3,100000.0,0.0025,0.01,True,2019
A2_event__fresh2019,A2_event,diagnostics,2017_2022,2019-01-02,2022-12-30,1008,0.1715602281848833,-0.6441950664243363,0.5880737135325208,0.8839027487345428,0.1369651872411974,0.0345950409436859,18.08629555818176,fresh_cash,2019-01-01,,,,50,event,0.5,3,100000.0,0.0025,0.01,True,2019
A2_event__fresh2019,A2_event,diagnostics,2023_2026,2023-01-03,2026-09-22,933,0.2751770093587011,-0.4646818393609734,0.7681521953251895,1.459586566031574,0.2231529414345989,0.0520240679241021,14.429953484539912,fresh_cash,2019-01-01,,,,50,event,0.5,3,100000.0,0.0025,0.01,True,2019
A2_event__fresh2019,A2_event,diagnostics,2019,2019-01-02,2019-12-31,252,1.1531819519559083,-0.1116470740260749,3.1534936817974355,1.1531819519559083,0.3401954545671213,0.812986497388787,15.180903189088976,fresh_cash,2019-01-01,,,,50,event,0.5,3,100000.0,0.0025,0.01,True,2019
A2_event__fresh2019,A2_event,diagnostics,2020,2020-01-02,2020-12-31,253,0.5265721266383978,-0.4643808917089164,1.0855347022178374,0.52913688920982,0.1813082709311855,0.3452638557072123,11.8134401608294,fresh_cash,2019-01-01,,,,50,event,0.5,3,100000.0,0.0025,0.01,True,2019
A2_event__fresh2019,A2_event,diagnostics,2021,2021-01-04,2021-12-31,252,-0.0451916336488543,-0.4167844593261063,0.1011266697150079,-0.0451916336488543,0.2861550585808201,-0.3313466922296745,18.980422633821654,fresh_cash,2019-01-01,,,,50,event,0.5,3,100000.0,0.0025,0.01,True,2019
A2_event__fresh2019,A2_event,diagnostics,2022,2022-01-03,2022-12-30,251,-0.4019614603394931,-0.4431540540682549,-0.9264386300473234,-0.4007401687239786,-0.180528833522089,-0.221432626817404,26.42841216965696,fresh_cash,2019-01-01,,,,50,event,0.5,3,100000.0,0.0025,0.01,True,2019
A2_event__fresh2019,A2_event,diagnostics,2023,2023-01-03,2023-12-29,250,0.077375368325258,-0.3483591148425953,0.3873129932924554,0.0767382988958305,0.2494116142532503,-0.1720362459279922,13.096476005432288,fresh_cash,2019-01-01,,,,50,event,0.5,3,100000.0,0.0025,0.01,True,2019
A2_event__fresh2019,A2_event,diagnostics,2024,2024-01-02,2024-12-31,252,0.8964161898223708,-0.2567077261868455,1.766714787457421,0.8964161898223708,0.2643074461050603,0.6321087437173105,13.209837889184538,fresh_cash,2019-01-01,,,,50,event,0.5,3,100000.0,0.0025,0.01,True,2019
A2_event__fresh2019,A2_event,diagnostics,2025,2025-01-02,2025-12-31,250,0.0817111480035974,-0.4551246469767799,0.4097415401541466,0.0810370555968817,0.1785790013706134,-0.0968678533670159,14.635112033417126,fresh_cash,2019-01-01,,,,50,event,0.5,3,100000.0,0.0025,0.01,True,2019
A2_event__fresh2019,A2_event,diagnostics,2026,2026-01-02,2026-09-22,181,0.1625334001300236,-0.3441453372008953,0.5480078397927539,0.1142373603980531,0.193982242745804,-0.0314488426157804,17.68712952093303,fresh_cash,2019-01-01,,,,50,event,0.5,3,100000.0,0.0025,0.01,True,2019
A2_event__fresh2020,A2_event,diagnostics,full,2020-01-02,2026-09-22,1689,0.2156941820495916,-0.6159386936289485,0.6552739723449342,2.702755445475072,0.1551029114210942,0.0605912706284974,16.94149993598279,fresh_cash,2020-01-01,,,,50,event,0.5,3,100000.0,0.0025,0.01,True,2020
A2_event__fresh2020,A2_event,diagnostics,2017_2022,2020-01-02,2022-12-30,756,0.1456805215429371,-0.5611955750648874,0.5244545109292685,0.5038017583640173,0.0763169411184632,0.0693635804244738,19.18275807640185,fresh_cash,2020-01-01,,,,50,event,0.5,3,100000.0,0.0025,0.01,True,2020
A2_event__fresh2020,A2_event,diagnostics,2023_2026,2023-01-03,2026-09-22,933,0.2755516485243201,-0.4225670004478062,0.7669162242537315,1.4622630109857688,0.2231529414345989,0.0523987070897211,15.125432246640022,fresh_cash,2020-01-01,,,,50,event,0.5,3,100000.0,0.0025,0.01,True,2020
A2_event__fresh2020,A2_event,diagnostics,2020,2020-01-02,2020-12-31,253,0.9482664511810686,-0.4939475833131986,1.4854137864422208,0.9534295375245854,0.1813082709311855,0.766958180249883,18.27332657709186,fresh_cash,2020-01-01,,,,50,event,0.5,3,100000.0,0.0025,0.01,True,2020
A2_event__fresh2020,A2_event,diagnostics,2021,2021-01-04,2021-12-31,252,0.0330647040816565,-0.4102357948932367,0.2915876842589167,0.0330647040816565,0.2861550585808201,-0.2530903544991636,16.464010813717227,fresh_cash,2020-01-01,,,,50,event,0.5,3,100000.0,0.0025,0.01,True,2020
A2_event__fresh2020,A2_event,diagnostics,2022,2022-01-03,2022-12-30,251,-0.2556856171106273,-0.3348548978606359,-0.4918789439419807,-0.2548129236968468,-0.180528833522089,-0.0751567835885382,22.82901496692755,fresh_cash,2020-01-01,,,,50,event,0.5,3,100000.0,0.0025,0.01,True,2020
A2_event__fresh2020,A2_event,diagnostics,2023,2023-01-03,2023-12-29,250,0.0869129005932061,-0.3318853198920248,0.4116693570788988,0.086194210319384,0.2494116142532503,-0.1624987136600442,14.263745005021956,fresh_cash,2020-01-01,,,,50,event,0.5,3,100000.0,0.0025,0.01,True,2020
A2_event__fresh2020,A2_event,diagnostics,2024,2024-01-02,2024-12-31,252,0.7972223633058657,-0.2887879065714094,1.5811812603530917,0.7972223633058657,0.2643074461050603,0.5329149172008054,14.514371330730812,fresh_cash,2020-01-01,,,,50,event,0.5,3,100000.0,0.0025,0.01,True,2020
A2_event__fresh2020,A2_event,diagnostics,2025,2025-01-02,2025-12-31,250,0.1820931348815284,-0.4225670004478068,0.5824900764000737,0.1805247439515971,0.1785790013706134,0.003514133510915,14.5458537962116,fresh_cash,2020-01-01,,,,50,event,0.5,3,100000.0,0.0025,0.01,True,2020
A2_event__fresh2020,A2_event,diagnostics,2026,2026-01-02,2026-09-22,181,0.0965481148934859,-0.3535260355958725,0.4312158681850392,0.0684397795725755,0.193982242745804,-0.097434127852318,17.966889560566774,fresh_cash,2020-01-01,,,,50,event,0.5,3,100000.0,0.0025,0.01,True,2020
A2_event__fresh2021,A2_event,diagnostics,full,2021-01-04,2026-09-22,1436,0.121929514623613,-0.6705124436882783,0.4806473302882034,0.9263023595795694,0.1505465532613841,-0.028617038637771,18.38038011545645,fresh_cash,2021-01-01,,,,50,event,0.5,3,100000.0,0.0025,0.01,True,2021
A2_event__fresh2021,A2_event,diagnostics,2017_2022,2021-01-04,2022-12-30,503,-0.2852366267069077,-0.6219945654588469,-0.5568664816472908,-0.4884320820547365,0.0270890421995209,-0.3123256689064286,25.64995696952801,fresh_cash,2021-01-01,,,,50,event,0.5,3,100000.0,0.0025,0.01,True,2021
A2_event__fresh2021,A2_event,diagnostics,2023_2026,2023-01-03,2026-09-22,933,0.4306297683879772,-0.4444563587378883,0.995860394035386,2.765487029203576,0.2231529414345989,0.2074768269533782,14.461197738609728,fresh_cash,2021-01-01,,,,50,event,0.5,3,100000.0,0.0025,0.01,True,2021
A2_event__fresh2021,A2_event,diagnostics,2021,2021-01-04,2021-12-31,252,-0.2930464437627444,-0.488678011717878,-0.5895673079140221,-0.2930464437627444,0.2861550585808201,-0.5792015023435646,27.97245010992093,fresh_cash,2021-01-01,,,,50,event,0.5,3,100000.0,0.0025,0.01,True,2021
A2_event__fresh2021,A2_event,diagnostics,2022,2022-01-03,2022-12-30,251,-0.2773089011268094,-0.3416115138692351,-0.5235385806020543,-0.2763769084519882,-0.180528833522089,-0.0967800676047203,23.318210868416383,fresh_cash,2021-01-01,,,,50,event,0.5,3,100000.0,0.0025,0.01,True,2021
A2_event__fresh2021,A2_event,diagnostics,2023,2023-01-03,2023-12-29,250,0.0980630447991839,-0.329843821796591,0.4404531998052265,0.0972480986524446,0.2494116142532503,-0.1513485694540663,13.449555587511805,fresh_cash,2021-01-01,,,,50,event,0.5,3,100000.0,0.0025,0.01,True,2021
A2_event__fresh2021,A2_event,diagnostics,2024,2024-01-02,2024-12-31,252,0.8862588880130644,-0.2870628062374396,1.724657847122517,0.8862588880130644,0.2643074461050603,0.6219514419080041,14.221396840410025,fresh_cash,2021-01-01,,,,50,event,0.5,3,100000.0,0.0025,0.01,True,2021
A2_event__fresh2021,A2_event,diagnostics,2025,2025-01-02,2025-12-31,250,0.5065242532679879,-0.4310422402598912,1.0119371983986485,0.5016323601277817,0.1785790013706134,0.3279452518973744,14.139298566330003,fresh_cash,2021-01-01,,,,50,event,0.5,3,100000.0,0.0025,0.01,True,2021
A2_event__fresh2021,A2_event,diagnostics,2026,2026-01-02,2026-09-22,181,0.3063130171361408,-0.3348216496394924,0.762290972788261,0.2115780622499847,0.193982242745804,0.1123307743903367,16.636972087729813,fresh_cash,2021-01-01,,,,50,event,0.5,3,100000.0,0.0025,0.01,True,2021
A2_event__fresh2022,A2_event,diagnostics,full,2022-01-03,2026-09-22,1184,0.2317530204838198,-0.4994939113744882,0.6800420113778948,1.6626703392932618,0.1235829931174639,0.1081700273663559,17.46903794443407,fresh_cash,2022-01-01,,,,50,event,0.5,3,100000.0,0.0025,0.01,True,2022
A2_event__fresh2022,A2_event,diagnostics,2017_2022,2022-01-03,2022-12-30,251,-0.2968392336336233,-0.403979840014906,-0.5916931601750794,-0.2958558802663397,-0.180528833522089,-0.1163104001115342,29.17324705648245,fresh_cash,2022-01-01,,,,50,event,0.5,3,100000.0,0.0025,0.01,True,2022
A2_event__fresh2022,A2_event,diagnostics,2023_2026,2023-01-03,2026-09-22,933,0.4322630902862108,-0.4129466370291449,0.9948670596311506,2.7814280694418225,0.2231529414345989,0.2091101488516118,14.320317165094153,fresh_cash,2022-01-01,,,,50,event,0.5,3,100000.0,0.0025,0.01,True,2022
A2_event__fresh2022,A2_event,diagnostics,2022,2022-01-03,2022-12-30,251,-0.2968392336336233,-0.403979840014906,-0.5916931601750794,-0.2958558802663397,-0.180528833522089,-0.1163104001115342,29.17324705648245,fresh_cash,2022-01-01,,,,50,event,0.5,3,100000.0,0.0025,0.01,True,2022
A2_event__fresh2022,A2_event,diagnostics,2023,2023-01-03,2023-12-29,250,0.0804789083539312,-0.3496200245364138,0.3955172036621189,0.079815351905385,0.2494116142532503,-0.168932705899319,12.864722595839456,fresh_cash,2022-01-01,,,,50,event,0.5,3,100000.0,0.0025,0.01,True,2022
A2_event__fresh2022,A2_event,diagnostics,2024,2024-01-02,2024-12-31,252,1.1248952587779528,-0.2841229688689233,1.963692912564702,1.1248952587779528,0.2643074461050603,0.8605878126728925,13.746102106577547,fresh_cash,2022-01-01,,,,50,event,0.5,3,100000.0,0.0025,0.01,True,2022
A2_event__fresh2022,A2_event,diagnostics,2025,2025-01-02,2025-12-31,250,0.4298645772746463,-0.4051078443048652,0.9146987573647324,0.4258124678859902,0.1785790013706134,0.2512855759040329,13.80617653714204,fresh_cash,2022-01-01,,,,50,event,0.5,3,100000.0,0.0025,0.01,True,2022
A2_event__fresh2022,A2_event,diagnostics,2026,2026-01-02,2026-09-22,181,0.2234392400822782,-0.3271578849108789,0.6422381108799825,0.1558631293796308,0.193982242745804,0.0294569973364742,17.840405529999597,fresh_cash,2022-01-01,,,,50,event,0.5,3,100000.0,0.0025,0.01,True,2022
A2_event__fresh2023,A2_event,diagnostics,full,2023-01-03,2026-09-22,933,0.3988026399210238,-0.3663825651804915,0.9442616026079108,2.464542388308613,0.2231529414345989,0.1756496984864248,17.136104940479655,fresh_cash,2023-01-01,,,,50,event,0.5,3,100000.0,0.0025,0.01,True,2023
A2_event__fresh2023,A2_event,diagnostics,2023_2026,2023-01-03,2026-09-22,933,0.3988026399210238,-0.3663825651804915,0.9442616026079108,2.464542388308613,0.2231529414345989,0.1756496984864248,17.136104940479655,fresh_cash,2023-01-01,,,,50,event,0.5,3,100000.0,0.0025,0.01,True,2023
A2_event__fresh2023,A2_event,diagnostics,2023,2023-01-03,2023-12-29,250,0.1671289349635045,-0.3481544035007864,0.5977729611830784,0.1656982563713134,0.2494116142532503,-0.0822826792897457,22.6462591557802,fresh_cash,2023-01-01,,,,50,event,0.5,3,100000.0,0.0025,0.01,True,2023
A2_event__fresh2023,A2_event,diagnostics,2024,2024-01-02,2024-12-31,252,0.9733383950254926,-0.3091118578220885,1.6835055475882332,0.9733383950254926,0.2643074461050603,0.7090309489204323,14.130775946597758,fresh_cash,2023-01-01,,,,50,event,0.5,3,100000.0,0.0025,0.01,True,2023
A2_event__fresh2023,A2_event,diagnostics,2025,2025-01-02,2025-12-31,250,0.5201416450730056,-0.3645011528570192,1.038192451473713,0.5150973292384902,0.1785790013706134,0.3415626437023922,13.822965894021836,fresh_cash,2023-01-01,,,,50,event,0.5,3,100000.0,0.0025,0.01,True,2023
A2_event__fresh2023,A2_event,diagnostics,2026,2026-01-02,2026-09-22,181,-0.0082444001082683,-0.3663825651804915,0.2305513255944592,-0.0059284748281589,0.193982242745804,-0.2022266428540723,18.285768555107047,fresh_cash,2023-01-01,,,,50,event,0.5,3,100000.0,0.0025,0.01,True,2023
A2_quarter__fresh2018,A2_quarter,diagnostics,full,2018-01-02,2026-09-22,2192,0.3090988026711159,-0.5840990245772664,0.867825373217656,9.410568176505134,0.1470062225581181,0.1620925801129977,9.284742957101388,fresh_cash,2018-01-01,,,,50,quarter,0.5,3,100000.0,0.0025,0.01,True,2018
A2_quarter__fresh2018,A2_quarter,diagnostics,2017_2022,2018-01-02,2022-12-30,1259,0.1639922424346738,-0.5604810038565821,0.6082992280196395,1.135446635241944,0.0936515438773053,0.0703406985573684,10.336697210642384,fresh_cash,2018-01-01,,,,50,quarter,0.5,3,100000.0,0.0025,0.01,True,2018
A2_quarter__fresh2018,A2_quarter,diagnostics,2023_2026,2023-01-03,2026-09-22,933,0.533989923437205,-0.4187198179251526,1.1490393324378223,3.875124484356703,0.2231529414345989,0.310836982002606,7.865224837907269,fresh_cash,2018-01-01,,,,50,quarter,0.5,3,100000.0,0.0025,0.01,True,2018
A2_quarter__fresh2018,A2_quarter,diagnostics,2018,2018-01-02,2018-12-31,251,-0.0112305849912601,-0.3096624821171857,0.0953953837194739,-0.011186269376935,-0.0642984107744514,0.0530678257831912,11.483491005562032,fresh_cash,2018-01-01,,,,50,quarter,0.5,3,100000.0,0.0025,0.01,True,2018
A2_quarter__fresh2018,A2_quarter,diagnostics,2019,2019-01-02,2019-12-31,252,0.7562935121618506,-0.1190526333042494,2.6188523959113645,0.7562935121618506,0.3401954545671213,0.4160980575947293,7.256844004714328,fresh_cash,2018-01-01,,,,50,quarter,0.5,3,100000.0,0.0025,0.01,True,2018
A2_quarter__fresh2018,A2_quarter,diagnostics,2020,2020-01-02,2020-12-31,253,0.5794883527849051,-0.3932835472919499,1.241581446290868,0.582355975214133,0.1813082709311855,0.3981800818537195,8.269937604852897,fresh_cash,2018-01-01,,,,50,quarter,0.5,3,100000.0,0.0025,0.01,True,2018
A2_quarter__fresh2018,A2_quarter,diagnostics,2021,2021-01-04,2021-12-31,252,-0.0359986110153466,-0.4219151065331538,0.1038023521048951,-0.0359986110153466,0.2861550585808201,-0.3221536695961667,10.887257430739648,fresh_cash,2018-01-01,,,,50,quarter,0.5,3,100000.0,0.0025,0.01,True,2018
A2_quarter__fresh2018,A2_quarter,diagnostics,2022,2022-01-03,2022-12-30,251,-0.1945800934173073,-0.29522370733942,-0.4067944414473401,-0.1938881851466678,-0.180528833522089,-0.0140512598952182,13.812501075858597,fresh_cash,2018-01-01,,,,50,quarter,0.5,3,100000.0,0.0025,0.01,True,2018
A2_quarter__fresh2018,A2_quarter,diagnostics,2023,2023-01-03,2023-12-29,250,0.1401572758766462,-0.3341714874711705,0.5551721864361077,0.1389709877854086,0.2494116142532503,-0.109254338376604,7.817454230519621,fresh_cash,2018-01-01,,,,50,quarter,0.5,3,100000.0,0.0025,0.01,True,2018
A2_quarter__fresh2018,A2_quarter,diagnostics,2024,2024-01-02,2024-12-31,252,1.5838772631875837,-0.2245431949275825,2.074536698116634,1.5838772631875837,0.2643074461050603,1.3195698170825232,6.76303066958406,fresh_cash,2018-01-01,,,,50,quarter,0.5,3,100000.0,0.0025,0.01,True,2018
A2_quarter__fresh2018,A2_quarter,diagnostics,2025,2025-01-02,2025-12-31,250,0.3175216225719031,-0.3906857323688087,0.797096712460255,0.3146413646126325,0.1785790013706134,0.1389426212012896,7.834897659140524,fresh_cash,2018-01-01,,,,50,quarter,0.5,3,100000.0,0.0025,0.01,True,2018
A2_quarter__fresh2018,A2_quarter,diagnostics,2026,2026-01-02,2026-09-22,181,0.3796689713716454,-0.2659927499934998,0.9121864893601046,0.260067686495985,0.193982242745804,0.1856867286258414,9.507641285178249,fresh_cash,2018-01-01,,,,50,quarter,0.5,3,100000.0,0.0025,0.01,True,2018
A2_quarter__fresh2019,A2_quarter,diagnostics,full,2019-01-02,2026-09-22,1941,0.3780720364216476,-0.6511659125648968,0.9589711916259632,10.82293726797879,0.1776083447700516,0.200463691651596,9.806174831906748,fresh_cash,2019-01-01,,,,50,quarter,0.5,3,100000.0,0.0025,0.01,True,2019
A2_quarter__fresh2019,A2_quarter,diagnostics,2017_2022,2019-01-02,2022-12-30,1008,0.2521846793554694,-0.6104255717533928,0.7758089837003104,1.458518854846767,0.1369651872411974,0.1152194921142719,11.518424110547588,fresh_cash,2019-01-01,,,,50,quarter,0.5,3,100000.0,0.0025,0.01,True,2019
A2_quarter__fresh2019,A2_quarter,diagnostics,2023_2026,2023-01-03,2026-09-22,933,0.5283393327838726,-0.433365034840741,1.1291760151896255,3.808967498732362,0.2231529414345989,0.3051863913492736,7.956284936011818,fresh_cash,2019-01-01,,,,50,quarter,0.5,3,100000.0,0.0025,0.01,True,2019
A2_quarter__fresh2019,A2_quarter,diagnostics,2019,2019-01-02,2019-12-31,252,1.132396789909667,-0.121507114991179,3.138119873314719,1.132396789909667,0.3401954545671213,0.7922013353425457,11.703435181997603,fresh_cash,2019-01-01,,,,50,quarter,0.5,3,100000.0,0.0025,0.01,True,2019
A2_quarter__fresh2019,A2_quarter,diagnostics,2020,2020-01-02,2020-12-31,253,0.7053377291977827,-0.4112792097741956,1.3707262209181017,0.708953646491588,0.1813082709311855,0.5240294582665972,7.555728561083206,fresh_cash,2019-01-01,,,,50,quarter,0.5,3,100000.0,0.0025,0.01,True,2019
A2_quarter__fresh2019,A2_quarter,diagnostics,2021,2021-01-04,2021-12-31,252,-0.0335778314134874,-0.434509151145741,0.1237961971818322,-0.0335778314134874,0.2861550585808201,-0.3197328899943076,11.330628509212888,fresh_cash,2019-01-01,,,,50,quarter,0.5,3,100000.0,0.0025,0.01,True,2019
A2_quarter__fresh2019,A2_quarter,diagnostics,2022,2022-01-03,2022-12-30,251,-0.3029138124251156,-0.3667388100519853,-0.7752266974811688,-0.3019149191839294,-0.180528833522089,-0.1223849789030265,15.515490546983555,fresh_cash,2019-01-01,,,,50,quarter,0.5,3,100000.0,0.0025,0.01,True,2019
A2_quarter__fresh2019,A2_quarter,diagnostics,2023,2023-01-03,2023-12-29,250,0.1302173066176331,-0.3255652283057976,0.5324760457129333,0.1291198254349252,0.2494116142532503,-0.1191943076356172,8.316641254135016,fresh_cash,2019-01-01,,,,50,quarter,0.5,3,100000.0,0.0025,0.01,True,2019
A2_quarter__fresh2019,A2_quarter,diagnostics,2024,2024-01-02,2024-12-31,252,1.6114138854617894,-0.2385891321312471,2.046750613618869,1.6114138854617894,0.2643074461050603,1.3471064393567291,6.714970854997247,fresh_cash,2019-01-01,,,,50,quarter,0.5,3,100000.0,0.0025,0.01,True,2019
A2_quarter__fresh2019,A2_quarter,diagnostics,2025,2025-01-02,2025-12-31,250,0.4664985352426591,-0.404969229364464,0.9943236165798084,0.4620490335246936,0.1785790013706134,0.2879195338720457,7.110470677905027,fresh_cash,2019-01-01,,,,50,quarter,0.5,3,100000.0,0.0025,0.01,True,2019
A2_quarter__fresh2019,A2_quarter,diagnostics,2026,2026-01-02,2026-09-22,181,0.1643850566856235,-0.3255763315104087,0.5563994311379823,0.1155117826823433,0.193982242745804,-0.0295971860601804,10.355045341600606,fresh_cash,2019-01-01,,,,50,quarter,0.5,3,100000.0,0.0025,0.01,True,2019
A2_quarter__fresh2020,A2_quarter,diagnostics,full,2020-01-02,2026-09-22,1689,0.2329686844334959,-0.6331633312495666,0.6938645684001408,3.070007998589875,0.1551029114210942,0.0778657730124017,10.129530405084571,fresh_cash,2020-01-01,,,,50,quarter,0.5,3,100000.0,0.0025,0.01,True,2020
A2_quarter__fresh2020,A2_quarter,diagnostics,2017_2022,2020-01-02,2022-12-30,756,0.1619240018950838,-0.5890437968307451,0.5586993569515025,0.5686757001781695,0.0763169411184632,0.0856070607766206,11.983945007958033,fresh_cash,2020-01-01,,,,50,quarter,0.5,3,100000.0,0.0025,0.01,True,2020
A2_quarter__fresh2020,A2_quarter,diagnostics,2023_2026,2023-01-03,2026-09-22,933,0.2937093203102576,-0.4322517421963333,0.8060952791958794,1.5945502936824956,0.2231529414345989,0.0705563788756586,8.626917929444337,fresh_cash,2020-01-01,,,,50,quarter,0.5,3,100000.0,0.0025,0.01,True,2020
A2_quarter__fresh2020,A2_quarter,diagnostics,2020,2020-01-02,2020-12-31,253,0.997087344532954,-0.4590494588686473,1.57440608470299,1.0025764812397404,0.1813082709311855,0.8157790736017685,12.13492668391295,fresh_cash,2020-01-01,,,,50,quarter,0.5,3,100000.0,0.0025,0.01,True,2020
A2_quarter__fresh2020,A2_quarter,diagnostics,2021,2021-01-04,2021-12-31,252,-0.0076167013192133,-0.4637625536179812,0.2057402629585807,-0.0076167013192133,0.2861550585808201,-0.2937717599000334,10.028596099220415,fresh_cash,2020-01-01,,,,50,quarter,0.5,3,100000.0,0.0025,0.01,True,2020
A2_quarter__fresh2020,A2_quarter,diagnostics,2022,2022-01-03,2022-12-30,251,-0.2114026621296285,-0.2963585702124096,-0.4664185946315495,-0.2106590918687438,-0.180528833522089,-0.0308738286075395,13.794899434194226,fresh_cash,2020-01-01,,,,50,quarter,0.5,3,100000.0,0.0025,0.01,True,2020
A2_quarter__fresh2020,A2_quarter,diagnostics,2023,2023-01-03,2023-12-29,250,0.0969395324352013,-0.3215575546805995,0.4403121503435088,0.0961343257456135,0.2494116142532503,-0.1524720818180489,8.85642045816694,fresh_cash,2020-01-01,,,,50,quarter,0.5,3,100000.0,0.0025,0.01,True,2020
A2_quarter__fresh2020,A2_quarter,diagnostics,2024,2024-01-02,2024-12-31,252,0.8843829481327752,-0.2333189026379267,1.6951224017625974,0.8843829481327752,0.2643074461050603,0.6200755020277149,7.61066172778492,fresh_cash,2020-01-01,,,,50,quarter,0.5,3,100000.0,0.0025,0.01,True,2020
A2_quarter__fresh2020,A2_quarter,diagnostics,2025,2025-01-02,2025-12-31,250,0.2754082132953299,-0.417284547152596,0.7241279702022162,0.2729481774854643,0.1785790013706134,0.0968292119247165,8.503761984673407,fresh_cash,2020-01-01,,,,50,quarter,0.5,3,100000.0,0.0025,0.01,True,2020
A2_quarter__fresh2020,A2_quarter,diagnostics,2026,2026-01-02,2026-09-22,181,-0.018363911452726,-0.2971733708884652,0.174206627880971,-0.0132243449704692,0.193982242745804,-0.2123461541985301,9.894928519666744,fresh_cash,2020-01-01,,,,50,quarter,0.5,3,100000.0,0.0025,0.01,True,2020
A2_quarter__fresh2021,A2_quarter,diagnostics,full,2021-01-04,2026-09-22,1436,0.1588160343257874,-0.6338114678290532,0.5525885095898637,1.3162264457205048,0.1505465532613841,0.0082694810644032,11.677859297356818,fresh_cash,2021-01-01,,,,50,quarter,0.5,3,100000.0,0.0025,0.01,True,2021
A2_quarter__fresh2021,A2_quarter,diagnostics,2017_2022,2021-01-04,2022-12-30,503,-0.2519136134973314,-0.5924493595558789,-0.5605731390387609,-0.4397218387147591,0.0270890421995209,-0.2790026556968523,16.712377359947318,fresh_cash,2021-01-01,,,,50,quarter,0.5,3,100000.0,0.0025,0.01,True,2021
A2_quarter__fresh2021,A2_quarter,diagnostics,2023_2026,2023-01-03,2026-09-22,933,0.4671730275227743,-0.480077512104613,1.041282692029363,3.13406519434424,0.2231529414345989,0.2440200860881753,8.963644307557223,fresh_cash,2021-01-01,,,,50,quarter,0.5,3,100000.0,0.0025,0.01,True,2021
A2_quarter__fresh2021,A2_quarter,diagnostics,2021,2021-01-04,2021-12-31,252,-0.2821433555264063,-0.4708105591894833,-0.635277347312742,-0.2821433555264063,0.2861550585808201,-0.5682984141072265,18.89252930401235,fresh_cash,2021-01-01,,,,50,quarter,0.5,3,100000.0,0.0025,0.01,True,2021
A2_quarter__fresh2021,A2_quarter,diagnostics,2022,2022-01-03,2022-12-30,251,-0.2202827375760275,-0.2981651424930328,-0.480210767666746,-0.2195124672892113,-0.180528833522089,-0.0397539040539385,14.523539551563305,fresh_cash,2021-01-01,,,,50,quarter,0.5,3,100000.0,0.0025,0.01,True,2021
A2_quarter__fresh2021,A2_quarter,diagnostics,2023,2023-01-03,2023-12-29,250,0.1119485526611399,-0.318862027392404,0.480681364121597,0.1110124926732016,0.2494116142532503,-0.1374630615921104,8.706436918575372,fresh_cash,2021-01-01,,,,50,quarter,0.5,3,100000.0,0.0025,0.01,True,2021
A2_quarter__fresh2021,A2_quarter,diagnostics,2024,2024-01-02,2024-12-31,252,1.3016968632217658,-0.2511623758010978,1.838730163078171,1.3016968632217658,0.2643074461050603,1.0373894171167055,8.356770204883968,fresh_cash,2021-01-01,,,,50,quarter,0.5,3,100000.0,0.0025,0.01,True,2021
A2_quarter__fresh2021,A2_quarter,diagnostics,2025,2025-01-02,2025-12-31,250,0.2782446304302433,-0.4473084316344216,0.7332119407886242,0.2757566310821897,0.1785790013706134,0.0996656290596298,9.095513070303271,fresh_cash,2021-01-01,,,,50,quarter,0.5,3,100000.0,0.0025,0.01,True,2021
A2_quarter__fresh2021,A2_quarter,diagnostics,2026,2026-01-02,2026-09-22,181,0.3905413883846433,-0.3000524990773112,0.9052503317919846,0.2671919887074474,0.193982242745804,0.1965591456388393,9.981693646963908,fresh_cash,2021-01-01,,,,50,quarter,0.5,3,100000.0,0.0025,0.01,True,2021
A2_quarter__fresh2022,A2_quarter,diagnostics,full,2022-01-03,2026-09-22,1184,0.2661417691384524,-0.4550004059209536,0.7377501549129021,2.030430367075301,0.1235829931174639,0.1425587760209885,10.94463804925895,fresh_cash,2022-01-01,,,,50,quarter,0.5,3,100000.0,0.0025,0.01,True,2022
A2_quarter__fresh2022,A2_quarter,diagnostics,2017_2022,2022-01-03,2022-12-30,251,-0.2182191747186613,-0.3326642168540281,-0.4269440414066466,-0.2174550734960065,-0.180528833522089,-0.0376903411965723,18.737338343379378,fresh_cash,2022-01-01,,,,50,quarter,0.5,3,100000.0,0.0025,0.01,True,2022
A2_quarter__fresh2022,A2_quarter,diagnostics,2023_2026,2023-01-03,2026-09-22,933,0.4415024260878275,-0.4550004059209535,0.9959570726291987,2.872532124914152,0.2231529414345989,0.2183494846532285,8.848209567132235,fresh_cash,2022-01-01,,,,50,quarter,0.5,3,100000.0,0.0025,0.01,True,2022
A2_quarter__fresh2022,A2_quarter,diagnostics,2022,2022-01-03,2022-12-30,251,-0.2182191747186613,-0.3326642168540281,-0.4269440414066466,-0.2174550734960065,-0.180528833522089,-0.0376903411965723,18.737338343379378,fresh_cash,2022-01-01,,,,50,quarter,0.5,3,100000.0,0.0025,0.01,True,2022
A2_quarter__fresh2022,A2_quarter,diagnostics,2023,2023-01-03,2023-12-29,250,0.0955871121382851,-0.3374479065350189,0.4385750798663156,0.0947936172440775,0.2494116142532503,-0.1538245021149651,8.386139646568846,fresh_cash,2022-01-01,,,,50,quarter,0.5,3,100000.0,0.0025,0.01,True,2022
A2_quarter__fresh2022,A2_quarter,diagnostics,2024,2024-01-02,2024-12-31,252,1.4738703953509122,-0.247632183843982,1.93712476750494,1.4738703953509122,0.2643074461050603,1.209562949245852,7.857874134056308,fresh_cash,2022-01-01,,,,50,quarter,0.5,3,100000.0,0.0025,0.01,True,2022
A2_quarter__fresh2022,A2_quarter,diagnostics,2025,2025-01-02,2025-12-31,250,0.290089481389163,-0.4235602412561271,0.7416020678745258,0.2874841733012905,0.1785790013706134,0.1115104800185495,8.777865335140916,fresh_cash,2022-01-01,,,,50,quarter,0.5,3,100000.0,0.0025,0.01,True,2022
A2_quarter__fresh2022,A2_quarter,diagnostics,2026,2026-01-02,2026-09-22,181,0.1572021405964931,-0.3143987745843491,0.5423777311943792,0.1105648658187739,0.193982242745804,-0.0367801021493108,10.962397784114618,fresh_cash,2022-01-01,,,,50,quarter,0.5,3,100000.0,0.0025,0.01,True,2022
A2_quarter__fresh2023,A2_quarter,diagnostics,full,2023-01-03,2026-09-22,933,0.5804034561869673,-0.4395880091344085,1.1637937711681088,4.443957786253901,0.2231529414345989,0.3572505147523683,10.18110270144531,fresh_cash,2023-01-01,,,,50,quarter,0.5,3,100000.0,0.0025,0.01,True,2023
A2_quarter__fresh2023,A2_quarter,diagnostics,2023_2026,2023-01-03,2026-09-22,933,0.5804034561869673,-0.4395880091344085,1.1637937711681088,4.443957786253901,0.2231529414345989,0.3572505147523683,10.18110270144531,fresh_cash,2023-01-01,,,,50,quarter,0.5,3,100000.0,0.0025,0.01,True,2023
A2_quarter__fresh2023,A2_quarter,diagnostics,2023,2023-01-03,2023-12-29,250,0.115437300150341,-0.3436343562888373,0.4805520467156832,0.1144705950931757,0.2494116142532503,-0.1339743141029092,14.922010107026445,fresh_cash,2023-01-01,,,,50,quarter,0.5,3,100000.0,0.0025,0.01,True,2023
A2_quarter__fresh2023,A2_quarter,diagnostics,2024,2024-01-02,2024-12-31,252,1.8588077394610925,-0.2557366601889306,2.137715953602876,1.8588077394610925,0.2643074461050603,1.5945002933560322,6.984660964656738,fresh_cash,2023-01-01,,,,50,quarter,0.5,3,100000.0,0.0025,0.01,True,2023
A2_quarter__fresh2023,A2_quarter,diagnostics,2025,2025-01-02,2025-12-31,250,0.4669135228143324,-0.4148301219787506,0.9653004875271196,0.4624594779629465,0.1785790013706134,0.2883345214437189,8.677434291911974,fresh_cash,2023-01-01,,,,50,quarter,0.5,3,100000.0,0.0025,0.01,True,2023
A2_quarter__fresh2023,A2_quarter,diagnostics,2026,2026-01-02,2026-09-22,181,0.2418970172235734,-0.2979036278726858,0.6902800399555858,0.168361786389386,0.193982242745804,0.0479147744777694,10.160072694035202,fresh_cash,2023-01-01,,,,50,quarter,0.5,3,100000.0,0.0025,0.01,True,2023
A2_week__fresh2018,A2_week,diagnostics,full,2018-01-02,2026-09-22,2192,0.2059991442672659,-0.587767123251826,0.6711676271455126,4.100230155044648,0.1470062225581181,0.0589929217091478,13.984955936403288,fresh_cash,2018-01-01,,,,50,week,0.5,3,100000.0,0.0025,0.01,True,2018
A2_week__fresh2018,A2_week,diagnostics,2017_2022,2018-01-02,2022-12-30,1259,0.1157831588008835,-0.5610305947052988,0.4838708024039653,0.7286624625833669,0.0936515438773053,0.0221316149235781,14.9201393715997,fresh_cash,2018-01-01,,,,50,week,0.5,3,100000.0,0.0025,0.01,True,2018
A2_week__fresh2018,A2_week,diagnostics,2023_2026,2023-01-03,2026-09-22,933,0.3394077600673821,-0.4522366244876376,0.8876451360674011,1.9503909903977004,0.2231529414345989,0.1162548186327832,12.72300958601499,fresh_cash,2018-01-01,,,,50,week,0.5,3,100000.0,0.0025,0.01,True,2018
A2_week__fresh2018,A2_week,diagnostics,2018,2018-01-02,2018-12-31,251,-0.0469849073695235,-0.3215806069847036,-0.0253546184377275,-0.0468028923256425,-0.0642984107744514,0.0173135034049278,15.403662360657842,fresh_cash,2018-01-01,,,,50,week,0.5,3,100000.0,0.0025,0.01,True,2018
A2_week__fresh2018,A2_week,diagnostics,2019,2019-01-02,2019-12-31,252,0.7834272575575432,-0.1081301897296663,2.7107612692475365,0.7834272575575432,0.3401954545671213,0.4432318029904218,9.64258782216329,fresh_cash,2018-01-01,,,,50,week,0.5,3,100000.0,0.0025,0.01,True,2018
A2_week__fresh2018,A2_week,diagnostics,2020,2020-01-02,2020-12-31,253,0.432556750099119,-0.3837869416147292,1.0402647126290738,0.4346016525499745,0.1813082709311855,0.2512484791679334,12.47067976273252,fresh_cash,2018-01-01,,,,50,week,0.5,3,100000.0,0.0025,0.01,True,2018
A2_week__fresh2018,A2_week,diagnostics,2021,2021-01-04,2021-12-31,252,-0.048775525104422,-0.4007637990497324,0.0891315837075147,-0.048775525104422,0.2861550585808201,-0.3349305836852422,16.483573908660283,fresh_cash,2018-01-01,,,,50,week,0.5,3,100000.0,0.0025,0.01,True,2018
A2_week__fresh2018,A2_week,diagnostics,2022,2022-01-03,2022-12-30,251,-0.2556986453204636,-0.337457931972017,-0.5237614999695391,-0.2548259154225826,-0.180528833522089,-0.0751698117983745,20.63450788916348,fresh_cash,2018-01-01,,,,50,week,0.5,3,100000.0,0.0025,0.01,True,2018
A2_week__fresh2018,A2_week,diagnostics,2023,2023-01-03,2023-12-29,250,0.172532038263141,-0.3329034510654812,0.6334966508902222,0.1710518090870412,0.2494116142532503,-0.0768795759901093,11.103415894783604,fresh_cash,2018-01-01,,,,50,week,0.5,3,100000.0,0.0025,0.01,True,2018
A2_week__fresh2018,A2_week,diagnostics,2024,2024-01-02,2024-12-31,252,0.9952882813478804,-0.2286918948111467,1.9143067784436183,0.9952882813478804,0.2643074461050603,0.7309808352428202,11.72715673711344,fresh_cash,2018-01-01,,,,50,week,0.5,3,100000.0,0.0025,0.01,True,2018
A2_week__fresh2018,A2_week,diagnostics,2025,2025-01-02,2025-12-31,250,0.1024993413951611,-0.4522366244876378,0.4451935037700654,0.1016458497919332,0.1785790013706134,-0.0760796599754523,12.860966640283864,fresh_cash,2018-01-01,,,,50,week,0.5,3,100000.0,0.0025,0.01,True,2018
A2_week__fresh2018,A2_week,diagnostics,2026,2026-01-02,2026-09-22,181,0.2092046281917834,-0.3181911014019531,0.6279237204050508,0.1461878732360637,0.193982242745804,0.0152223854459794,16.155960288577525,fresh_cash,2018-01-01,,,,50,week,0.5,3,100000.0,0.0025,0.01,True,2018
A2_week__fresh2019,A2_week,diagnostics,full,2019-01-02,2026-09-22,1941,0.2519636914909422,-0.6712223292892638,0.740754546527797,4.645321928000481,0.1776083447700516,0.0743553467208906,14.697041099996875,fresh_cash,2019-01-01,,,,50,week,0.5,3,100000.0,0.0025,0.01,True,2019
A2_week__fresh2019,A2_week,diagnostics,2017_2022,2019-01-02,2022-12-30,1008,0.1959258140854114,-0.6278460586650001,0.6477322286666721,1.045582317903579,0.1369651872411974,0.0589606268442139,16.190530365710245,fresh_cash,2019-01-01,,,,50,week,0.5,3,100000.0,0.0025,0.01,True,2019
A2_week__fresh2019,A2_week,diagnostics,2023_2026,2023-01-03,2026-09-22,933,0.3154607695756906,-0.4658321598395097,0.8320815916733283,1.7597627719944873,0.2231529414345989,0.0923078281410916,13.08349642707182,fresh_cash,2019-01-01,,,,50,week,0.5,3,100000.0,0.0025,0.01,True,2019
A2_week__fresh2019,A2_week,diagnostics,2019,2019-01-02,2019-12-31,252,1.1422501283876323,-0.1109513498430663,3.158961301936993,1.1422501283876323,0.3401954545671213,0.802054673820511,14.742148665917668,fresh_cash,2019-01-01,,,,50,week,0.5,3,100000.0,0.0025,0.01,True,2019
A2_week__fresh2019,A2_week,diagnostics,2020,2020-01-02,2020-12-31,253,0.6002225188112584,-0.4291189061955155,1.234692196569004,0.6032107535559899,0.1813082709311855,0.4189142478800729,11.452004326375626,fresh_cash,2019-01-01,,,,50,week,0.5,3,100000.0,0.0025,0.01,True,2019
A2_week__fresh2019,A2_week,diagnostics,2021,2021-01-04,2021-12-31,252,-0.0438199648864422,-0.4135106230872378,0.0967915415277238,-0.0438199648864422,0.2861550585808201,-0.3299750234672624,16.071148715118646,fresh_cash,2019-01-01,,,,50,week,0.5,3,100000.0,0.0025,0.01,True,2019
A2_week__fresh2019,A2_week,diagnostics,2022,2022-01-03,2022-12-30,251,-0.3782762798819377,-0.4202691612220387,-0.8862428380963495,-0.377102633500645,-0.180528833522089,-0.1977474463598486,22.54082300415036,fresh_cash,2019-01-01,,,,50,week,0.5,3,100000.0,0.0025,0.01,True,2019
A2_week__fresh2019,A2_week,diagnostics,2023,2023-01-03,2023-12-29,250,0.1197375711911108,-0.3422860334447445,0.4981321671993213,0.1187329745786207,0.2494116142532503,-0.1296740430621394,12.28592798233449,fresh_cash,2019-01-01,,,,50,week,0.5,3,100000.0,0.0025,0.01,True,2019
A2_week__fresh2019,A2_week,diagnostics,2024,2024-01-02,2024-12-31,252,0.8318513268214509,-0.2558198155511098,1.5863387586394035,0.8318513268214509,0.2643074461050603,0.5675438807163906,12.152895503719655,fresh_cash,2019-01-01,,,,50,week,0.5,3,100000.0,0.0025,0.01,True,2019
A2_week__fresh2019,A2_week,diagnostics,2025,2025-01-02,2025-12-31,250,0.1577028117247747,-0.4630074722212094,0.5416549350490726,0.1563581064214547,0.1785790013706134,-0.0208761896458387,12.38302226681817,fresh_cash,2019-01-01,,,,50,week,0.5,3,100000.0,0.0025,0.01,True,2019
A2_week__fresh2019,A2_week,diagnostics,2026,2026-01-02,2026-09-22,181,0.2362778273370582,-0.3058760120912597,0.672116089785294,0.1645623360524704,0.193982242745804,0.0422955845912542,16.448259321726464,fresh_cash,2019-01-01,,,,50,week,0.5,3,100000.0,0.0025,0.01,True,2019
A2_week__fresh2020,A2_week,diagnostics,full,2020-01-02,2026-09-22,1689,0.2747184355251408,-0.5669250824701882,0.7678449832507162,4.087759500863341,0.1551029114210942,0.1196155241040466,14.815391689067583,fresh_cash,2020-01-01,,,,50,week,0.5,3,100000.0,0.0025,0.01,True,2020
A2_week__fresh2020,A2_week,diagnostics,2017_2022,2020-01-02,2022-12-30,756,0.1768396711967019,-0.5383614343673522,0.5861382554582155,0.6298659993391496,0.0763169411184632,0.1005227300782387,17.303900413770613,fresh_cash,2020-01-01,,,,50,week,0.5,3,100000.0,0.0025,0.01,True,2020
A2_week__fresh2020,A2_week,diagnostics,2023_2026,2023-01-03,2026-09-22,933,0.3599685050462071,-0.425988145046517,0.9198059388143668,2.1215814692289108,0.2231529414345989,0.1368155636116081,12.798979474838768,fresh_cash,2020-01-01,,,,50,week,0.5,3,100000.0,0.0025,0.01,True,2020
A2_week__fresh2020,A2_week,diagnostics,2020,2020-01-02,2020-12-31,253,0.9494705937668392,-0.485576496170832,1.542749095561809,0.9546416636923902,0.1813082709311855,0.7681623228356536,17.011933971671002,fresh_cash,2020-01-01,,,,50,week,0.5,3,100000.0,0.0025,0.01,True,2020
A2_week__fresh2020,A2_week,diagnostics,2021,2021-01-04,2021-12-31,252,0.1001545632436078,-0.3743786943693072,0.4367120694077225,0.1001545632436078,0.2861550585808201,-0.1860004953372123,14.572136363354298,fresh_cash,2020-01-01,,,,50,week,0.5,3,100000.0,0.0025,0.01,True,2020
A2_week__fresh2020,A2_week,diagnostics,2022,2022-01-03,2022-12-30,251,-0.242903067937599,-0.3260034411431729,-0.4907073362899578,-0.242066602986011,-0.180528833522089,-0.06237423441551,20.340840854233203,fresh_cash,2020-01-01,,,,50,week,0.5,3,100000.0,0.0025,0.01,True,2020
A2_week__fresh2020,A2_week,diagnostics,2023,2023-01-03,2023-12-29,250,0.1717192222769312,-0.3331223927007196,0.631572018304535,0.170246459777718,0.2494116142532503,-0.077692391976319,11.0919675045076,fresh_cash,2020-01-01,,,,50,week,0.5,3,100000.0,0.0025,0.01,True,2020
A2_week__fresh2020,A2_week,diagnostics,2024,2024-01-02,2024-12-31,252,1.10660219049221,-0.2291337952768102,2.0153945095709664,1.10660219049221,0.2643074461050603,0.8422947443871498,11.759391522245602,fresh_cash,2020-01-01,,,,50,week,0.5,3,100000.0,0.0025,0.01,True,2020
A2_week__fresh2020,A2_week,diagnostics,2025,2025-01-02,2025-12-31,250,0.1797960680545027,-0.4259881450465168,0.579826700841201,0.1782489137930274,0.1785790013706134,0.0012170666838893,12.470429137808262,fresh_cash,2020-01-01,,,,50,week,0.5,3,100000.0,0.0025,0.01,True,2020
A2_week__fresh2020,A2_week,diagnostics,2026,2026-01-02,2026-09-22,181,0.1054699316372129,-0.3255927477353421,0.4472677544556293,0.0746765153821935,0.193982242745804,-0.088512311108591,17.057911744970802,fresh_cash,2020-01-01,,,,50,week,0.5,3,100000.0,0.0025,0.01,True,2020
A2_week__fresh2021,A2_week,diagnostics,full,2021-01-04,2026-09-22,1436,0.139176538855368,-0.6476873516218267,0.5158796273100622,1.101256434265057,0.1505465532613841,-0.011370014406016,16.451803547668824,fresh_cash,2021-01-01,,,,50,week,0.5,3,100000.0,0.0025,0.01,True,2021
A2_week__fresh2021,A2_week,diagnostics,2017_2022,2021-01-04,2022-12-30,503,-0.2693836219363592,-0.6067104504024358,-0.5396466289078807,-0.4655344440498413,0.0270890421995209,-0.2964726641358801,22.46107947491256,fresh_cash,2021-01-01,,,,50,week,0.5,3,100000.0,0.0025,0.01,True,2021
A2_week__fresh2021,A2_week,diagnostics,2023_2026,2023-01-03,2026-09-22,933,0.4473993499870417,-0.4511821609427268,1.0392309117005911,2.931509544201591,0.2231529414345989,0.2242464085524427,13.21207601133056,fresh_cash,2021-01-01,,,,50,week,0.5,3,100000.0,0.0025,0.01,True,2021
A2_week__fresh2021,A2_week,diagnostics,2021,2021-01-04,2021-12-31,252,-0.276066231646024,-0.4743141245686296,-0.5599617351225655,-0.276066231646024,0.2861550585808201,-0.5622212902268442,24.50140944394653,fresh_cash,2021-01-01,,,,50,week,0.5,3,100000.0,0.0025,0.01,True,2021
A2_week__fresh2021,A2_week,diagnostics,2022,2022-01-03,2022-12-30,251,-0.2626123314291099,-0.3288483240395462,-0.5181631907392404,-0.2617203681969637,-0.180528833522089,-0.0820834979070208,20.412620701221083,fresh_cash,2021-01-01,,,,50,week,0.5,3,100000.0,0.0025,0.01,True,2021
A2_week__fresh2021,A2_week,diagnostics,2023,2023-01-03,2023-12-29,250,0.1573610118682118,-0.3166119117580201,0.592130976394974,0.1560194127248622,0.2494116142532503,-0.0920506023850384,12.2531015824468,fresh_cash,2021-01-01,,,,50,week,0.5,3,100000.0,0.0025,0.01,True,2021
A2_week__fresh2021,A2_week,diagnostics,2024,2024-01-02,2024-12-31,252,1.0038126291872702,-0.2561719498555521,1.874898727724013,1.0038126291872702,0.2643074461050603,0.7395051830822099,13.107916517064194,fresh_cash,2021-01-01,,,,50,week,0.5,3,100000.0,0.0025,0.01,True,2021
A2_week__fresh2021,A2_week,diagnostics,2025,2025-01-02,2025-12-31,250,0.4221169584822499,-0.4406574241915151,0.9279313753306944,0.4181479548442868,0.1785790013706134,0.2435379571116365,12.67218878855063,fresh_cash,2021-01-01,,,,50,week,0.5,3,100000.0,0.0025,0.01,True,2021
A2_week__fresh2021,A2_week,diagnostics,2026,2026-01-02,2026-09-22,181,0.2841576443339628,-0.331101680283886,0.7392432259305384,0.1967833946212873,0.193982242745804,0.0901754015881588,15.42734454984462,fresh_cash,2021-01-01,,,,50,week,0.5,3,100000.0,0.0025,0.01,True,2021
A2_week__fresh2022,A2_week,diagnostics,full,2022-01-03,2026-09-22,1184,0.2380468775780622,-0.481409070849878,0.6948126990435566,1.727200811352975,0.1235829931174639,0.1144638844605983,15.690611034116046,fresh_cash,2022-01-01,,,,50,week,0.5,3,100000.0,0.0025,0.01,True,2022
A2_week__fresh2022,A2_week,diagnostics,2017_2022,2022-01-03,2022-12-30,251,-0.3091418994048629,-0.406697816867933,-0.6489998959774329,-0.3081272911432723,-0.180528833522089,-0.1286130658827738,25.40177754577708,fresh_cash,2022-01-01,,,,50,week,0.5,3,100000.0,0.0025,0.01,True,2022
A2_week__fresh2022,A2_week,diagnostics,2023_2026,2023-01-03,2026-09-22,933,0.4484183219297102,-0.4102267934296707,1.0278199166267403,2.9417667100346923,0.2231529414345989,0.2252653804951112,13.078067846091482,fresh_cash,2022-01-01,,,,50,week,0.5,3,100000.0,0.0025,0.01,True,2022
A2_week__fresh2022,A2_week,diagnostics,2022,2022-01-03,2022-12-30,251,-0.3091418994048629,-0.406697816867933,-0.6489998959774329,-0.3081272911432723,-0.180528833522089,-0.1286130658827738,25.40177754577708,fresh_cash,2022-01-01,,,,50,week,0.5,3,100000.0,0.0025,0.01,True,2022
A2_week__fresh2022,A2_week,diagnostics,2023,2023-01-03,2023-12-29,250,0.1240906245617321,-0.3433815858382204,0.5103593402359047,0.1230475389924212,0.2494116142532503,-0.1253209896915181,11.756620619126558,fresh_cash,2022-01-01,,,,50,week,0.5,3,100000.0,0.0025,0.01,True,2022
A2_week__fresh2022,A2_week,diagnostics,2024,2024-01-02,2024-12-31,252,1.191435208016394,-0.2577312752626506,2.0369825027489323,1.191435208016394,0.2643074461050603,0.9271277619113338,12.78669949983577,fresh_cash,2022-01-01,,,,50,week,0.5,3,100000.0,0.0025,0.01,True,2022
A2_week__fresh2022,A2_week,diagnostics,2025,2025-01-02,2025-12-31,250,0.3982799248534143,-0.4049662437397018,0.8809425214200155,0.394564525654993,0.1785790013706134,0.2197009234828009,12.48159430369587,fresh_cash,2022-01-01,,,,50,week,0.5,3,100000.0,0.0025,0.01,True,2022
A2_week__fresh2022,A2_week,diagnostics,2026,2026-01-02,2026-09-22,181,0.2125807808851116,-0.3284028469335323,0.6291217848425588,0.1484855317060223,0.193982242745804,0.0185985381393076,16.13279168916647,fresh_cash,2022-01-01,,,,50,week,0.5,3,100000.0,0.0025,0.01,True,2022
A2_week__fresh2023,A2_week,diagnostics,full,2023-01-03,2026-09-22,933,0.4927670326382527,-0.3897243053626019,1.0954863111574873,3.407423643607037,0.2231529414345989,0.2696140912036537,14.97338569433843,fresh_cash,2023-01-01,,,,50,week,0.5,3,100000.0,0.0025,0.01,True,2023
A2_week__fresh2023,A2_week,diagnostics,2023_2026,2023-01-03,2026-09-22,933,0.4927670326382527,-0.3897243053626019,1.0954863111574873,3.407423643607037,0.2231529414345989,0.2696140912036537,14.97338569433843,fresh_cash,2023-01-01,,,,50,week,0.5,3,100000.0,0.0025,0.01,True,2023
A2_week__fresh2023,A2_week,diagnostics,2023,2023-01-03,2023-12-29,250,0.2135232334839858,-0.3472445550566801,0.7032344896416443,0.2116607705658242,0.2494116142532503,-0.0358883807692644,19.901574373444305,fresh_cash,2023-01-01,,,,50,week,0.5,3,100000.0,0.0025,0.01,True,2023
A2_week__fresh2023,A2_week,diagnostics,2024,2024-01-02,2024-12-31,252,1.4600564844185602,-0.2663216841207891,2.1267116147715988,1.4600564844185602,0.2643074461050603,1.1957490383135,12.01951688000964,fresh_cash,2023-01-01,,,,50,week,0.5,3,100000.0,0.0025,0.01,True,2023
A2_week__fresh2023,A2_week,diagnostics,2025,2025-01-02,2025-12-31,250,0.3700234456564761,-0.3897243053626027,0.8671043653608544,0.366604531913427,0.1785790013706134,0.1914444442858627,12.41564019860997,fresh_cash,2023-01-01,,,,50,week,0.5,3,100000.0,0.0025,0.01,True,2023
A2_week__fresh2023,A2_week,diagnostics,2026,2026-01-02,2026-09-22,181,0.11593137343355,-0.3446118112429402,0.4667000446622484,0.0819714831196791,0.193982242745804,-0.0780508693122539,15.81186163558983,fresh_cash,2023-01-01,,,,50,week,0.5,3,100000.0,0.0025,0.01,True,2023
B3_w50__fresh2018,B3_w50,diagnostics,full,2018-01-02,2026-09-22,2192,0.2263585260045948,-0.5539811482822392,0.6956396983832279,4.899717191982698,0.1470062225581181,0.0793523034464767,7.56209481182819,fresh_cash,2018-01-01,,,,50,event,0.5,3,100000.0,0.0025,0.01,True,2018
B3_w50__fresh2018,B3_w50,diagnostics,2017_2022,2018-01-02,2022-12-30,1259,0.252784977330992,-0.5033956821710228,0.7601409304088566,2.0831473832186567,0.0936515438773053,0.1591334334536867,7.438560596189143,fresh_cash,2018-01-01,,,,50,event,0.5,3,100000.0,0.0025,0.01,True,2018
B3_w50__fresh2018,B3_w50,diagnostics,2023_2026,2023-01-03,2026-09-22,933,0.1915798540855424,-0.4886981057411012,0.6165199216323183,0.9135371938735086,0.2231529414345989,-0.0315730873490565,7.728793179984203,fresh_cash,2018-01-01,,,,50,event,0.5,3,100000.0,0.0025,0.01,True,2018
B3_w50__fresh2018,B3_w50,diagnostics,2018,2018-01-02,2018-12-31,251,-0.3439979865860298,-0.4077779978201868,-1.1299181149923136,-0.342899588594294,-0.0642984107744514,-0.2796995758115784,10.960913710934724,fresh_cash,2018-01-01,,,,50,event,0.5,3,100000.0,0.0025,0.01,True,2018
B3_w50__fresh2018,B3_w50,diagnostics,2019,2019-01-02,2019-12-31,252,0.8347265487262763,-0.0963406083683259,2.86402804624958,0.8347265487262763,0.3401954545671213,0.4945310941591549,4.228620924034688,fresh_cash,2018-01-01,,,,50,event,0.5,3,100000.0,0.0025,0.01,True,2018
B3_w50__fresh2018,B3_w50,diagnostics,2020,2020-01-02,2020-12-31,253,2.0116350058975008,-0.4321903319615334,2.3436646335687072,2.024839570830092,0.1813082709311855,1.8303267349663157,5.304483580509253,fresh_cash,2018-01-01,,,,50,event,0.5,3,100000.0,0.0025,0.01,True,2018
B3_w50__fresh2018,B3_w50,diagnostics,2021,2021-01-04,2021-12-31,252,-0.0765008765293617,-0.486025592816912,0.0938552587556006,-0.0765008765293617,0.2861550585808201,-0.3626559351101819,9.44079409607027,fresh_cash,2018-01-01,,,,50,event,0.5,3,100000.0,0.0025,0.01,True,2018
B3_w50__fresh2018,B3_w50,diagnostics,2022,2022-01-03,2022-12-30,251,-0.084834607772288,-0.2342759360186026,-0.0736554191065935,-0.0845126073069338,-0.180528833522089,0.095694225749801,7.27980684550688,fresh_cash,2018-01-01,,,,50,event,0.5,3,100000.0,0.0025,0.01,True,2018
B3_w50__fresh2018,B3_w50,diagnostics,2023,2023-01-03,2023-12-29,250,0.1143134695580985,-0.3484191648133125,0.5119930933284849,0.1133566455853558,0.2494116142532503,-0.1350981446951518,8.0072719763585,fresh_cash,2018-01-01,,,,50,event,0.5,3,100000.0,0.0025,0.01,True,2018
B3_w50__fresh2018,B3_w50,diagnostics,2024,2024-01-02,2024-12-31,252,0.2300317942589096,-0.232463141779051,0.7306459021717637,0.2300317942589096,0.2643074461050603,-0.0342756518461506,6.714698909851821,fresh_cash,2018-01-01,,,,50,event,0.5,3,100000.0,0.0025,0.01,True,2018
B3_w50__fresh2018,B3_w50,diagnostics,2025,2025-01-02,2025-12-31,250,0.0402982189628711,-0.452047338709604,0.3240947408845961,0.039972083589576,0.1785790013706134,-0.1382807824077423,7.588278812260004,fresh_cash,2018-01-01,,,,50,event,0.5,3,100000.0,0.0025,0.01,True,2018
B3_w50__fresh2018,B3_w50,diagnostics,2026,2026-01-02,2026-09-22,181,0.508614630409729,-0.3690761739581947,0.9855686262601904,0.3435832577338475,0.193982242745804,0.314632387663925,8.950122731977764,fresh_cash,2018-01-01,,,,50,event,0.5,3,100000.0,0.0025,0.01,True,2018
B3_w50__fresh2019,B3_w50,diagnostics,full,2019-01-02,2026-09-22,1941,0.1731570347840292,-0.6758061551746826,0.5920391339728023,2.4214286079108547,0.1776083447700516,-0.0044513099860223,8.556214332423927,fresh_cash,2019-01-01,,,,50,event,0.5,3,100000.0,0.0025,0.01,True,2019
B3_w50__fresh2019,B3_w50,diagnostics,2017_2022,2019-01-02,2022-12-30,1008,0.2069280948985894,-0.5671956454461036,0.6559749368554564,1.1219032974567544,0.1369651872411974,0.0699629076573919,9.414974329495363,fresh_cash,2019-01-01,,,,50,event,0.5,3,100000.0,0.0025,0.01,True,2019
B3_w50__fresh2019,B3_w50,diagnostics,2023_2026,2023-01-03,2026-09-22,933,0.1377323997932558,-0.4423886138488244,0.520221267260356,0.6124338050709746,0.2231529414345989,-0.0854205416413431,7.628422181247065,fresh_cash,2019-01-01,,,,50,event,0.5,3,100000.0,0.0025,0.01,True,2019
B3_w50__fresh2019,B3_w50,diagnostics,2019,2019-01-02,2019-12-31,252,0.2460307713971539,-0.2163695128834558,0.9828902453417668,0.2460307713971539,0.3401954545671213,-0.0941646831699674,12.928602532665884,fresh_cash,2019-01-01,,,,50,event,0.5,3,100000.0,0.0025,0.01,True,2019
B3_w50__fresh2019,B3_w50,diagnostics,2020,2020-01-02,2020-12-31,253,1.399453523480243,-0.439535475510754,1.9219122591557327,1.4078017432008507,0.1813082709311855,1.2181452525490577,6.006939349886799,fresh_cash,2019-01-01,,,,50,event,0.5,3,100000.0,0.0025,0.01,True,2019
B3_w50__fresh2019,B3_w50,diagnostics,2021,2021-01-04,2021-12-31,252,-0.0566990957989316,-0.4884062970719889,0.1221214637388248,-0.0566990957989316,0.2861550585808201,-0.3428541543797517,8.693654162970354,fresh_cash,2019-01-01,,,,50,event,0.5,3,100000.0,0.0025,0.01,True,2019
B3_w50__fresh2019,B3_w50,diagnostics,2022,2022-01-03,2022-12-30,251,-0.2510936009673786,-0.2934158192499491,-0.6024117932095561,-0.2502338230980125,-0.180528833522089,-0.0705647674452896,10.046732196452744,fresh_cash,2019-01-01,,,,50,event,0.5,3,100000.0,0.0025,0.01,True,2019
B3_w50__fresh2019,B3_w50,diagnostics,2023,2023-01-03,2023-12-29,250,0.045844981620035,-0.3814852975133087,0.2988061983727226,0.045472983017416,0.2494116142532503,-0.2035666326332152,8.77380398659443,fresh_cash,2019-01-01,,,,50,event,0.5,3,100000.0,0.0025,0.01,True,2019
B3_w50__fresh2019,B3_w50,diagnostics,2024,2024-01-02,2024-12-31,252,0.1586411124661111,-0.2485753877225388,0.5952539546399657,0.1586411124661111,0.2643074461050603,-0.1056663336389491,6.415929023936511,fresh_cash,2019-01-01,,,,50,event,0.5,3,100000.0,0.0025,0.01,True,2019
B3_w50__fresh2019,B3_w50,diagnostics,2025,2025-01-02,2025-12-31,250,0.306003145552038,-0.4423886138488239,0.7730352215281575,0.3032388882469816,0.1785790013706134,0.1274241441814245,7.417730406496368,fresh_cash,2019-01-01,,,,50,event,0.5,3,100000.0,0.0025,0.01,True,2019
B3_w50__fresh2019,B3_w50,diagnostics,2026,2026-01-02,2026-09-22,181,0.0299198553976556,-0.3043666481109592,0.2872595326155817,0.0214006149329173,0.193982242745804,-0.1640623873481483,8.02552587181664,fresh_cash,2019-01-01,,,,50,event,0.5,3,100000.0,0.0025,0.01,True,2019
B3_w50__fresh2020,B3_w50,diagnostics,full,2020-01-02,2026-09-22,1689,0.1120059695066437,-0.6400305254258771,0.4608568563652963,1.0371709465349492,0.1551029114210942,-0.0430969419144504,8.872586176546774,fresh_cash,2020-01-01,,,,50,event,0.5,3,100000.0,0.0025,0.01,True,2020
B3_w50__fresh2020,B3_w50,diagnostics,2017_2022,2020-01-02,2022-12-30,756,0.0815356454694293,-0.6035134219554152,0.4034049647972338,0.2650931748387022,0.0763169411184632,0.0052187043509661,9.96335022949892,fresh_cash,2020-01-01,,,,50,event,0.5,3,100000.0,0.0025,0.01,True,2020
B3_w50__fresh2020,B3_w50,diagnostics,2023_2026,2023-01-03,2026-09-22,933,0.1373242471233315,-0.400380052416825,0.5200922697805821,0.6102932076877907,0.2231529414345989,-0.0858286943112673,7.988751638463361,fresh_cash,2020-01-01,,,,50,event,0.5,3,100000.0,0.0025,0.01,True,2020
B3_w50__fresh2020,B3_w50,diagnostics,2020,2020-01-02,2020-12-31,253,1.1617161388704207,-0.4982092230400091,1.672276935025255,1.1683392490933548,0.1813082709311855,0.9804078679392352,11.35848330663659,fresh_cash,2020-01-01,,,,50,event,0.5,3,100000.0,0.0025,0.01,True,2020
B3_w50__fresh2020,B3_w50,diagnostics,2021,2021-01-04,2021-12-31,252,-0.2052680802399407,-0.474426391417861,-0.1952903745737266,-0.2052680802399407,0.2861550585808201,-0.4914231388207608,9.206122219840305,fresh_cash,2020-01-01,,,,50,event,0.5,3,100000.0,0.0025,0.01,True,2020
B3_w50__fresh2020,B3_w50,diagnostics,2022,2022-01-03,2022-12-30,251,-0.2667706128005517,-0.3029299776433918,-0.6397156073405614,-0.265867204942416,-0.180528833522089,-0.0862417792784626,9.317345408455658,fresh_cash,2020-01-01,,,,50,event,0.5,3,100000.0,0.0025,0.01,True,2020
B3_w50__fresh2020,B3_w50,diagnostics,2023,2023-01-03,2023-12-29,250,0.2346145498775746,-0.304342657662077,0.9288791709917802,0.2325511498754879,0.2494116142532503,-0.0147970643756756,5.685890879171045,fresh_cash,2020-01-01,,,,50,event,0.5,3,100000.0,0.0025,0.01,True,2020
B3_w50__fresh2020,B3_w50,diagnostics,2024,2024-01-02,2024-12-31,252,0.1182015517802204,-0.2066390592662201,0.4916023021658412,0.1182015517802204,0.2643074461050603,-0.1461058943248399,6.485140649909143,fresh_cash,2020-01-01,,,,50,event,0.5,3,100000.0,0.0025,0.01,True,2020
B3_w50__fresh2020,B3_w50,diagnostics,2025,2025-01-02,2025-12-31,250,0.4062885269630172,-0.3993452813593668,0.932030136236378,0.402488276741767,0.1785790013706134,0.2277095255924037,9.07965328001454,fresh_cash,2020-01-01,,,,50,event,0.5,3,100000.0,0.0025,0.01,True,2020
B3_w50__fresh2020,B3_w50,diagnostics,2026,2026-01-02,2026-09-22,181,-0.2245273757530084,-0.3647649109962178,-0.291972396564317,-0.1669315646464695,0.193982242745804,-0.4185096184988124,11.756153564159202,fresh_cash,2020-01-01,,,,50,event,0.5,3,100000.0,0.0025,0.01,True,2020
B3_w50__fresh2021,B3_w50,diagnostics,full,2021-01-04,2026-09-22,1436,0.1364601148288007,-0.4272011743288362,0.5134489470681121,1.0728637145155746,0.1505465532613841,-0.0140864384325833,8.345116358802763,fresh_cash,2021-01-01,,,,50,event,0.5,3,100000.0,0.0025,0.01,True,2021
B3_w50__fresh2021,B3_w50,diagnostics,2017_2022,2021-01-04,2022-12-30,503,-0.001676675004544,-0.4272011743288362,0.1951432412946742,-0.0033439020030081,0.0270890421995209,-0.0287657172040649,9.4057720744434,fresh_cash,2021-01-01,,,,50,event,0.5,3,100000.0,0.0025,0.01,True,2021
B3_w50__fresh2021,B3_w50,diagnostics,2023_2026,2023-01-03,2026-09-22,933,0.218702049124331,-0.4235037498201662,0.6721449479919942,1.079818423507834,0.2231529414345989,-0.0044508923102679,7.7732944670908255,fresh_cash,2021-01-01,,,,50,event,0.5,3,100000.0,0.0025,0.01,True,2021
B3_w50__fresh2021,B3_w50,diagnostics,2021,2021-01-04,2021-12-31,252,0.0605848245792874,-0.4272011743288362,0.3523291518084261,0.0605848245792874,0.2861550585808201,-0.2255702340015326,11.869266676938866,fresh_cash,2021-01-01,,,,50,event,0.5,3,100000.0,0.0025,0.01,True,2021
B3_w50__fresh2021,B3_w50,diagnostics,2022,2022-01-03,2022-12-30,251,-0.0605095938114642,-0.2531829560799493,0.008889546196755,-0.0602768633877591,-0.180528833522089,0.1200192397106247,6.932462752416079,fresh_cash,2021-01-01,,,,50,event,0.5,3,100000.0,0.0025,0.01,True,2021
B3_w50__fresh2021,B3_w50,diagnostics,2023,2023-01-03,2023-12-29,250,0.1358328774405794,-0.2842146960164723,0.6069015160405521,0.1346853090420134,0.2494116142532503,-0.1135787368126708,6.878874042425751,fresh_cash,2021-01-01,,,,50,event,0.5,3,100000.0,0.0025,0.01,True,2021
B3_w50__fresh2021,B3_w50,diagnostics,2024,2024-01-02,2024-12-31,252,0.3540171625272794,-0.1841132567193765,0.9817032188269954,0.3540171625272794,0.2643074461050603,0.0897097164222191,5.602284840599038,fresh_cash,2021-01-01,,,,50,event,0.5,3,100000.0,0.0025,0.01,True,2021
B3_w50__fresh2021,B3_w50,diagnostics,2025,2025-01-02,2025-12-31,250,0.2007014674247098,-0.3943437867719912,0.6138256609901618,0.1989597522689088,0.1785790013706134,0.0221224660540964,8.132702938757008,fresh_cash,2021-01-01,,,,50,event,0.5,3,100000.0,0.0025,0.01,True,2021
B3_w50__fresh2021,B3_w50,diagnostics,2026,2026-01-02,2026-09-22,181,0.1841368948058137,-0.2886349577073498,0.5720700410342641,0.1290709023447938,0.193982242745804,-0.0098453479399902,11.53488239043698,fresh_cash,2021-01-01,,,,50,event,0.5,3,100000.0,0.0025,0.01,True,2021
B3_w50__fresh2022,B3_w50,diagnostics,full,2022-01-03,2026-09-22,1184,0.1185164538728507,-0.5036348998024328,0.4758575337091257,0.6925517744794274,0.1235829931174639,-0.0050665392446132,8.531918998858048,fresh_cash,2022-01-01,,,,50,event,0.5,3,100000.0,0.0025,0.01,True,2022
B3_w50__fresh2022,B3_w50,diagnostics,2017_2022,2022-01-03,2022-12-30,251,-0.2481043519455604,-0.3098761690309544,-0.5738432001830355,-0.2472530415781741,-0.180528833522089,-0.0675755184234714,11.85810510012343,fresh_cash,2022-01-01,,,,50,event,0.5,3,100000.0,0.0025,0.01,True,2022
B3_w50__fresh2022,B3_w50,diagnostics,2023_2026,2023-01-03,2026-09-22,933,0.2446436908354849,-0.5036348998024328,0.7204929522138894,1.248500316796958,0.2231529414345989,0.021490749400886,7.637092941604444,fresh_cash,2022-01-01,,,,50,event,0.5,3,100000.0,0.0025,0.01,True,2022
B3_w50__fresh2022,B3_w50,diagnostics,2022,2022-01-03,2022-12-30,251,-0.2481043519455604,-0.3098761690309544,-0.5738432001830355,-0.2472530415781741,-0.180528833522089,-0.0675755184234714,11.85810510012343,fresh_cash,2022-01-01,,,,50,event,0.5,3,100000.0,0.0025,0.01,True,2022
B3_w50__fresh2022,B3_w50,diagnostics,2023,2023-01-03,2023-12-29,250,0.0675692791269113,-0.3569369306894617,0.3729518465103675,0.0670154360409607,0.2494116142532503,-0.1818423351263389,6.876030409888545,fresh_cash,2022-01-01,,,,50,event,0.5,3,100000.0,0.0025,0.01,True,2022
B3_w50__fresh2022,B3_w50,diagnostics,2024,2024-01-02,2024-12-31,252,0.1235270612165702,-0.2204261239082731,0.4993248486376339,0.1235270612165702,0.2643074461050603,-0.1407803848884901,7.018361410805769,fresh_cash,2022-01-01,,,,50,event,0.5,3,100000.0,0.0025,0.01,True,2022
B3_w50__fresh2022,B3_w50,diagnostics,2025,2025-01-02,2025-12-31,250,0.2804697198704176,-0.4600000500513668,0.7271381688931363,0.2779597492894914,0.1785790013706134,0.1018907184998041,8.44627326178711,fresh_cash,2022-01-01,,,,50,event,0.5,3,100000.0,0.0025,0.01,True,2022
B3_w50__fresh2022,B3_w50,diagnostics,2026,2026-01-02,2026-09-22,181,0.7060091966546125,-0.3173143763970359,1.281980817071909,0.4676467531616706,0.193982242745804,0.5120269539088085,8.432070282182206,fresh_cash,2022-01-01,,,,50,event,0.5,3,100000.0,0.0025,0.01,True,2022
B3_w50__fresh2023,B3_w50,diagnostics,full,2023-01-03,2026-09-22,933,0.1538216254728899,-0.4991964867456031,0.5469820841835947,0.6984823754002871,0.2231529414345989,-0.069331315961709,8.552428040296162,fresh_cash,2023-01-01,,,,50,event,0.5,3,100000.0,0.0025,0.01,True,2023
B3_w50__fresh2023,B3_w50,diagnostics,2023_2026,2023-01-03,2026-09-22,933,0.1538216254728899,-0.4991964867456031,0.5469820841835947,0.6984823754002871,0.2231529414345989,-0.069331315961709,8.552428040296162,fresh_cash,2023-01-01,,,,50,event,0.5,3,100000.0,0.0025,0.01,True,2023
B3_w50__fresh2023,B3_w50,diagnostics,2023,2023-01-03,2023-12-29,250,0.0294711258047593,-0.2900935582870613,0.2480595260611705,0.0292338420831672,0.2494116142532503,-0.219940488448491,10.26726415688169,fresh_cash,2023-01-01,,,,50,event,0.5,3,100000.0,0.0025,0.01,True,2023
B3_w50__fresh2023,B3_w50,diagnostics,2024,2024-01-02,2024-12-31,252,0.1521885684537467,-0.2075825616751073,0.572595587937364,0.1521885684537467,0.2643074461050603,-0.1121188776513135,6.659766421404007,fresh_cash,2023-01-01,,,,50,event,0.5,3,100000.0,0.0025,0.01,True,2023
B3_w50__fresh2023,B3_w50,diagnostics,2025,2025-01-02,2025-12-31,250,0.1064413228722263,-0.4588522863189744,0.450333844119347,0.1055534628884184,0.1785790013706134,-0.0721376784983871,7.861620975382332,fresh_cash,2023-01-01,,,,50,event,0.5,3,100000.0,0.0025,0.01,True,2023
B3_w50__fresh2023,B3_w50,diagnostics,2026,2026-01-02,2026-09-22,181,0.4340074773328009,-0.2801036008910907,0.9280013709658624,0.2955186688358053,0.193982242745804,0.2400252345869968,9.773110167605005,fresh_cash,2023-01-01,,,,50,event,0.5,3,100000.0,0.0025,0.01,True,2023
B3_w55__fresh2018,B3_w55,diagnostics,full,2018-01-02,2026-09-22,2192,0.1787916715208,-0.5355585061638803,0.6087380629857959,3.1820480583835438,0.1470062225581181,0.0317854489626818,8.345196366779987,fresh_cash,2018-01-01,,,,55,event,0.5,3,100000.0,0.0025,0.01,True,2018
B3_w55__fresh2018,B3_w55,diagnostics,2017_2022,2018-01-02,2022-12-30,1259,0.1618643441498781,-0.5253109664286972,0.5725577255401206,1.1160141478108605,0.0936515438773053,0.0682128002725728,8.762285752729838,fresh_cash,2018-01-01,,,,55,event,0.5,3,100000.0,0.0025,0.01,True,2018
B3_w55__fresh2018,B3_w55,diagnostics,2023_2026,2023-01-03,2026-09-22,933,0.2020251724835109,-0.4572496827997303,0.6576872894347345,0.9763800080023586,0.2231529414345989,-0.021127768951088,7.7823715683760595,fresh_cash,2018-01-01,,,,55,event,0.5,3,100000.0,0.0025,0.01,True,2018
B3_w55__fresh2018,B3_w55,diagnostics,2018,2018-01-02,2018-12-31,251,-0.405189928453362,-0.4699747174503195,-1.3992578769041537,-0.403962426924915,-0.0642984107744514,-0.3408915176789105,12.363532627535156,fresh_cash,2018-01-01,,,,55,event,0.5,3,100000.0,0.0025,0.01,True,2018
B3_w55__fresh2018,B3_w55,diagnostics,2019,2019-01-02,2019-12-31,252,0.6599556028280413,-0.1281626834526005,2.3069047408227266,0.6599556028280413,0.3401954545671213,0.31976014826092,5.387613744217942,fresh_cash,2018-01-01,,,,55,event,0.5,3,100000.0,0.0025,0.01,True,2018
B3_w55__fresh2018,B3_w55,diagnostics,2020,2020-01-02,2020-12-31,253,1.7634860990725545,-0.4686223582184433,2.146220431842023,1.774655691374265,0.1813082709311855,1.582177828141369,5.97456176242712,fresh_cash,2018-01-01,,,,55,event,0.5,3,100000.0,0.0025,0.01,True,2018
B3_w55__fresh2018,B3_w55,diagnostics,2021,2021-01-04,2021-12-31,252,-0.0711331600297761,-0.4158858345817522,0.0656924973061989,-0.0711331600297761,0.2861550585808201,-0.3572882186105962,10.688430288934889,fresh_cash,2018-01-01,,,,55,event,0.5,3,100000.0,0.0025,0.01,True,2018
B3_w55__fresh2018,B3_w55,diagnostics,2022,2022-01-03,2022-12-30,251,-0.170792668166651,-0.2719460883369827,-0.2803444849592063,-0.170176176640514,-0.180528833522089,0.0097361653554379,9.425274306481944,fresh_cash,2018-01-01,,,,55,event,0.5,3,100000.0,0.0025,0.01,True,2018
B3_w55__fresh2018,B3_w55,diagnostics,2023,2023-01-03,2023-12-29,250,0.216818191932524,-0.3318510797234413,0.7218211184724544,0.2149245265914965,0.2494116142532503,-0.0325934223207262,8.242226348458223,fresh_cash,2018-01-01,,,,55,event,0.5,3,100000.0,0.0025,0.01,True,2018
B3_w55__fresh2018,B3_w55,diagnostics,2024,2024-01-02,2024-12-31,252,0.3494908969076646,-0.2140109464745265,1.0022326781309674,0.3494908969076646,0.2643074461050603,0.0851834508026043,6.620210422226462,fresh_cash,2018-01-01,,,,55,event,0.5,3,100000.0,0.0025,0.01,True,2018
B3_w55__fresh2018,B3_w55,diagnostics,2025,2025-01-02,2025-12-31,250,0.0287796415459538,-0.4400666820856799,0.2911178633986367,0.0285480020821009,0.1785790013706134,-0.1497993598246596,7.051722075928066,fresh_cash,2018-01-01,,,,55,event,0.5,3,100000.0,0.0025,0.01,True,2018
B3_w55__fresh2018,B3_w55,diagnostics,2026,2026-01-02,2026-09-22,181,0.2472805369591708,-0.2286210061912817,0.732392316614996,0.1719973462606483,0.193982242745804,0.0532982942133668,9.774433927056474,fresh_cash,2018-01-01,,,,55,event,0.5,3,100000.0,0.0025,0.01,True,2018
B3_w55__fresh2019,B3_w55,diagnostics,full,2019-01-02,2026-09-22,1941,0.3096606401412527,-0.4605768799350312,0.8588794284099676,6.987328052427656,0.1776083447700516,0.1320522953712011,8.046643819100689,fresh_cash,2019-01-01,,,,55,event,0.5,3,100000.0,0.0025,0.01,True,2019
B3_w55__fresh2019,B3_w55,diagnostics,2017_2022,2019-01-02,2022-12-30,1008,0.4311527119247011,-0.4605768799350312,1.0302376129377375,3.195115394780858,0.1369651872411974,0.2941875246835037,8.108239483560759,fresh_cash,2019-01-01,,,,55,event,0.5,3,100000.0,0.0025,0.01,True,2019
B3_w55__fresh2019,B3_w55,diagnostics,2023_2026,2023-01-03,2026-09-22,933,0.1899659415299093,-0.4523522107171944,0.6484493827600695,0.9039590811648874,0.2231529414345989,-0.0331869999046896,7.980096734667945,fresh_cash,2019-01-01,,,,55,event,0.5,3,100000.0,0.0025,0.01,True,2019
B3_w55__fresh2019,B3_w55,diagnostics,2019,2019-01-02,2019-12-31,252,0.383789500621194,-0.1492604441762071,1.522789250108855,0.383789500621194,0.3401954545671213,0.0435940460540726,11.2285777960971,fresh_cash,2019-01-01,,,,55,event,0.5,3,100000.0,0.0025,0.01,True,2019
B3_w55__fresh2019,B3_w55,diagnostics,2020,2020-01-02,2020-12-31,253,1.5859165525473575,-0.460576879935031,1.910925323041464,1.5956842698779057,0.1813082709311855,1.4046082816161722,4.814786046151344,fresh_cash,2019-01-01,,,,55,event,0.5,3,100000.0,0.0025,0.01,True,2019
B3_w55__fresh2019,B3_w55,diagnostics,2021,2021-01-04,2021-12-31,252,0.3086359355508585,-0.2792249199447454,0.7907729617014185,0.3086359355508585,0.2861550585808201,0.0224808769700384,7.366285846318422,fresh_cash,2019-01-01,,,,55,event,0.5,3,100000.0,0.0025,0.01,True,2019
B3_w55__fresh2019,B3_w55,diagnostics,2022,2022-01-03,2022-12-30,251,-0.1079147206086477,-0.2409107022046202,-0.1120190314846152,-0.107510381456469,-0.180528833522089,0.0726141129134413,9.040075266391412,fresh_cash,2019-01-01,,,,55,event,0.5,3,100000.0,0.0025,0.01,True,2019
B3_w55__fresh2019,B3_w55,diagnostics,2023,2023-01-03,2023-12-29,250,0.1152796509258726,-0.308165574684128,0.5162805607832147,0.1143143325093334,0.2494116142532503,-0.1341319633273776,7.485096464711007,fresh_cash,2019-01-01,,,,55,event,0.5,3,100000.0,0.0025,0.01,True,2019
B3_w55__fresh2019,B3_w55,diagnostics,2024,2024-01-02,2024-12-31,252,0.3767451358509497,-0.1721093627454817,1.146074820186254,0.3767451358509497,0.2643074461050603,0.1124376897458894,6.244226531662149,fresh_cash,2019-01-01,,,,55,event,0.5,3,100000.0,0.0025,0.01,True,2019
B3_w55__fresh2019,B3_w55,diagnostics,2025,2025-01-02,2025-12-31,250,0.2008418483657557,-0.4178468978239948,0.628881926708527,0.1990988169931529,0.1785790013706134,0.0222628469951422,7.730567981268693,fresh_cash,2019-01-01,,,,55,event,0.5,3,100000.0,0.0025,0.01,True,2019
B3_w55__fresh2019,B3_w55,diagnostics,2026,2026-01-02,2026-09-22,181,0.0490648785957379,-0.2643455592997488,0.3255050517082764,0.0350024283123631,0.193982242745804,-0.144917364150066,11.425243403156935,fresh_cash,2019-01-01,,,,55,event,0.5,3,100000.0,0.0025,0.01,True,2019
B3_w55__fresh2020,B3_w55,diagnostics,full,2020-01-02,2026-09-22,1689,0.2371730087516692,-0.5232694441408873,0.7055142782588856,3.163935531864065,0.1551029114210942,0.082070097330575,8.911939218816515,fresh_cash,2020-01-01,,,,55,event,0.5,3,100000.0,0.0025,0.01,True,2020
B3_w55__fresh2020,B3_w55,diagnostics,2017_2022,2020-01-02,2022-12-30,756,0.2386979577247985,-0.4914275254735334,0.693031322074885,0.9006242437539815,0.0763169411184632,0.1623810166063353,9.82030329489808,fresh_cash,2020-01-01,,,,55,event,0.5,3,100000.0,0.0025,0.01,True,2020
B3_w55__fresh2020,B3_w55,diagnostics,2023_2026,2023-01-03,2026-09-22,933,0.2359387357901614,-0.5232694441408874,0.7190248949994125,1.190825222580425,0.2231529414345989,0.0127857943555624,8.175901446557498,fresh_cash,2020-01-01,,,,55,event,0.5,3,100000.0,0.0025,0.01,True,2020
B3_w55__fresh2020,B3_w55,diagnostics,2020,2020-01-02,2020-12-31,253,0.9486512327644808,-0.4914275254735334,1.5328621005050822,0.953816869924065,0.1813082709311855,0.7673429618332952,10.323300187146966,fresh_cash,2020-01-01,,,,55,event,0.5,3,100000.0,0.0025,0.01,True,2020
B3_w55__fresh2020,B3_w55,diagnostics,2021,2021-01-04,2021-12-31,252,0.0946423153590219,-0.3428411923719254,0.4260213400011223,0.0946423153590219,0.2861550585808201,-0.1915127432217982,10.517231089816368,fresh_cash,2020-01-01,,,,55,event,0.5,3,100000.0,0.0025,0.01,True,2020
B3_w55__fresh2020,B3_w55,diagnostics,2022,2022-01-03,2022-12-30,251,-0.111748489711319,-0.245722918724065,-0.0649412045421965,-0.111330700578481,-0.180528833522089,0.06878034381077,8.613594059605745,fresh_cash,2020-01-01,,,,55,event,0.5,3,100000.0,0.0025,0.01,True,2020
B3_w55__fresh2020,B3_w55,diagnostics,2023,2023-01-03,2023-12-29,250,0.1568514867611208,-0.3452104489941201,0.5754212826539379,0.1555145165335096,0.2494116142532503,-0.0925601274921295,8.890685747205454,fresh_cash,2020-01-01,,,,55,event,0.5,3,100000.0,0.0025,0.01,True,2020
B3_w55__fresh2020,B3_w55,diagnostics,2024,2024-01-02,2024-12-31,252,0.5038252525747688,-0.2249108458267675,1.299355089630995,0.5038252525747688,0.2643074461050603,0.2395178064697085,6.457152062537605,fresh_cash,2020-01-01,,,,55,event,0.5,3,100000.0,0.0025,0.01,True,2020
B3_w55__fresh2020,B3_w55,diagnostics,2025,2025-01-02,2025-12-31,250,0.011294444239438,-0.513410942172623,0.2704268256523678,0.0112043054973305,0.1785790013706134,-0.1672845571311754,8.519344082370328,fresh_cash,2020-01-01,,,,55,event,0.5,3,100000.0,0.0025,0.01,True,2020
B3_w55__fresh2020,B3_w55,diagnostics,2026,2026-01-02,2026-09-22,181,0.35948210833184,-0.2075417733930845,0.9598379952178518,0.2467978451841797,0.193982242745804,0.165499865586036,9.10721697505373,fresh_cash,2020-01-01,,,,55,event,0.5,3,100000.0,0.0025,0.01,True,2020
B3_w55__fresh2021,B3_w55,diagnostics,full,2021-01-04,2026-09-22,1436,0.07534043227629,-0.5160394829106324,0.3835000754751072,0.5127319744861425,0.1505465532613841,-0.075206120985094,8.013086973423132,fresh_cash,2021-01-01,,,,55,event,0.5,3,100000.0,0.0025,0.01,True,2021
B3_w55__fresh2021,B3_w55,diagnostics,2017_2022,2021-01-04,2022-12-30,503,-0.1074897641391257,-0.4559450409715153,-0.0707921163511052,-0.2030659362538601,0.0270890421995209,-0.1345788063386466,8.789681767898628,fresh_cash,2021-01-01,,,,55,event,0.5,3,100000.0,0.0025,0.01,True,2021
B3_w55__fresh2021,B3_w55,diagnostics,2023_2026,2023-01-03,2026-09-22,933,0.1889909265645255,-0.4657452463241125,0.6141314404230627,0.8981896286064799,0.2231529414345989,-0.0341620148700734,7.594408322167852,fresh_cash,2021-01-01,,,,55,event,0.5,3,100000.0,0.0025,0.01,True,2021
B3_w55__fresh2021,B3_w55,diagnostics,2021,2021-01-04,2021-12-31,252,-0.1225333283801747,-0.4162430567411209,-0.0749820900322171,-0.1225333283801747,0.2861550585808201,-0.4086883869609948,11.4087404385553,fresh_cash,2021-01-01,,,,55,event,0.5,3,100000.0,0.0025,0.01,True,2021
B3_w55__fresh2021,B3_w55,diagnostics,2022,2022-01-03,2022-12-30,251,-0.0921268045550367,-0.2266113132996214,-0.0661866549667823,-0.0917785375540473,-0.180528833522089,0.0884020289670522,6.160188600546115,fresh_cash,2021-01-01,,,,55,event,0.5,3,100000.0,0.0025,0.01,True,2021
B3_w55__fresh2021,B3_w55,diagnostics,2023,2023-01-03,2023-12-29,250,0.0903806237480848,-0.326576056366302,0.4178853432045417,0.0896320936472783,0.2494116142532503,-0.1590309905051654,8.243227070024224,fresh_cash,2021-01-01,,,,55,event,0.5,3,100000.0,0.0025,0.01,True,2021
B3_w55__fresh2021,B3_w55,diagnostics,2024,2024-01-02,2024-12-31,252,0.2905134207875346,-0.3266854449578887,0.8295248056971105,0.2905134207875346,0.2643074461050603,0.0262059746824743,5.829188366345683,fresh_cash,2021-01-01,,,,55,event,0.5,3,100000.0,0.0025,0.01,True,2021
B3_w55__fresh2021,B3_w55,diagnostics,2025,2025-01-02,2025-12-31,250,0.2716130310879063,-0.4521561891682853,0.7286473741451459,0.26919033348957,0.1785790013706134,0.0930340297172929,7.482408761158482,fresh_cash,2021-01-01,,,,55,event,0.5,3,100000.0,0.0025,0.01,True,2021
B3_w55__fresh2021,B3_w55,diagnostics,2026,2026-01-02,2026-09-22,181,0.0896111434650246,-0.2796705283853979,0.4183622834370357,0.0635806530039204,0.193982242745804,-0.1043710992807793,9.310599660043192,fresh_cash,2021-01-01,,,,55,event,0.5,3,100000.0,0.0025,0.01,True,2021
B3_w55__fresh2022,B3_w55,diagnostics,full,2022-01-03,2026-09-22,1184,0.2111186314893098,-0.5191181692763505,0.6606412056117225,1.4594917961146896,0.1235829931174639,0.0875356383718459,8.88325494898532,fresh_cash,2022-01-01,,,,55,event,0.5,3,100000.0,0.0025,0.01,True,2022
B3_w55__fresh2022,B3_w55,diagnostics,2017_2022,2022-01-03,2022-12-30,251,-0.06252011171228,-0.2868527230465874,0.0252154093138132,-0.0622799076228488,-0.180528833522089,0.118008721809809,12.28631976279728,fresh_cash,2022-01-01,,,,55,event,0.5,3,100000.0,0.0025,0.01,True,2022
B3_w55__fresh2022,B3_w55,diagnostics,2023_2026,2023-01-03,2026-09-22,933,0.2975045166353895,-0.5191181692763501,0.8120754395191263,1.6228421637845014,0.2231529414345989,0.0743515752007906,7.967746622868706,fresh_cash,2022-01-01,,,,55,event,0.5,3,100000.0,0.0025,0.01,True,2022
B3_w55__fresh2022,B3_w55,diagnostics,2022,2022-01-03,2022-12-30,251,-0.06252011171228,-0.2868527230465874,0.0252154093138132,-0.0622799076228488,-0.180528833522089,0.118008721809809,12.28631976279728,fresh_cash,2022-01-01,,,,55,event,0.5,3,100000.0,0.0025,0.01,True,2022
B3_w55__fresh2022,B3_w55,diagnostics,2023,2023-01-03,2023-12-29,250,0.2117418390054688,-0.3799995104464799,0.7130926172540416,0.2098962161634627,0.2494116142532503,-0.0376697752477814,9.294499889720168,fresh_cash,2022-01-01,,,,55,event,0.5,3,100000.0,0.0025,0.01,True,2022
B3_w55__fresh2022,B3_w55,diagnostics,2024,2024-01-02,2024-12-31,252,0.4377840123141732,-0.262109896505424,1.12607039109849,0.4377840123141732,0.2643074461050603,0.1734765662091129,5.630460148431809,fresh_cash,2022-01-01,,,,55,event,0.5,3,100000.0,0.0025,0.01,True,2022
B3_w55__fresh2022,B3_w55,diagnostics,2025,2025-01-02,2025-12-31,250,0.5050335557895818,-0.4889630614990303,1.0410692446519754,0.5001582898765378,0.1785790013706134,0.3264545544189683,6.785338784604551,fresh_cash,2022-01-01,,,,55,event,0.5,3,100000.0,0.0025,0.01,True,2022
B3_w55__fresh2022,B3_w55,diagnostics,2026,2026-01-02,2026-09-22,181,0.0070560843181903,-0.2881320615583959,0.2513457626260052,0.0050630379758347,0.193982242745804,-0.1869261584276136,11.022497089229324,fresh_cash,2022-01-01,,,,55,event,0.5,3,100000.0,0.0025,0.01,True,2022
B3_w55__fresh2023,B3_w55,diagnostics,full,2023-01-03,2026-09-22,933,0.2493906207529581,-0.4663772397485597,0.7452107741750543,1.280414148711137,0.2231529414345989,0.0262376793183591,8.533686700569621,fresh_cash,2023-01-01,,,,55,event,0.5,3,100000.0,0.0025,0.01,True,2023
B3_w55__fresh2023,B3_w55,diagnostics,2023_2026,2023-01-03,2026-09-22,933,0.2493906207529581,-0.4663772397485597,0.7452107741750543,1.280414148711137,0.2231529414345989,0.0262376793183591,8.533686700569621,fresh_cash,2023-01-01,,,,55,event,0.5,3,100000.0,0.0025,0.01,True,2023
B3_w55__fresh2023,B3_w55,diagnostics,2023,2023-01-03,2023-12-29,250,0.0514923301441483,-0.2828567359912464,0.3160431832154955,0.0510733987513478,0.2494116142532503,-0.1979192841091019,9.955501456410849,fresh_cash,2023-01-01,,,,55,event,0.5,3,100000.0,0.0025,0.01,True,2023
B3_w55__fresh2023,B3_w55,diagnostics,2024,2024-01-02,2024-12-31,252,0.5400342979760446,-0.221638776266151,1.3602800052330195,0.5400342979760446,0.2643074461050603,0.2757268518709843,6.711068643687593,fresh_cash,2023-01-01,,,,55,event,0.5,3,100000.0,0.0025,0.01,True,2023
B3_w55__fresh2023,B3_w55,diagnostics,2025,2025-01-02,2025-12-31,250,0.0831203103255571,-0.4663772397485591,0.4106630275900382,0.0824341556902406,0.1785790013706134,-0.0954586910450563,8.301628855212734,fresh_cash,2023-01-01,,,,55,event,0.5,3,100000.0,0.0025,0.01,True,2023
B3_w55__fresh2023,B3_w55,diagnostics,2026,2026-01-02,2026-09-22,181,0.4432550387076521,-0.1914010598168635,1.0484952112446044,0.3015138717078127,0.193982242745804,0.2492727959618481,9.427943732134189,fresh_cash,2023-01-01,,,,55,event,0.5,3,100000.0,0.0025,0.01,True,2023
B3_beta60d3__fresh2018,B3_beta60d3,diagnostics,full,2018-01-02,2026-09-22,2192,0.1574877111251891,-0.5834700604423162,0.5546324517483174,2.56854981414232,0.1470062225581181,0.0104814885670709,12.97908522644524,fresh_cash,2018-01-01,,,,50,event,0.6,3,100000.0,0.0025,0.01,True,2018
B3_beta60d3__fresh2018,B3_beta60d3,diagnostics,2017_2022,2018-01-02,2022-12-30,1259,0.1501566383040269,-0.512366450039869,0.5454449726630889,1.0116103093502915,0.0936515438773053,0.0565050944267215,13.196851219428272,fresh_cash,2018-01-01,,,,50,event,0.6,3,100000.0,0.0025,0.01,True,2018
B3_beta60d3__fresh2018,B3_beta60d3,diagnostics,2023_2026,2023-01-03,2026-09-22,933,0.16745446421472,-0.5382492705755761,0.5672181877743722,0.7739766979494633,0.2231529414345989,-0.0556984772198789,12.685229508154098,fresh_cash,2018-01-01,,,,50,event,0.6,3,100000.0,0.0025,0.01,True,2018
B3_beta60d3__fresh2018,B3_beta60d3,diagnostics,2018,2018-01-02,2018-12-31,251,-0.3743628075369188,-0.447447315734147,-1.236086682524727,-0.3731973812169155,-0.0642984107744514,-0.3100643967624674,15.247180615963313,fresh_cash,2018-01-01,,,,50,event,0.6,3,100000.0,0.0025,0.01,True,2018
B3_beta60d3__fresh2018,B3_beta60d3,diagnostics,2019,2019-01-02,2019-12-31,252,0.7353804250064861,-0.1096841104746418,2.5555901521439,0.7353804250064861,0.3401954545671213,0.3951849704393648,9.045974987232446,fresh_cash,2018-01-01,,,,50,event,0.6,3,100000.0,0.0025,0.01,True,2018
B3_beta60d3__fresh2018,B3_beta60d3,diagnostics,2020,2020-01-02,2020-12-31,253,1.3859221152811685,-0.4339680397377573,1.9461288268410568,1.3941695262325815,0.1813082709311855,1.204613844349983,14.848556155313354,fresh_cash,2018-01-01,,,,50,event,0.6,3,100000.0,0.0025,0.01,True,2018
B3_beta60d3__fresh2018,B3_beta60d3,diagnostics,2021,2021-01-04,2021-12-31,252,-0.0652227006112308,-0.3541482874836551,0.0996042481827082,-0.0652227006112308,0.2861550585808201,-0.3513777591920509,13.55433226516909,fresh_cash,2018-01-01,,,,50,event,0.6,3,100000.0,0.0025,0.01,True,2018
B3_beta60d3__fresh2018,B3_beta60d3,diagnostics,2022,2022-01-03,2022-12-30,251,-0.1742943779416479,-0.3257202164385856,-0.2233878253257159,-0.1736666131172659,-0.180528833522089,0.0062344555804411,13.29016420619099,fresh_cash,2018-01-01,,,,50,event,0.6,3,100000.0,0.0025,0.01,True,2018
B3_beta60d3__fresh2018,B3_beta60d3,diagnostics,2023,2023-01-03,2023-12-29,250,0.2294206164596899,-0.3488696486414274,0.7971440665605011,0.2274069638333173,0.2494116142532503,-0.0199909977935603,12.966665379393566,fresh_cash,2018-01-01,,,,50,event,0.6,3,100000.0,0.0025,0.01,True,2018
B3_beta60d3__fresh2018,B3_beta60d3,diagnostics,2024,2024-01-02,2024-12-31,252,0.103275389449557,-0.256460588207314,0.4455873913675772,0.103275389449557,0.2643074461050603,-0.1610320566555032,10.533547734468106,fresh_cash,2018-01-01,,,,50,event,0.6,3,100000.0,0.0025,0.01,True,2018
B3_beta60d3__fresh2018,B3_beta60d3,diagnostics,2025,2025-01-02,2025-12-31,250,-0.126760544699561,-0.5101460916683686,0.0318198952807698,-0.1258206451673402,0.1785790013706134,-0.3053395460701744,12.575957928230498,fresh_cash,2018-01-01,,,,50,event,0.6,3,100000.0,0.0025,0.01,True,2018
B3_beta60d3__fresh2018,B3_beta60d3,diagnostics,2026,2026-01-02,2026-09-22,181,0.7562485604197156,-0.2243903004247572,1.3126244251817203,0.4985624689443164,0.193982242745804,0.5622663176739116,15.443145166385603,fresh_cash,2018-01-01,,,,50,event,0.6,3,100000.0,0.0025,0.01,True,2018
B3_beta60d3__fresh2019,B3_beta60d3,diagnostics,full,2019-01-02,2026-09-22,1941,0.2579025931418941,-0.476336449439603,0.7427013790604022,4.854896879467053,0.1776083447700516,0.0802942483718425,13.264055122545804,fresh_cash,2019-01-01,,,,50,event,0.6,3,100000.0,0.0025,0.01,True,2019
B3_beta60d3__fresh2019,B3_beta60d3,diagnostics,2017_2022,2019-01-02,2022-12-30,1008,0.2583270177721988,-0.4583808484647043,0.7629445966412658,1.507114023332199,0.1369651872411974,0.1213618305310013,13.86672387216776,fresh_cash,2019-01-01,,,,50,event,0.6,3,100000.0,0.0025,0.01,True,2019
B3_beta60d3__fresh2019,B3_beta60d3,diagnostics,2023_2026,2023-01-03,2026-09-22,933,0.2574442116539728,-0.4763364494396035,0.7251386456835329,1.335313362287888,0.2231529414345989,0.0342912702193738,12.61294033195745,fresh_cash,2019-01-01,,,,50,event,0.6,3,100000.0,0.0025,0.01,True,2019
B3_beta60d3__fresh2019,B3_beta60d3,diagnostics,2019,2019-01-02,2019-12-31,252,0.3279855354600558,-0.1783977138528661,1.2268503230810135,0.3279855354600558,0.3401954545671213,-0.0122099191070654,15.927439537635747,fresh_cash,2019-01-01,,,,50,event,0.6,3,100000.0,0.0025,0.01,True,2019
B3_beta60d3__fresh2019,B3_beta60d3,diagnostics,2020,2020-01-02,2020-12-31,253,1.224739747282618,-0.4168103227382013,1.8635805938177576,1.2318104467771045,0.1813082709311855,1.0434314763514323,14.211647001717717,fresh_cash,2019-01-01,,,,50,event,0.6,3,100000.0,0.0025,0.01,True,2019
B3_beta60d3__fresh2019,B3_beta60d3,diagnostics,2021,2021-01-04,2021-12-31,252,-0.0118627047995323,-0.3870759169586601,0.1839013162259936,-0.0118627047995323,0.2861550585808201,-0.2980177633803524,13.235904750679053,fresh_cash,2019-01-01,,,,50,event,0.6,3,100000.0,0.0025,0.01,True,2019
B3_beta60d3__fresh2019,B3_beta60d3,diagnostics,2022,2022-01-03,2022-12-30,251,-0.1444660577680608,-0.3090906188287299,-0.1389734785056307,-0.1439361773038397,-0.180528833522089,0.0360627757540281,12.083459008188012,fresh_cash,2019-01-01,,,,50,event,0.6,3,100000.0,0.0025,0.01,True,2019
B3_beta60d3__fresh2019,B3_beta60d3,diagnostics,2023,2023-01-03,2023-12-29,250,0.3981321428147695,-0.3274100789522091,1.070934210554361,0.3944183059866621,0.2494116142532503,0.1487205285615191,12.066241040861764,fresh_cash,2019-01-01,,,,50,event,0.6,3,100000.0,0.0025,0.01,True,2019
B3_beta60d3__fresh2019,B3_beta60d3,diagnostics,2024,2024-01-02,2024-12-31,252,0.0620302996582127,-0.2523377933438965,0.3517175666817095,0.0620302996582127,0.2643074461050603,-0.2022771464468475,11.764159526681746,fresh_cash,2019-01-01,,,,50,event,0.6,3,100000.0,0.0025,0.01,True,2019
B3_beta60d3__fresh2019,B3_beta60d3,diagnostics,2025,2025-01-02,2025-12-31,250,0.1265758087259982,-0.4637371274176839,0.4909154704811057,0.1255106900864047,0.1785790013706134,-0.0520031926446151,12.77146883243004,fresh_cash,2019-01-01,,,,50,event,0.6,3,100000.0,0.0025,0.01,True,2019
B3_beta60d3__fresh2019,B3_beta60d3,diagnostics,2026,2026-01-02,2026-09-22,181,0.5992593453112789,-0.2854821436713015,1.14167732564208,0.4010884634873561,0.193982242745804,0.4052771025654749,14.33081580480414,fresh_cash,2019-01-01,,,,50,event,0.6,3,100000.0,0.0025,0.01,True,2019
B3_beta60d3__fresh2020,B3_beta60d3,diagnostics,full,2020-01-02,2026-09-22,1689,0.1840452788759794,-0.4981302587490133,0.5954339805745088,2.102718439485531,0.1551029114210942,0.0289423674548852,12.958876273813802,fresh_cash,2020-01-01,,,,50,event,0.6,3,100000.0,0.0025,0.01,True,2020
B3_beta60d3__fresh2020,B3_beta60d3,diagnostics,2017_2022,2020-01-02,2022-12-30,756,0.2308044568629566,-0.4981302587490133,0.6680305205758477,0.8645205768711215,0.0763169411184632,0.1544875157444933,14.491543229317603,fresh_cash,2020-01-01,,,,50,event,0.6,3,100000.0,0.0025,0.01,True,2020
B3_beta60d3__fresh2020,B3_beta60d3,diagnostics,2023_2026,2023-01-03,2026-09-22,933,0.1474628543878182,-0.4877268451503057,0.531654996929679,0.6640837746570984,0.2231529414345989,-0.0756900870467807,11.71697250279464,fresh_cash,2020-01-01,,,,50,event,0.6,3,100000.0,0.0025,0.01,True,2020
B3_beta60d3__fresh2020,B3_beta60d3,diagnostics,2020,2020-01-02,2020-12-31,253,0.8961238858944933,-0.4981302587490133,1.4878861479666703,0.9009441386794654,0.1813082709311855,0.7148156149633078,17.76034140113835,fresh_cash,2020-01-01,,,,50,event,0.6,3,100000.0,0.0025,0.01,True,2020
B3_beta60d3__fresh2020,B3_beta60d3,diagnostics,2021,2021-01-04,2021-12-31,252,0.2059853193271472,-0.3758864937367803,0.6207584895946713,0.2059853193271472,0.2861550585808201,-0.0801697392536728,13.085000178207247,fresh_cash,2020-01-01,,,,50,event,0.6,3,100000.0,0.0025,0.01,True,2020
B3_beta60d3__fresh2020,B3_beta60d3,diagnostics,2022,2022-01-03,2022-12-30,251,-0.1873598828727989,-0.3153237331988275,-0.2578720570986179,-0.1866905758548859,-0.180528833522089,-0.0068310493507098,12.60884566521068,fresh_cash,2020-01-01,,,,50,event,0.6,3,100000.0,0.0025,0.01,True,2020
B3_beta60d3__fresh2020,B3_beta60d3,diagnostics,2023,2023-01-03,2023-12-29,250,0.2547728169610634,-0.3492200127426031,0.8586288212578645,0.2525147212442988,0.2494116142532503,0.0053612027078131,12.327309129766208,fresh_cash,2020-01-01,,,,50,event,0.6,3,100000.0,0.0025,0.01,True,2020
B3_beta60d3__fresh2020,B3_beta60d3,diagnostics,2024,2024-01-02,2024-12-31,252,0.5035888925151448,-0.2619454605480779,1.1755420600416615,0.5035888925151448,0.2643074461050603,0.2392814464100845,10.561559699386804,fresh_cash,2020-01-01,,,,50,event,0.6,3,100000.0,0.0025,0.01,True,2020
B3_beta60d3__fresh2020,B3_beta60d3,diagnostics,2025,2025-01-02,2025-12-31,250,-0.1028190218335672,-0.4877268451503058,0.0688418291591295,-0.1020461331424883,0.1785790013706134,-0.2813980232041807,11.343391407677446,fresh_cash,2020-01-01,,,,50,event,0.6,3,100000.0,0.0025,0.01,True,2020
B3_beta60d3__fresh2020,B3_beta60d3,diagnostics,2026,2026-01-02,2026-09-22,181,-0.0221618635693212,-0.3052673293899478,0.1938267476593754,-0.0159680186915974,0.193982242745804,-0.2161441063151252,12.998603129839845,fresh_cash,2020-01-01,,,,50,event,0.6,3,100000.0,0.0025,0.01,True,2020
B3_beta60d3__fresh2021,B3_beta60d3,diagnostics,full,2021-01-04,2026-09-22,1436,0.1007506167267406,-0.4473777478591743,0.438438056429344,0.728067771174371,0.1505465532613841,-0.0497959365346434,12.878571009714012,fresh_cash,2021-01-01,,,,50,event,0.6,3,100000.0,0.0025,0.01,True,2021
B3_beta60d3__fresh2021,B3_beta60d3,diagnostics,2017_2022,2021-01-04,2022-12-30,503,-0.069790510174448,-0.4457001527260553,0.0712702449848255,-0.1344618575468584,0.0270890421995209,-0.0968795523739689,15.338793971610054,fresh_cash,2021-01-01,,,,50,event,0.6,3,100000.0,0.0025,0.01,True,2021
B3_beta60d3__fresh2021,B3_beta60d3,diagnostics,2023_2026,2023-01-03,2026-09-22,933,0.205322035845916,-0.4187885436639147,0.6348717600670036,0.9965241118971542,0.2231529414345989,-0.0178309055886829,11.552212864125895,fresh_cash,2021-01-01,,,,50,event,0.6,3,100000.0,0.0025,0.01,True,2021
B3_beta60d3__fresh2021,B3_beta60d3,diagnostics,2021,2021-01-04,2021-12-31,252,0.0435998656240428,-0.3682777212449634,0.3296642959428068,0.0435998656240428,0.2861550585808201,-0.2425551929567773,17.836711166840992,fresh_cash,2021-01-01,,,,50,event,0.6,3,100000.0,0.0025,0.01,True,2021
B3_beta60d3__fresh2021,B3_beta60d3,diagnostics,2022,2022-01-03,2022-12-30,251,-0.1712405373575811,-0.3165539525571563,-0.2176716597113613,-0.1706226007076241,-0.180528833522089,0.0092882961645078,12.830924915043529,fresh_cash,2021-01-01,,,,50,event,0.6,3,100000.0,0.0025,0.01,True,2021
B3_beta60d3__fresh2021,B3_beta60d3,diagnostics,2023,2023-01-03,2023-12-29,250,0.1581218694146915,-0.3233966359779464,0.6168937554707646,0.1567733547757455,0.2494116142532503,-0.0912897448385587,11.173042568761115,fresh_cash,2021-01-01,,,,50,event,0.6,3,100000.0,0.0025,0.01,True,2021
B3_beta60d3__fresh2021,B3_beta60d3,diagnostics,2024,2024-01-02,2024-12-31,252,0.1443028103997499,-0.3017679138828416,0.5330598400796983,0.1443028103997499,0.2643074461050603,-0.1200046357053103,10.992262349149708,fresh_cash,2021-01-01,,,,50,event,0.6,3,100000.0,0.0025,0.01,True,2021
B3_beta60d3__fresh2021,B3_beta60d3,diagnostics,2025,2025-01-02,2025-12-31,250,0.147494017165499,-0.4053579576931092,0.5245694638322438,0.1462417427024163,0.1785790013706134,-0.0310849842051144,11.752788137289404,fresh_cash,2021-01-01,,,,50,event,0.6,3,100000.0,0.0025,0.01,True,2021
B3_beta60d3__fresh2021,B3_beta60d3,diagnostics,2026,2026-01-02,2026-09-22,181,0.4654488969658525,-0.3312540526574244,0.963061471773494,0.3158582216428651,0.193982242745804,0.2714666542200485,12.578490683597266,fresh_cash,2021-01-01,,,,50,event,0.6,3,100000.0,0.0025,0.01,True,2021
B3_beta60d3__fresh2022,B3_beta60d3,diagnostics,full,2022-01-03,2026-09-22,1184,0.1279969071055882,-0.418282121213429,0.4915781883712986,0.7610194113407271,0.1235829931174639,0.0044139139881242,13.009878117559456,fresh_cash,2022-01-01,,,,50,event,0.6,3,100000.0,0.0025,0.01,True,2022
B3_beta60d3__fresh2022,B3_beta60d3,diagnostics,2017_2022,2022-01-03,2022-12-30,251,-0.1653995506159467,-0.369079024760743,-0.1896715669151426,-0.1648005358563057,-0.180528833522089,0.0151292829061423,17.507174732976093,fresh_cash,2022-01-01,,,,50,event,0.6,3,100000.0,0.0025,0.01,True,2022
B3_beta60d3__fresh2022,B3_beta60d3,diagnostics,2023_2026,2023-01-03,2026-09-22,933,0.2232189887183124,-0.4182821212134296,0.6677290867244551,1.1085016058364543,0.2231529414345989,6.604728371351065e-05,11.799994462179418,fresh_cash,2022-01-01,,,,50,event,0.6,3,100000.0,0.0025,0.01,True,2022
B3_beta60d3__fresh2022,B3_beta60d3,diagnostics,2022,2022-01-03,2022-12-30,251,-0.1653995506159467,-0.369079024760743,-0.1896715669151426,-0.1648005358563057,-0.180528833522089,0.0151292829061423,17.507174732976093,fresh_cash,2022-01-01,,,,50,event,0.6,3,100000.0,0.0025,0.01,True,2022
B3_beta60d3__fresh2022,B3_beta60d3,diagnostics,2023,2023-01-03,2023-12-29,250,0.1547269331906802,-0.3231994777269392,0.6081239521392805,0.1534092450015782,0.2494116142532503,-0.0946846810625701,11.308410383532628,fresh_cash,2022-01-01,,,,50,event,0.6,3,100000.0,0.0025,0.01,True,2022
B3_beta60d3__fresh2022,B3_beta60d3,diagnostics,2024,2024-01-02,2024-12-31,252,0.1435894165790288,-0.3025852248100134,0.531386990997683,0.1435894165790288,0.2643074461050603,-0.1207180295260315,10.980165417155456,fresh_cash,2022-01-01,,,,50,event,0.6,3,100000.0,0.0025,0.01,True,2022
B3_beta60d3__fresh2022,B3_beta60d3,diagnostics,2025,2025-01-02,2025-12-31,250,0.1504930319658546,-0.4053425853079601,0.5293430564155893,0.1492136781152999,0.1785790013706134,-0.0280859694047588,11.785046594721324,fresh_cash,2022-01-01,,,,50,event,0.6,3,100000.0,0.0025,0.01,True,2022
B3_beta60d3__fresh2022,B3_beta60d3,diagnostics,2026,2026-01-02,2026-09-22,181,0.5832113053118728,-0.3487880950786919,1.1126142626808306,0.3909758635392926,0.193982242745804,0.3892290625660688,13.641043665893564,fresh_cash,2022-01-01,,,,50,event,0.6,3,100000.0,0.0025,0.01,True,2022
B3_beta60d3__fresh2023,B3_beta60d3,diagnostics,full,2023-01-03,2026-09-22,933,0.1879399735217879,-0.4276493195679066,0.6040224494452933,0.8919851293953946,0.2231529414345989,-0.035212967912811,12.655487267086938,fresh_cash,2023-01-01,,,,50,event,0.6,3,100000.0,0.0025,0.01,True,2023
B3_beta60d3__fresh2023,B3_beta60d3,diagnostics,2023_2026,2023-01-03,2026-09-22,933,0.1879399735217879,-0.4276493195679066,0.6040224494452933,0.8919851293953946,0.2231529414345989,-0.035212967912811,12.655487267086938,fresh_cash,2023-01-01,,,,50,event,0.6,3,100000.0,0.0025,0.01,True,2023
B3_beta60d3__fresh2023,B3_beta60d3,diagnostics,2023,2023-01-03,2023-12-29,250,-0.1507159412023789,-0.3848168326342334,-0.3292020899598644,-0.1496141129926578,0.2494116142532503,-0.4001275554556293,15.981975115745726,fresh_cash,2023-01-01,,,,50,event,0.6,3,100000.0,0.0025,0.01,True,2023
B3_beta60d3__fresh2023,B3_beta60d3,diagnostics,2024,2024-01-02,2024-12-31,252,0.3103504359364279,-0.243673960061763,0.8748015733513186,0.3103504359364279,0.2643074461050603,0.0460429898313676,9.99846616777302,fresh_cash,2023-01-01,,,,50,event,0.6,3,100000.0,0.0025,0.01,True,2023
B3_beta60d3__fresh2023,B3_beta60d3,diagnostics,2025,2025-01-02,2025-12-31,250,0.1949128729923044,-0.4276493195679066,0.5980099804381613,0.1932253193663753,0.1785790013706134,0.0163338716216909,11.663113975160488,fresh_cash,2023-01-01,,,,50,event,0.6,3,100000.0,0.0025,0.01,True,2023
B3_beta60d3__fresh2023,B3_beta60d3,diagnostics,2026,2026-01-02,2026-09-22,181,0.6341185161543794,-0.2777995698103472,1.1767598795488097,0.4229569358743679,0.193982242745804,0.4401362734085754,13.13085012810364,fresh_cash,2023-01-01,,,,50,event,0.6,3,100000.0,0.0025,0.01,True,2023
